minute_utc,coin,n_frames,n_horizon,n_legs,leg_w_p50,leg_w_p75,leg_w_max,leg_rel_p50,atm_mark_iv,under,n_unquoted_legband
2026-08-15T16:55:00Z,BTC,576,66,4,0.145,0.155,0.17,0.011,0.2821,63400.74,0
2026-08-15T16:55:00Z,ETH,480,40,2,0.185,0.2275,0.27,0.0099,0.4161,1890.65,0
2026-08-15T16:56:00Z,BTC,576,66,4,0.14,0.1525,0.16,0.011,0.2821,63400.93,0
2026-08-15T16:56:00Z,ETH,480,40,2,0.135,0.1525,0.17,0.0076,0.4161,1890.61,0
2026-08-15T16:57:00Z,BTC,576,66,4,0.14,0.1525,0.16,0.011,0.2821,63400.94,0
2026-08-15T16:57:00Z,ETH,480,40,2,0.18,0.22,0.26,0.0099,0.4161,1890.88,0
2026-08-15T16:58:00Z,BTC,576,66,4,0.145,0.1525,0.16,0.011,0.282,63400.97,0
2026-08-15T16:58:00Z,ETH,480,40,2,0.185,0.2275,0.27,0.0099,0.4161,1890.78,0
2026-08-15T16:59:00Z,BTC,576,66,4,0.14,0.155,0.17,0.011,0.282,63400.95,0
2026-08-15T16:59:00Z,ETH,480,40,2,0.185,0.2275,0.27,0.0099,0.4161,1890.8,0
2026-08-15T17:00:00Z,BTC,576,66,4,0.14,0.1525,0.16,0.011,0.2822,63400.68,0
2026-08-15T17:00:00Z,ETH,480,40,2,0.185,0.2275,0.27,0.0099,0.4161,1890.9,0
2026-08-15T17:01:00Z,BTC,576,66,4,0.14,0.1525,0.16,0.011,0.2821,63401.03,0
2026-08-15T17:01:00Z,ETH,480,40,2,0.175,0.2175,0.26,0.0099,0.4161,1890.87,0
2026-08-15T17:02:00Z,BTC,576,66,4,0.145,0.155,0.17,0.011,0.2822,63401.41,0
2026-08-15T17:02:00Z,ETH,480,40,2,0.14,0.16,0.18,0.0077,0.4161,1891.25,0
2026-08-15T17:03:00Z,BTC,576,66,4,0.14,0.155,0.17,0.011,0.2822,63402.55,0
2026-08-15T17:03:00Z,ETH,480,40,2,0.18,0.22,0.26,0.0099,0.4161,1891.32,0
2026-08-15T17:04:00Z,BTC,576,66,4,0.145,0.1525,0.16,0.011,0.282,63403.36,0
2026-08-15T17:04:00Z,ETH,480,40,2,0.185,0.2275,0.27,0.0099,0.4161,1891.23,0
2026-08-15T17:05:00Z,BTC,576,66,4,0.14,0.1525,0.16,0.011,0.2821,63402.01,0
2026-08-15T17:05:00Z,ETH,480,40,2,0.185,0.2275,0.27,0.0099,0.4162,1891.47,0
2026-08-15T17:06:00Z,BTC,576,66,4,0.14,0.1525,0.16,0.011,0.2821,63401.15,0
2026-08-15T17:06:00Z,ETH,480,40,2,0.18,0.225,0.27,0.0099,0.4161,1891.45,0
2026-08-15T17:07:00Z,BTC,576,66,4,0.14,0.1525,0.16,0.011,0.2821,63401.15,0
2026-08-15T17:07:00Z,ETH,480,40,2,0.14,0.16,0.18,0.0077,0.4161,1891.25,0
2026-08-15T17:08:00Z,BTC,576,66,4,0.14,0.1525,0.16,0.011,0.2823,63401.14,0
2026-08-15T17:08:00Z,ETH,480,40,2,0.185,0.2275,0.27,0.0099,0.4161,1891.22,0
2026-08-15T17:09:00Z,BTC,576,66,4,0.14,0.1525,0.16,0.011,0.2822,63401.15,0
2026-08-15T17:09:00Z,ETH,480,40,2,0.185,0.2275,0.27,0.0099,0.4161,1891.22,0
2026-08-15T17:10:00Z,BTC,576,66,4,0.14,0.1525,0.16,0.011,0.2821,63401.17,0
2026-08-15T17:10:00Z,ETH,480,40,2,0.18,0.22,0.26,0.0099,0.4161,1891.35,0
2026-08-15T17:11:00Z,BTC,576,66,4,0.14,0.1525,0.16,0.011,0.2822,63401.17,0
2026-08-15T17:11:00Z,ETH,480,40,2,0.18,0.22,0.26,0.0099,0.4161,1891.36,0
2026-08-15T17:12:00Z,BTC,576,66,4,0.15,0.16,0.16,0.011,0.2823,63401.12,0
2026-08-15T17:12:00Z,ETH,480,40,2,0.185,0.2275,0.27,0.0099,0.4162,1891.42,0
2026-08-15T17:13:00Z,BTC,576,66,4,0.145,0.16,0.16,0.011,0.2821,63403.03,0
2026-08-15T17:13:00Z,ETH,480,40,2,0.14,0.16,0.18,0.0077,0.4162,1891.62,0
2026-08-15T17:14:00Z,BTC,576,66,4,0.145,0.1525,0.16,0.011,0.282,63403.01,0
2026-08-15T17:14:00Z,ETH,480,40,2,0.185,0.2275,0.27,0.01,0.4162,1891.61,0
2026-08-15T17:15:00Z,BTC,576,66,4,0.145,0.1525,0.16,0.011,0.282,63402.4,0
2026-08-15T17:15:00Z,ETH,480,40,2,0.18,0.225,0.27,0.01,0.4162,1891.59,0
2026-08-15T17:16:00Z,BTC,576,66,4,0.14,0.155,0.17,0.011,0.2823,63406.31,0
2026-08-15T17:16:00Z,ETH,480,40,2,0.185,0.2275,0.27,0.01,0.4162,1892.12,0
2026-08-15T17:17:00Z,BTC,576,66,4,0.145,0.1525,0.16,0.011,0.2819,63404.65,0
2026-08-15T17:17:00Z,ETH,480,40,2,0.14,0.16,0.18,0.0077,0.4162,1891.62,0
2026-08-15T17:18:00Z,BTC,576,66,4,0.14,0.155,0.17,0.011,0.2822,63402.59,0
2026-08-15T17:18:00Z,ETH,480,40,2,0.135,0.1525,0.17,0.0077,0.4162,1891.54,0
2026-08-15T17:19:00Z,BTC,576,66,4,0.145,0.1525,0.16,0.011,0.282,63407.38,0
2026-08-15T17:19:00Z,ETH,480,40,2,0.135,0.1575,0.18,0.0077,0.4162,1891.76,0
2026-08-15T17:20:00Z,BTC,576,66,4,0.145,0.1625,0.17,0.011,0.2816,63405.41,0
2026-08-15T17:20:00Z,ETH,480,40,2,0.14,0.16,0.18,0.0077,0.4161,1891.22,0
2026-08-15T17:21:00Z,BTC,576,66,4,0.145,0.16,0.16,0.0109,0.2824,63371.03,0
2026-08-15T17:21:00Z,ETH,480,40,2,0.14,0.16,0.18,0.0077,0.4161,1889.52,0
2026-08-15T17:22:00Z,BTC,576,66,4,0.145,0.16,0.16,0.0109,0.2828,63368.78,0
2026-08-15T17:22:00Z,ETH,480,40,2,0.095,0.0975,0.1,0.0055,0.4161,1889.71,0
2026-08-15T17:23:00Z,BTC,576,66,4,0.145,0.16,0.16,0.0109,0.2822,63368.96,0
2026-08-15T17:23:00Z,ETH,480,40,2,0.14,0.16,0.18,0.0077,0.4161,1889.43,0
2026-08-15T17:24:00Z,BTC,576,66,4,0.145,0.16,0.16,0.0109,0.2843,63365.75,0
2026-08-15T17:24:00Z,ETH,480,40,2,0.095,0.0975,0.1,0.0055,0.4161,1889.69,0
2026-08-15T17:25:00Z,BTC,576,66,4,0.14,0.1525,0.16,0.0109,0.2818,63375.05,0
2026-08-15T17:25:00Z,ETH,480,40,2,0.14,0.16,0.18,0.0077,0.4161,1889.96,0
2026-08-15T17:26:00Z,BTC,576,66,4,0.145,0.1525,0.16,0.0109,0.2818,63377.59,0
2026-08-15T17:26:00Z,ETH,480,40,2,0.095,0.0975,0.1,0.0055,0.4161,1889.77,0
2026-08-15T17:27:00Z,BTC,576,66,4,0.14,0.1525,0.16,0.0109,0.2823,63372.84,0
2026-08-15T17:27:00Z,ETH,480,40,2,0.135,0.1525,0.17,0.0077,0.4161,1889.17,0
2026-08-15T17:28:00Z,BTC,576,66,4,0.14,0.1525,0.16,0.0109,0.282,63368.83,0
2026-08-15T17:28:00Z,ETH,480,40,2,0.09,0.09,0.09,0.0055,0.4161,1888.94,0
2026-08-15T17:29:00Z,BTC,576,66,4,0.14,0.1525,0.16,0.0109,0.2817,63369.72,0
2026-08-15T17:29:00Z,ETH,480,40,2,0.14,0.16,0.18,0.0077,0.4161,1889.28,0
2026-08-15T17:30:00Z,BTC,576,66,4,0.14,0.1525,0.16,0.0109,0.2818,63373.24,0
2026-08-15T17:30:00Z,ETH,480,40,2,0.095,0.0975,0.1,0.0055,0.4161,1889.5,0
2026-08-15T17:31:00Z,BTC,576,66,4,0.14,0.1525,0.16,0.0109,0.2818,63374.26,0
2026-08-15T17:31:00Z,ETH,480,40,2,0.095,0.0975,0.1,0.0055,0.4161,1889.44,0
2026-08-15T17:32:00Z,BTC,576,66,4,0.14,0.1525,0.16,0.0109,0.2818,63372.49,0
2026-08-15T17:32:00Z,ETH,480,40,2,0.095,0.0975,0.1,0.0055,0.4161,1889.24,0
2026-08-15T17:33:00Z,BTC,576,66,4,0.14,0.1525,0.16,0.0109,0.2818,63371.31,0
2026-08-15T17:33:00Z,ETH,480,40,2,0.095,0.0975,0.1,0.0055,0.4161,1889.29,0
2026-08-15T17:34:00Z,BTC,576,66,4,0.145,0.1525,0.16,0.0109,0.2818,63372.65,0
2026-08-15T17:34:00Z,ETH,480,40,2,0.095,0.0975,0.1,0.0055,0.4161,1889.78,0
2026-08-15T17:35:00Z,BTC,576,66,4,0.14,0.1525,0.16,0.0109,0.2818,63376.89,0
2026-08-15T17:35:00Z,ETH,480,40,2,0.09,0.09,0.09,0.0055,0.4161,1889.93,0
2026-08-15T17:36:00Z,BTC,576,66,4,0.15,0.16,0.16,0.0109,0.2818,63378.45,0
2026-08-15T17:36:00Z,ETH,480,40,2,0.095,0.0975,0.1,0.0055,0.4161,1889.84,0
2026-08-15T17:37:00Z,BTC,576,66,4,0.14,0.1525,0.16,0.0109,0.2818,63375.68,0
2026-08-15T17:37:00Z,ETH,480,40,2,0.095,0.0975,0.1,0.0055,0.4161,1889.42,0
2026-08-15T17:38:00Z,BTC,576,66,4,0.14,0.1525,0.16,0.0109,0.2818,63374.14,0
2026-08-15T17:38:00Z,ETH,480,40,2,0.095,0.0975,0.1,0.0055,0.4161,1889.93,0
2026-08-15T17:39:00Z,BTC,576,66,4,0.14,0.1525,0.16,0.0109,0.2818,63375.26,0
2026-08-15T17:39:00Z,ETH,480,40,2,0.095,0.0975,0.1,0.0055,0.4161,1889.77,0
2026-08-15T17:40:00Z,BTC,576,66,4,0.15,0.16,0.16,0.0109,0.2841,63375.97,0
2026-08-15T17:40:00Z,ETH,480,40,2,0.095,0.0975,0.1,0.0055,0.4161,1889.74,0
2026-08-15T17:41:00Z,BTC,576,66,4,0.14,0.1525,0.16,0.0109,0.2823,63376.14,0
2026-08-15T17:41:00Z,ETH,480,40,2,0.095,0.0975,0.1,0.0055,0.4161,1889.98,0
2026-08-15T17:42:00Z,BTC,576,66,4,0.145,0.1625,0.17,0.0109,0.2823,63376.31,0
2026-08-15T17:42:00Z,ETH,480,40,2,0.095,0.0975,0.1,0.0055,0.4161,1890.39,0
2026-08-15T17:43:00Z,BTC,576,66,4,0.14,0.1525,0.16,0.0109,0.2824,63376.75,0
2026-08-15T17:43:00Z,ETH,480,40,2,0.095,0.0975,0.1,0.0055,0.4161,1889.85,0
2026-08-15T17:44:00Z,BTC,576,66,4,0.14,0.1525,0.16,0.0109,0.2819,63376.83,0
2026-08-15T17:44:00Z,ETH,480,40,2,0.095,0.0975,0.1,0.0055,0.4161,1889.93,0
2026-08-15T17:45:00Z,BTC,576,66,4,0.14,0.1525,0.16,0.0109,0.2819,63376.44,0
2026-08-15T17:45:00Z,ETH,480,40,2,0.135,0.1525,0.17,0.0077,0.4161,1889.94,0
2026-08-15T17:46:00Z,BTC,576,66,4,0.145,0.16,0.16,0.0109,0.2818,63376.33,0
2026-08-15T17:46:00Z,ETH,480,40,2,0.185,0.2275,0.27,0.0099,0.4161,1889.94,0
2026-08-15T17:47:00Z,BTC,576,66,4,0.145,0.1525,0.16,0.0109,0.2839,63376.43,0
2026-08-15T17:47:00Z,ETH,480,40,2,0.135,0.1525,0.17,0.0077,0.4161,1889.96,0
2026-08-15T17:48:00Z,BTC,576,66,4,0.145,0.1525,0.16,0.0109,0.2839,63376.42,0
2026-08-15T17:48:00Z,ETH,480,40,2,0.095,0.0975,0.1,0.0055,0.4161,1889.97,0
2026-08-15T17:49:00Z,BTC,576,66,4,0.145,0.1525,0.16,0.0109,0.2839,63376.33,0
2026-08-15T17:49:00Z,ETH,480,40,2,0.095,0.0975,0.1,0.0055,0.4161,1889.96,0
2026-08-15T17:50:00Z,BTC,576,66,4,0.14,0.1525,0.16,0.0109,0.2839,63376.35,0
2026-08-15T17:50:00Z,ETH,480,40,2,0.09,0.095,0.1,0.0055,0.4161,1889.97,0
2026-08-15T17:51:00Z,BTC,576,66,4,0.14,0.155,0.17,0.0109,0.2818,63376.44,0
2026-08-15T17:51:00Z,ETH,480,40,2,0.095,0.0975,0.1,0.0055,0.4161,1890.18,0
2026-08-15T17:52:00Z,BTC,576,66,4,0.14,0.155,0.17,0.0109,0.2819,63376.37,0
2026-08-15T17:52:00Z,ETH,480,40,2,0.095,0.0975,0.1,0.0055,0.4161,1890.21,0
2026-08-15T17:53:00Z,BTC,576,66,4,0.145,0.16,0.16,0.0109,0.2819,63376.19,0
2026-08-15T17:53:00Z,ETH,480,40,2,0.095,0.0975,0.1,0.0055,0.4161,1890.19,0
2026-08-15T17:54:00Z,BTC,576,66,4,0.14,0.1525,0.16,0.0109,0.2847,63375.2,0
2026-08-15T17:54:00Z,ETH,480,40,2,0.095,0.0975,0.1,0.0055,0.4161,1890.19,0
2026-08-15T17:55:00Z,BTC,576,66,4,0.14,0.1525,0.16,0.0109,0.2825,63378.45,0
2026-08-15T17:55:00Z,ETH,480,40,2,0.14,0.16,0.18,0.0077,0.4161,1890.39,0
2026-08-15T17:56:00Z,BTC,576,66,4,0.14,0.1525,0.16,0.0109,0.2825,63377.48,0
2026-08-15T17:56:00Z,ETH,480,40,2,0.135,0.1525,0.17,0.0077,0.4161,1890.12,0
2026-08-15T17:57:00Z,BTC,576,66,4,0.14,0.1525,0.16,0.0109,0.2826,63378.16,0
2026-08-15T17:57:00Z,ETH,480,40,2,0.14,0.16,0.18,0.0077,0.4161,1890.12,0
2026-08-15T17:58:00Z,BTC,576,66,4,0.145,0.1525,0.16,0.0109,0.2826,63378.18,0
2026-08-15T17:58:00Z,ETH,480,40,2,0.14,0.16,0.18,0.0077,0.4161,1890.49,0
2026-08-15T17:59:00Z,BTC,576,66,4,0.145,0.16,0.16,0.0109,0.2826,63379.19,0
2026-08-15T17:59:00Z,ETH,480,40,2,0.14,0.16,0.18,0.0077,0.4161,1890.45,0
2026-08-15T18:00:00Z,BTC,576,66,4,0.145,0.16,0.16,0.0109,0.2826,63380.6,0
2026-08-15T18:00:00Z,ETH,480,40,2,0.14,0.16,0.18,0.0077,0.4161,1890.51,0
2026-08-15T18:01:00Z,BTC,576,66,4,0.14,0.1525,0.16,0.0109,0.2826,63380.45,0
2026-08-15T18:01:00Z,ETH,480,40,2,0.135,0.1575,0.18,0.0077,0.4161,1890.55,0
2026-08-15T18:02:00Z,BTC,576,66,4,0.14,0.1525,0.16,0.0109,0.2827,63380.44,0
2026-08-15T18:02:00Z,ETH,480,40,2,0.14,0.16,0.18,0.0077,0.4161,1890.56,0
2026-08-15T18:03:00Z,BTC,576,66,4,0.14,0.1525,0.16,0.0109,0.2827,63378.93,0
2026-08-15T18:03:00Z,ETH,480,40,2,0.135,0.1525,0.17,0.0077,0.4161,1890.56,0
2026-08-15T18:04:00Z,BTC,576,66,4,0.14,0.1525,0.16,0.0109,0.2827,63374.0,0
2026-08-15T18:04:00Z,ETH,480,40,2,0.135,0.1525,0.17,0.0077,0.4161,1890.66,0
2026-08-15T18:05:00Z,BTC,576,66,4,0.14,0.1525,0.16,0.0109,0.2851,63369.76,0
2026-08-15T18:05:00Z,ETH,480,40,2,0.135,0.1525,0.17,0.0077,0.4161,1890.68,0
2026-08-15T18:06:00Z,BTC,576,66,4,0.14,0.1525,0.16,0.0109,0.2849,63371.24,0
2026-08-15T18:06:00Z,ETH,480,40,2,0.13,0.15,0.17,0.0077,0.4161,1890.85,0
2026-08-15T18:07:00Z,BTC,576,66,4,0.145,0.1525,0.16,0.0109,0.2822,63386.98,0
2026-08-15T18:07:00Z,ETH,480,40,2,0.095,0.0975,0.1,0.0055,0.4161,1891.17,0
2026-08-15T18:08:00Z,BTC,576,66,4,0.14,0.1525,0.16,0.0109,0.2819,63389.45,0
2026-08-15T18:08:00Z,ETH,480,40,2,0.095,0.0975,0.1,0.0055,0.4161,1891.19,0
2026-08-15T18:09:00Z,BTC,576,66,4,0.14,0.1525,0.16,0.0109,0.2818,63388.26,0
2026-08-15T18:09:00Z,ETH,480,40,2,0.09,0.09,0.09,0.0055,0.4161,1891.03,0
2026-08-15T18:10:00Z,BTC,576,66,4,0.14,0.1525,0.16,0.0109,0.2818,63403.77,0
2026-08-15T18:10:00Z,ETH,480,40,2,0.14,0.16,0.18,0.0077,0.4161,1891.36,0
2026-08-15T18:11:00Z,BTC,576,66,4,0.14,0.1525,0.16,0.0109,0.2818,63409.77,0
2026-08-15T18:11:00Z,ETH,480,40,2,0.09,0.09,0.09,0.0055,0.4162,1891.66,0
2026-08-15T18:12:00Z,BTC,576,66,4,0.14,0.1525,0.16,0.0109,0.2817,63413.02,0
2026-08-15T18:12:00Z,ETH,480,40,2,0.095,0.0975,0.1,0.0055,0.4162,1891.73,0
2026-08-15T18:13:00Z,BTC,576,66,4,0.14,0.1525,0.16,0.0109,0.2818,63411.99,0
2026-08-15T18:13:00Z,ETH,480,40,2,0.095,0.0975,0.1,0.0055,0.4162,1891.71,0
2026-08-15T18:14:00Z,BTC,576,66,4,0.14,0.1525,0.16,0.0109,0.2814,63395.68,0
2026-08-15T18:14:00Z,ETH,480,40,2,0.14,0.16,0.18,0.0077,0.4161,1890.47,0
2026-08-15T18:15:00Z,BTC,576,66,4,0.14,0.1525,0.16,0.0109,0.2818,63395.03,0
2026-08-15T18:15:00Z,ETH,480,40,2,0.14,0.16,0.18,0.0077,0.4161,1890.74,0
2026-08-15T18:16:00Z,BTC,576,66,4,0.145,0.1525,0.16,0.0109,0.2817,63387.17,0
2026-08-15T18:16:00Z,ETH,480,40,2,0.095,0.0975,0.1,0.0054,0.4161,1889.92,0
2026-08-15T18:17:00Z,BTC,576,66,4,0.14,0.1525,0.16,0.0108,0.2817,63376.42,0
2026-08-15T18:17:00Z,ETH,480,40,2,0.095,0.0975,0.1,0.0054,0.4161,1889.09,0
2026-08-15T18:18:00Z,BTC,576,66,4,0.14,0.1525,0.16,0.0109,0.2842,63353.37,0
2026-08-15T18:18:00Z,ETH,480,40,2,0.18,0.22,0.26,0.0098,0.416,1888.7,0
2026-08-15T18:19:00Z,BTC,576,66,4,0.14,0.1525,0.16,0.0109,0.2842,63353.31,0
2026-08-15T18:19:00Z,ETH,480,40,2,0.14,0.16,0.18,0.0077,0.416,1888.65,0
2026-08-15T18:20:00Z,BTC,576,66,4,0.14,0.1525,0.16,0.0109,0.2842,63356.63,0
2026-08-15T18:20:00Z,ETH,480,40,2,0.095,0.0975,0.1,0.0055,0.4161,1888.85,0
2026-08-15T18:21:00Z,BTC,576,66,4,0.14,0.1525,0.16,0.0109,0.2844,63359.19,0
2026-08-15T18:21:00Z,ETH,480,40,2,0.14,0.16,0.18,0.0077,0.4161,1889.12,0
2026-08-15T18:22:00Z,BTC,576,66,4,0.145,0.16,0.16,0.0109,0.2845,63360.3,0
2026-08-15T18:22:00Z,ETH,480,40,2,0.14,0.16,0.18,0.0077,0.4161,1889.12,0
2026-08-15T18:23:00Z,BTC,576,66,4,0.145,0.1525,0.16,0.0109,0.2838,63371.98,0
2026-08-15T18:23:00Z,ETH,480,40,2,0.095,0.0975,0.1,0.0055,0.4161,1889.29,0
2026-08-15T18:24:00Z,BTC,576,66,4,0.14,0.1525,0.16,0.0109,0.2839,63370.85,0
2026-08-15T18:24:00Z,ETH,480,40,2,0.095,0.0975,0.1,0.0055,0.4161,1889.37,0
2026-08-15T18:25:00Z,BTC,576,66,4,0.14,0.1525,0.16,0.0109,0.2838,63367.68,0
2026-08-15T18:25:00Z,ETH,480,40,2,0.095,0.0975,0.1,0.0055,0.4161,1889.33,0
2026-08-15T18:26:00Z,BTC,576,66,4,0.145,0.16,0.16,0.0109,0.2837,63366.08,0
2026-08-15T18:26:00Z,ETH,480,40,2,0.095,0.0975,0.1,0.0055,0.4161,1889.34,0
2026-08-15T18:27:00Z,BTC,576,66,4,0.14,0.1525,0.16,0.0109,0.2846,63356.7,0
2026-08-15T18:27:00Z,ETH,480,40,2,0.09,0.095,0.1,0.0055,0.4161,1888.91,0
2026-08-15T18:28:00Z,BTC,576,66,4,0.15,0.16,0.16,0.0109,0.2841,63351.35,0
2026-08-15T18:28:00Z,ETH,480,40,2,0.095,0.0975,0.1,0.0055,0.416,1888.5,0
2026-08-15T18:29:00Z,BTC,576,66,4,0.145,0.16,0.16,0.0109,0.2838,63352.53,0
2026-08-15T18:29:00Z,ETH,480,40,2,0.095,0.0975,0.1,0.0055,0.416,1888.4,0
2026-08-15T18:30:00Z,BTC,576,66,4,0.14,0.1525,0.16,0.0109,0.2842,63354.88,0
2026-08-15T18:30:00Z,ETH,480,40,2,0.095,0.0975,0.1,0.0055,0.416,1888.35,0
2026-08-15T18:31:00Z,BTC,576,66,4,0.14,0.1525,0.16,0.0109,0.2843,63354.85,0
2026-08-15T18:31:00Z,ETH,480,40,2,0.09,0.095,0.1,0.0055,0.416,1888.46,0
2026-08-15T18:32:00Z,BTC,576,66,4,0.14,0.1525,0.16,0.0109,0.2843,63354.21,0
2026-08-15T18:32:00Z,ETH,480,40,2,0.095,0.0975,0.1,0.0055,0.416,1888.43,0
2026-08-15T18:33:00Z,BTC,576,66,4,0.16,0.185,0.26,0.014,0.2844,63354.55,0
2026-08-15T18:33:00Z,ETH,480,40,2,0.09,0.095,0.1,0.0055,0.416,1888.52,0
2026-08-15T18:34:00Z,BTC,576,66,4,0.14,0.1525,0.16,0.0109,0.2845,63355.67,0
2026-08-15T18:34:00Z,ETH,480,40,2,0.095,0.0975,0.1,0.0055,0.4161,1888.68,0
2026-08-15T18:35:00Z,BTC,576,66,4,0.145,0.16,0.16,0.0109,0.2845,63356.04,0
2026-08-15T18:35:00Z,ETH,480,40,2,0.09,0.095,0.1,0.0055,0.4161,1888.65,0
2026-08-15T18:36:00Z,BTC,576,66,4,0.145,0.16,0.16,0.0109,0.2835,63356.33,0
2026-08-15T18:36:00Z,ETH,480,40,2,0.095,0.0975,0.1,0.0055,0.4161,1888.67,0
2026-08-15T18:37:00Z,BTC,576,66,4,0.14,0.1525,0.16,0.0109,0.2835,63356.53,0
2026-08-15T18:37:00Z,ETH,480,40,2,0.095,0.0975,0.1,0.0055,0.4161,1888.65,0
2026-08-15T18:38:00Z,BTC,576,66,4,0.14,0.1525,0.16,0.0109,0.2835,63355.63,0
2026-08-15T18:38:00Z,ETH,480,40,2,0.09,0.095,0.1,0.0055,0.4161,1888.66,0
2026-08-15T18:39:00Z,BTC,576,66,4,0.145,0.16,0.16,0.0109,0.2835,63354.94,0
2026-08-15T18:39:00Z,ETH,480,40,2,0.09,0.095,0.1,0.0055,0.4161,1888.66,0
2026-08-15T18:40:00Z,BTC,576,66,4,0.145,0.16,0.16,0.0109,0.2835,63355.44,0
2026-08-15T18:40:00Z,ETH,480,40,2,0.095,0.0975,0.1,0.0055,0.4161,1888.67,0
2026-08-15T18:41:00Z,BTC,576,66,4,0.145,0.16,0.16,0.0109,0.2835,63356.23,0
2026-08-15T18:41:00Z,ETH,480,40,2,0.095,0.0975,0.1,0.0055,0.4161,1888.71,0
2026-08-15T18:42:00Z,BTC,576,66,4,0.14,0.15,0.15,0.0109,0.2835,63357.3,0
2026-08-15T18:42:00Z,ETH,480,40,2,0.095,0.0975,0.1,0.0055,0.4161,1888.75,0
2026-08-15T18:43:00Z,BTC,576,66,4,0.14,0.1525,0.16,0.0109,0.2836,63356.61,0
2026-08-15T18:43:00Z,ETH,480,40,2,0.095,0.0975,0.1,0.0055,0.4161,1888.77,0
2026-08-15T18:44:00Z,BTC,576,66,4,0.145,0.16,0.16,0.0109,0.2836,63354.93,0
2026-08-15T18:44:00Z,ETH,480,40,2,0.095,0.0975,0.1,0.0055,0.4161,1888.77,0
2026-08-15T18:45:00Z,BTC,576,66,4,0.145,0.16,0.16,0.0109,0.2846,63355.97,0
2026-08-15T18:45:00Z,ETH,480,40,2,0.095,0.0975,0.1,0.0055,0.4161,1888.78,0
2026-08-15T18:46:00Z,BTC,576,66,4,0.145,0.1525,0.16,0.0109,0.2846,63359.05,0
2026-08-15T18:46:00Z,ETH,480,40,2,0.095,0.0975,0.1,0.0055,0.4161,1888.79,0
2026-08-15T18:47:00Z,BTC,576,66,4,0.14,0.1525,0.16,0.0109,0.2849,63360.35,0
2026-08-15T18:47:00Z,ETH,480,40,2,0.095,0.0975,0.1,0.0055,0.4161,1888.78,0
2026-08-15T18:48:00Z,BTC,576,66,4,0.15,0.16,0.16,0.0109,0.2849,63358.05,0
2026-08-15T18:48:00Z,ETH,480,40,2,0.095,0.0975,0.1,0.0055,0.4161,1888.78,0
2026-08-15T18:49:00Z,BTC,576,66,4,0.145,0.16,0.16,0.0109,0.2844,63355.21,0
2026-08-15T18:49:00Z,ETH,480,40,2,0.095,0.0975,0.1,0.0055,0.4161,1888.76,0
2026-08-15T18:50:00Z,BTC,576,66,4,0.14,0.1525,0.16,0.0109,0.2845,63354.07,0
2026-08-15T18:50:00Z,ETH,480,40,2,0.095,0.0975,0.1,0.0055,0.4161,1888.66,0
2026-08-15T18:51:00Z,BTC,576,66,4,0.14,0.1525,0.16,0.0109,0.2835,63353.27,0
2026-08-15T18:51:00Z,ETH,480,40,2,0.095,0.0975,0.1,0.0055,0.4161,1888.68,0
2026-08-15T18:52:00Z,BTC,576,66,4,0.155,0.1875,0.27,0.014,0.2834,63352.99,0
2026-08-15T18:52:00Z,ETH,480,40,2,0.095,0.0975,0.1,0.0055,0.416,1888.68,0
2026-08-15T18:53:00Z,BTC,576,66,4,0.15,0.16,0.16,0.0109,0.2836,63353.62,0
2026-08-15T18:53:00Z,ETH,480,40,2,0.095,0.0975,0.1,0.0055,0.416,1888.66,0
2026-08-15T18:54:00Z,BTC,576,66,4,0.145,0.16,0.16,0.0109,0.2838,63357.18,0
2026-08-15T18:54:00Z,ETH,480,40,2,0.09,0.09,0.09,0.0055,0.4161,1888.81,0
2026-08-15T18:55:00Z,BTC,576,66,4,0.14,0.1525,0.16,0.0109,0.2832,63357.35,0
2026-08-15T18:55:00Z,ETH,480,40,2,0.095,0.0975,0.1,0.0055,0.4161,1888.83,0
2026-08-15T18:56:00Z,BTC,576,66,4,0.145,0.16,0.16,0.0109,0.283,63358.62,0
2026-08-15T18:56:00Z,ETH,480,40,2,0.095,0.0975,0.1,0.0055,0.4161,1888.85,0
2026-08-15T18:57:00Z,BTC,576,66,4,0.14,0.1525,0.16,0.0109,0.283,63359.46,0
2026-08-15T18:57:00Z,ETH,480,40,2,0.095,0.0975,0.1,0.0055,0.416,1888.85,0
2026-08-15T18:58:00Z,BTC,576,66,4,0.14,0.1525,0.16,0.0109,0.2832,63360.3,0
2026-08-15T18:58:00Z,ETH,480,40,2,0.095,0.0975,0.1,0.0055,0.4161,1888.88,0
2026-08-15T18:59:00Z,BTC,576,66,4,0.145,0.16,0.16,0.0109,0.2834,63361.94,0
2026-08-15T18:59:00Z,ETH,480,40,2,0.09,0.095,0.1,0.0055,0.416,1888.65,0
2026-08-15T19:00:00Z,BTC,576,66,4,0.145,0.16,0.16,0.0109,0.2834,63361.98,0
2026-08-15T19:00:00Z,ETH,480,40,2,0.095,0.0975,0.1,0.0055,0.416,1888.56,0
2026-08-15T19:01:00Z,BTC,576,66,4,0.14,0.1525,0.16,0.0109,0.2834,63362.9,0
2026-08-15T19:01:00Z,ETH,480,40,2,0.145,0.1725,0.2,0.0088,0.4161,1888.83,0
2026-08-15T19:02:00Z,BTC,576,66,4,0.145,0.16,0.16,0.0109,0.2838,63364.32,0
2026-08-15T19:02:00Z,ETH,480,40,2,0.145,0.1725,0.2,0.0088,0.4161,1888.84,0
2026-08-15T19:03:00Z,BTC,576,66,4,0.15,0.16,0.16,0.0109,0.2838,63366.17,0
2026-08-15T19:03:00Z,ETH,480,40,2,0.095,0.0975,0.1,0.0055,0.4161,1888.8,0
2026-08-15T19:04:00Z,BTC,576,66,4,0.145,0.16,0.16,0.0109,0.284,63366.92,0
2026-08-15T19:04:00Z,ETH,480,40,2,0.09,0.095,0.1,0.0055,0.4161,1888.8,0
2026-08-15T19:05:00Z,BTC,576,66,4,0.145,0.16,0.16,0.0109,0.284,63367.88,0
2026-08-15T19:05:00Z,ETH,480,40,2,0.09,0.095,0.1,0.0055,0.4161,1888.81,0
2026-08-15T19:06:00Z,BTC,576,66,4,0.15,0.16,0.16,0.0109,0.2841,63370.95,0
2026-08-15T19:06:00Z,ETH,480,40,2,0.095,0.0975,0.1,0.0055,0.4161,1888.9,0
2026-08-15T19:07:00Z,BTC,576,66,4,0.14,0.1525,0.16,0.0109,0.2843,63375.1,0
2026-08-15T19:07:00Z,ETH,480,40,2,0.095,0.0975,0.1,0.0055,0.4161,1888.81,0
2026-08-15T19:08:00Z,BTC,576,66,4,0.145,0.1525,0.16,0.0109,0.2813,63388.94,0
2026-08-15T19:08:00Z,ETH,480,40,2,0.095,0.0975,0.1,0.0055,0.4161,1889.05,0
2026-08-15T19:09:00Z,BTC,576,66,4,0.15,0.16,0.16,0.0109,0.2816,63377.99,0
2026-08-15T19:09:00Z,ETH,480,40,2,0.14,0.16,0.18,0.0076,0.4161,1888.98,0
2026-08-15T19:10:00Z,BTC,576,66,4,0.15,0.16,0.16,0.0109,0.2815,63374.67,0
2026-08-15T19:10:00Z,ETH,480,40,2,0.14,0.16,0.18,0.0076,0.4161,1888.96,0
2026-08-15T19:11:00Z,BTC,576,66,4,0.14,0.1525,0.16,0.0109,0.2815,63377.5,0
2026-08-15T19:11:00Z,ETH,480,40,2,0.09,0.095,0.1,0.0055,0.4161,1888.98,0
2026-08-15T19:12:00Z,BTC,576,66,4,0.14,0.1525,0.16,0.0109,0.2816,63384.61,0
2026-08-15T19:12:00Z,ETH,480,40,2,0.095,0.0975,0.1,0.0055,0.4161,1889.08,0
2026-08-15T19:13:00Z,BTC,576,66,4,0.15,0.16,0.16,0.0109,0.2816,63391.77,0
2026-08-15T19:13:00Z,ETH,480,40,2,0.09,0.09,0.09,0.0055,0.4161,1889.12,0
2026-08-15T19:14:00Z,BTC,576,66,4,0.145,0.1525,0.16,0.0109,0.2817,63388.47,0
2026-08-15T19:14:00Z,ETH,480,40,2,0.095,0.0975,0.1,0.0055,0.4161,1889.15,0
2026-08-15T19:15:00Z,BTC,576,66,4,0.15,0.16,0.16,0.0109,0.2817,63390.97,0
2026-08-15T19:15:00Z,ETH,480,40,2,0.09,0.095,0.1,0.0055,0.4161,1889.46,0
2026-08-15T19:16:00Z,BTC,576,66,4,0.145,0.16,0.16,0.0109,0.2817,63396.41,0
2026-08-15T19:16:00Z,ETH,480,40,2,0.09,0.095,0.1,0.0055,0.4161,1889.66,0
2026-08-15T19:17:00Z,BTC,576,66,4,0.145,0.16,0.16,0.0109,0.2817,63400.21,0
2026-08-15T19:17:00Z,ETH,480,40,2,0.09,0.095,0.1,0.0055,0.4161,1889.64,0
2026-08-15T19:18:00Z,BTC,576,66,4,0.145,0.1525,0.16,0.0109,0.2818,63410.19,0
2026-08-15T19:18:00Z,ETH,480,40,2,0.09,0.095,0.1,0.0055,0.4161,1889.74,0
2026-08-15T19:19:00Z,BTC,576,66,4,0.145,0.1525,0.16,0.0109,0.2823,63412.71,0
2026-08-15T19:19:00Z,ETH,480,40,2,0.095,0.0975,0.1,0.0055,0.4161,1889.78,0
2026-08-15T19:20:00Z,BTC,576,66,4,0.145,0.16,0.16,0.011,0.2817,63410.81,0
2026-08-15T19:20:00Z,ETH,480,40,2,0.095,0.0975,0.1,0.0055,0.4161,1889.68,0
2026-08-15T19:21:00Z,BTC,576,66,4,0.145,0.16,0.16,0.011,0.2816,63410.21,0
2026-08-15T19:21:00Z,ETH,480,40,2,0.095,0.0975,0.1,0.0055,0.4161,1889.55,0
2026-08-15T19:22:00Z,BTC,576,66,4,0.14,0.1525,0.16,0.011,0.2818,63416.1,0
2026-08-15T19:22:00Z,ETH,480,40,2,0.095,0.0975,0.1,0.0055,0.4161,1889.87,0
2026-08-15T19:23:00Z,BTC,576,66,4,0.14,0.155,0.17,0.0111,0.2818,63420.69,0
2026-08-15T19:23:00Z,ETH,480,40,2,0.095,0.0975,0.1,0.0055,0.4161,1890.07,0
2026-08-15T19:24:00Z,BTC,576,66,4,0.145,0.16,0.16,0.0111,0.2814,63421.45,0
2026-08-15T19:24:00Z,ETH,480,40,2,0.095,0.0975,0.1,0.0055,0.4161,1890.11,0
2026-08-15T19:25:00Z,BTC,576,66,4,0.145,0.155,0.17,0.0111,0.2814,63420.38,0
2026-08-15T19:25:00Z,ETH,480,40,2,0.095,0.0975,0.1,0.0055,0.4161,1890.11,0
2026-08-15T19:26:00Z,BTC,576,66,4,0.15,0.16,0.16,0.011,0.2812,63401.46,0
2026-08-15T19:26:00Z,ETH,480,40,2,0.095,0.0975,0.1,0.0055,0.4161,1889.84,0
2026-08-15T19:27:00Z,BTC,576,66,4,0.14,0.1525,0.16,0.011,0.2815,63401.41,0
2026-08-15T19:27:00Z,ETH,480,40,2,0.095,0.0975,0.1,0.0055,0.4161,1889.84,0
2026-08-15T19:28:00Z,BTC,576,66,4,0.145,0.16,0.16,0.011,0.2816,63402.18,0
2026-08-15T19:28:00Z,ETH,480,40,2,0.135,0.1525,0.17,0.0076,0.4161,1889.91,0
2026-08-15T19:29:00Z,BTC,576,66,4,0.14,0.1525,0.16,0.011,0.2818,63397.93,0
2026-08-15T19:29:00Z,ETH,480,40,2,0.14,0.16,0.18,0.0076,0.4161,1889.91,0
2026-08-15T19:30:00Z,BTC,576,66,4,0.145,0.16,0.16,0.011,0.2818,63395.16,0
2026-08-15T19:30:00Z,ETH,480,40,2,0.095,0.0975,0.1,0.0055,0.4161,1890.03,0
2026-08-15T19:31:00Z,BTC,576,66,4,0.145,0.1525,0.16,0.011,0.2817,63394.32,0
2026-08-15T19:31:00Z,ETH,480,40,2,0.19,0.195,0.2,0.0109,0.4161,1890.13,0
2026-08-15T19:32:00Z,BTC,576,66,4,0.14,0.1525,0.16,0.011,0.2817,63394.36,0
2026-08-15T19:32:00Z,ETH,480,40,2,0.19,0.195,0.2,0.0109,0.4161,1889.86,0
2026-08-15T19:33:00Z,BTC,576,66,4,0.14,0.1525,0.16,0.011,0.2818,63394.35,0
2026-08-15T19:33:00Z,ETH,480,40,2,0.095,0.0975,0.1,0.0055,0.4161,1890.12,0
2026-08-15T19:34:00Z,BTC,576,66,4,0.14,0.1525,0.16,0.011,0.2816,63394.33,0
2026-08-15T19:34:00Z,ETH,480,40,2,0.095,0.0975,0.1,0.0055,0.4161,1890.21,0
2026-08-15T19:35:00Z,BTC,576,66,4,0.145,0.1525,0.16,0.011,0.2816,63394.32,0
2026-08-15T19:35:00Z,ETH,480,40,2,0.095,0.0975,0.1,0.0055,0.4161,1890.22,0
2026-08-15T19:36:00Z,BTC,576,66,4,0.14,0.1525,0.16,0.011,0.2816,63398.23,0
2026-08-15T19:36:00Z,ETH,480,40,2,0.095,0.0975,0.1,0.0054,0.4161,1890.56,0
2026-08-15T19:37:00Z,BTC,576,66,4,0.145,0.16,0.16,0.0111,0.2819,63414.57,0
2026-08-15T19:37:00Z,ETH,480,40,2,0.095,0.0975,0.1,0.0054,0.4161,1890.68,0
2026-08-15T19:38:00Z,BTC,576,66,4,0.145,0.1525,0.16,0.0111,0.2793,63426.39,0
2026-08-15T19:38:00Z,ETH,480,40,2,0.095,0.0975,0.1,0.0054,0.4161,1890.71,0
2026-08-15T19:39:00Z,BTC,576,66,4,0.14,0.1525,0.16,0.0111,0.2816,63413.78,0
2026-08-15T19:39:00Z,ETH,480,40,2,0.095,0.0975,0.1,0.0055,0.4161,1890.22,0
2026-08-15T19:40:00Z,BTC,576,66,4,0.145,0.1525,0.16,0.0111,0.2816,63412.65,0
2026-08-15T19:40:00Z,ETH,480,40,2,0.095,0.0975,0.1,0.0055,0.4161,1890.19,0
2026-08-15T19:41:00Z,BTC,576,66,4,0.14,0.1525,0.16,0.011,0.2816,63412.85,0
2026-08-15T19:41:00Z,ETH,480,40,2,0.095,0.0975,0.1,0.0055,0.4161,1889.98,0
2026-08-15T19:42:00Z,BTC,576,66,4,0.14,0.155,0.17,0.011,0.2818,63412.98,0
2026-08-15T19:42:00Z,ETH,480,40,2,0.09,0.095,0.1,0.0055,0.4161,1889.96,0
2026-08-15T19:43:00Z,BTC,576,66,4,0.14,0.1525,0.16,0.0111,0.2819,63412.72,0
2026-08-15T19:43:00Z,ETH,480,40,2,0.095,0.0975,0.1,0.0055,0.4161,1890.02,0
2026-08-15T19:44:00Z,BTC,576,66,4,0.145,0.16,0.16,0.0111,0.2818,63413.04,0
2026-08-15T19:44:00Z,ETH,480,40,2,0.095,0.0975,0.1,0.0055,0.4161,1890.09,0
2026-08-15T19:45:00Z,BTC,576,66,4,0.14,0.1525,0.16,0.0111,0.2816,63415.14,0
2026-08-15T19:45:00Z,ETH,480,40,2,0.095,0.0975,0.1,0.0055,0.4161,1890.16,0
2026-08-15T19:46:00Z,BTC,576,66,4,0.145,0.1525,0.16,0.0111,0.2816,63417.33,0
2026-08-15T19:46:00Z,ETH,480,40,2,0.09,0.095,0.1,0.0055,0.4161,1890.14,0
2026-08-15T19:47:00Z,BTC,576,66,4,0.14,0.1525,0.16,0.0111,0.2815,63423.05,0
2026-08-15T19:47:00Z,ETH,480,40,2,0.095,0.0975,0.1,0.0055,0.4161,1890.42,0
2026-08-15T19:48:00Z,BTC,576,66,4,0.14,0.1525,0.16,0.0111,0.2817,63423.95,0
2026-08-15T19:48:00Z,ETH,480,40,2,0.095,0.0975,0.1,0.0055,0.4161,1890.57,0
2026-08-15T19:49:00Z,BTC,576,66,4,0.145,0.16,0.16,0.0111,0.279,63428.83,0
2026-08-15T19:49:00Z,ETH,480,40,2,0.095,0.0975,0.1,0.0055,0.4161,1890.62,0
2026-08-15T19:50:00Z,BTC,576,66,4,0.145,0.1525,0.16,0.0112,0.2786,63428.8,0
2026-08-15T19:50:00Z,ETH,480,40,2,0.095,0.0975,0.1,0.0055,0.4161,1890.49,0
2026-08-15T19:51:00Z,BTC,576,66,4,0.145,0.155,0.17,0.0112,0.2787,63428.36,0
2026-08-15T19:51:00Z,ETH,480,40,2,0.095,0.0975,0.1,0.0055,0.4161,1890.39,0
2026-08-15T19:52:00Z,BTC,576,66,4,0.145,0.155,0.17,0.0112,0.2787,63428.33,0
2026-08-15T19:52:00Z,ETH,480,40,2,0.095,0.0975,0.1,0.0055,0.4161,1890.37,0
2026-08-15T19:53:00Z,BTC,576,66,4,0.145,0.1625,0.17,0.0112,0.2788,63428.35,0
2026-08-15T19:53:00Z,ETH,480,40,2,0.095,0.0975,0.1,0.0055,0.4161,1890.38,0
2026-08-15T19:54:00Z,BTC,576,66,4,0.145,0.16,0.16,0.0112,0.2788,63430.22,0
2026-08-15T19:54:00Z,ETH,480,40,2,0.095,0.0975,0.1,0.0055,0.4161,1890.42,0
2026-08-15T19:55:00Z,BTC,576,66,4,0.145,0.1525,0.16,0.0112,0.2786,63428.93,0
2026-08-15T19:55:00Z,ETH,480,40,2,0.09,0.09,0.09,0.0055,0.4161,1890.45,0
2026-08-15T19:56:00Z,BTC,576,66,4,0.145,0.16,0.16,0.0112,0.2781,63427.55,0
2026-08-15T19:56:00Z,ETH,480,40,2,0.095,0.0975,0.1,0.0055,0.4161,1890.23,0
2026-08-15T19:57:00Z,BTC,576,66,4,0.145,0.16,0.16,0.0112,0.2781,63426.75,0
2026-08-15T19:57:00Z,ETH,480,40,2,0.095,0.0975,0.1,0.0055,0.4161,1890.18,0
2026-08-15T19:58:00Z,BTC,576,66,4,0.145,0.155,0.17,0.0112,0.2781,63425.58,0
2026-08-15T19:58:00Z,ETH,480,40,2,0.095,0.0975,0.1,0.0055,0.4161,1890.13,0
2026-08-15T19:59:00Z,BTC,576,66,4,0.14,0.1525,0.16,0.0112,0.278,63426.56,0
2026-08-15T19:59:00Z,ETH,480,40,2,0.095,0.0975,0.1,0.0055,0.4161,1890.14,0
2026-08-15T20:00:00Z,BTC,576,66,4,0.145,0.155,0.17,0.0112,0.278,63426.72,0
2026-08-15T20:00:00Z,ETH,480,40,2,0.095,0.0975,0.1,0.0055,0.4161,1890.12,0
2026-08-15T20:01:00Z,BTC,576,66,4,0.15,0.16,0.16,0.0112,0.278,63421.69,0
2026-08-15T20:01:00Z,ETH,480,40,2,0.09,0.09,0.09,0.0055,0.4161,1890.04,0
2026-08-15T20:02:00Z,BTC,576,66,4,0.145,0.16,0.16,0.0112,0.2781,63422.49,0
2026-08-15T20:02:00Z,ETH,480,40,2,0.09,0.095,0.1,0.0055,0.4161,1890.07,0
2026-08-15T20:03:00Z,BTC,576,66,4,0.145,0.1525,0.16,0.0112,0.2782,63424.17,0
2026-08-15T20:03:00Z,ETH,480,40,2,0.095,0.0975,0.1,0.0055,0.4161,1890.11,0
2026-08-15T20:04:00Z,BTC,576,66,4,0.14,0.1525,0.16,0.0112,0.2802,63417.35,0
2026-08-15T20:04:00Z,ETH,480,40,2,0.09,0.09,0.09,0.0055,0.4161,1890.14,0
2026-08-15T20:05:00Z,BTC,576,66,4,0.14,0.155,0.17,0.0112,0.2809,63413.81,0
2026-08-15T20:05:00Z,ETH,480,40,2,0.095,0.0975,0.1,0.0055,0.4161,1890.13,0
2026-08-15T20:06:00Z,BTC,576,66,4,0.145,0.1525,0.16,0.0112,0.2809,63401.16,0
2026-08-15T20:06:00Z,ETH,480,40,2,0.145,0.1725,0.2,0.0088,0.4161,1889.95,0
2026-08-15T20:07:00Z,BTC,576,66,4,0.145,0.16,0.16,0.0112,0.2805,63396.18,0
2026-08-15T20:07:00Z,ETH,480,40,2,0.14,0.16,0.18,0.0076,0.4161,1889.82,0
2026-08-15T20:08:00Z,BTC,576,66,4,0.145,0.16,0.16,0.0112,0.2807,63396.05,0
2026-08-15T20:08:00Z,ETH,480,40,2,0.095,0.0975,0.1,0.0055,0.4161,1889.83,0
2026-08-15T20:09:00Z,BTC,576,66,4,0.14,0.1525,0.16,0.0112,0.2808,63395.39,0
2026-08-15T20:09:00Z,ETH,480,40,2,0.135,0.1525,0.17,0.0076,0.4161,1889.81,0
2026-08-15T20:10:00Z,BTC,576,66,4,0.145,0.16,0.16,0.0112,0.2827,63378.63,0
2026-08-15T20:10:00Z,ETH,480,40,2,0.14,0.16,0.18,0.0076,0.4161,1889.49,0
2026-08-15T20:11:00Z,BTC,576,66,4,0.145,0.1525,0.16,0.0112,0.2819,63383.18,0
2026-08-15T20:11:00Z,ETH,480,40,2,0.095,0.0975,0.1,0.0055,0.4161,1889.47,0
2026-08-15T20:12:00Z,BTC,576,66,4,0.14,0.155,0.17,0.0112,0.282,63386.75,0
2026-08-15T20:12:00Z,ETH,480,40,2,0.095,0.0975,0.1,0.0055,0.4161,1889.53,0
2026-08-15T20:13:00Z,BTC,576,66,4,0.145,0.1525,0.16,0.0112,0.282,63387.22,0
2026-08-15T20:13:00Z,ETH,480,40,2,0.095,0.0975,0.1,0.0055,0.4161,1889.57,0
2026-08-15T20:14:00Z,BTC,576,66,4,0.15,0.16,0.16,0.0112,0.282,63386.94,0
2026-08-15T20:14:00Z,ETH,480,40,2,0.095,0.0975,0.1,0.0055,0.4161,1889.58,0
2026-08-15T20:15:00Z,BTC,576,66,4,0.145,0.16,0.16,0.0112,0.282,63383.6,0
2026-08-15T20:15:00Z,ETH,480,40,2,0.185,0.2275,0.27,0.0098,0.4161,1889.2,0
2026-08-15T20:16:00Z,BTC,576,66,4,0.14,0.1525,0.16,0.0112,0.2815,63379.77,0
2026-08-15T20:16:00Z,ETH,480,40,2,0.14,0.16,0.18,0.0076,0.4161,1889.05,0
2026-08-15T20:17:00Z,BTC,576,66,4,0.145,0.16,0.16,0.0112,0.2817,63381.17,0
2026-08-15T20:17:00Z,ETH,480,40,2,0.14,0.16,0.18,0.0076,0.4161,1889.39,0
2026-08-15T20:18:00Z,BTC,576,66,4,0.145,0.16,0.16,0.0112,0.2815,63383.73,0
2026-08-15T20:18:00Z,ETH,480,40,2,0.185,0.1925,0.2,0.011,0.4161,1889.24,0
2026-08-15T20:19:00Z,BTC,576,66,4,0.14,0.155,0.17,0.0112,0.2817,63384.66,0
2026-08-15T20:19:00Z,ETH,480,40,2,0.14,0.16,0.18,0.0076,0.4161,1889.28,0
2026-08-15T20:20:00Z,BTC,576,66,4,0.14,0.155,0.17,0.0112,0.2817,63384.2,0
2026-08-15T20:20:00Z,ETH,480,40,2,0.14,0.16,0.18,0.0076,0.4161,1889.29,0
2026-08-15T20:21:00Z,BTC,576,66,4,0.145,0.155,0.17,0.0112,0.2817,63384.0,0
2026-08-15T20:21:00Z,ETH,480,40,2,0.135,0.1575,0.18,0.0076,0.4161,1889.3,0
2026-08-15T20:22:00Z,BTC,576,66,4,0.145,0.16,0.16,0.0112,0.2817,63383.95,0
2026-08-15T20:22:00Z,ETH,480,40,2,0.14,0.16,0.18,0.0076,0.4161,1889.28,0
2026-08-15T20:23:00Z,BTC,576,66,4,0.145,0.1525,0.16,0.0112,0.2813,63381.35,0
2026-08-15T20:23:00Z,ETH,480,40,2,0.14,0.16,0.18,0.0076,0.4161,1888.72,0
2026-08-15T20:24:00Z,BTC,576,66,4,0.145,0.1625,0.17,0.0112,0.2809,63379.2,0
2026-08-15T20:24:00Z,ETH,480,40,2,0.14,0.16,0.18,0.0076,0.4161,1888.59,0
2026-08-15T20:25:00Z,BTC,576,66,4,0.14,0.1525,0.16,0.0112,0.2808,63380.13,0
2026-08-15T20:25:00Z,ETH,480,40,2,0.14,0.16,0.18,0.0076,0.4161,1888.57,0
2026-08-15T20:26:00Z,BTC,576,66,4,0.14,0.1525,0.16,0.0112,0.2808,63379.28,0
2026-08-15T20:26:00Z,ETH,480,40,2,0.14,0.16,0.18,0.0076,0.4161,1888.64,0
2026-08-15T20:27:00Z,BTC,576,66,4,0.14,0.1525,0.16,0.0112,0.2804,63380.24,0
2026-08-15T20:27:00Z,ETH,480,40,2,0.14,0.16,0.18,0.0076,0.4161,1888.95,0
2026-08-15T20:28:00Z,BTC,576,66,4,0.145,0.16,0.16,0.0112,0.2814,63384.41,0
2026-08-15T20:28:00Z,ETH,480,40,2,0.095,0.0975,0.1,0.0055,0.4161,1889.14,0
2026-08-15T20:29:00Z,BTC,576,66,4,0.145,0.155,0.17,0.0112,0.2816,63385.15,0
2026-08-15T20:29:00Z,ETH,480,40,2,0.09,0.095,0.1,0.0055,0.4161,1888.97,0
2026-08-15T20:30:00Z,BTC,576,66,4,0.145,0.16,0.16,0.0112,0.2817,63384.25,0
2026-08-15T20:30:00Z,ETH,480,40,2,0.14,0.16,0.18,0.0076,0.4161,1888.85,0
2026-08-15T20:31:00Z,BTC,576,66,4,0.145,0.16,0.16,0.0112,0.2817,63383.64,0
2026-08-15T20:31:00Z,ETH,480,40,2,0.135,0.1525,0.17,0.0076,0.4161,1888.78,0
2026-08-15T20:32:00Z,BTC,576,66,4,0.14,0.1525,0.16,0.0112,0.2817,63383.77,0
2026-08-15T20:32:00Z,ETH,480,40,2,0.095,0.0975,0.1,0.0055,0.4161,1888.8,0
2026-08-15T20:33:00Z,BTC,576,66,4,0.14,0.1525,0.16,0.0112,0.281,63383.73,0
2026-08-15T20:33:00Z,ETH,480,40,2,0.095,0.0975,0.1,0.0055,0.4161,1888.73,0
2026-08-15T20:34:00Z,BTC,576,66,4,0.15,0.16,0.16,0.0112,0.2803,63380.29,0
2026-08-15T20:34:00Z,ETH,480,40,2,0.09,0.095,0.1,0.0055,0.416,1888.53,0
2026-08-15T20:35:00Z,BTC,576,66,4,0.16,0.1825,0.25,0.0143,0.2804,63378.84,0
2026-08-15T20:35:00Z,ETH,480,40,2,0.095,0.0975,0.1,0.0055,0.416,1888.49,0
2026-08-15T20:36:00Z,BTC,576,66,4,0.145,0.1525,0.16,0.0112,0.2802,63380.17,0
2026-08-15T20:36:00Z,ETH,480,40,2,0.09,0.095,0.1,0.0055,0.416,1888.55,0
2026-08-15T20:37:00Z,BTC,576,66,4,0.145,0.1625,0.17,0.0112,0.2803,63381.18,0
2026-08-15T20:37:00Z,ETH,480,40,2,0.095,0.0975,0.1,0.0055,0.4161,1888.71,0
2026-08-15T20:38:00Z,BTC,576,66,4,0.14,0.1525,0.16,0.0112,0.2806,63383.75,0
2026-08-15T20:38:00Z,ETH,480,40,2,0.095,0.0975,0.1,0.0055,0.4161,1888.88,0
2026-08-15T20:39:00Z,BTC,576,66,4,0.14,0.1525,0.16,0.0112,0.2808,63385.33,0
2026-08-15T20:39:00Z,ETH,480,40,2,0.095,0.0975,0.1,0.0055,0.4161,1888.87,0
2026-08-15T20:40:00Z,BTC,576,66,4,0.14,0.1525,0.16,0.0112,0.2807,63385.2,0
2026-08-15T20:40:00Z,ETH,480,40,2,0.09,0.09,0.09,0.0055,0.4161,1888.86,0
2026-08-15T20:41:00Z,BTC,576,66,4,0.145,0.16,0.16,0.0112,0.2807,63385.1,0
2026-08-15T20:41:00Z,ETH,480,40,2,0.095,0.0975,0.1,0.0055,0.4161,1888.87,0
2026-08-15T20:42:00Z,BTC,576,66,4,0.145,0.16,0.16,0.0112,0.2807,63385.48,0
2026-08-15T20:42:00Z,ETH,480,40,2,0.095,0.0975,0.1,0.0055,0.4161,1888.79,0
2026-08-15T20:43:00Z,BTC,576,66,4,0.15,0.16,0.16,0.0112,0.2808,63387.26,0
2026-08-15T20:43:00Z,ETH,480,40,2,0.09,0.095,0.1,0.0055,0.4161,1888.8,0
2026-08-15T20:44:00Z,BTC,576,66,4,0.145,0.16,0.16,0.0112,0.2809,63391.33,0
2026-08-15T20:44:00Z,ETH,480,40,2,0.095,0.0975,0.1,0.0055,0.4161,1888.83,0
2026-08-15T20:45:00Z,BTC,576,66,4,0.145,0.1625,0.17,0.0112,0.2814,63396.8,0
2026-08-15T20:45:00Z,ETH,480,40,2,0.095,0.0975,0.1,0.0055,0.4161,1888.91,0
2026-08-15T20:46:00Z,BTC,576,66,4,0.15,0.1625,0.17,0.0112,0.2821,63399.33,0
2026-08-15T20:46:00Z,ETH,480,40,2,0.095,0.0975,0.1,0.0055,0.4161,1888.89,0
2026-08-15T20:47:00Z,BTC,576,66,4,0.145,0.1625,0.17,0.0112,0.2791,63406.72,0
2026-08-15T20:47:00Z,ETH,480,40,2,0.095,0.0975,0.1,0.0055,0.4161,1889.04,0
2026-08-15T20:48:00Z,BTC,576,66,4,0.14,0.1525,0.16,0.0112,0.2817,63406.19,0
2026-08-15T20:48:00Z,ETH,480,40,2,0.09,0.095,0.1,0.0055,0.4161,1889.11,0
2026-08-15T20:49:00Z,BTC,576,66,4,0.145,0.155,0.17,0.0112,0.2789,63410.6,0
2026-08-15T20:49:00Z,ETH,480,40,2,0.095,0.0975,0.1,0.0055,0.4161,1889.22,0
2026-08-15T20:50:00Z,BTC,576,66,4,0.145,0.1525,0.16,0.0112,0.2792,63410.22,0
2026-08-15T20:50:00Z,ETH,480,40,2,0.09,0.09,0.09,0.0055,0.4161,1889.21,0
2026-08-15T20:51:00Z,BTC,576,66,4,0.145,0.16,0.16,0.0112,0.2792,63408.52,0
2026-08-15T20:51:00Z,ETH,480,40,2,0.095,0.0975,0.1,0.0055,0.4161,1889.18,0
2026-08-15T20:52:00Z,BTC,576,66,4,0.145,0.16,0.16,0.0112,0.2792,63407.77,0
2026-08-15T20:52:00Z,ETH,480,40,2,0.095,0.0975,0.1,0.0055,0.4161,1889.19,0
2026-08-15T20:53:00Z,BTC,576,66,4,0.145,0.16,0.16,0.0112,0.2792,63408.8,0
2026-08-15T20:53:00Z,ETH,480,40,2,0.095,0.0975,0.1,0.0055,0.4161,1889.22,0
2026-08-15T20:54:00Z,BTC,576,66,4,0.145,0.155,0.17,0.0112,0.2792,63409.47,0
2026-08-15T20:54:00Z,ETH,480,40,2,0.095,0.0975,0.1,0.0055,0.4161,1889.19,0
2026-08-15T20:55:00Z,BTC,576,66,4,0.15,0.1625,0.17,0.0112,0.2792,63408.48,0
2026-08-15T20:55:00Z,ETH,480,40,2,0.095,0.0975,0.1,0.0055,0.4161,1889.19,0
2026-08-15T20:56:00Z,BTC,576,66,4,0.14,0.1525,0.16,0.0112,0.2792,63407.36,0
2026-08-15T20:56:00Z,ETH,480,40,2,0.14,0.16,0.18,0.0076,0.4161,1889.12,0
2026-08-15T20:57:00Z,BTC,576,66,4,0.145,0.16,0.16,0.0112,0.2792,63412.06,0
2026-08-15T20:57:00Z,ETH,480,40,2,0.14,0.16,0.18,0.0076,0.4161,1889.12,0
2026-08-15T20:58:00Z,BTC,576,66,4,0.15,0.1625,0.17,0.0112,0.2792,63413.24,0
2026-08-15T20:58:00Z,ETH,480,40,2,0.14,0.16,0.18,0.0076,0.4161,1889.1,0
2026-08-15T20:59:00Z,BTC,576,66,4,0.14,0.1525,0.16,0.0112,0.2792,63411.89,0
2026-08-15T20:59:00Z,ETH,480,40,2,0.14,0.16,0.18,0.0076,0.4161,1889.05,0
2026-08-15T21:00:00Z,BTC,576,66,4,0.145,0.16,0.16,0.0112,0.2792,63408.43,0
2026-08-15T21:00:00Z,ETH,480,40,2,0.135,0.1525,0.17,0.0076,0.4161,1889.04,0
2026-08-15T21:01:00Z,BTC,576,66,4,0.145,0.16,0.16,0.0112,0.2793,63407.67,0
2026-08-15T21:01:00Z,ETH,480,40,2,0.135,0.1525,0.17,0.0076,0.4161,1889.05,0
2026-08-15T21:02:00Z,BTC,576,66,4,0.155,0.1825,0.25,0.0142,0.2793,63408.8,0
2026-08-15T21:02:00Z,ETH,480,40,2,0.14,0.16,0.18,0.0076,0.4161,1889.2,0
2026-08-15T21:03:00Z,BTC,576,66,4,0.145,0.1625,0.17,0.0112,0.2794,63409.17,0
2026-08-15T21:03:00Z,ETH,480,40,2,0.14,0.16,0.18,0.0077,0.4161,1889.49,0
2026-08-15T21:04:00Z,BTC,576,66,4,0.15,0.16,0.16,0.0112,0.2793,63408.78,0
2026-08-15T21:04:00Z,ETH,480,40,2,0.14,0.16,0.18,0.0077,0.4161,1889.53,0
2026-08-15T21:05:00Z,BTC,576,66,4,0.15,0.16,0.16,0.0112,0.2797,63409.16,0
2026-08-15T21:05:00Z,ETH,480,40,2,0.095,0.0975,0.1,0.0055,0.4161,1889.41,0
2026-08-15T21:06:00Z,BTC,576,66,4,0.145,0.16,0.16,0.0112,0.2797,63410.33,0
2026-08-15T21:06:00Z,ETH,480,40,2,0.095,0.0975,0.1,0.0055,0.4161,1889.41,0
2026-08-15T21:07:00Z,BTC,576,66,4,0.145,0.16,0.16,0.0112,0.2795,63410.16,0
2026-08-15T21:07:00Z,ETH,480,40,2,0.095,0.0975,0.1,0.0055,0.4161,1889.42,0
2026-08-15T21:08:00Z,BTC,576,66,4,0.145,0.16,0.16,0.0112,0.2794,63407.67,0
2026-08-15T21:08:00Z,ETH,480,40,2,0.135,0.1525,0.17,0.0077,0.4161,1889.36,0
2026-08-15T21:09:00Z,BTC,576,66,4,0.14,0.1525,0.16,0.0112,0.2796,63407.23,0
2026-08-15T21:09:00Z,ETH,480,40,2,0.14,0.16,0.18,0.0077,0.4161,1889.37,0
2026-08-15T21:10:00Z,BTC,576,66,4,0.15,0.1625,0.17,0.0112,0.2795,63408.53,0
2026-08-15T21:10:00Z,ETH,480,40,2,0.135,0.1525,0.17,0.0076,0.4161,1889.36,0
2026-08-15T21:11:00Z,BTC,576,66,4,0.145,0.155,0.17,0.0112,0.2795,63409.5,0
2026-08-15T21:11:00Z,ETH,480,40,2,0.14,0.16,0.18,0.0076,0.4161,1889.36,0
2026-08-15T21:12:00Z,BTC,576,66,4,0.145,0.1525,0.16,0.0112,0.2795,63409.93,0
2026-08-15T21:12:00Z,ETH,480,40,2,0.14,0.16,0.18,0.0076,0.4161,1889.34,0
2026-08-15T21:13:00Z,BTC,576,66,4,0.15,0.16,0.16,0.0112,0.2793,63414.79,0
2026-08-15T21:13:00Z,ETH,480,40,2,0.14,0.16,0.18,0.0077,0.4161,1890.11,0
2026-08-15T21:14:00Z,BTC,576,66,4,0.14,0.1525,0.16,0.0112,0.2794,63415.94,0
2026-08-15T21:14:00Z,ETH,480,40,2,0.185,0.2275,0.27,0.0099,0.4161,1889.78,0
2026-08-15T21:15:00Z,BTC,576,66,4,0.14,0.1525,0.16,0.0112,0.2796,63413.71,0
2026-08-15T21:15:00Z,ETH,480,40,2,0.18,0.22,0.26,0.0099,0.4161,1889.75,0
2026-08-15T21:16:00Z,BTC,576,66,4,0.145,0.1525,0.16,0.0112,0.2796,63412.44,0
2026-08-15T21:16:00Z,ETH,480,40,2,0.18,0.22,0.26,0.0099,0.4161,1889.72,0
2026-08-15T21:17:00Z,BTC,576,66,4,0.145,0.155,0.17,0.0112,0.2796,63412.45,0
2026-08-15T21:17:00Z,ETH,480,40,2,0.185,0.2275,0.27,0.0099,0.4161,1889.73,0
2026-08-15T21:18:00Z,BTC,576,66,4,0.15,0.1625,0.17,0.0112,0.2796,63412.44,0
2026-08-15T21:18:00Z,ETH,480,40,2,0.185,0.2275,0.27,0.0099,0.4161,1889.76,0
2026-08-15T21:19:00Z,BTC,576,66,4,0.145,0.1625,0.17,0.0112,0.2797,63412.45,0
2026-08-15T21:19:00Z,ETH,480,40,2,0.14,0.16,0.18,0.0077,0.4161,1889.8,0
2026-08-15T21:20:00Z,BTC,576,66,4,0.15,0.16,0.16,0.0112,0.2798,63412.43,0
2026-08-15T21:20:00Z,ETH,480,40,2,0.14,0.16,0.18,0.0077,0.4161,1889.86,0
2026-08-15T21:21:00Z,BTC,576,66,4,0.155,0.1825,0.25,0.0141,0.2799,63412.42,0
2026-08-15T21:21:00Z,ETH,480,40,2,0.185,0.2275,0.27,0.0099,0.4161,1889.85,0
2026-08-15T21:22:00Z,BTC,576,66,4,0.15,0.16,0.16,0.0112,0.2771,63421.48,0
2026-08-15T21:22:00Z,ETH,480,40,2,0.135,0.1525,0.17,0.0077,0.4161,1890.54,0
2026-08-15T21:23:00Z,BTC,576,66,4,0.14,0.1525,0.16,0.0112,0.2775,63415.49,0
2026-08-15T21:23:00Z,ETH,480,40,2,0.185,0.2275,0.27,0.0099,0.4161,1890.63,0
2026-08-15T21:24:00Z,BTC,576,66,4,0.14,0.155,0.17,0.0113,0.2771,63417.65,0
2026-08-15T21:24:00Z,ETH,480,40,2,0.14,0.16,0.18,0.0077,0.4161,1890.62,0
2026-08-15T21:25:00Z,BTC,576,66,4,0.14,0.155,0.17,0.0114,0.2762,63446.85,0
2026-08-15T21:25:00Z,ETH,480,40,2,0.14,0.16,0.18,0.0077,0.4161,1890.48,0
2026-08-15T21:26:00Z,BTC,576,66,4,0.14,0.155,0.17,0.0114,0.2765,63453.09,0
2026-08-15T21:26:00Z,ETH,480,40,2,0.14,0.16,0.18,0.0077,0.4161,1890.5,0
2026-08-15T21:27:00Z,BTC,576,66,4,0.145,0.1525,0.16,0.0114,0.2765,63453.5,0
2026-08-15T21:27:00Z,ETH,480,40,2,0.14,0.16,0.18,0.0077,0.4161,1890.54,0
2026-08-15T21:28:00Z,BTC,576,66,4,0.14,0.155,0.17,0.0114,0.277,63457.01,0
2026-08-15T21:28:00Z,ETH,480,40,2,0.095,0.0975,0.1,0.0055,0.4161,1890.46,0
2026-08-15T21:29:00Z,BTC,576,66,4,0.205,0.2475,0.27,0.0159,0.2769,63456.65,0
2026-08-15T21:29:00Z,ETH,480,40,2,0.14,0.16,0.18,0.0077,0.4161,1890.39,0
2026-08-15T21:30:00Z,BTC,576,66,4,0.16,0.19,0.25,0.0142,0.2775,63449.22,0
2026-08-15T21:30:00Z,ETH,480,40,2,0.14,0.16,0.18,0.0077,0.4161,1890.31,0
2026-08-15T21:31:00Z,BTC,576,66,4,0.155,0.1825,0.25,0.0142,0.2769,63452.43,0
2026-08-15T21:31:00Z,ETH,480,40,2,0.185,0.2275,0.27,0.0099,0.4161,1890.32,0
2026-08-15T21:32:00Z,BTC,576,66,4,0.165,0.19,0.25,0.0142,0.2776,63453.75,0
2026-08-15T21:32:00Z,ETH,480,40,2,0.185,0.2275,0.27,0.0099,0.4161,1890.33,0
2026-08-15T21:33:00Z,BTC,576,66,4,0.165,0.19,0.25,0.0142,0.2776,63453.74,0
2026-08-15T21:33:00Z,ETH,480,40,2,0.14,0.16,0.18,0.0077,0.4161,1890.33,0
2026-08-15T21:34:00Z,BTC,576,66,4,0.16,0.1875,0.24,0.0142,0.2777,63453.74,0
2026-08-15T21:34:00Z,ETH,480,40,2,0.185,0.2275,0.27,0.0099,0.4161,1890.33,0
2026-08-15T21:35:00Z,BTC,576,66,4,0.155,0.1825,0.25,0.0142,0.2778,63454.73,0
2026-08-15T21:35:00Z,ETH,480,40,2,0.135,0.1525,0.17,0.0077,0.4161,1890.33,0
2026-08-15T21:36:00Z,BTC,576,66,4,0.16,0.19,0.25,0.0142,0.2776,63454.48,0
2026-08-15T21:36:00Z,ETH,480,40,2,0.095,0.0975,0.1,0.0055,0.4161,1890.35,0
2026-08-15T21:37:00Z,BTC,576,66,4,0.2,0.255,0.3,0.0155,0.2776,63453.76,0
2026-08-15T21:37:00Z,ETH,480,40,2,0.095,0.0975,0.1,0.0055,0.4161,1890.39,0
2026-08-15T21:38:00Z,BTC,576,66,4,0.14,0.1525,0.16,0.0115,0.2774,63458.73,0
2026-08-15T21:38:00Z,ETH,480,40,2,0.185,0.2275,0.27,0.0099,0.4161,1890.5,0
2026-08-15T21:39:00Z,BTC,576,66,4,0.15,0.16,0.16,0.0115,0.2768,63457.77,0
2026-08-15T21:39:00Z,ETH,480,40,2,0.14,0.16,0.18,0.0077,0.4161,1890.72,0
2026-08-15T21:40:00Z,BTC,576,66,3,0.15,0.155,0.16,0.0138,0.2767,63461.34,0
2026-08-15T21:40:00Z,ETH,480,40,2,0.14,0.16,0.18,0.0077,0.4161,1890.81,0
2026-08-15T21:41:00Z,BTC,576,66,3,0.15,0.16,0.17,0.0138,0.2775,63464.06,0
2026-08-15T21:41:00Z,ETH,480,40,2,0.14,0.16,0.18,0.0077,0.4161,1890.84,0
2026-08-15T21:42:00Z,BTC,576,66,4,0.145,0.155,0.17,0.0115,0.2774,63461.02,0
2026-08-15T21:42:00Z,ETH,480,40,2,0.14,0.16,0.18,0.0077,0.4161,1890.63,0
2026-08-15T21:43:00Z,BTC,576,66,3,0.15,0.16,0.17,0.0138,0.2776,63468.23,0
2026-08-15T21:43:00Z,ETH,480,40,2,0.185,0.2275,0.27,0.01,0.4161,1890.89,0
2026-08-15T21:44:00Z,BTC,576,66,3,0.15,0.155,0.16,0.0138,0.2781,63477.22,0
2026-08-15T21:44:00Z,ETH,480,40,2,0.14,0.16,0.18,0.0078,0.4161,1891.02,0
2026-08-15T21:45:00Z,BTC,576,66,4,0.155,0.18,0.24,0.0142,0.2772,63469.85,0
2026-08-15T21:45:00Z,ETH,480,40,2,0.14,0.16,0.18,0.0077,0.4161,1890.87,0
2026-08-15T21:46:00Z,BTC,576,66,3,0.16,0.16,0.16,0.0138,0.2777,63473.37,0
2026-08-15T21:46:00Z,ETH,480,40,2,0.14,0.16,0.18,0.0077,0.4161,1891.02,0
2026-08-15T21:47:00Z,BTC,576,66,3,0.15,0.155,0.16,0.0138,0.2776,63472.06,0
2026-08-15T21:47:00Z,ETH,480,40,2,0.095,0.0975,0.1,0.0055,0.4161,1890.87,0
2026-08-15T21:48:00Z,BTC,576,66,3,0.15,0.155,0.16,0.0138,0.2776,63471.56,0
2026-08-15T21:48:00Z,ETH,480,40,2,0.14,0.16,0.18,0.0077,0.4161,1890.86,0
2026-08-15T21:49:00Z,BTC,576,66,3,0.15,0.155,0.16,0.0138,0.2774,63471.58,0
2026-08-15T21:49:00Z,ETH,480,40,2,0.095,0.0975,0.1,0.0055,0.4161,1891.04,0
2026-08-15T21:50:00Z,BTC,576,66,3,0.15,0.16,0.17,0.0138,0.2772,63471.68,0
2026-08-15T21:50:00Z,ETH,480,40,2,0.095,0.0975,0.1,0.0055,0.4161,1890.98,0
2026-08-15T21:51:00Z,BTC,576,66,3,0.15,0.16,0.17,0.0138,0.2772,63471.8,0
2026-08-15T21:51:00Z,ETH,480,40,2,0.095,0.0975,0.1,0.0055,0.4161,1891.0,0
2026-08-15T21:52:00Z,BTC,576,66,3,0.15,0.16,0.17,0.0138,0.2771,63471.38,0
2026-08-15T21:52:00Z,ETH,480,40,2,0.095,0.0975,0.1,0.0055,0.4161,1891.29,0
2026-08-15T21:53:00Z,BTC,576,66,3,0.16,0.16,0.16,0.0138,0.277,63471.25,0
2026-08-15T21:53:00Z,ETH,480,40,2,0.095,0.0975,0.1,0.0055,0.4161,1891.23,0
2026-08-15T21:54:00Z,BTC,576,66,3,0.15,0.155,0.16,0.0138,0.2771,63472.75,0
2026-08-15T21:54:00Z,ETH,480,40,2,0.095,0.0975,0.1,0.0055,0.4161,1891.25,0
2026-08-15T21:55:00Z,BTC,576,66,3,0.16,0.165,0.17,0.0138,0.2771,63471.73,0
2026-08-15T21:55:00Z,ETH,480,40,2,0.095,0.0975,0.1,0.0055,0.4161,1891.09,0
2026-08-15T21:56:00Z,BTC,576,66,3,0.16,0.165,0.17,0.0138,0.277,63473.5,0
2026-08-15T21:56:00Z,ETH,480,40,2,0.095,0.0975,0.1,0.0055,0.4161,1891.09,0
2026-08-15T21:57:00Z,BTC,576,66,3,0.15,0.16,0.17,0.0138,0.2768,63470.97,0
2026-08-15T21:57:00Z,ETH,480,40,2,0.14,0.16,0.18,0.0077,0.4161,1890.86,0
2026-08-15T21:58:00Z,BTC,576,66,3,0.15,0.16,0.17,0.0138,0.2771,63471.37,0
2026-08-15T21:58:00Z,ETH,480,40,2,0.095,0.0975,0.1,0.0055,0.4161,1890.94,0
2026-08-15T21:59:00Z,BTC,576,66,3,0.16,0.165,0.17,0.0138,0.2776,63470.16,0
2026-08-15T21:59:00Z,ETH,480,40,2,0.14,0.16,0.18,0.0077,0.4161,1890.93,0
2026-08-15T22:00:00Z,BTC,576,66,3,0.15,0.155,0.16,0.0138,0.2776,63472.57,0
2026-08-15T22:00:00Z,ETH,480,40,2,0.095,0.0975,0.1,0.0055,0.4161,1891.05,0
2026-08-15T22:01:00Z,BTC,576,66,3,0.15,0.155,0.16,0.0138,0.2774,63473.04,0
2026-08-15T22:01:00Z,ETH,480,40,2,0.095,0.0975,0.1,0.0055,0.4162,1891.45,0
2026-08-15T22:02:00Z,BTC,576,66,3,0.15,0.155,0.16,0.0138,0.2778,63466.63,0
2026-08-15T22:02:00Z,ETH,480,40,2,0.095,0.0975,0.1,0.0055,0.4161,1890.88,0
2026-08-15T22:03:00Z,BTC,576,66,3,0.15,0.155,0.16,0.0138,0.2778,63462.16,0
2026-08-15T22:03:00Z,ETH,480,40,2,0.095,0.0975,0.1,0.0055,0.4161,1890.94,0
2026-08-15T22:04:00Z,BTC,576,66,3,0.16,0.16,0.16,0.0138,0.2773,63457.38,0
2026-08-15T22:04:00Z,ETH,480,40,2,0.095,0.0975,0.1,0.0055,0.4161,1890.78,0
2026-08-15T22:05:00Z,BTC,576,66,4,0.145,0.1525,0.16,0.0115,0.2776,63454.81,0
2026-08-15T22:05:00Z,ETH,480,40,2,0.095,0.0975,0.1,0.0055,0.4161,1890.44,0
2026-08-15T22:06:00Z,BTC,576,66,4,0.145,0.1525,0.16,0.0115,0.2778,63453.57,0
2026-08-15T22:06:00Z,ETH,480,40,2,0.095,0.0975,0.1,0.0054,0.4161,1890.28,0
2026-08-15T22:07:00Z,BTC,576,66,3,0.15,0.16,0.17,0.0138,0.2777,63454.84,0
2026-08-15T22:07:00Z,ETH,480,40,2,0.095,0.0975,0.1,0.0055,0.4161,1890.4,0
2026-08-15T22:08:00Z,BTC,576,66,4,0.14,0.155,0.17,0.0115,0.2777,63455.24,0
2026-08-15T22:08:00Z,ETH,480,40,2,0.095,0.0975,0.1,0.0055,0.4161,1890.39,0
2026-08-15T22:09:00Z,BTC,576,66,3,0.15,0.16,0.17,0.0138,0.2777,63455.65,0
2026-08-15T22:09:00Z,ETH,480,40,2,0.095,0.0975,0.1,0.0055,0.4161,1890.36,0
2026-08-15T22:10:00Z,BTC,576,66,3,0.15,0.155,0.16,0.0138,0.2776,63455.31,0
2026-08-15T22:10:00Z,ETH,480,40,2,0.095,0.0975,0.1,0.0055,0.4161,1890.36,0
2026-08-15T22:11:00Z,BTC,576,66,4,0.145,0.1525,0.16,0.0115,0.2776,63451.03,0
2026-08-15T22:11:00Z,ETH,480,40,2,0.095,0.0975,0.1,0.0055,0.4161,1890.27,0
2026-08-15T22:12:00Z,BTC,576,66,4,0.145,0.1525,0.16,0.0115,0.2784,63452.73,0
2026-08-15T22:12:00Z,ETH,480,40,2,0.095,0.0975,0.1,0.0055,0.4161,1890.65,0
2026-08-15T22:13:00Z,BTC,576,66,4,0.15,0.1625,0.17,0.0115,0.2782,63454.27,0
2026-08-15T22:13:00Z,ETH,480,40,2,0.095,0.0975,0.1,0.0055,0.4161,1890.62,0
2026-08-15T22:14:00Z,BTC,576,66,4,0.14,0.155,0.17,0.0115,0.278,63454.62,0
2026-08-15T22:14:00Z,ETH,480,40,2,0.095,0.0975,0.1,0.0055,0.4161,1890.58,0
2026-08-15T22:15:00Z,BTC,576,66,4,0.14,0.155,0.17,0.0115,0.278,63449.91,0
2026-08-15T22:15:00Z,ETH,480,40,2,0.095,0.0975,0.1,0.0055,0.4161,1890.52,0
2026-08-15T22:16:00Z,BTC,576,66,4,0.14,0.1525,0.16,0.0115,0.2783,63448.71,0
2026-08-15T22:16:00Z,ETH,480,40,2,0.095,0.0975,0.1,0.0055,0.4161,1890.41,0
2026-08-15T22:17:00Z,BTC,576,66,4,0.14,0.1525,0.16,0.0115,0.2786,63445.01,0
2026-08-15T22:17:00Z,ETH,480,40,2,0.095,0.0975,0.1,0.0055,0.4161,1890.27,0
2026-08-15T22:18:00Z,BTC,576,66,4,0.14,0.155,0.17,0.0115,0.2785,63434.59,0
2026-08-15T22:18:00Z,ETH,480,40,2,0.095,0.0975,0.1,0.0055,0.4161,1890.22,0
2026-08-15T22:19:00Z,BTC,576,66,4,0.145,0.16,0.16,0.0115,0.2784,63437.04,0
2026-08-15T22:19:00Z,ETH,480,40,2,0.14,0.16,0.18,0.0077,0.4161,1890.44,0
2026-08-15T22:20:00Z,BTC,576,66,4,0.14,0.155,0.17,0.0115,0.2782,63436.31,0
2026-08-15T22:20:00Z,ETH,480,40,2,0.095,0.0975,0.1,0.0055,0.4161,1890.74,0
2026-08-15T22:21:00Z,BTC,576,66,4,0.145,0.155,0.17,0.0115,0.2776,63430.56,0
2026-08-15T22:21:00Z,ETH,480,40,2,0.09,0.09,0.09,0.0055,0.4161,1890.42,0
2026-08-15T22:22:00Z,BTC,576,66,4,0.145,0.1525,0.16,0.0115,0.2772,63440.2,0
2026-08-15T22:22:00Z,ETH,480,40,2,0.095,0.0975,0.1,0.0055,0.4161,1890.78,0
2026-08-15T22:23:00Z,BTC,576,66,4,0.14,0.1525,0.16,0.0115,0.277,63446.75,0
2026-08-15T22:23:00Z,ETH,480,40,2,0.095,0.0975,0.1,0.0055,0.4161,1890.95,0
2026-08-15T22:24:00Z,BTC,576,66,4,0.145,0.1525,0.16,0.0115,0.2769,63447.76,0
2026-08-15T22:24:00Z,ETH,480,40,2,0.095,0.0975,0.1,0.0055,0.4161,1890.96,0
2026-08-15T22:25:00Z,BTC,576,66,4,0.14,0.155,0.17,0.0115,0.2771,63446.46,0
2026-08-15T22:25:00Z,ETH,480,40,2,0.095,0.0975,0.1,0.0055,0.4161,1890.95,0
2026-08-15T22:26:00Z,BTC,576,66,4,0.145,0.155,0.17,0.0115,0.2772,63446.4,0
2026-08-15T22:26:00Z,ETH,480,40,2,0.09,0.09,0.09,0.0055,0.4161,1890.95,0
2026-08-15T22:27:00Z,BTC,576,66,4,0.145,0.1525,0.16,0.0115,0.2772,63448.01,0
2026-08-15T22:27:00Z,ETH,480,40,2,0.095,0.0975,0.1,0.0055,0.4161,1890.94,0
2026-08-15T22:28:00Z,BTC,576,66,4,0.145,0.1525,0.16,0.0115,0.2771,63448.81,0
2026-08-15T22:28:00Z,ETH,480,40,2,0.095,0.0975,0.1,0.0055,0.4161,1890.9,0
2026-08-15T22:29:00Z,BTC,576,66,4,0.145,0.1625,0.17,0.0115,0.2762,63458.07,0
2026-08-15T22:29:00Z,ETH,480,40,2,0.095,0.0975,0.1,0.0055,0.4162,1891.55,0
2026-08-15T22:30:00Z,BTC,576,66,4,0.145,0.1525,0.16,0.0115,0.2763,63456.61,0
2026-08-15T22:30:00Z,ETH,480,40,2,0.095,0.0975,0.1,0.0055,0.4161,1891.26,0
2026-08-15T22:31:00Z,BTC,576,66,4,0.145,0.155,0.17,0.0115,0.2763,63456.29,0
2026-08-15T22:31:00Z,ETH,480,40,2,0.135,0.1575,0.18,0.0077,0.4162,1891.47,0
2026-08-15T22:32:00Z,BTC,576,66,4,0.145,0.1525,0.16,0.0115,0.2762,63457.11,0
2026-08-15T22:32:00Z,ETH,480,40,2,0.14,0.16,0.18,0.0077,0.4161,1891.45,0
2026-08-15T22:33:00Z,BTC,576,66,4,0.14,0.155,0.17,0.0115,0.2759,63459.58,0
2026-08-15T22:33:00Z,ETH,480,40,2,0.18,0.22,0.26,0.01,0.4161,1891.18,0
2026-08-15T22:34:00Z,BTC,576,66,4,0.14,0.155,0.17,0.0115,0.2761,63458.39,0
2026-08-15T22:34:00Z,ETH,480,40,2,0.14,0.16,0.18,0.0077,0.4161,1891.22,0
2026-08-15T22:35:00Z,BTC,576,66,4,0.14,0.155,0.17,0.0115,0.2763,63457.81,0
2026-08-15T22:35:00Z,ETH,480,40,2,0.095,0.0975,0.1,0.0055,0.4161,1890.85,0
2026-08-15T22:36:00Z,BTC,576,66,4,0.14,0.155,0.17,0.0115,0.2762,63459.43,0
2026-08-15T22:36:00Z,ETH,480,40,2,0.095,0.0975,0.1,0.0055,0.4161,1890.98,0
2026-08-15T22:37:00Z,BTC,576,66,4,0.14,0.155,0.17,0.0115,0.2761,63458.7,0
2026-08-15T22:37:00Z,ETH,480,40,2,0.095,0.0975,0.1,0.0055,0.4161,1890.83,0
2026-08-15T22:38:00Z,BTC,576,66,4,0.14,0.155,0.17,0.0115,0.2762,63456.73,0
2026-08-15T22:38:00Z,ETH,480,40,2,0.095,0.0975,0.1,0.0055,0.4161,1890.77,0
2026-08-15T22:39:00Z,BTC,576,66,4,0.145,0.1625,0.17,0.0115,0.2762,63457.41,0
2026-08-15T22:39:00Z,ETH,480,40,2,0.095,0.0975,0.1,0.0055,0.4161,1890.82,0
2026-08-15T22:40:00Z,BTC,576,66,4,0.15,0.16,0.16,0.0115,0.2762,63459.35,0
2026-08-15T22:40:00Z,ETH,480,40,2,0.095,0.0975,0.1,0.0055,0.4161,1890.83,0
2026-08-15T22:41:00Z,BTC,576,66,4,0.14,0.155,0.17,0.0115,0.2761,63460.18,0
2026-08-15T22:41:00Z,ETH,480,40,2,0.095,0.0975,0.1,0.0055,0.4161,1890.85,0
2026-08-15T22:42:00Z,BTC,576,66,4,0.14,0.1525,0.16,0.0115,0.2759,63463.13,0
2026-08-15T22:42:00Z,ETH,480,40,2,0.095,0.0975,0.1,0.0055,0.4161,1890.94,0
2026-08-15T22:43:00Z,BTC,576,66,4,0.14,0.1525,0.16,0.0115,0.2759,63463.79,0
2026-08-15T22:43:00Z,ETH,480,40,2,0.095,0.0975,0.1,0.0055,0.4161,1891.02,0
2026-08-15T22:44:00Z,BTC,576,66,4,0.15,0.1625,0.17,0.0115,0.2759,63462.88,0
2026-08-15T22:44:00Z,ETH,480,40,2,0.14,0.16,0.18,0.0077,0.4161,1890.57,0
2026-08-15T22:45:00Z,BTC,576,66,4,0.14,0.1525,0.16,0.0115,0.276,63462.44,0
2026-08-15T22:45:00Z,ETH,480,40,2,0.185,0.2275,0.27,0.0099,0.4161,1890.74,0
2026-08-15T22:46:00Z,BTC,576,66,4,0.14,0.155,0.17,0.0115,0.2759,63462.77,0
2026-08-15T22:46:00Z,ETH,480,40,2,0.095,0.0975,0.1,0.0055,0.4161,1890.99,0
2026-08-15T22:47:00Z,BTC,576,66,3,0.16,0.16,0.16,0.0138,0.2759,63468.49,0
2026-08-15T22:47:00Z,ETH,480,40,2,0.095,0.0975,0.1,0.0055,0.4161,1891.2,0
2026-08-15T22:48:00Z,BTC,576,66,3,0.15,0.16,0.17,0.0138,0.2784,63482.41,0
2026-08-15T22:48:00Z,ETH,480,40,2,0.095,0.0975,0.1,0.0055,0.4161,1891.37,0
2026-08-15T22:49:00Z,BTC,576,66,3,0.15,0.16,0.17,0.0138,0.2778,63476.57,0
2026-08-15T22:49:00Z,ETH,480,40,2,0.095,0.0975,0.1,0.0055,0.4161,1891.16,0
2026-08-15T22:50:00Z,BTC,576,66,4,0.16,0.1825,0.25,0.0142,0.278,63454.59,0
2026-08-15T22:50:00Z,ETH,480,40,2,0.095,0.0975,0.1,0.0055,0.4161,1890.85,0
2026-08-15T22:51:00Z,BTC,576,66,4,0.145,0.1525,0.16,0.0115,0.2784,63438.24,0
2026-08-15T22:51:00Z,ETH,480,40,2,0.095,0.0975,0.1,0.0055,0.4161,1890.47,0
2026-08-15T22:52:00Z,BTC,576,66,4,0.14,0.1525,0.16,0.0115,0.2784,63439.52,0
2026-08-15T22:52:00Z,ETH,480,40,2,0.095,0.0975,0.1,0.0055,0.4161,1890.51,0
2026-08-15T22:53:00Z,BTC,576,66,4,0.15,0.1625,0.17,0.0115,0.2783,63440.35,0
2026-08-15T22:53:00Z,ETH,480,40,2,0.095,0.0975,0.1,0.0055,0.4161,1890.53,0
2026-08-15T22:54:00Z,BTC,576,66,4,0.15,0.16,0.16,0.0115,0.2782,63436.46,0
2026-08-15T22:54:00Z,ETH,480,40,2,0.09,0.09,0.09,0.0055,0.4161,1890.34,0
2026-08-15T22:55:00Z,BTC,576,66,4,0.14,0.155,0.17,0.0115,0.2786,63436.51,0
2026-08-15T22:55:00Z,ETH,480,40,2,0.095,0.0975,0.1,0.0055,0.4161,1890.49,0
2026-08-15T22:56:00Z,BTC,576,66,4,0.145,0.1525,0.16,0.0115,0.2787,63438.44,0
2026-08-15T22:56:00Z,ETH,480,40,2,0.095,0.0975,0.1,0.0055,0.4161,1890.48,0
2026-08-15T22:57:00Z,BTC,576,66,4,0.145,0.1625,0.17,0.0115,0.2787,63438.74,0
2026-08-15T22:57:00Z,ETH,480,40,2,0.09,0.095,0.1,0.0055,0.4161,1890.48,0
2026-08-15T22:58:00Z,BTC,576,66,4,0.14,0.155,0.17,0.0115,0.2785,63438.1,0
2026-08-15T22:58:00Z,ETH,480,40,2,0.095,0.0975,0.1,0.0055,0.4161,1890.45,0
2026-08-15T22:59:00Z,BTC,576,66,4,0.15,0.1625,0.17,0.0115,0.2786,63438.01,0
2026-08-15T22:59:00Z,ETH,480,40,2,0.095,0.0975,0.1,0.0055,0.4161,1890.54,0
2026-08-15T23:00:00Z,BTC,576,66,4,0.145,0.1525,0.16,0.0115,0.2785,63438.43,0
2026-08-15T23:00:00Z,ETH,480,40,2,0.095,0.0975,0.1,0.0055,0.4161,1889.95,0
2026-08-15T23:01:00Z,BTC,576,66,4,0.14,0.155,0.17,0.0115,0.2786,63439.58,0
2026-08-15T23:01:00Z,ETH,480,40,2,0.095,0.0975,0.1,0.0055,0.4161,1889.9,0
2026-08-15T23:02:00Z,BTC,576,66,4,0.14,0.155,0.17,0.0115,0.2785,63440.16,0
2026-08-15T23:02:00Z,ETH,480,40,2,0.14,0.16,0.18,0.0077,0.4161,1890.36,0
2026-08-15T23:03:00Z,BTC,576,66,4,0.145,0.1525,0.16,0.0115,0.2788,63439.18,0
2026-08-15T23:03:00Z,ETH,480,40,2,0.14,0.16,0.18,0.0077,0.4161,1890.4,0
2026-08-15T23:04:00Z,BTC,576,66,4,0.155,0.18,0.24,0.0142,0.2783,63444.27,0
2026-08-15T23:04:00Z,ETH,480,40,2,0.095,0.0975,0.1,0.0055,0.4161,1890.48,0
2026-08-15T23:05:00Z,BTC,576,66,4,0.15,0.16,0.16,0.0115,0.2786,63441.1,0
2026-08-15T23:05:00Z,ETH,480,40,2,0.095,0.0975,0.1,0.0055,0.4161,1890.03,0
2026-08-15T23:06:00Z,BTC,576,66,4,0.15,0.1625,0.17,0.0115,0.2784,63438.55,0
2026-08-15T23:06:00Z,ETH,480,40,2,0.14,0.16,0.18,0.0077,0.4161,1889.98,0
2026-08-15T23:07:00Z,BTC,576,66,4,0.15,0.16,0.16,0.0115,0.2785,63438.57,0
2026-08-15T23:07:00Z,ETH,480,40,2,0.095,0.0975,0.1,0.0055,0.4161,1890.05,0
2026-08-15T23:08:00Z,BTC,576,66,4,0.14,0.155,0.17,0.0115,0.2784,63439.54,0
2026-08-15T23:08:00Z,ETH,480,40,2,0.095,0.0975,0.1,0.0055,0.4161,1890.09,0
2026-08-15T23:09:00Z,BTC,576,66,4,0.16,0.195,0.27,0.0142,0.2784,63439.07,0
2026-08-15T23:09:00Z,ETH,480,40,2,0.095,0.0975,0.1,0.0055,0.4161,1890.07,0
2026-08-15T23:10:00Z,BTC,576,66,4,0.165,0.195,0.27,0.0142,0.2784,63439.4,0
2026-08-15T23:10:00Z,ETH,480,40,2,0.14,0.16,0.18,0.0077,0.4161,1890.04,0
2026-08-15T23:11:00Z,BTC,576,66,4,0.145,0.155,0.17,0.0114,0.2783,63419.61,0
2026-08-15T23:11:00Z,ETH,480,40,2,0.14,0.16,0.18,0.0076,0.4161,1889.35,0
2026-08-15T23:12:00Z,BTC,576,66,4,0.14,0.1525,0.16,0.0114,0.2797,63420.49,0
2026-08-15T23:12:00Z,ETH,480,40,2,0.135,0.1525,0.17,0.0076,0.416,1888.62,0
2026-08-15T23:13:00Z,BTC,576,66,4,0.14,0.155,0.17,0.0115,0.28,63436.3,0
2026-08-15T23:13:00Z,ETH,480,40,2,0.185,0.2275,0.27,0.0099,0.4161,1889.42,0
2026-08-15T23:14:00Z,BTC,576,66,4,0.145,0.1525,0.16,0.0115,0.2786,63435.99,0
2026-08-15T23:14:00Z,ETH,480,40,2,0.14,0.16,0.18,0.0077,0.4161,1889.5,0
2026-08-15T23:15:00Z,BTC,576,66,4,0.145,0.16,0.16,0.0115,0.2786,63431.17,0
2026-08-15T23:15:00Z,ETH,480,40,2,0.14,0.16,0.18,0.0077,0.4161,1889.16,0
2026-08-15T23:16:00Z,BTC,576,66,4,0.145,0.1525,0.16,0.0115,0.2788,63430.46,0
2026-08-15T23:16:00Z,ETH,480,40,2,0.14,0.16,0.18,0.0077,0.4161,1889.31,0
2026-08-15T23:17:00Z,BTC,576,66,4,0.14,0.1525,0.16,0.0115,0.2789,63428.76,0
2026-08-15T23:17:00Z,ETH,480,40,2,0.135,0.1525,0.17,0.0077,0.4161,1888.9,0
2026-08-15T23:18:00Z,BTC,576,66,4,0.145,0.16,0.16,0.0115,0.2791,63430.29,0
2026-08-15T23:18:00Z,ETH,480,40,2,0.14,0.16,0.18,0.0077,0.4161,1889.18,0
2026-08-15T23:19:00Z,BTC,576,66,4,0.14,0.1525,0.16,0.0115,0.2789,63433.47,0
2026-08-15T23:19:00Z,ETH,480,40,2,0.095,0.0975,0.1,0.0055,0.4161,1889.24,0
2026-08-15T23:20:00Z,BTC,576,66,4,0.14,0.1525,0.16,0.0115,0.2782,63435.25,0
2026-08-15T23:20:00Z,ETH,480,40,2,0.095,0.0975,0.1,0.0055,0.4161,1889.03,0
2026-08-15T23:21:00Z,BTC,576,66,4,0.15,0.1625,0.17,0.0115,0.2789,63435.26,0
2026-08-15T23:21:00Z,ETH,480,40,2,0.095,0.0975,0.1,0.0055,0.4161,1889.4,0
2026-08-15T23:22:00Z,BTC,576,66,4,0.145,0.1625,0.17,0.0115,0.279,63434.9,0
2026-08-15T23:22:00Z,ETH,480,40,2,0.095,0.0975,0.1,0.0055,0.4161,1889.44,0
2026-08-15T23:23:00Z,BTC,576,66,4,0.145,0.155,0.17,0.0115,0.2786,63430.97,0
2026-08-15T23:23:00Z,ETH,480,40,2,0.095,0.0975,0.1,0.0055,0.4161,1888.94,0
2026-08-15T23:24:00Z,BTC,576,66,4,0.145,0.155,0.17,0.0115,0.2791,63427.94,0
2026-08-15T23:24:00Z,ETH,480,40,2,0.095,0.0975,0.1,0.0055,0.4161,1888.84,0
2026-08-15T23:25:00Z,BTC,576,66,4,0.14,0.155,0.17,0.0114,0.2813,63414.37,0
2026-08-15T23:25:00Z,ETH,480,40,2,0.095,0.0975,0.1,0.0055,0.416,1888.44,0
2026-08-15T23:26:00Z,BTC,576,66,4,0.14,0.155,0.17,0.0114,0.2817,63411.76,0
2026-08-15T23:26:00Z,ETH,480,40,2,0.09,0.095,0.1,0.0055,0.416,1888.48,0
2026-08-15T23:27:00Z,BTC,576,66,4,0.145,0.155,0.17,0.0114,0.2817,63413.29,0
2026-08-15T23:27:00Z,ETH,480,40,2,0.095,0.0975,0.1,0.0055,0.4161,1889.18,0
2026-08-15T23:28:00Z,BTC,576,66,4,0.145,0.155,0.17,0.0114,0.282,63415.79,0
2026-08-15T23:28:00Z,ETH,480,40,2,0.095,0.0975,0.1,0.0055,0.4161,1889.17,0
2026-08-15T23:29:00Z,BTC,576,66,4,0.14,0.1525,0.16,0.0114,0.2796,63417.44,0
2026-08-15T23:29:00Z,ETH,480,40,2,0.1,0.105,0.11,0.0055,0.4161,1888.99,0
2026-08-15T23:30:00Z,BTC,576,66,4,0.14,0.1525,0.16,0.0114,0.2815,63416.37,0
2026-08-15T23:30:00Z,ETH,480,40,2,0.095,0.0975,0.1,0.0055,0.4161,1888.82,0
2026-08-15T23:31:00Z,BTC,576,66,4,0.145,0.1525,0.16,0.0114,0.2813,63414.11,0
2026-08-15T23:31:00Z,ETH,480,40,2,0.095,0.0975,0.1,0.0055,0.4161,1888.89,0
2026-08-15T23:32:00Z,BTC,576,66,4,0.14,0.155,0.17,0.0114,0.2813,63409.89,0
2026-08-15T23:32:00Z,ETH,480,40,2,0.095,0.0975,0.1,0.0055,0.4161,1888.66,0
2026-08-15T23:33:00Z,BTC,576,66,4,0.145,0.155,0.17,0.0114,0.2812,63406.28,0
2026-08-15T23:33:00Z,ETH,480,40,2,0.095,0.0975,0.1,0.0055,0.4161,1888.95,0
2026-08-15T23:34:00Z,BTC,576,66,4,0.145,0.1625,0.17,0.0114,0.2813,63406.71,0
2026-08-15T23:34:00Z,ETH,480,40,2,0.14,0.16,0.18,0.0077,0.4161,1889.06,0
2026-08-15T23:35:00Z,BTC,576,66,4,0.14,0.155,0.17,0.0113,0.2818,63402.99,0
2026-08-15T23:35:00Z,ETH,480,40,2,0.14,0.16,0.18,0.0077,0.4161,1889.05,0
2026-08-15T23:36:00Z,BTC,576,66,4,0.14,0.155,0.17,0.0113,0.2818,63405.9,0
2026-08-15T23:36:00Z,ETH,480,40,2,0.14,0.16,0.18,0.0077,0.4161,1889.05,0
2026-08-15T23:37:00Z,BTC,576,66,4,0.14,0.155,0.17,0.0113,0.2819,63407.42,0
2026-08-15T23:37:00Z,ETH,480,40,2,0.14,0.16,0.18,0.0077,0.4161,1889.09,0
2026-08-15T23:38:00Z,BTC,576,66,4,0.14,0.1525,0.16,0.0113,0.2821,63407.32,0
2026-08-15T23:38:00Z,ETH,480,40,2,0.14,0.16,0.18,0.0077,0.4161,1889.32,0
2026-08-15T23:39:00Z,BTC,576,66,4,0.14,0.1525,0.16,0.0113,0.2815,63410.68,0
2026-08-15T23:39:00Z,ETH,480,40,2,0.14,0.16,0.18,0.0077,0.4161,1889.8,0
2026-08-15T23:40:00Z,BTC,576,66,4,0.145,0.155,0.17,0.0113,0.2818,63412.26,0
2026-08-15T23:40:00Z,ETH,480,40,2,0.095,0.0975,0.1,0.0055,0.4161,1889.81,0
2026-08-15T23:41:00Z,BTC,576,66,4,0.145,0.1525,0.16,0.0113,0.2818,63415.46,0
2026-08-15T23:41:00Z,ETH,480,40,2,0.095,0.0975,0.1,0.0055,0.4161,1889.78,0
2026-08-15T23:42:00Z,BTC,576,66,4,0.145,0.155,0.17,0.0113,0.2818,63413.12,0
2026-08-15T23:42:00Z,ETH,480,40,2,0.095,0.0975,0.1,0.0055,0.4161,1889.08,0
2026-08-15T23:43:00Z,BTC,576,66,4,0.145,0.1525,0.16,0.0113,0.282,63410.51,0
2026-08-15T23:43:00Z,ETH,480,40,2,0.14,0.16,0.18,0.0077,0.4161,1889.09,0
2026-08-15T23:44:00Z,BTC,576,66,4,0.14,0.1525,0.16,0.0113,0.282,63410.17,0
2026-08-15T23:44:00Z,ETH,480,40,2,0.095,0.0975,0.1,0.0055,0.4161,1889.14,0
2026-08-15T23:45:00Z,BTC,576,66,4,0.14,0.1525,0.16,0.0113,0.2819,63412.79,0
2026-08-15T23:45:00Z,ETH,480,40,2,0.095,0.0975,0.1,0.0055,0.4161,1889.03,0
2026-08-15T23:46:00Z,BTC,576,66,4,0.14,0.155,0.17,0.0113,0.2818,63414.55,0
2026-08-15T23:46:00Z,ETH,480,40,2,0.095,0.0975,0.1,0.0055,0.4161,1889.04,0
2026-08-15T23:47:00Z,BTC,576,66,4,0.14,0.1525,0.16,0.0113,0.282,63415.0,0
2026-08-15T23:47:00Z,ETH,480,40,2,0.095,0.0975,0.1,0.0055,0.4161,1889.11,0
2026-08-15T23:48:00Z,BTC,576,66,4,0.145,0.155,0.17,0.0113,0.282,63415.03,0
2026-08-15T23:48:00Z,ETH,480,40,2,0.095,0.0975,0.1,0.0055,0.4161,1889.14,0
2026-08-15T23:49:00Z,BTC,576,66,4,0.14,0.155,0.17,0.0113,0.2821,63415.08,0
2026-08-15T23:49:00Z,ETH,480,40,2,0.09,0.095,0.1,0.0055,0.4161,1889.2,0
2026-08-15T23:50:00Z,BTC,576,66,4,0.14,0.1525,0.16,0.0113,0.2822,63414.73,0
2026-08-15T23:50:00Z,ETH,480,40,2,0.095,0.0975,0.1,0.0055,0.416,1888.52,0
2026-08-15T23:51:00Z,BTC,576,66,4,0.145,0.155,0.17,0.0113,0.282,63405.86,0
2026-08-15T23:51:00Z,ETH,480,40,2,0.09,0.095,0.1,0.0055,0.416,1888.6,0
2026-08-15T23:52:00Z,BTC,576,66,4,0.145,0.16,0.16,0.0113,0.2824,63402.52,0
2026-08-15T23:52:00Z,ETH,480,40,2,0.095,0.0975,0.1,0.0055,0.4161,1888.88,0
2026-08-15T23:53:00Z,BTC,576,66,4,0.14,0.155,0.17,0.0113,0.2824,63390.9,0
2026-08-15T23:53:00Z,ETH,480,40,2,0.095,0.0975,0.1,0.0055,0.4161,1888.79,0
2026-08-15T23:54:00Z,BTC,576,66,4,0.145,0.1525,0.16,0.0113,0.2827,63388.41,0
2026-08-15T23:54:00Z,ETH,480,40,2,0.095,0.0975,0.1,0.0055,0.416,1888.59,0
2026-08-15T23:55:00Z,BTC,576,66,4,0.15,0.1625,0.17,0.0113,0.2827,63392.83,0
2026-08-15T23:55:00Z,ETH,480,40,2,0.095,0.0975,0.1,0.0055,0.416,1888.67,0
2026-08-15T23:56:00Z,BTC,576,66,4,0.15,0.16,0.16,0.0113,0.2828,63396.03,0
2026-08-15T23:56:00Z,ETH,480,40,2,0.095,0.0975,0.1,0.0055,0.416,1888.53,0
2026-08-15T23:57:00Z,BTC,576,66,4,0.145,0.16,0.16,0.0113,0.2829,63396.04,0
2026-08-15T23:57:00Z,ETH,480,40,2,0.185,0.2275,0.27,0.0098,0.416,1888.49,0
2026-08-15T23:58:00Z,BTC,576,66,4,0.14,0.155,0.17,0.0113,0.2828,63394.91,0
2026-08-15T23:58:00Z,ETH,480,40,2,0.095,0.0975,0.1,0.0055,0.4161,1888.58,0
2026-08-15T23:59:00Z,BTC,576,66,4,0.145,0.1525,0.16,0.0113,0.283,63394.33,0
2026-08-15T23:59:00Z,ETH,480,40,2,0.095,0.0975,0.1,0.0055,0.4161,1888.63,0
2026-08-15T23:59:00Z,BTC,575,66,4,0.145,0.1525,0.16,0.0113,0.283,63394.33,0
2026-08-15T23:59:00Z,ETH,476,40,2,0.14,0.16,0.18,0.0076,0.4161,1888.63,0
2026-08-16T00:00:00Z,BTC,576,66,4,0.145,0.16,0.16,0.0113,0.2822,63390.97,0
2026-08-16T00:00:00Z,ETH,480,40,2,0.095,0.0975,0.1,0.0055,0.416,1888.31,0
2026-08-16T00:01:00Z,BTC,576,66,4,0.15,0.16,0.16,0.0112,0.2827,63376.96,0
2026-08-16T00:01:00Z,ETH,480,40,2,0.095,0.0975,0.1,0.0055,0.416,1888.67,0
2026-08-16T00:02:00Z,BTC,576,66,4,0.14,0.1525,0.16,0.0112,0.2826,63378.68,0
2026-08-16T00:02:00Z,ETH,480,40,2,0.14,0.16,0.18,0.0076,0.4161,1888.91,0
2026-08-16T00:03:00Z,BTC,576,66,4,0.14,0.1525,0.16,0.0112,0.2839,63375.27,0
2026-08-16T00:03:00Z,ETH,480,40,2,0.095,0.0975,0.1,0.0055,0.4161,1888.89,0
2026-08-16T00:04:00Z,BTC,576,66,4,0.14,0.1525,0.16,0.0112,0.2825,63381.23,0
2026-08-16T00:04:00Z,ETH,480,40,2,0.095,0.0975,0.1,0.0055,0.4161,1889.18,0
2026-08-16T00:05:00Z,BTC,576,66,4,0.145,0.1525,0.16,0.0112,0.2826,63382.51,0
2026-08-16T00:05:00Z,ETH,480,40,2,0.095,0.0975,0.1,0.0055,0.4161,1888.85,0
2026-08-16T00:06:00Z,BTC,576,66,4,0.145,0.1625,0.17,0.0112,0.2844,63379.97,0
2026-08-16T00:06:00Z,ETH,480,40,2,0.095,0.0975,0.1,0.0055,0.416,1888.6,0
2026-08-16T00:07:00Z,BTC,576,66,4,0.145,0.16,0.16,0.0112,0.2841,63377.16,0
2026-08-16T00:07:00Z,ETH,480,40,2,0.14,0.16,0.18,0.0076,0.416,1888.64,0
2026-08-16T00:08:00Z,BTC,576,66,4,0.145,0.16,0.16,0.0112,0.2838,63377.8,0
2026-08-16T00:08:00Z,ETH,480,40,2,0.095,0.0975,0.1,0.0055,0.4161,1888.89,0
2026-08-16T00:09:00Z,BTC,576,66,4,0.15,0.16,0.16,0.0112,0.2841,63377.91,0
2026-08-16T00:09:00Z,ETH,480,40,2,0.095,0.0975,0.1,0.0055,0.4161,1889.1,0
2026-08-16T00:10:00Z,BTC,576,66,4,0.145,0.16,0.16,0.0112,0.2827,63381.54,0
2026-08-16T00:10:00Z,ETH,480,40,2,0.14,0.16,0.18,0.0076,0.4161,1889.1,0
2026-08-16T00:11:00Z,BTC,576,66,4,0.145,0.16,0.16,0.0112,0.2825,63383.75,0
2026-08-16T00:11:00Z,ETH,480,40,2,0.095,0.0975,0.1,0.0055,0.4161,1889.11,0
2026-08-16T00:12:00Z,BTC,576,66,4,0.14,0.1525,0.16,0.0112,0.2824,63385.07,0
2026-08-16T00:12:00Z,ETH,480,40,2,0.095,0.0975,0.1,0.0055,0.4161,1889.14,0
2026-08-16T00:13:00Z,BTC,576,66,4,0.14,0.1525,0.16,0.0112,0.2825,63381.56,0
2026-08-16T00:13:00Z,ETH,480,40,2,0.095,0.0975,0.1,0.0055,0.4161,1889.06,0
2026-08-16T00:14:00Z,BTC,576,66,4,0.145,0.16,0.16,0.0112,0.2843,63374.39,0
2026-08-16T00:14:00Z,ETH,480,40,2,0.095,0.0975,0.1,0.0055,0.416,1888.47,0
2026-08-16T00:15:00Z,BTC,576,66,4,0.145,0.16,0.16,0.0112,0.284,63372.42,0
2026-08-16T00:15:00Z,ETH,480,40,2,0.09,0.095,0.1,0.0055,0.416,1888.08,0
2026-08-16T00:16:00Z,BTC,576,66,4,0.15,0.1625,0.17,0.0112,0.2839,63373.24,0
2026-08-16T00:16:00Z,ETH,480,40,2,0.095,0.0975,0.1,0.0055,0.416,1888.34,0
2026-08-16T00:17:00Z,BTC,576,66,4,0.145,0.1625,0.17,0.0111,0.2841,63374.05,0
2026-08-16T00:17:00Z,ETH,480,40,2,0.095,0.0975,0.1,0.0055,0.416,1888.48,0
2026-08-16T00:18:00Z,BTC,576,66,4,0.145,0.1525,0.16,0.0111,0.2842,63374.04,0
2026-08-16T00:18:00Z,ETH,480,40,2,0.095,0.0975,0.1,0.0055,0.416,1888.45,0
2026-08-16T00:19:00Z,BTC,576,66,4,0.14,0.155,0.17,0.0111,0.2842,63374.15,0
2026-08-16T00:19:00Z,ETH,480,40,2,0.095,0.0975,0.1,0.0055,0.416,1888.56,0
2026-08-16T00:20:00Z,BTC,576,66,4,0.14,0.1525,0.16,0.0111,0.2843,63376.58,0
2026-08-16T00:20:00Z,ETH,480,40,2,0.1,0.105,0.11,0.0055,0.416,1888.57,0
2026-08-16T00:21:00Z,BTC,576,66,4,0.15,0.16,0.16,0.0112,0.2843,63378.75,0
2026-08-16T00:21:00Z,ETH,480,40,2,0.095,0.0975,0.1,0.0055,0.416,1888.44,0
2026-08-16T00:22:00Z,BTC,576,66,4,0.14,0.1525,0.16,0.0112,0.2842,63377.57,0
2026-08-16T00:22:00Z,ETH,480,40,2,0.095,0.0975,0.1,0.0055,0.416,1888.44,0
2026-08-16T00:23:00Z,BTC,576,66,4,0.14,0.1525,0.16,0.0112,0.2842,63376.3,0
2026-08-16T00:23:00Z,ETH,480,40,2,0.1,0.105,0.11,0.0055,0.416,1888.45,0
2026-08-16T00:24:00Z,BTC,576,66,4,0.14,0.1525,0.16,0.0112,0.2842,63375.63,0
2026-08-16T00:24:00Z,ETH,480,40,2,0.095,0.0975,0.1,0.0055,0.416,1888.45,0
2026-08-16T00:25:00Z,BTC,576,66,4,0.145,0.155,0.17,0.0112,0.2842,63375.15,0
2026-08-16T00:25:00Z,ETH,480,40,2,0.14,0.16,0.18,0.0076,0.416,1888.45,0
2026-08-16T00:26:00Z,BTC,576,66,4,0.145,0.155,0.17,0.0112,0.2842,63375.14,0
2026-08-16T00:26:00Z,ETH,480,40,2,0.14,0.16,0.18,0.0076,0.416,1888.44,0
2026-08-16T00:27:00Z,BTC,576,66,4,0.15,0.1625,0.17,0.0112,0.2843,63375.15,0
2026-08-16T00:27:00Z,ETH,480,40,2,0.095,0.0975,0.1,0.0055,0.416,1888.57,0
2026-08-16T00:28:00Z,BTC,576,66,4,0.145,0.1625,0.17,0.0112,0.2845,63375.13,0
2026-08-16T00:28:00Z,ETH,480,40,2,0.095,0.0975,0.1,0.0055,0.416,1888.61,0
2026-08-16T00:29:00Z,BTC,576,66,4,0.14,0.1525,0.16,0.0112,0.2846,63375.17,0
2026-08-16T00:29:00Z,ETH,480,40,2,0.095,0.0975,0.1,0.0055,0.416,1888.58,0
2026-08-16T00:30:00Z,BTC,576,66,4,0.145,0.16,0.16,0.0112,0.2846,63375.16,0
2026-08-16T00:30:00Z,ETH,480,40,2,0.095,0.0975,0.1,0.0055,0.416,1888.53,0
2026-08-16T00:31:00Z,BTC,576,66,4,0.145,0.16,0.16,0.0112,0.2849,63372.11,0
2026-08-16T00:31:00Z,ETH,480,40,2,0.095,0.0975,0.1,0.0055,0.416,1888.48,0
2026-08-16T00:32:00Z,BTC,576,66,4,0.15,0.16,0.16,0.0112,0.285,63372.8,0
2026-08-16T00:32:00Z,ETH,480,40,2,0.14,0.16,0.18,0.0077,0.416,1888.36,0
2026-08-16T00:33:00Z,BTC,576,66,4,0.145,0.1625,0.17,0.0112,0.2846,63368.24,0
2026-08-16T00:33:00Z,ETH,480,40,2,0.095,0.0975,0.1,0.0055,0.416,1888.04,0
2026-08-16T00:34:00Z,BTC,576,66,4,0.15,0.16,0.16,0.0112,0.2845,63368.76,0
2026-08-16T00:34:00Z,ETH,480,40,2,0.1,0.105,0.11,0.0055,0.416,1888.01,0
2026-08-16T00:35:00Z,BTC,576,66,4,0.14,0.1525,0.16,0.0112,0.2844,63370.83,0
2026-08-16T00:35:00Z,ETH,480,40,2,0.095,0.0975,0.1,0.0055,0.416,1888.57,0
2026-08-16T00:36:00Z,BTC,576,66,4,0.145,0.16,0.16,0.0112,0.2844,63371.32,0
2026-08-16T00:36:00Z,ETH,480,40,2,0.095,0.0975,0.1,0.0055,0.416,1888.42,0
2026-08-16T00:37:00Z,BTC,576,66,4,0.145,0.16,0.16,0.0112,0.2835,63380.86,0
2026-08-16T00:37:00Z,ETH,480,40,2,0.1,0.105,0.11,0.0055,0.416,1888.62,0
2026-08-16T00:38:00Z,BTC,576,66,4,0.14,0.1525,0.16,0.0112,0.2836,63383.82,0
2026-08-16T00:38:00Z,ETH,480,40,2,0.095,0.0975,0.1,0.0055,0.416,1888.61,0
2026-08-16T00:39:00Z,BTC,576,66,4,0.14,0.155,0.17,0.0112,0.2837,63384.25,0
2026-08-16T00:39:00Z,ETH,480,40,2,0.095,0.0975,0.1,0.0055,0.416,1888.47,0
2026-08-16T00:40:00Z,BTC,576,66,4,0.145,0.1525,0.16,0.0112,0.2842,63378.11,0
2026-08-16T00:40:00Z,ETH,480,40,2,0.09,0.095,0.1,0.0055,0.416,1888.17,0
2026-08-16T00:41:00Z,BTC,576,66,4,0.15,0.16,0.16,0.0112,0.2838,63372.46,0
2026-08-16T00:41:00Z,ETH,480,40,2,0.095,0.0975,0.1,0.0055,0.416,1888.15,0
2026-08-16T00:42:00Z,BTC,576,66,4,0.14,0.155,0.17,0.0112,0.2841,63376.43,0
2026-08-16T00:42:00Z,ETH,480,40,2,0.095,0.0975,0.1,0.0055,0.4161,1888.86,0
2026-08-16T00:43:00Z,BTC,576,66,4,0.145,0.16,0.16,0.0112,0.2834,63380.36,0
2026-08-16T00:43:00Z,ETH,480,40,2,0.095,0.0975,0.1,0.0055,0.4161,1888.71,0
2026-08-16T00:44:00Z,BTC,576,66,4,0.14,0.1525,0.16,0.0112,0.2834,63380.86,0
2026-08-16T00:44:00Z,ETH,480,40,2,0.095,0.0975,0.1,0.0055,0.416,1888.66,0
2026-08-16T00:45:00Z,BTC,576,66,4,0.145,0.16,0.16,0.0112,0.2834,63381.02,0
2026-08-16T00:45:00Z,ETH,480,40,2,0.095,0.0975,0.1,0.0055,0.4161,1888.72,0
2026-08-16T00:46:00Z,BTC,576,66,4,0.14,0.1525,0.16,0.0112,0.2818,63393.67,0
2026-08-16T00:46:00Z,ETH,480,40,2,0.095,0.0975,0.1,0.0055,0.4161,1888.67,0
2026-08-16T00:47:00Z,BTC,576,66,4,0.145,0.155,0.17,0.0112,0.2822,63391.13,0
2026-08-16T00:47:00Z,ETH,480,40,2,0.095,0.0975,0.1,0.0055,0.416,1888.52,0
2026-08-16T00:48:00Z,BTC,576,66,4,0.14,0.1525,0.16,0.0112,0.2822,63389.23,0
2026-08-16T00:48:00Z,ETH,480,40,2,0.095,0.0975,0.1,0.0055,0.416,1888.24,0
2026-08-16T00:49:00Z,BTC,576,66,4,0.15,0.16,0.16,0.0112,0.2843,63372.64,0
2026-08-16T00:49:00Z,ETH,480,40,2,0.095,0.0975,0.1,0.0055,0.4159,1887.53,0
2026-08-16T00:50:00Z,BTC,576,66,4,0.15,0.16,0.16,0.0112,0.2838,63370.94,0
2026-08-16T00:50:00Z,ETH,480,40,2,0.095,0.0975,0.1,0.0055,0.4159,1887.7,0
2026-08-16T00:51:00Z,BTC,576,66,4,0.15,0.16,0.16,0.0112,0.2838,63371.75,0
2026-08-16T00:51:00Z,ETH,480,40,2,0.095,0.0975,0.1,0.0055,0.416,1887.8,0
2026-08-16T00:52:00Z,BTC,576,66,4,0.145,0.1525,0.16,0.0112,0.284,63376.04,0
2026-08-16T00:52:00Z,ETH,480,40,2,0.095,0.0975,0.1,0.0055,0.416,1888.48,0
2026-08-16T00:53:00Z,BTC,576,66,4,0.15,0.1625,0.17,0.0112,0.2843,63380.42,0
2026-08-16T00:53:00Z,ETH,480,40,2,0.135,0.1525,0.17,0.0077,0.416,1888.37,0
2026-08-16T00:54:00Z,BTC,576,66,4,0.15,0.16,0.16,0.0112,0.2839,63381.26,0
2026-08-16T00:54:00Z,ETH,480,40,2,0.095,0.0975,0.1,0.0055,0.416,1888.14,0
2026-08-16T00:55:00Z,BTC,576,66,4,0.14,0.1525,0.16,0.0112,0.2839,63381.19,0
2026-08-16T00:55:00Z,ETH,480,40,2,0.095,0.0975,0.1,0.0055,0.416,1888.14,0
2026-08-16T00:56:00Z,BTC,576,66,4,0.14,0.155,0.17,0.0112,0.2842,63381.88,0
2026-08-16T00:56:00Z,ETH,480,40,2,0.095,0.0975,0.1,0.0055,0.416,1888.3,0
2026-08-16T00:57:00Z,BTC,576,66,4,0.14,0.155,0.17,0.0112,0.2823,63391.27,0
2026-08-16T00:57:00Z,ETH,480,40,2,0.095,0.0975,0.1,0.0055,0.416,1888.57,0
2026-08-16T00:58:00Z,BTC,576,66,4,0.14,0.155,0.17,0.0112,0.2824,63395.87,0
2026-08-16T00:58:00Z,ETH,480,40,2,0.095,0.0975,0.1,0.0055,0.4161,1888.81,0
2026-08-16T00:59:00Z,BTC,576,66,4,0.14,0.1525,0.16,0.0112,0.2825,63391.76,0
2026-08-16T00:59:00Z,ETH,480,40,2,0.095,0.0975,0.1,0.0055,0.416,1888.44,0
2026-08-16T01:00:00Z,BTC,576,66,4,0.145,0.16,0.16,0.0112,0.2844,63374.95,0
2026-08-16T01:00:00Z,ETH,480,40,2,0.095,0.0975,0.1,0.0055,0.4159,1887.25,0
2026-08-16T01:01:00Z,BTC,576,66,4,0.15,0.16,0.16,0.0112,0.2842,63373.38,0
2026-08-16T01:01:00Z,ETH,480,40,2,0.095,0.0975,0.1,0.0055,0.416,1887.79,0
2026-08-16T01:02:00Z,BTC,576,66,4,0.145,0.16,0.16,0.0112,0.2844,63375.3,0
2026-08-16T01:02:00Z,ETH,480,40,2,0.095,0.0975,0.1,0.0055,0.4159,1887.53,0
2026-08-16T01:03:00Z,BTC,576,66,4,0.145,0.16,0.16,0.0112,0.2846,63377.07,0
2026-08-16T01:03:00Z,ETH,480,40,2,0.1,0.105,0.11,0.0055,0.4159,1887.55,0
2026-08-16T01:04:00Z,BTC,576,66,4,0.145,0.16,0.16,0.0112,0.2846,63377.29,0
2026-08-16T01:04:00Z,ETH,480,40,2,0.095,0.0975,0.1,0.0055,0.4159,1887.55,0
2026-08-16T04:13:00Z,BTC,576,66,4,0.145,0.155,0.17,0.0113,0.2815,63436.42,0
2026-08-16T04:13:00Z,ETH,480,40,2,0.095,0.0975,0.1,0.0055,0.4161,1888.86,0
2026-08-16T04:14:00Z,BTC,576,66,4,0.145,0.16,0.16,0.0113,0.2815,63438.55,0
2026-08-16T04:14:00Z,ETH,480,40,2,0.095,0.0975,0.1,0.0055,0.4161,1889.02,0
2026-08-16T04:15:00Z,BTC,576,66,4,0.145,0.1525,0.16,0.0113,0.2814,63439.68,0
2026-08-16T04:15:00Z,ETH,480,40,2,0.095,0.0975,0.1,0.0056,0.4161,1888.92,0
2026-08-16T04:16:00Z,BTC,576,66,4,0.145,0.155,0.17,0.0113,0.2815,63440.36,0
2026-08-16T04:16:00Z,ETH,480,40,2,0.095,0.0975,0.1,0.0056,0.4161,1888.91,0
2026-08-16T04:17:00Z,BTC,576,66,4,0.15,0.1625,0.17,0.0113,0.2813,63444.29,0
2026-08-16T04:17:00Z,ETH,480,40,2,0.095,0.0975,0.1,0.0056,0.4161,1888.86,0
2026-08-16T04:18:00Z,BTC,576,66,4,0.145,0.1525,0.16,0.0115,0.281,63457.84,0
2026-08-16T04:18:00Z,ETH,480,40,2,0.095,0.0975,0.1,0.0056,0.4161,1889.46,0
2026-08-16T04:19:00Z,BTC,576,66,4,0.145,0.155,0.17,0.0115,0.2811,63461.0,0
2026-08-16T04:19:00Z,ETH,480,40,2,0.1,0.105,0.11,0.0056,0.4161,1889.72,0
2026-08-16T04:20:00Z,BTC,576,66,3,0.15,0.16,0.17,0.0138,0.2814,63458.72,0
2026-08-16T04:20:00Z,ETH,480,40,2,0.145,0.1625,0.18,0.0078,0.4161,1889.92,0
2026-08-16T04:21:00Z,BTC,576,66,3,0.15,0.16,0.17,0.0138,0.2813,63458.93,0
2026-08-16T04:21:00Z,ETH,480,40,2,0.1,0.1,0.1,0.0056,0.4161,1889.95,0
2026-08-16T04:22:00Z,BTC,576,66,4,0.145,0.155,0.17,0.0115,0.2812,63453.77,0
2026-08-16T04:22:00Z,ETH,480,40,2,0.095,0.0975,0.1,0.0056,0.4161,1889.5,0
2026-08-16T04:23:00Z,BTC,576,66,4,0.145,0.155,0.17,0.0115,0.2812,63454.7,0
2026-08-16T04:23:00Z,ETH,480,40,2,0.095,0.0975,0.1,0.0056,0.4161,1889.83,0
2026-08-16T04:24:00Z,BTC,576,66,4,0.14,0.155,0.17,0.0115,0.2815,63454.64,0
2026-08-16T04:24:00Z,ETH,480,40,2,0.1,0.1,0.1,0.0056,0.4161,1890.03,0
2026-08-16T04:25:00Z,BTC,576,66,4,0.145,0.1525,0.16,0.0115,0.2814,63454.9,0
2026-08-16T04:25:00Z,ETH,480,40,2,0.095,0.0975,0.1,0.0056,0.4161,1890.06,0
2026-08-16T04:26:00Z,BTC,576,66,4,0.145,0.1525,0.16,0.0115,0.2814,63453.51,0
2026-08-16T04:26:00Z,ETH,480,40,2,0.095,0.0975,0.1,0.0056,0.4161,1890.02,0
2026-08-16T04:27:00Z,BTC,576,66,4,0.145,0.1525,0.16,0.0115,0.2814,63452.35,0
2026-08-16T04:27:00Z,ETH,480,40,2,0.095,0.0975,0.1,0.0056,0.4161,1889.92,0
2026-08-16T04:28:00Z,BTC,576,66,4,0.145,0.1625,0.17,0.0115,0.2815,63453.32,0
2026-08-16T04:28:00Z,ETH,480,40,2,0.1,0.105,0.11,0.0056,0.4161,1890.47,0
2026-08-16T04:29:00Z,BTC,576,66,3,0.15,0.16,0.17,0.0138,0.2812,63458.82,0
2026-08-16T04:29:00Z,ETH,480,40,2,0.095,0.0975,0.1,0.0056,0.4161,1890.3,0
2026-08-16T04:30:00Z,BTC,576,66,3,0.16,0.165,0.17,0.0138,0.2809,63460.22,0
2026-08-16T04:30:00Z,ETH,480,40,2,0.14,0.16,0.18,0.0079,0.4161,1889.8,0
2026-08-16T04:31:00Z,BTC,576,66,4,0.145,0.1625,0.17,0.0115,0.2816,63443.31,0
2026-08-16T04:31:00Z,ETH,480,40,2,0.14,0.16,0.18,0.0078,0.4161,1889.04,0
2026-08-16T04:32:00Z,BTC,576,66,4,0.15,0.1625,0.17,0.0113,0.2821,63423.79,0
2026-08-16T04:32:00Z,ETH,480,40,2,0.145,0.1725,0.2,0.0089,0.4161,1888.65,0
2026-08-16T04:33:00Z,BTC,576,66,4,0.15,0.16,0.16,0.0113,0.2826,63423.19,0
2026-08-16T04:33:00Z,ETH,480,40,2,0.185,0.2275,0.27,0.01,0.416,1888.57,0
2026-08-16T04:34:00Z,BTC,576,66,4,0.15,0.1625,0.17,0.0113,0.2847,63424.09,0
2026-08-16T04:34:00Z,ETH,480,40,2,0.145,0.1625,0.18,0.0078,0.4161,1888.69,0
2026-08-16T04:35:00Z,BTC,576,66,4,0.145,0.155,0.17,0.0113,0.2845,63424.56,0
2026-08-16T04:35:00Z,ETH,480,40,2,0.1,0.105,0.11,0.0056,0.416,1888.59,0
2026-08-16T04:36:00Z,BTC,576,66,4,0.15,0.1625,0.17,0.0113,0.2845,63423.39,0
2026-08-16T04:36:00Z,ETH,480,40,2,0.095,0.0975,0.1,0.0056,0.416,1888.55,0
2026-08-16T04:37:00Z,BTC,576,66,4,0.145,0.1625,0.17,0.0113,0.2847,63422.56,0
2026-08-16T04:37:00Z,ETH,480,40,2,0.095,0.0975,0.1,0.0056,0.416,1888.51,0
2026-08-16T04:38:00Z,BTC,576,66,4,0.145,0.1625,0.17,0.0113,0.2847,63422.93,0
2026-08-16T04:38:00Z,ETH,480,40,2,0.14,0.16,0.18,0.0078,0.416,1888.49,0
2026-08-16T04:39:00Z,BTC,576,66,4,0.145,0.1625,0.17,0.0113,0.2845,63423.76,0
2026-08-16T04:39:00Z,ETH,480,40,2,0.095,0.0975,0.1,0.0056,0.416,1888.5,0
2026-08-16T04:40:00Z,BTC,576,66,4,0.15,0.16,0.16,0.0113,0.2845,63424.16,0
2026-08-16T04:40:00Z,ETH,480,40,2,0.145,0.1625,0.18,0.0078,0.416,1888.24,0
2026-08-16T04:41:00Z,BTC,576,66,4,0.15,0.16,0.16,0.0113,0.2845,63423.42,0
2026-08-16T04:41:00Z,ETH,480,40,2,0.095,0.0975,0.1,0.0056,0.416,1888.37,0
2026-08-16T04:42:00Z,BTC,576,66,4,0.15,0.16,0.16,0.0113,0.2846,63423.1,0
2026-08-16T04:42:00Z,ETH,480,40,2,0.095,0.0975,0.1,0.0056,0.416,1888.33,0
2026-08-16T04:43:00Z,BTC,576,66,4,0.145,0.1525,0.16,0.0113,0.2845,63423.53,0
2026-08-16T04:43:00Z,ETH,480,40,2,0.095,0.0975,0.1,0.0056,0.416,1888.29,0
2026-08-16T04:44:00Z,BTC,576,66,4,0.14,0.1525,0.16,0.0113,0.2848,63420.35,0
2026-08-16T04:44:00Z,ETH,480,40,2,0.095,0.0975,0.1,0.0056,0.416,1888.37,0
2026-08-16T04:45:00Z,BTC,576,66,4,0.14,0.1525,0.16,0.0113,0.2849,63422.86,0
2026-08-16T04:45:00Z,ETH,480,40,2,0.095,0.0975,0.1,0.0056,0.416,1888.42,0
2026-08-16T04:46:00Z,BTC,576,66,4,0.145,0.16,0.16,0.0113,0.2848,63424.59,0
2026-08-16T04:46:00Z,ETH,480,40,2,0.095,0.0975,0.1,0.0056,0.416,1888.44,0
2026-08-16T04:47:00Z,BTC,576,66,4,0.145,0.1625,0.17,0.0113,0.2849,63423.85,0
2026-08-16T04:47:00Z,ETH,480,40,2,0.095,0.0975,0.1,0.0056,0.416,1888.43,0
2026-08-16T04:48:00Z,BTC,576,66,4,0.145,0.1525,0.16,0.0113,0.2848,63423.23,0
2026-08-16T04:48:00Z,ETH,480,40,2,0.095,0.0975,0.1,0.0056,0.416,1888.45,0
2026-08-16T04:49:00Z,BTC,576,66,4,0.145,0.1525,0.16,0.0113,0.2848,63423.21,0
2026-08-16T04:49:00Z,ETH,480,40,2,0.095,0.0975,0.1,0.0056,0.416,1888.45,0
2026-08-16T04:50:00Z,BTC,576,66,4,0.145,0.1525,0.16,0.0113,0.2848,63426.84,0
2026-08-16T04:50:00Z,ETH,480,40,2,0.14,0.16,0.18,0.0078,0.4161,1888.54,0
2026-08-16T04:51:00Z,BTC,576,66,4,0.145,0.1625,0.17,0.0113,0.2828,63427.51,0
2026-08-16T04:51:00Z,ETH,480,40,2,0.095,0.0975,0.1,0.0056,0.416,1888.51,0
2026-08-16T04:52:00Z,BTC,576,66,4,0.165,0.19,0.25,0.0141,0.2825,63427.08,0
2026-08-16T04:52:00Z,ETH,480,40,2,0.1,0.105,0.11,0.0056,0.416,1888.34,0
2026-08-16T04:53:00Z,BTC,576,66,4,0.14,0.155,0.17,0.0113,0.2823,63425.17,0
2026-08-16T04:53:00Z,ETH,480,40,2,0.185,0.2275,0.27,0.01,0.4159,1887.87,0
2026-08-16T04:54:00Z,BTC,576,66,4,0.14,0.155,0.17,0.0113,0.2824,63423.37,0
2026-08-16T04:54:00Z,ETH,480,40,2,0.095,0.0975,0.1,0.0056,0.4159,1887.82,0
2026-08-16T04:55:00Z,BTC,576,66,4,0.14,0.155,0.17,0.0113,0.2847,63421.4,0
2026-08-16T04:55:00Z,ETH,480,40,2,0.095,0.0975,0.1,0.0056,0.4159,1887.69,0
2026-08-16T04:56:00Z,BTC,576,66,4,0.145,0.16,0.16,0.0113,0.2847,63393.19,0
2026-08-16T04:56:00Z,ETH,480,40,2,0.14,0.16,0.18,0.0078,0.4158,1887.02,0
2026-08-16T04:57:00Z,BTC,576,66,4,0.15,0.16,0.16,0.0112,0.285,63390.28,0
2026-08-16T04:57:00Z,ETH,480,40,2,0.14,0.16,0.18,0.0078,0.4158,1886.9,0
2026-08-16T04:58:00Z,BTC,576,66,4,0.145,0.16,0.16,0.0111,0.285,63393.69,0
2026-08-16T04:58:00Z,ETH,480,40,2,0.1,0.105,0.11,0.0056,0.4158,1887.18,0
2026-08-16T04:59:00Z,BTC,576,66,4,0.145,0.1625,0.17,0.0111,0.285,63394.48,0
2026-08-16T04:59:00Z,ETH,480,40,2,0.19,0.195,0.2,0.0112,0.4158,1887.19,0
2026-08-16T05:00:00Z,BTC,576,66,4,0.145,0.16,0.16,0.0111,0.2868,63381.78,0
2026-08-16T05:00:00Z,ETH,480,40,2,0.14,0.16,0.18,0.0078,0.4158,1886.74,0
2026-08-16T05:01:00Z,BTC,576,66,4,0.15,0.1625,0.17,0.011,0.2868,63379.33,0
2026-08-16T05:01:00Z,ETH,480,40,2,0.145,0.1625,0.18,0.0078,0.4158,1886.97,0
2026-08-16T05:02:00Z,BTC,576,66,4,0.15,0.16,0.16,0.0111,0.2847,63388.25,0
2026-08-16T05:02:00Z,ETH,480,40,2,0.19,0.195,0.2,0.0112,0.4158,1887.57,0
2026-08-16T05:03:00Z,BTC,576,66,4,0.15,0.1625,0.17,0.0111,0.2866,63383.01,0
2026-08-16T05:03:00Z,ETH,480,40,2,0.185,0.1925,0.2,0.0112,0.4158,1887.7,0
2026-08-16T05:04:00Z,BTC,576,66,4,0.15,0.1625,0.17,0.0112,0.285,63394.01,0
2026-08-16T05:04:00Z,ETH,480,40,2,0.145,0.1725,0.2,0.0091,0.4158,1887.83,0
2026-08-16T05:05:00Z,BTC,576,66,4,0.14,0.1525,0.16,0.0111,0.2851,63392.41,0
2026-08-16T05:05:00Z,ETH,480,40,2,0.14,0.16,0.18,0.0078,0.4158,1887.16,0
2026-08-16T05:06:00Z,BTC,576,66,4,0.145,0.16,0.16,0.011,0.2853,63390.76,0
2026-08-16T05:06:00Z,ETH,480,40,2,0.15,0.18,0.21,0.0091,0.4159,1887.16,0
2026-08-16T05:07:00Z,BTC,576,66,4,0.14,0.1525,0.16,0.011,0.2854,63391.21,0
2026-08-16T05:07:00Z,ETH,480,40,2,0.1,0.105,0.11,0.0056,0.4159,1887.41,0
2026-08-16T05:08:00Z,BTC,576,66,4,0.145,0.16,0.16,0.011,0.2853,63392.82,0
2026-08-16T05:08:00Z,ETH,480,40,2,0.14,0.16,0.18,0.0078,0.4159,1887.65,0
2026-08-16T05:09:00Z,BTC,576,66,4,0.145,0.155,0.17,0.0111,0.2852,63398.21,0
2026-08-16T05:09:00Z,ETH,480,40,2,0.095,0.0975,0.1,0.0056,0.4159,1887.75,0
2026-08-16T05:10:00Z,BTC,576,66,4,0.145,0.16,0.16,0.0112,0.2853,63401.35,0
2026-08-16T05:10:00Z,ETH,480,40,2,0.195,0.2025,0.21,0.0113,0.416,1887.93,0
2026-08-16T05:11:00Z,BTC,576,66,4,0.145,0.16,0.16,0.0112,0.2853,63401.03,0
2026-08-16T05:11:00Z,ETH,480,40,2,0.095,0.0975,0.1,0.0056,0.4159,1887.85,0
2026-08-16T05:12:00Z,BTC,576,66,4,0.145,0.16,0.16,0.0112,0.2852,63399.15,0
2026-08-16T05:12:00Z,ETH,480,40,2,0.14,0.16,0.18,0.0078,0.4159,1887.83,0
2026-08-16T05:13:00Z,BTC,576,66,4,0.145,0.1625,0.17,0.0112,0.2852,63398.87,0
2026-08-16T05:13:00Z,ETH,480,40,2,0.14,0.16,0.18,0.0078,0.4159,1887.69,0
2026-08-16T05:14:00Z,BTC,576,66,4,0.15,0.1625,0.17,0.0112,0.2852,63398.97,0
2026-08-16T05:14:00Z,ETH,480,40,2,0.14,0.16,0.18,0.0078,0.4159,1887.63,0
2026-08-16T05:15:00Z,BTC,576,66,4,0.15,0.1625,0.17,0.0112,0.2852,63400.82,0
2026-08-16T05:15:00Z,ETH,480,40,2,0.095,0.0975,0.1,0.0057,0.4159,1887.78,0
2026-08-16T05:16:00Z,BTC,576,66,4,0.14,0.155,0.17,0.0112,0.2852,63399.8,0
2026-08-16T05:16:00Z,ETH,480,40,2,0.15,0.18,0.21,0.0091,0.4159,1887.32,0
2026-08-16T05:17:00Z,BTC,576,66,4,0.15,0.16,0.16,0.0111,0.2852,63384.37,0
2026-08-16T05:17:00Z,ETH,480,40,2,0.14,0.16,0.18,0.0078,0.4158,1886.74,0
2026-08-16T05:18:00Z,BTC,576,66,4,0.15,0.1625,0.17,0.011,0.2869,63365.7,0
2026-08-16T05:18:00Z,ETH,480,40,2,0.195,0.2025,0.21,0.0112,0.4158,1885.95,0
2026-08-16T05:19:00Z,BTC,576,66,4,0.145,0.16,0.16,0.011,0.2864,63366.67,0
2026-08-16T05:19:00Z,ETH,480,40,2,0.195,0.2025,0.21,0.0112,0.4158,1886.05,0
2026-08-16T05:20:00Z,BTC,576,66,4,0.145,0.16,0.16,0.011,0.2866,63369.97,0
2026-08-16T05:20:00Z,ETH,480,40,2,0.14,0.16,0.18,0.0078,0.4158,1886.36,0
2026-08-16T05:21:00Z,BTC,576,66,4,0.14,0.1525,0.16,0.011,0.2867,63371.01,0
2026-08-16T05:21:00Z,ETH,480,40,2,0.095,0.0975,0.1,0.0056,0.4158,1886.37,0
2026-08-16T05:22:00Z,BTC,576,66,4,0.145,0.16,0.16,0.0111,0.2867,63370.54,0
2026-08-16T05:22:00Z,ETH,480,40,2,0.095,0.0975,0.1,0.0056,0.4158,1886.36,0
2026-08-16T05:23:00Z,BTC,576,66,4,0.145,0.1525,0.16,0.0111,0.2865,63373.61,0
2026-08-16T05:23:00Z,ETH,480,40,2,0.19,0.195,0.2,0.0113,0.4158,1886.48,0
2026-08-16T05:24:00Z,BTC,576,66,4,0.15,0.1625,0.17,0.0111,0.2863,63377.08,0
2026-08-16T05:24:00Z,ETH,480,40,2,0.14,0.16,0.18,0.0078,0.4158,1886.69,0
2026-08-16T05:25:00Z,BTC,576,66,4,0.145,0.1625,0.17,0.0111,0.2865,63378.69,0
2026-08-16T05:25:00Z,ETH,480,40,2,0.095,0.0975,0.1,0.0057,0.4158,1886.91,0
2026-08-16T05:26:00Z,BTC,576,66,4,0.15,0.1625,0.17,0.0111,0.2865,63377.58,0
2026-08-16T05:26:00Z,ETH,480,40,2,0.1,0.105,0.11,0.0057,0.4158,1886.9,0
2026-08-16T05:27:00Z,BTC,576,66,4,0.145,0.1525,0.16,0.0111,0.2864,63375.55,0
2026-08-16T05:27:00Z,ETH,480,40,2,0.095,0.0975,0.1,0.0057,0.4158,1886.71,0
2026-08-16T05:28:00Z,BTC,576,66,4,0.15,0.16,0.16,0.0111,0.2862,63374.54,0
2026-08-16T05:28:00Z,ETH,480,40,2,0.1,0.105,0.11,0.0057,0.4158,1886.65,0
2026-08-16T05:29:00Z,BTC,576,66,4,0.145,0.16,0.16,0.0111,0.287,63371.62,0
2026-08-16T05:29:00Z,ETH,480,40,2,0.095,0.0975,0.1,0.0057,0.4158,1886.55,0
2026-08-16T05:30:00Z,BTC,576,66,4,0.145,0.16,0.16,0.0111,0.2863,63371.76,0
2026-08-16T05:30:00Z,ETH,480,40,2,0.1,0.105,0.11,0.0057,0.4158,1886.72,0
2026-08-16T05:31:00Z,BTC,576,66,4,0.15,0.16,0.16,0.0111,0.286,63376.15,0
2026-08-16T05:31:00Z,ETH,480,40,2,0.145,0.1625,0.18,0.0078,0.4158,1886.72,0
2026-08-16T05:32:00Z,BTC,576,66,4,0.145,0.16,0.16,0.0111,0.2862,63378.38,0
2026-08-16T05:32:00Z,ETH,480,40,2,0.1,0.105,0.11,0.0057,0.4158,1886.82,0
2026-08-16T05:33:00Z,BTC,576,66,4,0.145,0.16,0.16,0.0111,0.2862,63378.53,0
2026-08-16T05:33:00Z,ETH,480,40,2,0.095,0.0975,0.1,0.0057,0.4159,1887.07,0
2026-08-16T05:34:00Z,BTC,576,66,4,0.145,0.16,0.16,0.0111,0.2862,63378.96,0
2026-08-16T05:34:00Z,ETH,480,40,2,0.15,0.18,0.21,0.0091,0.4159,1887.1,0
2026-08-16T05:35:00Z,BTC,576,66,4,0.145,0.16,0.16,0.0111,0.2862,63378.2,0
2026-08-16T05:35:00Z,ETH,480,40,2,0.09,0.095,0.1,0.0057,0.4159,1887.06,0
2026-08-16T05:36:00Z,BTC,576,66,4,0.145,0.16,0.16,0.0111,0.2855,63383.9,0
2026-08-16T05:36:00Z,ETH,480,40,2,0.1,0.105,0.11,0.0056,0.4159,1887.39,0
2026-08-16T05:37:00Z,BTC,576,66,4,0.15,0.16,0.16,0.0112,0.2857,63383.91,0
2026-08-16T05:37:00Z,ETH,480,40,2,0.095,0.0975,0.1,0.0056,0.4159,1887.38,0
2026-08-16T05:38:00Z,BTC,576,66,4,0.15,0.1625,0.17,0.0112,0.2856,63381.1,0
2026-08-16T05:38:00Z,ETH,480,40,2,0.1,0.105,0.11,0.0057,0.4158,1887.0,0
2026-08-16T05:39:00Z,BTC,576,66,4,0.15,0.16,0.16,0.0112,0.2855,63378.4,0
2026-08-16T05:39:00Z,ETH,480,40,2,0.095,0.0975,0.1,0.0057,0.4159,1887.06,0
2026-08-16T05:40:00Z,BTC,576,66,4,0.145,0.16,0.16,0.0112,0.2857,63379.31,0
2026-08-16T05:40:00Z,ETH,480,40,2,0.095,0.0975,0.1,0.0057,0.4159,1887.12,0
2026-08-16T05:41:00Z,BTC,576,66,4,0.14,0.1525,0.16,0.0112,0.2858,63380.4,0
2026-08-16T05:41:00Z,ETH,480,40,2,0.095,0.0975,0.1,0.0057,0.4159,1886.97,0
2026-08-16T05:42:00Z,BTC,576,66,4,0.15,0.1625,0.17,0.0112,0.2859,63380.34,0
2026-08-16T05:42:00Z,ETH,480,40,2,0.1,0.105,0.11,0.0057,0.4159,1886.91,0
2026-08-16T05:43:00Z,BTC,576,66,4,0.15,0.16,0.16,0.0111,0.2864,63359.95,0
2026-08-16T05:43:00Z,ETH,480,40,2,0.14,0.16,0.18,0.0078,0.4158,1886.59,0
2026-08-16T05:44:00Z,BTC,576,66,4,0.15,0.1625,0.17,0.0111,0.2861,63362.39,0
2026-08-16T05:44:00Z,ETH,480,40,2,0.14,0.16,0.18,0.0078,0.4158,1886.7,0
2026-08-16T05:45:00Z,BTC,576,66,4,0.145,0.16,0.16,0.0111,0.286,63359.77,0
2026-08-16T05:45:00Z,ETH,480,40,2,0.145,0.1625,0.18,0.0078,0.4158,1886.6,0
2026-08-16T05:46:00Z,BTC,576,66,4,0.145,0.16,0.16,0.0111,0.2858,63355.67,0
2026-08-16T05:46:00Z,ETH,480,40,2,0.14,0.16,0.18,0.0078,0.4158,1886.62,0
2026-08-16T05:47:00Z,BTC,576,66,4,0.145,0.1525,0.16,0.0111,0.286,63354.13,0
2026-08-16T05:47:00Z,ETH,480,40,2,0.095,0.0975,0.1,0.0057,0.4158,1886.57,0
2026-08-16T05:48:00Z,BTC,576,66,4,0.145,0.16,0.16,0.0111,0.2862,63354.48,0
2026-08-16T05:48:00Z,ETH,480,40,2,0.095,0.0975,0.1,0.0057,0.4158,1886.58,0
2026-08-16T05:49:00Z,BTC,576,66,4,0.15,0.1625,0.17,0.0111,0.2859,63354.0,0
2026-08-16T05:49:00Z,ETH,480,40,2,0.095,0.0975,0.1,0.0057,0.4158,1886.58,0
2026-08-16T05:50:00Z,BTC,576,66,4,0.145,0.16,0.16,0.0111,0.2859,63357.64,0
2026-08-16T05:50:00Z,ETH,480,40,2,0.09,0.095,0.1,0.0057,0.4158,1886.55,0
2026-08-16T05:51:00Z,BTC,576,66,4,0.145,0.16,0.16,0.0111,0.286,63357.4,0
2026-08-16T05:51:00Z,ETH,480,40,2,0.095,0.0975,0.1,0.0057,0.4158,1886.55,0
2026-08-16T05:52:00Z,BTC,576,66,4,0.15,0.1625,0.17,0.0111,0.286,63357.27,0
2026-08-16T05:52:00Z,ETH,480,40,2,0.095,0.0975,0.1,0.0057,0.4158,1886.62,0
2026-08-16T05:53:00Z,BTC,576,66,4,0.145,0.1625,0.17,0.0111,0.286,63368.02,0
2026-08-16T05:53:00Z,ETH,480,40,2,0.1,0.105,0.11,0.0057,0.4158,1886.7,0
2026-08-16T05:54:00Z,BTC,576,66,4,0.145,0.1525,0.16,0.0111,0.2868,63368.59,0
2026-08-16T05:54:00Z,ETH,480,40,2,0.235,0.2975,0.36,0.0121,0.4158,1885.81,0
2026-08-16T05:55:00Z,BTC,576,66,4,0.145,0.16,0.16,0.0111,0.2865,63361.88,0
2026-08-16T05:55:00Z,ETH,480,40,2,0.145,0.1625,0.18,0.0078,0.4158,1885.73,0
2026-08-16T05:56:00Z,BTC,576,66,4,0.15,0.1625,0.17,0.0111,0.2861,63359.51,0
2026-08-16T05:56:00Z,ETH,480,40,2,0.14,0.16,0.18,0.0078,0.4158,1885.62,0
2026-08-16T05:57:00Z,BTC,576,66,4,0.145,0.155,0.17,0.0111,0.2861,63360.7,0
2026-08-16T05:57:00Z,ETH,480,40,2,0.14,0.16,0.18,0.0078,0.4158,1885.64,0
2026-08-16T05:58:00Z,BTC,576,66,4,0.145,0.1625,0.17,0.0111,0.2862,63340.57,0
2026-08-16T05:58:00Z,ETH,480,40,2,0.23,0.295,0.36,0.0121,0.4158,1885.56,0
2026-08-16T05:59:00Z,BTC,576,66,4,0.145,0.16,0.16,0.0111,0.2861,63370.24,0
2026-08-16T05:59:00Z,ETH,480,40,2,0.095,0.0975,0.1,0.0057,0.4158,1885.69,0
2026-08-16T06:00:00Z,BTC,576,66,4,0.145,0.1525,0.16,0.0111,0.2858,63367.51,0
2026-08-16T06:00:00Z,ETH,480,40,2,0.1,0.105,0.11,0.0057,0.4158,1885.69,0
2026-08-16T06:01:00Z,BTC,576,66,4,0.15,0.16,0.16,0.0111,0.2858,63364.14,0
2026-08-16T06:01:00Z,ETH,480,40,2,0.09,0.095,0.1,0.0057,0.4158,1886.35,0
2026-08-16T06:02:00Z,BTC,576,66,4,0.15,0.1625,0.17,0.0111,0.2859,63363.25,0
2026-08-16T06:02:00Z,ETH,480,40,2,0.095,0.0975,0.1,0.0057,0.4158,1886.26,0
2026-08-16T06:03:00Z,BTC,576,66,4,0.145,0.155,0.17,0.0111,0.2857,63363.15,0
2026-08-16T06:03:00Z,ETH,480,40,2,0.095,0.0975,0.1,0.0057,0.4158,1886.24,0
2026-08-16T06:04:00Z,BTC,576,66,4,0.145,0.1625,0.17,0.0111,0.2858,63364.27,0
2026-08-16T06:04:00Z,ETH,480,40,2,0.1,0.105,0.11,0.0057,0.4158,1886.3,0
2026-08-16T06:05:00Z,BTC,576,66,4,0.14,0.1525,0.16,0.0111,0.2856,63363.52,0
2026-08-16T06:05:00Z,ETH,480,40,2,0.1,0.105,0.11,0.0057,0.4158,1886.4,0
2026-08-16T06:06:00Z,BTC,576,66,4,0.14,0.1525,0.16,0.0111,0.2859,63367.19,0
2026-08-16T06:06:00Z,ETH,480,40,2,0.1,0.105,0.11,0.0057,0.4158,1886.46,0
2026-08-16T06:07:00Z,BTC,576,66,4,0.145,0.1625,0.17,0.0111,0.2861,63372.2,0
2026-08-16T06:07:00Z,ETH,480,40,2,0.1,0.105,0.11,0.0057,0.4158,1886.44,0
2026-08-16T06:08:00Z,BTC,576,66,4,0.15,0.1625,0.17,0.0111,0.2862,63381.51,0
2026-08-16T06:08:00Z,ETH,480,40,2,0.1,0.105,0.11,0.0057,0.4158,1886.46,0
2026-08-16T06:09:00Z,BTC,576,66,4,0.145,0.16,0.16,0.0111,0.2859,63379.01,0
2026-08-16T06:09:00Z,ETH,480,40,2,0.15,0.18,0.21,0.0092,0.4158,1886.32,0
2026-08-16T06:10:00Z,BTC,576,66,4,0.145,0.1625,0.17,0.0111,0.2861,63376.8,0
2026-08-16T06:10:00Z,ETH,480,40,2,0.15,0.18,0.21,0.0092,0.4158,1886.26,0
2026-08-16T06:11:00Z,BTC,576,66,4,0.15,0.16,0.16,0.0111,0.2862,63377.97,0
2026-08-16T06:11:00Z,ETH,480,40,2,0.095,0.0975,0.1,0.0057,0.4158,1886.26,0
2026-08-16T06:12:00Z,BTC,576,66,4,0.15,0.16,0.16,0.0111,0.2861,63379.21,0
2026-08-16T06:12:00Z,ETH,480,40,2,0.1,0.105,0.11,0.0057,0.4158,1886.29,0
2026-08-16T06:13:00Z,BTC,576,66,4,0.145,0.1625,0.17,0.0112,0.2859,63379.67,0
2026-08-16T06:13:00Z,ETH,480,40,2,0.1,0.105,0.11,0.0057,0.4158,1886.3,0
2026-08-16T06:14:00Z,BTC,576,66,4,0.145,0.16,0.16,0.011,0.286,63346.86,0
2026-08-16T06:14:00Z,ETH,480,40,2,0.095,0.0975,0.1,0.0057,0.4158,1885.75,0
2026-08-16T06:15:00Z,BTC,576,66,4,0.215,0.285,0.33,0.0164,0.2863,63346.07,0
2026-08-16T06:15:00Z,ETH,480,40,2,0.145,0.1625,0.18,0.0078,0.4158,1885.94,0
2026-08-16T06:16:00Z,BTC,576,66,4,0.165,0.195,0.27,0.0142,0.2862,63344.15,0
2026-08-16T06:16:00Z,ETH,480,40,2,0.14,0.16,0.18,0.0078,0.4158,1885.95,0
2026-08-16T06:17:00Z,BTC,576,66,4,0.165,0.195,0.27,0.0143,0.2863,63343.94,0
2026-08-16T06:17:00Z,ETH,480,40,2,0.095,0.0975,0.1,0.0057,0.4158,1885.63,0
2026-08-16T06:18:00Z,BTC,576,66,4,0.145,0.1625,0.17,0.0111,0.286,63358.94,0
2026-08-16T06:18:00Z,ETH,480,40,2,0.1,0.105,0.11,0.0057,0.4158,1885.61,0
2026-08-16T06:19:00Z,BTC,576,66,4,0.145,0.1625,0.17,0.0111,0.2861,63352.02,0
2026-08-16T06:19:00Z,ETH,480,40,2,0.145,0.1625,0.18,0.0078,0.4158,1885.12,0
2026-08-16T06:20:00Z,BTC,576,66,4,0.145,0.16,0.16,0.0111,0.286,63357.58,0
2026-08-16T06:20:00Z,ETH,480,40,2,0.095,0.0975,0.1,0.0056,0.4158,1885.51,0
2026-08-16T06:21:00Z,BTC,576,66,4,0.145,0.1625,0.17,0.0111,0.286,63352.52,0
2026-08-16T06:21:00Z,ETH,480,40,2,0.14,0.16,0.18,0.0078,0.4158,1884.97,0
2026-08-16T06:22:00Z,BTC,576,66,4,0.145,0.16,0.16,0.0111,0.2861,63350.66,0
2026-08-16T06:22:00Z,ETH,480,40,2,0.14,0.16,0.18,0.0078,0.4158,1884.85,0
2026-08-16T06:23:00Z,BTC,576,66,4,0.145,0.1625,0.17,0.0111,0.2865,63349.6,0
2026-08-16T06:23:00Z,ETH,480,40,2,0.095,0.0975,0.1,0.0056,0.4158,1885.27,0
2026-08-16T06:24:00Z,BTC,576,66,4,0.145,0.16,0.16,0.0111,0.2866,63350.18,0
2026-08-16T06:24:00Z,ETH,480,40,2,0.14,0.16,0.18,0.0078,0.4158,1885.25,0
2026-08-16T06:25:00Z,BTC,576,66,4,0.145,0.16,0.16,0.0111,0.2866,63350.23,0
2026-08-16T06:25:00Z,ETH,480,40,2,0.14,0.16,0.18,0.0078,0.4158,1885.24,0
2026-08-16T06:26:00Z,BTC,576,66,4,0.15,0.16,0.16,0.0111,0.2871,63366.9,0
2026-08-16T06:26:00Z,ETH,480,40,2,0.095,0.0975,0.1,0.0057,0.4158,1885.88,0
2026-08-16T06:27:00Z,BTC,576,66,4,0.16,0.185,0.26,0.0143,0.2869,63369.66,0
2026-08-16T06:27:00Z,ETH,480,40,2,0.095,0.0975,0.1,0.0057,0.4158,1885.91,0
2026-08-16T06:28:00Z,BTC,576,66,4,0.145,0.1625,0.17,0.0111,0.2869,63373.32,0
2026-08-16T06:28:00Z,ETH,480,40,2,0.095,0.0975,0.1,0.0057,0.4158,1886.13,0
2026-08-16T06:29:00Z,BTC,576,66,4,0.15,0.1625,0.17,0.0111,0.2869,63375.25,0
2026-08-16T06:29:00Z,ETH,480,40,2,0.1,0.105,0.11,0.0057,0.4158,1886.14,0
2026-08-16T06:30:00Z,BTC,576,66,4,0.15,0.16,0.16,0.0111,0.2867,63370.66,0
2026-08-16T06:30:00Z,ETH,480,40,2,0.1,0.105,0.11,0.0057,0.4158,1885.83,0
2026-08-16T06:31:00Z,BTC,576,66,4,0.145,0.1625,0.17,0.0111,0.2866,63369.18,0
2026-08-16T06:31:00Z,ETH,480,40,2,0.095,0.0975,0.1,0.0057,0.4158,1885.53,0
2026-08-16T06:32:00Z,BTC,576,66,4,0.15,0.1625,0.17,0.011,0.2864,63363.67,0
2026-08-16T06:32:00Z,ETH,480,40,2,0.095,0.0975,0.1,0.0057,0.4158,1886.16,0
2026-08-16T06:33:00Z,BTC,576,66,4,0.145,0.16,0.16,0.011,0.2866,63360.66,0
2026-08-16T06:33:00Z,ETH,480,40,2,0.15,0.18,0.21,0.0091,0.4158,1886.1,0
2026-08-16T06:34:00Z,BTC,576,66,4,0.145,0.16,0.16,0.011,0.2867,63359.36,0
2026-08-16T06:34:00Z,ETH,480,40,2,0.095,0.0975,0.1,0.0057,0.4158,1886.12,0
2026-08-16T06:35:00Z,BTC,576,66,4,0.15,0.16,0.16,0.011,0.2868,63358.21,0
2026-08-16T06:35:00Z,ETH,480,40,2,0.095,0.0975,0.1,0.0057,0.4158,1886.19,0
2026-08-16T06:36:00Z,BTC,576,66,4,0.145,0.1625,0.17,0.011,0.2868,63357.87,0
2026-08-16T06:36:00Z,ETH,480,40,2,0.095,0.0975,0.1,0.0057,0.4158,1886.23,0
2026-08-16T06:37:00Z,BTC,576,66,4,0.14,0.1525,0.16,0.011,0.2868,63357.99,0
2026-08-16T06:37:00Z,ETH,480,40,2,0.095,0.0975,0.1,0.0057,0.4158,1886.2,0
2026-08-16T06:38:00Z,BTC,576,66,4,0.15,0.1625,0.17,0.011,0.2867,63359.64,0
2026-08-16T06:38:00Z,ETH,480,40,2,0.1,0.105,0.11,0.0057,0.4158,1886.42,0
2026-08-16T06:39:00Z,BTC,576,66,4,0.15,0.1625,0.17,0.011,0.2871,63362.74,0
2026-08-16T06:39:00Z,ETH,480,40,2,0.095,0.0975,0.1,0.0057,0.4158,1886.66,0
2026-08-16T06:40:00Z,BTC,576,66,4,0.145,0.16,0.16,0.0111,0.2867,63365.16,0
2026-08-16T06:40:00Z,ETH,480,40,2,0.095,0.0975,0.1,0.0056,0.4158,1886.71,0
2026-08-16T06:41:00Z,BTC,576,66,4,0.145,0.1625,0.17,0.0111,0.2867,63365.52,0
2026-08-16T06:41:00Z,ETH,480,40,2,0.095,0.0975,0.1,0.0056,0.4158,1886.64,0
2026-08-16T06:42:00Z,BTC,576,66,4,0.145,0.16,0.16,0.0111,0.2866,63366.75,0
2026-08-16T06:42:00Z,ETH,480,40,2,0.15,0.18,0.21,0.0091,0.4158,1886.66,0
2026-08-16T06:43:00Z,BTC,576,66,4,0.15,0.1625,0.17,0.0111,0.2874,63367.46,0
2026-08-16T06:43:00Z,ETH,480,40,2,0.14,0.16,0.18,0.0078,0.4158,1886.66,0
2026-08-16T06:44:00Z,BTC,576,66,4,0.15,0.16,0.16,0.0111,0.2868,63367.93,0
2026-08-16T06:44:00Z,ETH,480,40,2,0.15,0.18,0.21,0.0092,0.4158,1886.66,0
2026-08-16T06:45:00Z,BTC,576,66,4,0.145,0.155,0.17,0.0111,0.2868,63377.63,0
2026-08-16T06:45:00Z,ETH,480,40,2,0.15,0.18,0.21,0.0092,0.4158,1886.74,0
2026-08-16T06:46:00Z,BTC,576,66,4,0.145,0.1625,0.17,0.0111,0.2869,63376.01,0
2026-08-16T06:46:00Z,ETH,480,40,2,0.1,0.105,0.11,0.0057,0.4158,1886.78,0
2026-08-16T06:47:00Z,BTC,576,66,4,0.145,0.1525,0.16,0.0111,0.287,63375.46,0
2026-08-16T06:47:00Z,ETH,480,40,2,0.195,0.2025,0.21,0.0113,0.4159,1887.21,0
2026-08-16T06:48:00Z,BTC,576,66,4,0.15,0.1625,0.17,0.0111,0.2867,63378.01,0
2026-08-16T06:48:00Z,ETH,480,40,2,0.195,0.2025,0.21,0.0113,0.4159,1887.47,0
2026-08-16T06:49:00Z,BTC,576,66,4,0.145,0.1525,0.16,0.0111,0.2866,63375.01,0
2026-08-16T06:49:00Z,ETH,480,40,2,0.15,0.18,0.21,0.0092,0.4158,1886.97,0
2026-08-16T06:50:00Z,BTC,576,66,4,0.15,0.16,0.16,0.0111,0.2873,63370.63,0
2026-08-16T06:50:00Z,ETH,480,40,2,0.095,0.0975,0.1,0.0057,0.4158,1886.66,0
2026-08-16T06:51:00Z,BTC,576,66,4,0.15,0.16,0.16,0.0111,0.2873,63369.77,0
2026-08-16T06:51:00Z,ETH,480,40,2,0.1,0.105,0.11,0.0057,0.4158,1886.59,0
2026-08-16T06:52:00Z,BTC,576,66,4,0.145,0.155,0.17,0.0111,0.2869,63369.6,0
2026-08-16T06:52:00Z,ETH,480,40,2,0.1,0.105,0.11,0.0057,0.4158,1886.61,0
2026-08-16T06:53:00Z,BTC,576,66,4,0.15,0.1625,0.17,0.0111,0.2867,63367.23,0
2026-08-16T06:53:00Z,ETH,480,40,2,0.1,0.105,0.11,0.0057,0.4158,1886.55,0
2026-08-16T06:54:00Z,BTC,576,66,4,0.145,0.1625,0.17,0.0111,0.2869,63367.86,0
2026-08-16T06:54:00Z,ETH,480,40,2,0.14,0.16,0.18,0.0078,0.4158,1886.57,0
2026-08-16T06:55:00Z,BTC,576,66,4,0.145,0.155,0.17,0.0111,0.2869,63364.76,0
2026-08-16T06:55:00Z,ETH,480,40,2,0.14,0.16,0.18,0.0078,0.4158,1886.54,0
2026-08-16T06:56:00Z,BTC,576,66,4,0.15,0.16,0.16,0.0111,0.2871,63364.15,0
2026-08-16T06:56:00Z,ETH,480,40,2,0.095,0.0975,0.1,0.0057,0.4158,1886.55,0
2026-08-16T06:57:00Z,BTC,576,66,4,0.14,0.1525,0.16,0.0111,0.2871,63364.83,0
2026-08-16T06:57:00Z,ETH,480,40,2,0.14,0.16,0.18,0.0078,0.4158,1886.55,0
2026-08-16T06:58:00Z,BTC,576,66,4,0.15,0.16,0.16,0.0111,0.2871,63365.48,0
2026-08-16T06:58:00Z,ETH,480,40,2,0.095,0.0975,0.1,0.0057,0.4158,1886.56,0
2026-08-16T06:59:00Z,BTC,576,66,4,0.145,0.1525,0.16,0.0111,0.2871,63365.64,0
2026-08-16T06:59:00Z,ETH,480,40,2,0.095,0.0975,0.1,0.0057,0.4158,1886.62,0
2026-08-16T07:00:00Z,BTC,576,66,4,0.15,0.16,0.16,0.0111,0.2871,63365.42,0
2026-08-16T07:00:00Z,ETH,480,40,2,0.15,0.18,0.21,0.0092,0.4158,1886.56,0
2026-08-16T07:01:00Z,BTC,576,66,4,0.145,0.1525,0.16,0.0111,0.287,63362.85,0
2026-08-16T07:01:00Z,ETH,480,40,2,0.14,0.16,0.18,0.0078,0.4158,1886.15,0
2026-08-16T07:02:00Z,BTC,576,66,4,0.15,0.1625,0.17,0.0111,0.2873,63359.48,0
2026-08-16T07:02:00Z,ETH,480,40,2,0.195,0.2025,0.21,0.0113,0.4158,1886.09,0
2026-08-16T07:03:00Z,BTC,576,66,4,0.14,0.1525,0.16,0.0111,0.2871,63349.82,0
2026-08-16T07:03:00Z,ETH,480,40,2,0.095,0.0975,0.1,0.0057,0.4158,1885.87,0
2026-08-16T07:04:00Z,BTC,576,66,4,0.145,0.16,0.16,0.0111,0.287,63351.23,0
2026-08-16T07:04:00Z,ETH,480,40,2,0.095,0.0975,0.1,0.0057,0.4158,1885.9,0
2026-08-16T07:05:00Z,BTC,576,66,4,0.145,0.1525,0.16,0.0111,0.2872,63352.7,0
2026-08-16T07:05:00Z,ETH,480,40,2,0.095,0.0975,0.1,0.0057,0.4158,1886.04,0
2026-08-16T07:06:00Z,BTC,576,66,4,0.14,0.155,0.17,0.0111,0.2876,63352.23,0
2026-08-16T07:06:00Z,ETH,480,40,2,0.095,0.0975,0.1,0.0057,0.4158,1886.15,0
2026-08-16T07:07:00Z,BTC,576,66,4,0.16,0.195,0.27,0.0141,0.2874,63352.42,0
2026-08-16T07:07:00Z,ETH,480,40,2,0.095,0.0975,0.1,0.0057,0.4158,1886.39,0
2026-08-16T07:08:00Z,BTC,576,66,4,0.16,0.1875,0.27,0.0141,0.2874,63351.95,0
2026-08-16T07:08:00Z,ETH,480,40,2,0.095,0.0975,0.1,0.0056,0.4158,1886.36,0
2026-08-16T07:09:00Z,BTC,576,66,4,0.145,0.1625,0.17,0.0111,0.2873,63350.65,0
2026-08-16T07:09:00Z,ETH,480,40,2,0.15,0.18,0.21,0.0091,0.4158,1886.32,0
2026-08-16T07:10:00Z,BTC,576,66,4,0.145,0.1525,0.16,0.0111,0.2873,63350.1,0
2026-08-16T07:10:00Z,ETH,480,40,2,0.15,0.18,0.21,0.0091,0.4158,1886.29,0
2026-08-16T07:11:00Z,BTC,576,66,4,0.15,0.1625,0.17,0.0111,0.2873,63351.09,0
2026-08-16T07:11:00Z,ETH,480,40,2,0.095,0.0975,0.1,0.0056,0.4158,1886.33,0
2026-08-16T07:12:00Z,BTC,576,66,4,0.145,0.1625,0.17,0.0111,0.2874,63352.28,0
2026-08-16T07:12:00Z,ETH,480,40,2,0.095,0.0975,0.1,0.0056,0.4158,1886.47,0
2026-08-16T07:13:00Z,BTC,576,66,4,0.15,0.1625,0.17,0.0111,0.2874,63352.01,0
2026-08-16T07:13:00Z,ETH,480,40,2,0.095,0.0975,0.1,0.0056,0.4158,1886.7,0
2026-08-16T07:14:00Z,BTC,576,66,4,0.14,0.1525,0.16,0.0111,0.2874,63351.86,0
2026-08-16T07:14:00Z,ETH,480,40,2,0.095,0.0975,0.1,0.0056,0.4158,1886.61,0
2026-08-16T07:15:00Z,BTC,576,66,4,0.145,0.1625,0.17,0.0111,0.2875,63351.84,0
2026-08-16T07:15:00Z,ETH,480,40,2,0.095,0.0975,0.1,0.0056,0.4158,1886.57,0
2026-08-16T07:16:00Z,BTC,576,66,4,0.145,0.1625,0.17,0.0111,0.2876,63351.95,0
2026-08-16T07:16:00Z,ETH,480,40,2,0.095,0.0975,0.1,0.0056,0.4158,1886.59,0
2026-08-16T07:17:00Z,BTC,576,66,4,0.145,0.16,0.16,0.0111,0.2875,63351.95,0
2026-08-16T07:17:00Z,ETH,480,40,2,0.1,0.105,0.11,0.0056,0.4158,1886.66,0
2026-08-16T07:18:00Z,BTC,576,66,4,0.14,0.155,0.17,0.0111,0.2872,63352.06,0
2026-08-16T07:18:00Z,ETH,480,40,2,0.1,0.105,0.11,0.0056,0.4158,1886.77,0
2026-08-16T07:19:00Z,BTC,576,66,4,0.15,0.16,0.16,0.0111,0.2876,63352.05,0
2026-08-16T07:19:00Z,ETH,480,40,2,0.15,0.18,0.21,0.0091,0.4158,1886.9,0
2026-08-16T07:20:00Z,BTC,576,66,4,0.145,0.16,0.16,0.0111,0.2876,63355.44,0
2026-08-16T07:20:00Z,ETH,480,40,2,0.15,0.18,0.21,0.0092,0.4159,1887.2,0
2026-08-16T07:21:00Z,BTC,576,66,4,0.15,0.1625,0.17,0.0111,0.287,63358.8,0
2026-08-16T07:21:00Z,ETH,480,40,2,0.1,0.105,0.11,0.0057,0.4159,1887.32,0
2026-08-16T07:22:00Z,BTC,576,66,4,0.145,0.1525,0.16,0.0111,0.2874,63361.79,0
2026-08-16T07:22:00Z,ETH,480,40,2,0.1,0.105,0.11,0.0057,0.4159,1887.22,0
2026-08-16T07:23:00Z,BTC,576,66,4,0.145,0.16,0.16,0.0111,0.288,63364.63,0
2026-08-16T07:23:00Z,ETH,480,40,2,0.095,0.0975,0.1,0.0057,0.4159,1887.18,0
2026-08-16T07:24:00Z,BTC,576,66,4,0.145,0.1625,0.17,0.0111,0.2881,63365.58,0
2026-08-16T07:24:00Z,ETH,480,40,2,0.095,0.0975,0.1,0.0057,0.4159,1887.3,0
2026-08-16T07:25:00Z,BTC,576,66,4,0.14,0.155,0.17,0.0111,0.2881,63366.91,0
2026-08-16T07:25:00Z,ETH,480,40,2,0.095,0.0975,0.1,0.0057,0.4159,1887.66,0
2026-08-16T07:26:00Z,BTC,576,66,4,0.145,0.155,0.17,0.0111,0.2881,63367.34,0
2026-08-16T07:26:00Z,ETH,480,40,2,0.1,0.105,0.11,0.0057,0.4159,1887.86,0
2026-08-16T07:27:00Z,BTC,576,66,4,0.145,0.155,0.17,0.0111,0.2881,63367.35,0
2026-08-16T07:27:00Z,ETH,480,40,2,0.095,0.0975,0.1,0.0057,0.4159,1887.86,0
2026-08-16T07:28:00Z,BTC,576,66,4,0.145,0.16,0.16,0.0111,0.2881,63366.44,0
2026-08-16T07:28:00Z,ETH,480,40,2,0.195,0.2025,0.21,0.0113,0.4159,1887.56,0
2026-08-16T07:29:00Z,BTC,576,66,4,0.145,0.16,0.16,0.0111,0.2881,63366.92,0
2026-08-16T07:29:00Z,ETH,480,40,2,0.14,0.16,0.18,0.0078,0.4159,1887.5,0
2026-08-16T07:30:00Z,BTC,576,66,4,0.145,0.1625,0.17,0.0111,0.2879,63367.36,0
2026-08-16T07:30:00Z,ETH,480,40,2,0.095,0.0975,0.1,0.0057,0.4159,1887.45,0
2026-08-16T07:31:00Z,BTC,576,66,4,0.15,0.1625,0.17,0.0111,0.2875,63367.35,0
2026-08-16T07:31:00Z,ETH,480,40,2,0.1,0.105,0.11,0.0057,0.4159,1887.46,0
2026-08-16T07:32:00Z,BTC,576,66,4,0.15,0.1625,0.17,0.0111,0.2875,63367.34,0
2026-08-16T07:32:00Z,ETH,480,40,2,0.1,0.105,0.11,0.0057,0.4159,1887.46,0
2026-08-16T07:33:00Z,BTC,576,66,4,0.15,0.1625,0.17,0.0111,0.2875,63367.35,0
2026-08-16T07:33:00Z,ETH,480,40,2,0.095,0.0975,0.1,0.0057,0.4159,1887.15,0
2026-08-16T07:34:00Z,BTC,576,66,4,0.15,0.1625,0.17,0.0111,0.2875,63367.36,0
2026-08-16T07:34:00Z,ETH,480,40,2,0.095,0.0975,0.1,0.0056,0.4159,1887.05,0
2026-08-16T07:35:00Z,BTC,576,66,4,0.145,0.16,0.16,0.0111,0.2874,63367.34,0
2026-08-16T07:35:00Z,ETH,480,40,2,0.095,0.0975,0.1,0.0056,0.4159,1887.04,0
2026-08-16T07:36:00Z,BTC,576,66,4,0.145,0.155,0.17,0.0111,0.2873,63367.35,0
2026-08-16T07:36:00Z,ETH,480,40,2,0.095,0.0975,0.1,0.0057,0.4159,1887.15,0
2026-08-16T07:37:00Z,BTC,576,66,4,0.145,0.1625,0.17,0.0111,0.2873,63367.34,0
2026-08-16T07:37:00Z,ETH,480,40,2,0.1,0.105,0.11,0.0057,0.4159,1887.22,0
2026-08-16T07:38:00Z,BTC,576,66,4,0.15,0.1625,0.17,0.0111,0.2871,63366.4,0
2026-08-16T07:38:00Z,ETH,480,40,2,0.095,0.0975,0.1,0.0057,0.4159,1887.19,0
2026-08-16T07:39:00Z,BTC,576,66,4,0.15,0.16,0.16,0.0111,0.2874,63368.86,0
2026-08-16T07:39:00Z,ETH,480,40,2,0.145,0.1725,0.2,0.0091,0.4159,1887.24,0
2026-08-16T07:40:00Z,BTC,576,66,4,0.14,0.1525,0.16,0.0111,0.2875,63367.76,0
2026-08-16T07:40:00Z,ETH,480,40,2,0.095,0.0975,0.1,0.0057,0.4159,1887.31,0
2026-08-16T07:41:00Z,BTC,576,66,4,0.145,0.16,0.16,0.0111,0.2874,63367.36,0
2026-08-16T07:41:00Z,ETH,480,40,2,0.1,0.105,0.11,0.0057,0.4159,1887.28,0
2026-08-16T07:42:00Z,BTC,576,66,4,0.145,0.1625,0.17,0.0111,0.2873,63367.35,0
2026-08-16T07:42:00Z,ETH,480,40,2,0.095,0.0975,0.1,0.0057,0.4159,1887.22,0
2026-08-16T07:43:00Z,BTC,576,66,4,0.15,0.1625,0.17,0.0111,0.2879,63364.16,0
2026-08-16T07:43:00Z,ETH,480,40,2,0.095,0.0975,0.1,0.0057,0.4159,1887.04,0
2026-08-16T07:44:00Z,BTC,576,66,4,0.145,0.16,0.16,0.0111,0.2878,63366.09,0
2026-08-16T07:44:00Z,ETH,480,40,2,0.1,0.105,0.11,0.0057,0.4158,1886.85,0
2026-08-16T07:45:00Z,BTC,576,66,4,0.15,0.16,0.16,0.0111,0.2877,63367.32,0
2026-08-16T07:45:00Z,ETH,480,40,2,0.1,0.105,0.11,0.0057,0.4158,1886.84,0
2026-08-16T07:46:00Z,BTC,576,66,4,0.14,0.1525,0.16,0.0111,0.2878,63367.32,0
2026-08-16T07:46:00Z,ETH,480,40,2,0.1,0.105,0.11,0.0057,0.4159,1887.0,0
2026-08-16T07:47:00Z,BTC,576,66,4,0.14,0.155,0.17,0.0111,0.2878,63367.35,0
2026-08-16T07:47:00Z,ETH,480,40,2,0.095,0.0975,0.1,0.0057,0.4159,1887.12,0
2026-08-16T07:48:00Z,BTC,576,66,4,0.145,0.16,0.16,0.0111,0.2878,63367.38,0
2026-08-16T07:48:00Z,ETH,480,40,2,0.1,0.105,0.11,0.0057,0.4159,1887.14,0
2026-08-16T07:49:00Z,BTC,576,66,4,0.145,0.1625,0.17,0.0111,0.288,63367.34,0
2026-08-16T07:49:00Z,ETH,480,40,2,0.095,0.0975,0.1,0.0057,0.4159,1887.13,0
2026-08-16T07:50:00Z,BTC,576,66,4,0.145,0.1625,0.17,0.0111,0.288,63367.59,0
2026-08-16T07:50:00Z,ETH,480,40,2,0.1,0.105,0.11,0.0057,0.4159,1887.13,0
2026-08-16T07:51:00Z,BTC,576,66,4,0.145,0.1625,0.17,0.0111,0.2878,63367.49,0
2026-08-16T07:51:00Z,ETH,480,40,2,0.1,0.1,0.1,0.0057,0.4159,1887.13,0
2026-08-16T07:52:00Z,BTC,576,66,4,0.145,0.16,0.16,0.0111,0.2878,63367.36,0
2026-08-16T07:52:00Z,ETH,480,40,2,0.1,0.105,0.11,0.0057,0.4159,1887.13,0
2026-08-16T07:53:00Z,BTC,576,66,4,0.14,0.155,0.17,0.0111,0.2879,63367.35,0
2026-08-16T07:53:00Z,ETH,480,40,2,0.095,0.0975,0.1,0.0057,0.4159,1887.13,0
2026-08-16T07:54:00Z,BTC,576,66,4,0.15,0.16,0.16,0.0111,0.2878,63367.36,0
2026-08-16T07:54:00Z,ETH,480,40,2,0.095,0.0975,0.1,0.0057,0.4159,1887.12,0
2026-08-16T07:55:00Z,BTC,576,66,4,0.145,0.1525,0.16,0.0111,0.2877,63367.35,0
2026-08-16T07:55:00Z,ETH,480,40,2,0.095,0.0975,0.1,0.0057,0.4159,1887.12,0
2026-08-16T07:56:00Z,BTC,576,66,4,0.15,0.16,0.16,0.0111,0.2877,63367.35,0
2026-08-16T07:56:00Z,ETH,480,40,2,0.095,0.0975,0.1,0.0057,0.4159,1887.11,0
2026-08-16T07:57:00Z,BTC,576,66,4,0.145,0.16,0.16,0.011,0.2876,63367.36,0
2026-08-16T07:57:00Z,ETH,480,40,2,0.095,0.0975,0.1,0.0057,0.4159,1887.14,0
2026-08-16T07:58:00Z,BTC,576,66,4,0.15,0.1625,0.17,0.011,0.2876,63369.17,0
2026-08-16T07:58:00Z,ETH,480,40,2,0.095,0.0975,0.1,0.0057,0.4159,1887.39,0
2026-08-16T07:59:00Z,BTC,576,66,4,0.15,0.16,0.16,0.011,0.2877,63368.82,0
2026-08-16T07:59:00Z,ETH,480,40,2,0.1,0.105,0.11,0.0057,0.4159,1887.51,0
2026-08-16T08:00:00Z,BTC,576,66,4,0.15,0.2025,0.33,0.0121,0.2875,63368.84,0
2026-08-16T08:00:00Z,ETH,480,40,2,0.095,0.0975,0.1,0.0056,0.4159,1887.44,0
2026-08-16T08:01:00Z,BTC,542,66,4,0.145,0.155,0.17,0.011,0.2875,63369.35,0
2026-08-16T08:01:00Z,ETH,454,40,2,0.095,0.0975,0.1,0.0056,0.4159,1887.37,0
2026-08-16T08:02:00Z,BTC,542,66,4,0.15,0.16,0.16,0.011,0.2875,63369.36,0
2026-08-16T08:02:00Z,ETH,454,40,2,0.145,0.1725,0.2,0.0091,0.4159,1887.37,0
2026-08-16T08:03:00Z,BTC,542,66,4,0.15,0.16,0.16,0.011,0.2872,63370.02,0
2026-08-16T08:03:00Z,ETH,454,40,2,0.145,0.1725,0.2,0.0091,0.4159,1887.38,0
2026-08-16T08:04:00Z,BTC,542,66,4,0.145,0.1625,0.17,0.011,0.2873,63376.06,0
2026-08-16T08:04:00Z,ETH,454,40,2,0.2,0.255,0.31,0.0126,0.4159,1887.47,0
2026-08-16T08:05:00Z,BTC,542,66,4,0.14,0.1525,0.16,0.011,0.2873,63369.44,0
2026-08-16T08:05:00Z,ETH,454,40,2,0.15,0.18,0.21,0.0092,0.4158,1886.99,0
2026-08-16T08:06:00Z,BTC,542,66,4,0.145,0.1625,0.17,0.011,0.2867,63361.88,0
2026-08-16T08:06:00Z,ETH,454,40,2,0.1,0.105,0.11,0.0057,0.4158,1886.63,0
2026-08-16T08:07:00Z,BTC,542,66,4,0.15,0.16,0.16,0.011,0.2871,63361.0,0
2026-08-16T08:07:00Z,ETH,454,40,2,0.095,0.0975,0.1,0.0057,0.4158,1886.63,0
2026-08-16T08:08:00Z,BTC,542,66,4,0.145,0.16,0.16,0.011,0.287,63362.03,0
2026-08-16T08:08:00Z,ETH,454,40,2,0.1,0.105,0.11,0.0057,0.4158,1886.71,0
2026-08-16T08:09:00Z,BTC,542,66,4,0.145,0.16,0.16,0.011,0.287,63362.64,0
2026-08-16T08:09:00Z,ETH,454,40,2,0.095,0.0975,0.1,0.0057,0.4158,1886.74,0
2026-08-16T08:10:00Z,BTC,542,66,4,0.145,0.1625,0.17,0.011,0.287,63363.2,0
2026-08-16T08:10:00Z,ETH,454,40,2,0.095,0.0975,0.1,0.0057,0.4158,1886.74,0
2026-08-16T08:11:00Z,BTC,542,66,4,0.145,0.1625,0.17,0.011,0.287,63363.66,0
2026-08-16T08:11:00Z,ETH,454,40,2,0.095,0.0975,0.1,0.0057,0.4158,1886.74,0
2026-08-16T08:12:00Z,BTC,542,66,4,0.145,0.1625,0.17,0.011,0.287,63362.24,0
2026-08-16T08:12:00Z,ETH,454,40,2,0.1,0.105,0.11,0.0057,0.4158,1886.66,0
2026-08-16T08:13:00Z,BTC,542,66,4,0.15,0.1625,0.17,0.011,0.287,63361.08,0
2026-08-16T08:13:00Z,ETH,454,40,2,0.095,0.0975,0.1,0.0057,0.4158,1886.6,0
2026-08-16T08:14:00Z,BTC,542,66,4,0.15,0.16,0.16,0.011,0.2868,63360.87,0
2026-08-16T08:14:00Z,ETH,454,40,2,0.1,0.105,0.11,0.0057,0.4158,1886.67,0
2026-08-16T08:15:00Z,BTC,542,66,4,0.145,0.16,0.16,0.011,0.2867,63360.96,0
2026-08-16T08:15:00Z,ETH,454,40,2,0.095,0.0975,0.1,0.0057,0.4158,1886.63,0
2026-08-16T08:16:00Z,BTC,542,66,4,0.145,0.16,0.16,0.011,0.2867,63360.91,0
2026-08-16T08:16:00Z,ETH,454,40,2,0.1,0.1,0.1,0.0057,0.4158,1886.54,0
2026-08-16T08:17:00Z,BTC,542,66,4,0.15,0.1625,0.17,0.011,0.2867,63361.45,0
2026-08-16T08:17:00Z,ETH,454,40,2,0.095,0.0975,0.1,0.0057,0.4158,1886.52,0
2026-08-16T08:18:00Z,BTC,542,66,4,0.145,0.16,0.16,0.011,0.2867,63361.53,0
2026-08-16T08:18:00Z,ETH,454,40,2,0.095,0.0975,0.1,0.0057,0.4158,1886.53,0
2026-08-16T08:19:00Z,BTC,542,66,4,0.15,0.16,0.16,0.011,0.2867,63361.57,0
2026-08-16T08:19:00Z,ETH,454,40,2,0.095,0.0975,0.1,0.0057,0.4158,1886.57,0
2026-08-16T08:20:00Z,BTC,542,66,4,0.15,0.1625,0.17,0.011,0.2867,63361.26,0
2026-08-16T08:20:00Z,ETH,454,40,2,0.095,0.0975,0.1,0.0057,0.4158,1886.65,0
2026-08-16T08:21:00Z,BTC,542,66,4,0.145,0.1625,0.17,0.011,0.2867,63361.17,0
2026-08-16T08:21:00Z,ETH,454,40,2,0.095,0.0975,0.1,0.0057,0.4158,1886.9,0
2026-08-16T08:22:00Z,BTC,542,66,4,0.15,0.1625,0.17,0.011,0.2869,63361.11,0
2026-08-16T08:22:00Z,ETH,454,40,2,0.095,0.0975,0.1,0.0057,0.4158,1886.76,0
2026-08-16T08:23:00Z,BTC,542,66,4,0.145,0.16,0.16,0.011,0.287,63363.59,0
2026-08-16T08:23:00Z,ETH,454,40,2,0.1,0.105,0.11,0.0057,0.4158,1886.68,0
2026-08-16T08:24:00Z,BTC,542,66,4,0.15,0.1625,0.17,0.011,0.2869,63366.99,0
2026-08-16T08:24:00Z,ETH,454,40,2,0.1,0.105,0.11,0.0057,0.4158,1886.76,0
2026-08-16T08:25:00Z,BTC,542,66,4,0.145,0.16,0.16,0.011,0.2881,63379.94,0
2026-08-16T08:25:00Z,ETH,454,40,2,0.1,0.105,0.11,0.0057,0.4158,1886.89,0
2026-08-16T08:26:00Z,BTC,542,66,4,0.15,0.16,0.16,0.011,0.288,63376.93,0
2026-08-16T08:26:00Z,ETH,454,40,2,0.1,0.105,0.11,0.0057,0.4158,1886.89,0
2026-08-16T08:27:00Z,BTC,542,66,4,0.15,0.1625,0.17,0.011,0.2878,63373.5,0
2026-08-16T08:27:00Z,ETH,454,40,2,0.1,0.105,0.11,0.0057,0.4158,1886.7,0
2026-08-16T08:28:00Z,BTC,542,66,4,0.145,0.16,0.16,0.011,0.2876,63372.14,0
2026-08-16T08:28:00Z,ETH,454,40,2,0.1,0.105,0.11,0.0057,0.4158,1886.44,0
2026-08-16T08:29:00Z,BTC,542,66,4,0.145,0.16,0.16,0.011,0.2874,63372.69,0
2026-08-16T08:29:00Z,ETH,454,40,2,0.095,0.0975,0.1,0.0057,0.4158,1886.46,0
2026-08-16T08:30:00Z,BTC,542,66,4,0.14,0.155,0.17,0.011,0.2873,63366.81,0
2026-08-16T08:30:00Z,ETH,454,40,2,0.095,0.0975,0.1,0.0057,0.4158,1886.54,0
2026-08-16T08:31:00Z,BTC,542,66,4,0.145,0.16,0.16,0.011,0.2869,63366.58,0
2026-08-16T08:31:00Z,ETH,454,40,2,0.1,0.105,0.11,0.0057,0.4158,1886.56,0
2026-08-16T08:32:00Z,BTC,542,66,4,0.145,0.1625,0.17,0.011,0.2868,63366.4,0
2026-08-16T08:32:00Z,ETH,454,40,2,0.1,0.105,0.11,0.0057,0.4158,1886.73,0
2026-08-16T08:33:00Z,BTC,542,66,4,0.145,0.1625,0.17,0.011,0.287,63369.64,0
2026-08-16T08:33:00Z,ETH,454,40,2,0.095,0.0975,0.1,0.0057,0.4158,1886.89,0
2026-08-16T08:34:00Z,BTC,542,66,4,0.15,0.16,0.16,0.011,0.2874,63372.76,0
2026-08-16T08:34:00Z,ETH,454,40,2,0.1,0.1,0.1,0.0057,0.4158,1886.94,0
2026-08-16T08:35:00Z,BTC,542,66,4,0.145,0.1625,0.17,0.011,0.2877,63374.43,0
2026-08-16T08:35:00Z,ETH,454,40,2,0.095,0.0975,0.1,0.0057,0.4158,1886.99,0
2026-08-16T08:36:00Z,BTC,542,66,4,0.15,0.1625,0.17,0.011,0.2878,63375.13,0
2026-08-16T08:36:00Z,ETH,454,40,2,0.1,0.1,0.1,0.0057,0.4159,1887.13,0
2026-08-16T08:37:00Z,BTC,542,66,4,0.14,0.155,0.17,0.011,0.2879,63377.19,0
2026-08-16T08:37:00Z,ETH,454,40,2,0.1,0.105,0.11,0.0058,0.4159,1887.13,0
2026-08-16T08:38:00Z,BTC,542,66,4,0.15,0.1625,0.17,0.011,0.2879,63377.54,0
2026-08-16T08:38:00Z,ETH,454,40,2,0.095,0.0975,0.1,0.0058,0.4159,1887.09,0
2026-08-16T08:39:00Z,BTC,542,66,4,0.15,0.16,0.16,0.011,0.2879,63377.51,0
2026-08-16T08:39:00Z,ETH,454,40,2,0.095,0.0975,0.1,0.0058,0.4159,1887.2,0
2026-08-16T08:40:00Z,BTC,542,66,4,0.145,0.1525,0.16,0.011,0.2879,63379.09,0
2026-08-16T08:40:00Z,ETH,454,40,2,0.095,0.0975,0.1,0.0058,0.4159,1887.21,0
2026-08-16T08:41:00Z,BTC,542,66,4,0.14,0.1525,0.16,0.011,0.288,63380.44,0
2026-08-16T08:41:00Z,ETH,454,40,2,0.1,0.105,0.11,0.0057,0.4159,1886.97,0
2026-08-16T08:42:00Z,BTC,542,66,4,0.145,0.16,0.16,0.011,0.288,63379.4,0
2026-08-16T08:42:00Z,ETH,454,40,2,0.1,0.105,0.11,0.0057,0.4158,1886.49,0
2026-08-16T08:43:00Z,BTC,542,66,4,0.15,0.1625,0.17,0.011,0.2879,63374.31,0
2026-08-16T08:43:00Z,ETH,454,40,2,0.095,0.0975,0.1,0.0058,0.4158,1886.35,0
2026-08-16T08:44:00Z,BTC,542,66,4,0.145,0.16,0.16,0.011,0.2876,63368.67,0
2026-08-16T08:44:00Z,ETH,454,40,2,0.15,0.18,0.21,0.0093,0.4158,1886.3,0
2026-08-16T08:45:00Z,BTC,542,66,4,0.15,0.16,0.16,0.011,0.2875,63366.95,0
2026-08-16T08:45:00Z,ETH,454,40,2,0.095,0.0975,0.1,0.0058,0.4158,1886.35,0
2026-08-16T08:46:00Z,BTC,542,66,4,0.15,0.1625,0.17,0.011,0.2875,63367.32,0
2026-08-16T08:46:00Z,ETH,454,40,2,0.1,0.105,0.11,0.0058,0.4158,1886.37,0
2026-08-16T08:47:00Z,BTC,542,66,4,0.15,0.1625,0.17,0.011,0.2875,63367.43,0
2026-08-16T08:47:00Z,ETH,454,40,2,0.1,0.105,0.11,0.0058,0.4158,1886.44,0
2026-08-16T08:48:00Z,BTC,542,66,4,0.15,0.1625,0.17,0.011,0.2873,63368.27,0
2026-08-16T08:48:00Z,ETH,454,40,2,0.15,0.18,0.21,0.0093,0.4158,1886.49,0
2026-08-16T08:49:00Z,BTC,542,66,4,0.15,0.1625,0.17,0.0111,0.2873,63369.57,0
2026-08-16T08:49:00Z,ETH,454,40,2,0.145,0.1725,0.2,0.0093,0.4158,1886.51,0
2026-08-16T08:50:00Z,BTC,542,66,4,0.145,0.1625,0.17,0.0111,0.2873,63369.99,0
2026-08-16T08:50:00Z,ETH,454,40,2,0.15,0.18,0.21,0.0093,0.4158,1886.5,0
2026-08-16T08:51:00Z,BTC,542,66,4,0.145,0.16,0.16,0.0111,0.2873,63370.05,0
2026-08-16T08:51:00Z,ETH,454,40,2,0.145,0.1725,0.2,0.0093,0.4158,1886.5,0
2026-08-16T08:52:00Z,BTC,542,66,4,0.145,0.16,0.16,0.0111,0.2873,63370.06,0
2026-08-16T08:52:00Z,ETH,454,40,2,0.155,0.1825,0.21,0.0093,0.4158,1886.5,0
2026-08-16T08:53:00Z,BTC,542,66,4,0.145,0.16,0.16,0.0111,0.2873,63370.36,0
2026-08-16T08:53:00Z,ETH,454,40,2,0.095,0.0975,0.1,0.0057,0.4158,1886.51,0
2026-08-16T08:54:00Z,BTC,542,66,4,0.145,0.16,0.16,0.0111,0.2873,63371.48,0
2026-08-16T08:54:00Z,ETH,454,40,2,0.1,0.105,0.11,0.0057,0.4158,1886.57,0
2026-08-16T08:55:00Z,BTC,542,66,4,0.15,0.16,0.16,0.0111,0.2873,63372.36,0
2026-08-16T08:55:00Z,ETH,454,40,2,0.1,0.105,0.11,0.0057,0.4158,1886.6,0
2026-08-16T08:56:00Z,BTC,542,66,4,0.145,0.1625,0.17,0.0111,0.2874,63372.48,0
2026-08-16T08:56:00Z,ETH,454,40,2,0.1,0.105,0.11,0.0057,0.4158,1886.66,0
2026-08-16T08:57:00Z,BTC,542,66,4,0.145,0.1625,0.17,0.0111,0.2874,63373.91,0
2026-08-16T08:57:00Z,ETH,454,40,2,0.095,0.0975,0.1,0.0057,0.4159,1886.95,0
2026-08-16T08:58:00Z,BTC,542,66,4,0.15,0.16,0.16,0.0111,0.2874,63375.23,0
2026-08-16T08:58:00Z,ETH,454,40,2,0.095,0.0975,0.1,0.0057,0.4158,1886.84,0
2026-08-16T08:59:00Z,BTC,542,66,4,0.145,0.1625,0.17,0.0111,0.2873,63375.23,0
2026-08-16T08:59:00Z,ETH,454,40,2,0.095,0.0975,0.1,0.0057,0.4158,1886.78,0
2026-08-16T09:00:00Z,BTC,542,66,4,0.15,0.16,0.16,0.0111,0.2872,63374.65,0
2026-08-16T09:00:00Z,ETH,454,40,2,0.145,0.1625,0.18,0.008,0.4158,1886.85,0
2026-08-16T09:01:00Z,BTC,542,66,4,0.145,0.16,0.16,0.0111,0.2873,63373.47,0
2026-08-16T09:01:00Z,ETH,454,40,2,0.185,0.2275,0.27,0.0102,0.4158,1886.84,0
2026-08-16T09:02:00Z,BTC,542,66,4,0.145,0.1625,0.17,0.0111,0.2866,63372.86,0
2026-08-16T09:02:00Z,ETH,454,40,2,0.095,0.0975,0.1,0.0057,0.4158,1886.78,0
2026-08-16T09:03:00Z,BTC,542,66,4,0.145,0.1625,0.17,0.0111,0.2866,63372.87,0
2026-08-16T09:03:00Z,ETH,454,40,2,0.095,0.0975,0.1,0.0058,0.4158,1886.85,0
2026-08-16T09:04:00Z,BTC,542,66,4,0.145,0.1625,0.17,0.0111,0.2866,63372.86,0
2026-08-16T09:04:00Z,ETH,454,40,2,0.095,0.0975,0.1,0.0058,0.4158,1886.94,0
2026-08-16T09:05:00Z,BTC,542,66,4,0.145,0.1625,0.17,0.0111,0.2866,63372.85,0
2026-08-16T09:05:00Z,ETH,454,40,2,0.1,0.1,0.1,0.0058,0.4158,1886.89,0
2026-08-16T09:06:00Z,BTC,542,66,4,0.165,0.195,0.27,0.0143,0.2866,63372.71,0
2026-08-16T09:06:00Z,ETH,454,40,2,0.095,0.0975,0.1,0.0058,0.4158,1886.8,0
2026-08-16T09:07:00Z,BTC,542,66,4,0.16,0.1875,0.27,0.0143,0.2866,63371.7,0
2026-08-16T09:07:00Z,ETH,454,40,2,0.1,0.105,0.11,0.0058,0.4158,1886.72,0
2026-08-16T09:08:00Z,BTC,542,66,4,0.16,0.1875,0.27,0.0143,0.2866,63370.6,0
2026-08-16T09:08:00Z,ETH,454,40,2,0.1,0.105,0.11,0.0058,0.4158,1886.66,0
2026-08-16T09:09:00Z,BTC,542,66,4,0.15,0.16,0.16,0.0111,0.2867,63370.55,0
2026-08-16T09:09:00Z,ETH,454,40,2,0.095,0.0975,0.1,0.0058,0.4158,1886.59,0
2026-08-16T09:10:00Z,BTC,542,66,4,0.15,0.16,0.16,0.0111,0.2867,63370.56,0
2026-08-16T09:10:00Z,ETH,454,40,2,0.1,0.105,0.11,0.0058,0.4158,1886.63,0
2026-08-16T09:11:00Z,BTC,542,66,4,0.165,0.1975,0.28,0.0143,0.2866,63370.6,0
2026-08-16T09:11:00Z,ETH,454,40,2,0.095,0.0975,0.1,0.0058,0.4158,1886.74,0
2026-08-16T09:12:00Z,BTC,542,66,4,0.165,0.195,0.27,0.0143,0.2867,63370.56,0
2026-08-16T09:12:00Z,ETH,454,40,2,0.095,0.0975,0.1,0.0058,0.4159,1887.3,0
2026-08-16T09:13:00Z,BTC,542,66,4,0.145,0.1625,0.17,0.0111,0.2867,63370.57,0
2026-08-16T09:13:00Z,ETH,454,40,2,0.1,0.105,0.11,0.0058,0.4159,1887.77,0
2026-08-16T09:14:00Z,BTC,542,66,4,0.145,0.1625,0.17,0.0111,0.2867,63370.55,0
2026-08-16T09:14:00Z,ETH,454,40,2,0.105,0.1075,0.11,0.0058,0.416,1887.95,0
2026-08-16T09:15:00Z,BTC,542,66,4,0.145,0.1625,0.17,0.0111,0.2867,63370.56,0
2026-08-16T09:15:00Z,ETH,454,40,2,0.095,0.0975,0.1,0.0058,0.416,1887.98,0
2026-08-16T09:16:00Z,BTC,542,66,4,0.145,0.1625,0.17,0.0111,0.2867,63370.55,0
2026-08-16T09:16:00Z,ETH,454,40,2,0.1,0.105,0.11,0.0058,0.416,1887.9,0
2026-08-16T09:17:00Z,BTC,542,66,4,0.145,0.1625,0.17,0.0111,0.2867,63370.56,0
2026-08-16T09:17:00Z,ETH,454,40,2,0.145,0.1725,0.2,0.0093,0.416,1887.85,0
2026-08-16T09:18:00Z,BTC,542,66,4,0.15,0.1625,0.17,0.0111,0.2865,63370.51,0
2026-08-16T09:18:00Z,ETH,454,40,2,0.15,0.18,0.21,0.0093,0.416,1887.86,0
2026-08-16T09:19:00Z,BTC,542,66,4,0.15,0.1625,0.17,0.0111,0.2868,63370.31,0
2026-08-16T09:19:00Z,ETH,454,40,2,0.195,0.2025,0.21,0.0115,0.416,1887.84,0
2026-08-16T09:20:00Z,BTC,542,66,4,0.15,0.1625,0.17,0.0111,0.2868,63370.13,0
2026-08-16T09:20:00Z,ETH,454,40,2,0.1,0.105,0.11,0.0058,0.416,1887.86,0
2026-08-16T09:21:00Z,BTC,542,66,4,0.155,0.17,0.17,0.0111,0.2868,63370.15,0
2026-08-16T09:21:00Z,ETH,454,40,2,0.095,0.0975,0.1,0.0058,0.416,1887.93,0
2026-08-16T09:22:00Z,BTC,542,66,4,0.15,0.1625,0.17,0.0111,0.2868,63370.17,0
2026-08-16T09:22:00Z,ETH,454,40,2,0.1,0.105,0.11,0.0058,0.416,1887.97,0
2026-08-16T09:23:00Z,BTC,542,66,4,0.15,0.16,0.16,0.0111,0.2868,63370.17,0
2026-08-16T09:23:00Z,ETH,454,40,2,0.1,0.105,0.11,0.0058,0.416,1888.09,0
2026-08-16T09:24:00Z,BTC,542,66,4,0.145,0.16,0.16,0.0111,0.2868,63370.17,0
2026-08-16T09:24:00Z,ETH,454,40,2,0.19,0.235,0.28,0.0102,0.416,1888.14,0
2026-08-16T09:25:00Z,BTC,542,66,4,0.145,0.16,0.16,0.0111,0.2868,63370.14,0
2026-08-16T09:25:00Z,ETH,454,40,2,0.145,0.1625,0.18,0.008,0.416,1888.36,0
2026-08-16T09:26:00Z,BTC,542,66,4,0.145,0.16,0.16,0.0111,0.2868,63370.16,0
2026-08-16T09:26:00Z,ETH,454,40,2,0.095,0.0975,0.1,0.0058,0.416,1887.94,0
2026-08-16T09:27:00Z,BTC,542,66,4,0.15,0.1625,0.17,0.0111,0.2876,63370.16,0
2026-08-16T09:27:00Z,ETH,454,40,2,0.15,0.17,0.19,0.008,0.4159,1887.5,0
2026-08-16T09:28:00Z,BTC,542,66,4,0.145,0.16,0.16,0.0111,0.2876,63370.25,0
2026-08-16T09:28:00Z,ETH,454,40,2,0.145,0.1675,0.19,0.008,0.4159,1887.59,0
2026-08-16T09:29:00Z,BTC,542,66,4,0.145,0.16,0.16,0.0111,0.2876,63370.07,0
2026-08-16T09:29:00Z,ETH,454,40,2,0.145,0.1625,0.18,0.008,0.4159,1887.62,0
2026-08-16T09:30:00Z,BTC,542,66,4,0.145,0.16,0.16,0.0111,0.2877,63370.12,0
2026-08-16T09:30:00Z,ETH,454,40,2,0.095,0.0975,0.1,0.0058,0.4159,1887.57,0
2026-08-16T09:31:00Z,BTC,542,66,4,0.145,0.16,0.16,0.0111,0.2877,63370.11,0
2026-08-16T09:31:00Z,ETH,454,40,2,0.095,0.0975,0.1,0.0058,0.4159,1887.56,0
2026-08-16T09:32:00Z,BTC,542,66,4,0.145,0.16,0.16,0.0111,0.2877,63370.15,0
2026-08-16T09:32:00Z,ETH,454,40,2,0.155,0.1825,0.21,0.0093,0.4159,1887.57,0
2026-08-16T09:33:00Z,BTC,542,66,4,0.145,0.16,0.16,0.0111,0.2877,63370.52,0
2026-08-16T09:33:00Z,ETH,454,40,2,0.1,0.105,0.11,0.0057,0.4159,1887.75,0
2026-08-16T09:34:00Z,BTC,542,66,4,0.145,0.1625,0.17,0.0111,0.2876,63353.62,0
2026-08-16T09:34:00Z,ETH,454,40,2,0.145,0.1725,0.2,0.0092,0.4159,1887.29,0
2026-08-16T09:35:00Z,BTC,542,66,4,0.15,0.1625,0.17,0.0111,0.2875,63354.85,0
2026-08-16T09:35:00Z,ETH,454,40,2,0.15,0.18,0.21,0.0092,0.4159,1887.33,0
2026-08-16T09:36:00Z,BTC,542,66,4,0.15,0.1625,0.17,0.0111,0.2876,63357.1,0
2026-08-16T09:36:00Z,ETH,454,40,2,0.15,0.18,0.21,0.0092,0.4159,1887.49,0
2026-08-16T09:37:00Z,BTC,542,66,4,0.145,0.1625,0.17,0.0111,0.2877,63356.39,0
2026-08-16T09:37:00Z,ETH,454,40,2,0.145,0.1725,0.2,0.0092,0.4159,1887.48,0
2026-08-16T09:38:00Z,BTC,542,66,4,0.15,0.1625,0.17,0.0111,0.2876,63355.76,0
2026-08-16T09:38:00Z,ETH,454,40,2,0.15,0.18,0.21,0.0092,0.4159,1887.4,0
2026-08-16T09:39:00Z,BTC,542,66,4,0.145,0.1625,0.17,0.0111,0.2876,63355.78,0
2026-08-16T09:39:00Z,ETH,454,40,2,0.155,0.1825,0.21,0.0092,0.4159,1887.32,0
2026-08-16T09:40:00Z,BTC,542,66,4,0.145,0.1625,0.17,0.0111,0.2875,63352.17,0
2026-08-16T09:40:00Z,ETH,454,40,2,0.15,0.18,0.21,0.0092,0.4159,1887.26,0
2026-08-16T09:41:00Z,BTC,542,66,4,0.145,0.1625,0.17,0.0111,0.2877,63347.53,0
2026-08-16T09:41:00Z,ETH,454,40,2,0.15,0.18,0.21,0.0092,0.4159,1887.24,0
2026-08-16T09:42:00Z,BTC,542,66,4,0.15,0.16,0.16,0.0112,0.2866,63317.68,0
2026-08-16T09:42:00Z,ETH,454,40,2,0.095,0.0975,0.1,0.0057,0.4158,1886.59,0
2026-08-16T09:43:00Z,BTC,542,66,4,0.145,0.1625,0.17,0.0111,0.2868,63300.32,0
2026-08-16T09:43:00Z,ETH,454,40,2,0.1,0.105,0.11,0.0057,0.4158,1885.8,0
2026-08-16T09:44:00Z,BTC,542,66,4,0.15,0.16,0.16,0.0112,0.287,63298.46,0
2026-08-16T09:44:00Z,ETH,454,40,2,0.1,0.105,0.11,0.0057,0.4158,1885.61,0
2026-08-16T09:45:00Z,BTC,542,66,4,0.15,0.16,0.16,0.0111,0.2872,63275.76,0
2026-08-16T09:45:00Z,ETH,454,40,2,0.095,0.0975,0.1,0.0057,0.4158,1884.93,0
2026-08-16T09:46:00Z,BTC,542,66,4,0.145,0.1625,0.17,0.0111,0.2875,63284.33,0
2026-08-16T09:46:00Z,ETH,454,40,2,0.095,0.0975,0.1,0.0057,0.4158,1885.72,0
2026-08-16T09:47:00Z,BTC,542,66,4,0.145,0.1625,0.17,0.0111,0.2884,63302.66,0
2026-08-16T09:47:00Z,ETH,454,40,2,0.095,0.0975,0.1,0.0057,0.4158,1886.74,0
2026-08-16T09:48:00Z,BTC,542,66,4,0.145,0.1625,0.17,0.0112,0.2878,63305.3,0
2026-08-16T09:48:00Z,ETH,454,40,2,0.15,0.18,0.21,0.0092,0.4158,1886.75,0
2026-08-16T09:49:00Z,BTC,542,66,4,0.145,0.16,0.16,0.0112,0.2878,63303.12,0
2026-08-16T09:49:00Z,ETH,454,40,2,0.1,0.105,0.11,0.0057,0.4158,1886.75,0
2026-08-16T09:50:00Z,BTC,542,66,4,0.15,0.17,0.17,0.0112,0.2869,63315.93,0
2026-08-16T09:50:00Z,ETH,454,40,2,0.095,0.0975,0.1,0.0057,0.4159,1887.13,0
2026-08-16T09:51:00Z,BTC,542,66,4,0.145,0.1625,0.17,0.0112,0.2872,63320.7,0
2026-08-16T09:51:00Z,ETH,454,40,2,0.14,0.16,0.18,0.0079,0.4159,1887.27,0
2026-08-16T09:52:00Z,BTC,542,66,4,0.15,0.1625,0.17,0.0112,0.2873,63321.49,0
2026-08-16T09:52:00Z,ETH,454,40,2,0.14,0.16,0.18,0.0079,0.4159,1887.25,0
2026-08-16T09:53:00Z,BTC,542,66,4,0.145,0.1625,0.17,0.0112,0.2871,63318.53,0
2026-08-16T09:53:00Z,ETH,454,40,2,0.19,0.235,0.28,0.0101,0.4159,1886.96,0
2026-08-16T09:54:00Z,BTC,542,66,4,0.145,0.1625,0.17,0.0112,0.2871,63315.58,0
2026-08-16T09:54:00Z,ETH,454,40,2,0.14,0.16,0.18,0.0079,0.4158,1886.71,0
2026-08-16T09:55:00Z,BTC,542,66,4,0.145,0.16,0.16,0.0111,0.2867,63313.49,0
2026-08-16T09:55:00Z,ETH,454,40,2,0.1,0.105,0.11,0.0057,0.4158,1886.4,0
2026-08-16T09:56:00Z,BTC,542,66,4,0.145,0.16,0.16,0.0111,0.2866,63301.42,0
2026-08-16T09:56:00Z,ETH,454,40,2,0.1,0.1,0.1,0.0057,0.4158,1886.07,0
2026-08-16T09:57:00Z,BTC,542,66,4,0.15,0.16,0.16,0.0111,0.2874,63291.36,0
2026-08-16T09:57:00Z,ETH,454,40,2,0.095,0.0975,0.1,0.0057,0.4158,1886.1,0
2026-08-16T09:58:00Z,BTC,542,66,4,0.165,0.1925,0.26,0.0145,0.2865,63288.43,0
2026-08-16T09:58:00Z,ETH,454,40,2,0.095,0.0975,0.1,0.0057,0.4158,1886.07,0
2026-08-16T09:59:00Z,BTC,542,66,4,0.145,0.16,0.16,0.0111,0.2864,63287.96,0
2026-08-16T09:59:00Z,ETH,454,40,2,0.14,0.16,0.18,0.0079,0.4158,1886.08,0
2026-08-16T10:00:00Z,BTC,542,66,4,0.145,0.16,0.16,0.0111,0.2865,63265.02,0
2026-08-16T10:00:00Z,ETH,454,40,2,0.145,0.1675,0.19,0.0079,0.4158,1885.86,0
2026-08-16T10:01:00Z,BTC,542,66,4,0.145,0.16,0.16,0.0111,0.2873,63282.66,0
2026-08-16T10:01:00Z,ETH,454,40,2,0.145,0.1625,0.18,0.0079,0.4158,1886.4,0
2026-08-16T10:02:00Z,BTC,542,66,4,0.15,0.16,0.16,0.0111,0.2869,63284.93,0
2026-08-16T10:02:00Z,ETH,454,40,2,0.195,0.2375,0.28,0.0101,0.4158,1885.94,0
2026-08-16T10:03:00Z,BTC,542,66,4,0.165,0.195,0.27,0.0145,0.2871,63270.76,0
2026-08-16T10:03:00Z,ETH,454,40,2,0.095,0.0975,0.1,0.0057,0.4158,1885.45,0
2026-08-16T10:04:00Z,BTC,542,66,4,0.165,0.195,0.27,0.0145,0.2876,63274.03,0
2026-08-16T10:04:00Z,ETH,454,40,2,0.14,0.16,0.18,0.0079,0.4158,1885.88,0
2026-08-16T10:05:00Z,BTC,542,66,4,0.15,0.16,0.16,0.0111,0.2868,63276.6,0
2026-08-16T10:05:00Z,ETH,454,40,2,0.145,0.1625,0.18,0.0079,0.4158,1885.93,0
2026-08-16T10:06:00Z,BTC,542,66,4,0.15,0.16,0.16,0.0111,0.2871,63276.94,0
2026-08-16T10:06:00Z,ETH,454,40,2,0.14,0.16,0.18,0.0079,0.4158,1885.63,0
2026-08-16T10:07:00Z,BTC,542,66,4,0.15,0.17,0.17,0.0111,0.287,63277.23,0
2026-08-16T10:07:00Z,ETH,454,40,2,0.145,0.1625,0.18,0.0079,0.4158,1885.67,0
2026-08-16T10:08:00Z,BTC,542,66,4,0.15,0.1625,0.17,0.0111,0.287,63284.9,0
2026-08-16T10:08:00Z,ETH,454,40,2,0.145,0.1625,0.18,0.0079,0.4158,1885.5,0
2026-08-16T10:09:00Z,BTC,542,66,4,0.145,0.1625,0.17,0.0111,0.2869,63292.87,0
2026-08-16T10:09:00Z,ETH,454,40,2,0.145,0.1625,0.18,0.0079,0.4158,1885.8,0
2026-08-16T10:10:00Z,BTC,542,66,4,0.15,0.1625,0.17,0.0111,0.2865,63290.24,0
2026-08-16T10:10:00Z,ETH,454,40,2,0.14,0.16,0.18,0.0079,0.4158,1886.09,0
2026-08-16T10:11:00Z,BTC,542,66,4,0.145,0.16,0.16,0.0111,0.2866,63287.63,0
2026-08-16T10:11:00Z,ETH,454,40,2,0.145,0.1625,0.18,0.0079,0.4158,1886.07,0
2026-08-16T10:12:00Z,BTC,542,66,4,0.165,0.1925,0.26,0.0145,0.2864,63289.55,0
2026-08-16T10:12:00Z,ETH,454,40,2,0.145,0.1625,0.18,0.0079,0.4158,1886.37,0
2026-08-16T10:13:00Z,BTC,542,66,4,0.145,0.1625,0.17,0.0112,0.2865,63287.92,0
2026-08-16T10:13:00Z,ETH,454,40,2,0.095,0.0975,0.1,0.0057,0.4158,1885.73,0
2026-08-16T10:14:00Z,BTC,542,66,4,0.145,0.1625,0.17,0.0111,0.2877,63281.86,0
2026-08-16T10:14:00Z,ETH,454,40,2,0.1,0.105,0.11,0.0057,0.4158,1885.41,0
2026-08-16T10:15:00Z,BTC,542,66,4,0.145,0.1625,0.17,0.0111,0.2874,63281.88,0
2026-08-16T10:15:00Z,ETH,454,40,2,0.145,0.1625,0.18,0.0079,0.4158,1885.43,0
2026-08-16T10:16:00Z,BTC,542,66,4,0.145,0.1625,0.17,0.0112,0.2868,63282.91,0
2026-08-16T10:16:00Z,ETH,454,40,2,0.145,0.1625,0.18,0.0079,0.4158,1885.44,0
2026-08-16T10:17:00Z,BTC,542,66,4,0.15,0.16,0.16,0.0112,0.2865,63282.15,0
2026-08-16T10:17:00Z,ETH,454,40,2,0.145,0.1625,0.18,0.0079,0.4158,1885.63,0
2026-08-16T10:18:00Z,BTC,542,66,4,0.145,0.1625,0.17,0.0112,0.2865,63281.76,0
2026-08-16T10:18:00Z,ETH,454,40,2,0.14,0.16,0.18,0.0079,0.4158,1885.72,0
2026-08-16T10:19:00Z,BTC,542,66,4,0.15,0.1625,0.17,0.0112,0.2865,63281.6,0
2026-08-16T10:19:00Z,ETH,454,40,2,0.145,0.1625,0.18,0.0079,0.4158,1885.66,0
2026-08-16T10:20:00Z,BTC,542,66,4,0.15,0.16,0.16,0.0112,0.2865,63281.7,0
2026-08-16T10:20:00Z,ETH,454,40,2,0.145,0.1625,0.18,0.0079,0.4158,1885.69,0
2026-08-16T10:21:00Z,BTC,542,66,4,0.15,0.16,0.16,0.0112,0.2862,63281.74,0
2026-08-16T10:21:00Z,ETH,454,40,2,0.145,0.1625,0.18,0.0079,0.4158,1885.69,0
2026-08-16T10:22:00Z,BTC,542,66,4,0.145,0.16,0.16,0.0112,0.2863,63281.75,0
2026-08-16T10:22:00Z,ETH,454,40,2,0.14,0.16,0.18,0.0079,0.4158,1885.59,0
2026-08-16T10:23:00Z,BTC,542,66,4,0.145,0.16,0.16,0.0112,0.2862,63281.75,0
2026-08-16T10:23:00Z,ETH,454,40,2,0.145,0.1625,0.18,0.0079,0.4158,1885.64,0
2026-08-16T10:24:00Z,BTC,542,66,4,0.15,0.1625,0.17,0.0112,0.2863,63283.52,0
2026-08-16T10:24:00Z,ETH,454,40,2,0.1,0.105,0.11,0.0058,0.4158,1885.66,0
2026-08-16T10:25:00Z,BTC,542,66,4,0.155,0.17,0.17,0.0112,0.2863,63295.82,0
2026-08-16T10:25:00Z,ETH,454,40,2,0.095,0.0975,0.1,0.0058,0.4158,1885.87,0
2026-08-16T10:26:00Z,BTC,542,66,4,0.145,0.16,0.16,0.0112,0.2866,63303.63,0
2026-08-16T10:26:00Z,ETH,454,40,2,0.145,0.1625,0.18,0.008,0.4158,1885.99,0
2026-08-16T10:27:00Z,BTC,542,66,4,0.145,0.1625,0.17,0.0112,0.2868,63311.2,0
2026-08-16T10:27:00Z,ETH,454,40,2,0.1,0.105,0.11,0.0057,0.4158,1886.3,0
2026-08-16T10:28:00Z,BTC,542,66,4,0.145,0.16,0.16,0.0112,0.2865,63322.49,0
2026-08-16T10:28:00Z,ETH,454,40,2,0.1,0.105,0.11,0.0057,0.4158,1886.5,0
2026-08-16T10:29:00Z,BTC,542,66,4,0.15,0.1625,0.17,0.0112,0.2863,63321.43,0
2026-08-16T10:29:00Z,ETH,454,40,2,0.145,0.1675,0.19,0.0079,0.4158,1886.45,0
2026-08-16T10:30:00Z,BTC,542,66,4,0.145,0.1625,0.17,0.0112,0.2864,63314.96,0
2026-08-16T10:30:00Z,ETH,454,40,2,0.1,0.1,0.1,0.0058,0.4158,1886.32,0
2026-08-16T10:31:00Z,BTC,542,66,4,0.15,0.16,0.16,0.0112,0.2867,63317.6,0
2026-08-16T10:31:00Z,ETH,454,40,2,0.1,0.105,0.11,0.0058,0.4158,1886.3,0
2026-08-16T10:32:00Z,BTC,542,66,4,0.15,0.1625,0.17,0.0112,0.287,63320.17,0
2026-08-16T10:32:00Z,ETH,454,40,2,0.1,0.105,0.11,0.0057,0.4158,1885.93,0
2026-08-16T10:33:00Z,BTC,542,66,4,0.15,0.1625,0.17,0.0111,0.287,63320.15,0
2026-08-16T10:33:00Z,ETH,454,40,2,0.14,0.16,0.18,0.0079,0.4158,1885.94,0
2026-08-16T10:34:00Z,BTC,542,66,4,0.15,0.1625,0.17,0.0111,0.287,63320.13,0
2026-08-16T10:34:00Z,ETH,454,40,2,0.145,0.1625,0.18,0.0079,0.4158,1886.07,0
2026-08-16T10:35:00Z,BTC,542,66,4,0.15,0.16,0.16,0.0111,0.287,63320.16,0
2026-08-16T10:35:00Z,ETH,454,40,2,0.1,0.105,0.11,0.0057,0.4158,1886.23,0
2026-08-16T10:36:00Z,BTC,542,66,4,0.145,0.16,0.16,0.0111,0.287,63317.92,0
2026-08-16T10:36:00Z,ETH,454,40,2,0.095,0.0975,0.1,0.0058,0.4158,1886.46,0
2026-08-16T10:37:00Z,BTC,542,66,4,0.145,0.1625,0.17,0.0111,0.287,63315.55,0
2026-08-16T10:37:00Z,ETH,454,40,2,0.095,0.0975,0.1,0.0058,0.4158,1886.12,0
2026-08-16T10:38:00Z,BTC,542,66,4,0.15,0.16,0.16,0.0111,0.2873,63315.74,0
2026-08-16T10:38:00Z,ETH,454,40,2,0.1,0.105,0.11,0.0058,0.4158,1886.42,0
2026-08-16T10:39:00Z,BTC,542,66,4,0.145,0.16,0.16,0.0111,0.2874,63315.42,0
2026-08-16T10:39:00Z,ETH,454,40,2,0.095,0.0975,0.1,0.0058,0.4158,1886.31,0
2026-08-16T10:40:00Z,BTC,542,66,4,0.145,0.1625,0.17,0.0111,0.2873,63315.46,0
2026-08-16T10:40:00Z,ETH,454,40,2,0.1,0.105,0.11,0.0058,0.4158,1886.29,0
2026-08-16T10:41:00Z,BTC,542,66,4,0.15,0.1625,0.17,0.0111,0.2874,63315.45,0
2026-08-16T10:41:00Z,ETH,454,40,2,0.095,0.0975,0.1,0.0058,0.4158,1886.37,0
2026-08-16T10:42:00Z,BTC,542,66,4,0.15,0.16,0.16,0.0111,0.2873,63315.79,0
2026-08-16T10:42:00Z,ETH,454,40,2,0.1,0.105,0.11,0.0057,0.4158,1886.47,0
2026-08-16T10:43:00Z,BTC,542,66,4,0.15,0.1625,0.17,0.0111,0.2874,63315.5,0
2026-08-16T10:43:00Z,ETH,454,40,2,0.14,0.16,0.18,0.0079,0.4158,1886.5,0
2026-08-16T10:44:00Z,BTC,542,66,4,0.15,0.1625,0.17,0.0111,0.2874,63315.46,0
2026-08-16T10:44:00Z,ETH,454,40,2,0.095,0.0975,0.1,0.0057,0.4158,1886.6,0
2026-08-16T10:45:00Z,BTC,542,66,4,0.15,0.16,0.16,0.0111,0.2873,63315.47,0
2026-08-16T10:45:00Z,ETH,454,40,2,0.1,0.1,0.1,0.0057,0.4158,1886.61,0
2026-08-16T10:46:00Z,BTC,542,66,4,0.15,0.16,0.16,0.0111,0.2874,63315.46,0
2026-08-16T10:46:00Z,ETH,454,40,2,0.145,0.1625,0.18,0.008,0.4158,1886.63,0
2026-08-16T10:47:00Z,BTC,542,66,4,0.145,0.16,0.16,0.0111,0.2874,63315.47,0
2026-08-16T10:47:00Z,ETH,454,40,2,0.1,0.1,0.1,0.0057,0.4158,1886.77,0
2026-08-16T10:48:00Z,BTC,542,66,4,0.145,0.16,0.16,0.0111,0.2874,63315.48,0
2026-08-16T10:48:00Z,ETH,454,40,2,0.095,0.0975,0.1,0.0057,0.4158,1887.02,0
2026-08-16T10:49:00Z,BTC,542,66,4,0.145,0.1625,0.17,0.0111,0.2873,63315.47,0
2026-08-16T10:49:00Z,ETH,454,40,2,0.1,0.105,0.11,0.0057,0.4158,1886.97,0
2026-08-16T10:50:00Z,BTC,542,66,4,0.145,0.1625,0.17,0.0111,0.2873,63315.44,0
2026-08-16T10:50:00Z,ETH,454,40,2,0.095,0.0975,0.1,0.0057,0.4158,1886.9,0
2026-08-16T10:51:00Z,BTC,542,66,4,0.145,0.1625,0.17,0.0111,0.2875,63315.45,0
2026-08-16T10:51:00Z,ETH,454,40,2,0.095,0.0975,0.1,0.0057,0.4158,1886.91,0
2026-08-16T10:52:00Z,BTC,542,66,4,0.15,0.1625,0.17,0.0111,0.2873,63315.52,0
2026-08-16T10:52:00Z,ETH,454,40,2,0.1,0.105,0.11,0.0058,0.4158,1886.96,0
2026-08-16T10:53:00Z,BTC,542,66,4,0.15,0.16,0.16,0.0111,0.2874,63315.47,0
2026-08-16T10:53:00Z,ETH,454,40,2,0.1,0.105,0.11,0.0058,0.4158,1886.64,0
2026-08-16T10:54:00Z,BTC,542,66,4,0.15,0.16,0.16,0.0111,0.2876,63315.49,0
2026-08-16T10:54:00Z,ETH,454,40,2,0.1,0.105,0.11,0.0058,0.4158,1886.56,0
2026-08-16T10:55:00Z,BTC,542,66,4,0.15,0.1625,0.17,0.0111,0.2876,63315.48,0
2026-08-16T10:55:00Z,ETH,454,40,2,0.105,0.1075,0.11,0.0058,0.4158,1886.52,0
2026-08-16T10:56:00Z,BTC,542,66,4,0.145,0.1625,0.17,0.0111,0.2875,63315.45,0
2026-08-16T10:56:00Z,ETH,454,40,2,0.095,0.0975,0.1,0.0058,0.4158,1886.49,0
2026-08-16T10:57:00Z,BTC,542,66,4,0.145,0.1625,0.17,0.0111,0.2875,63315.45,0
2026-08-16T10:57:00Z,ETH,454,40,2,0.095,0.0975,0.1,0.0058,0.4158,1886.56,0
2026-08-16T10:58:00Z,BTC,542,66,4,0.145,0.16,0.16,0.0112,0.2875,63315.46,0
2026-08-16T10:58:00Z,ETH,454,40,2,0.095,0.0975,0.1,0.0058,0.4158,1886.66,0
2026-08-16T10:59:00Z,BTC,542,66,4,0.145,0.16,0.16,0.0111,0.2874,63315.43,0
2026-08-16T10:59:00Z,ETH,454,40,2,0.095,0.0975,0.1,0.0058,0.4158,1886.69,0
2026-08-16T11:00:00Z,BTC,542,66,4,0.15,0.16,0.16,0.0111,0.2874,63315.55,0
2026-08-16T11:00:00Z,ETH,454,40,2,0.095,0.0975,0.1,0.0058,0.4158,1886.77,0
2026-08-16T11:01:00Z,BTC,542,66,4,0.15,0.1625,0.17,0.0111,0.2875,63315.49,0
2026-08-16T11:01:00Z,ETH,454,40,2,0.1,0.105,0.11,0.0058,0.4158,1886.82,0
2026-08-16T11:02:00Z,BTC,542,66,4,0.145,0.1625,0.17,0.0112,0.2873,63315.81,0
2026-08-16T11:02:00Z,ETH,454,40,2,0.1,0.105,0.11,0.0058,0.4158,1886.86,0
2026-08-16T11:03:00Z,BTC,542,66,4,0.145,0.1625,0.17,0.0112,0.2871,63315.54,0
2026-08-16T11:03:00Z,ETH,454,40,2,0.095,0.0975,0.1,0.0058,0.4159,1887.08,0
2026-08-16T11:04:00Z,BTC,542,66,4,0.145,0.1625,0.17,0.0112,0.2871,63315.46,0
2026-08-16T11:04:00Z,ETH,454,40,2,0.095,0.0975,0.1,0.0058,0.4159,1887.12,0
2026-08-16T11:05:00Z,BTC,542,66,4,0.145,0.1625,0.17,0.0112,0.2871,63315.46,0
2026-08-16T11:05:00Z,ETH,454,40,2,0.095,0.0975,0.1,0.0058,0.4158,1886.96,0
2026-08-16T11:06:00Z,BTC,542,66,4,0.145,0.1625,0.17,0.0112,0.2871,63315.45,0
2026-08-16T11:06:00Z,ETH,454,40,2,0.105,0.1075,0.11,0.0058,0.4158,1886.85,0
2026-08-16T11:07:00Z,BTC,542,66,4,0.145,0.1625,0.17,0.0112,0.2872,63315.45,0
2026-08-16T11:07:00Z,ETH,454,40,2,0.1,0.105,0.11,0.0058,0.4158,1886.55,0
2026-08-16T11:08:00Z,BTC,542,66,4,0.145,0.1625,0.17,0.0112,0.2871,63315.43,0
2026-08-16T11:08:00Z,ETH,454,40,2,0.1,0.105,0.11,0.0058,0.4158,1886.53,0
2026-08-16T11:09:00Z,BTC,542,66,4,0.145,0.16,0.16,0.0112,0.2872,63315.44,0
2026-08-16T11:09:00Z,ETH,454,40,2,0.1,0.105,0.11,0.0058,0.4158,1886.51,0
2026-08-16T11:10:00Z,BTC,542,66,4,0.145,0.16,0.16,0.0112,0.2872,63313.36,0
2026-08-16T11:10:00Z,ETH,454,40,2,0.1,0.105,0.11,0.0058,0.4158,1886.47,0
2026-08-16T11:11:00Z,BTC,542,66,4,0.15,0.16,0.16,0.0112,0.2873,63314.48,0
2026-08-16T11:11:00Z,ETH,454,40,2,0.145,0.1625,0.18,0.008,0.4158,1886.45,0
2026-08-16T11:12:00Z,BTC,542,66,4,0.15,0.1625,0.17,0.0112,0.287,63315.53,0
2026-08-16T11:12:00Z,ETH,454,40,2,0.095,0.0975,0.1,0.0058,0.4158,1886.56,0
2026-08-16T11:13:00Z,BTC,542,66,4,0.15,0.16,0.16,0.0112,0.2869,63315.46,0
2026-08-16T11:13:00Z,ETH,454,40,2,0.1,0.105,0.11,0.0058,0.4158,1886.63,0
2026-08-16T11:14:00Z,BTC,542,66,4,0.145,0.1625,0.17,0.0112,0.2869,63315.44,0
2026-08-16T11:14:00Z,ETH,454,40,2,0.095,0.0975,0.1,0.0058,0.4158,1886.7,0
2026-08-16T11:15:00Z,BTC,542,66,4,0.15,0.16,0.16,0.0112,0.2869,63315.47,0
2026-08-16T11:15:00Z,ETH,454,40,2,0.1,0.105,0.11,0.0058,0.4158,1886.68,0
2026-08-16T11:16:00Z,BTC,542,66,4,0.15,0.16,0.16,0.0112,0.2869,63315.55,0
2026-08-16T11:16:00Z,ETH,454,40,2,0.1,0.105,0.11,0.0058,0.4158,1886.68,0
2026-08-16T11:17:00Z,BTC,542,66,4,0.15,0.16,0.16,0.0112,0.2869,63315.48,0
2026-08-16T11:17:00Z,ETH,454,40,2,0.095,0.0975,0.1,0.0058,0.4158,1886.66,0
2026-08-16T11:18:00Z,BTC,542,66,4,0.145,0.1625,0.17,0.0112,0.2869,63315.54,0
2026-08-16T11:18:00Z,ETH,454,40,2,0.1,0.105,0.11,0.0058,0.4158,1886.57,0
2026-08-16T11:19:00Z,BTC,542,66,4,0.15,0.1625,0.17,0.0112,0.2871,63315.5,0
2026-08-16T11:19:00Z,ETH,454,40,2,0.1,0.105,0.11,0.0058,0.4158,1886.53,0
2026-08-16T11:20:00Z,BTC,542,66,4,0.145,0.1625,0.17,0.0112,0.2871,63315.45,0
2026-08-16T11:20:00Z,ETH,454,40,2,0.1,0.105,0.11,0.0058,0.4158,1886.54,0
2026-08-16T11:21:00Z,BTC,542,66,4,0.145,0.1625,0.17,0.0112,0.2869,63296.74,0
2026-08-16T11:21:00Z,ETH,454,40,2,0.14,0.16,0.18,0.008,0.4158,1886.15,0
2026-08-16T11:22:00Z,BTC,542,66,4,0.15,0.1625,0.17,0.0112,0.2866,63289.26,0
2026-08-16T11:22:00Z,ETH,454,40,2,0.145,0.1625,0.18,0.008,0.4158,1886.11,0
2026-08-16T11:23:00Z,BTC,542,66,4,0.145,0.16,0.16,0.0112,0.2866,63288.31,0
2026-08-16T11:23:00Z,ETH,454,40,2,0.095,0.0975,0.1,0.0057,0.4158,1886.11,0
2026-08-16T11:24:00Z,BTC,542,66,4,0.15,0.1625,0.17,0.0112,0.2866,63286.6,0
2026-08-16T11:24:00Z,ETH,454,40,2,0.095,0.0975,0.1,0.0057,0.4158,1886.12,0
2026-08-16T11:25:00Z,BTC,542,66,4,0.145,0.1625,0.17,0.0112,0.2865,63284.45,0
2026-08-16T11:25:00Z,ETH,454,40,2,0.095,0.0975,0.1,0.0057,0.4158,1885.98,0
2026-08-16T11:26:00Z,BTC,542,66,4,0.15,0.1625,0.17,0.0112,0.2863,63280.12,0
2026-08-16T11:26:00Z,ETH,454,40,2,0.1,0.105,0.11,0.0057,0.4158,1885.97,0
2026-08-16T11:27:00Z,BTC,542,66,4,0.15,0.1625,0.17,0.0112,0.2864,63274.25,0
2026-08-16T11:27:00Z,ETH,454,40,2,0.1,0.105,0.11,0.0057,0.4158,1886.1,0
2026-08-16T11:28:00Z,BTC,542,66,4,0.145,0.1625,0.17,0.0112,0.286,63279.36,0
2026-08-16T11:28:00Z,ETH,454,40,2,0.145,0.1625,0.18,0.0079,0.4158,1886.45,0
2026-08-16T11:29:00Z,BTC,542,66,4,0.15,0.17,0.17,0.0112,0.2863,63280.65,0
2026-08-16T11:29:00Z,ETH,454,40,2,0.145,0.1625,0.18,0.0079,0.4158,1886.42,0
2026-08-16T11:30:00Z,BTC,542,66,4,0.15,0.16,0.16,0.0112,0.2866,63276.64,0
2026-08-16T11:30:00Z,ETH,454,40,2,0.145,0.1625,0.18,0.0079,0.4158,1886.29,0
2026-08-16T11:31:00Z,BTC,542,66,4,0.145,0.1625,0.17,0.0112,0.2867,63274.16,0
2026-08-16T11:31:00Z,ETH,454,40,2,0.14,0.16,0.18,0.0079,0.4158,1886.15,0
2026-08-16T11:32:00Z,BTC,542,66,4,0.145,0.1625,0.17,0.0112,0.2867,63274.88,0
2026-08-16T11:32:00Z,ETH,454,40,2,0.145,0.1625,0.18,0.008,0.4158,1886.17,0
2026-08-16T11:33:00Z,BTC,542,66,4,0.145,0.1625,0.17,0.0112,0.2867,63281.27,0
2026-08-16T11:33:00Z,ETH,454,40,2,0.145,0.1625,0.18,0.008,0.4158,1886.34,0
2026-08-16T11:34:00Z,BTC,542,66,4,0.145,0.1625,0.17,0.0112,0.2865,63280.93,0
2026-08-16T11:34:00Z,ETH,454,40,2,0.095,0.0975,0.1,0.0058,0.4158,1886.48,0
2026-08-16T11:35:00Z,BTC,542,66,4,0.15,0.16,0.16,0.0112,0.2866,63278.74,0
2026-08-16T11:35:00Z,ETH,454,40,2,0.14,0.16,0.18,0.008,0.4158,1886.45,0
2026-08-16T11:36:00Z,BTC,542,66,4,0.15,0.1625,0.17,0.0112,0.2866,63278.61,0
2026-08-16T11:36:00Z,ETH,454,40,2,0.14,0.16,0.18,0.008,0.4158,1886.51,0
2026-08-16T11:37:00Z,BTC,542,66,4,0.15,0.1625,0.17,0.0112,0.2866,63279.13,0
2026-08-16T11:37:00Z,ETH,454,40,2,0.145,0.1625,0.18,0.008,0.4158,1886.64,0
2026-08-16T11:38:00Z,BTC,542,66,4,0.145,0.16,0.16,0.0112,0.287,63288.9,0
2026-08-16T11:38:00Z,ETH,454,40,2,0.095,0.0975,0.1,0.0058,0.4158,1886.82,0
2026-08-16T11:39:00Z,BTC,542,66,4,0.145,0.1625,0.17,0.0112,0.2869,63293.58,0
2026-08-16T11:39:00Z,ETH,454,40,2,0.1,0.1,0.1,0.0058,0.4158,1886.88,0
2026-08-16T11:40:00Z,BTC,542,66,4,0.155,0.17,0.17,0.0112,0.2867,63295.85,0
2026-08-16T11:40:00Z,ETH,454,40,2,0.1,0.105,0.11,0.0058,0.4158,1886.89,0
2026-08-16T11:41:00Z,BTC,542,66,4,0.145,0.16,0.16,0.0112,0.2868,63294.61,0
2026-08-16T11:41:00Z,ETH,454,40,2,0.095,0.0975,0.1,0.0058,0.4158,1886.89,0
2026-08-16T11:42:00Z,BTC,542,66,4,0.145,0.16,0.16,0.0112,0.2868,63294.34,0
2026-08-16T11:42:00Z,ETH,454,40,2,0.1,0.105,0.11,0.0058,0.4158,1886.9,0
2026-08-16T11:43:00Z,BTC,542,66,4,0.15,0.1625,0.17,0.0112,0.2868,63293.5,0
2026-08-16T11:43:00Z,ETH,454,40,2,0.1,0.105,0.11,0.0058,0.4158,1886.71,0
2026-08-16T11:44:00Z,BTC,542,66,4,0.145,0.1625,0.17,0.0112,0.2867,63285.63,0
2026-08-16T11:44:00Z,ETH,454,40,2,0.1,0.105,0.11,0.0058,0.4158,1886.44,0
2026-08-16T11:45:00Z,BTC,542,66,4,0.145,0.16,0.16,0.0112,0.287,63282.15,0
2026-08-16T11:45:00Z,ETH,454,40,2,0.105,0.1075,0.11,0.0058,0.4158,1886.34,0
2026-08-16T11:46:00Z,BTC,542,66,4,0.145,0.16,0.16,0.0112,0.2865,63269.32,0
2026-08-16T11:46:00Z,ETH,454,40,2,0.1,0.105,0.11,0.0058,0.4158,1886.0,0
2026-08-16T11:47:00Z,BTC,542,66,4,0.145,0.1625,0.17,0.0112,0.2867,63268.93,0
2026-08-16T11:47:00Z,ETH,454,40,2,0.095,0.0975,0.1,0.0058,0.4158,1886.01,0
2026-08-16T11:48:00Z,BTC,542,66,4,0.145,0.1625,0.17,0.0112,0.2867,63269.74,0
2026-08-16T11:48:00Z,ETH,454,40,2,0.14,0.16,0.18,0.008,0.4158,1886.0,0
2026-08-16T11:49:00Z,BTC,542,66,4,0.145,0.1625,0.17,0.0112,0.2866,63268.66,0
2026-08-16T11:49:00Z,ETH,454,40,2,0.145,0.1625,0.18,0.008,0.4158,1886.01,0
2026-08-16T11:50:00Z,BTC,542,66,4,0.145,0.1625,0.17,0.0112,0.2867,63269.17,0
2026-08-16T11:50:00Z,ETH,454,40,2,0.15,0.17,0.19,0.008,0.4158,1886.02,0
2026-08-16T11:51:00Z,BTC,542,66,4,0.15,0.16,0.16,0.0112,0.2867,63270.47,0
2026-08-16T11:51:00Z,ETH,454,40,2,0.145,0.1625,0.18,0.008,0.4158,1886.05,0
2026-08-16T11:52:00Z,BTC,542,66,4,0.15,0.16,0.16,0.0112,0.2867,63270.94,0
2026-08-16T11:52:00Z,ETH,454,40,2,0.145,0.1625,0.18,0.008,0.4158,1886.08,0
2026-08-16T11:53:00Z,BTC,542,66,4,0.145,0.1625,0.17,0.0112,0.2864,63278.62,0
2026-08-16T11:53:00Z,ETH,454,40,2,0.14,0.16,0.18,0.008,0.4158,1886.43,0
2026-08-16T11:54:00Z,BTC,542,66,4,0.15,0.1625,0.17,0.0112,0.2869,63282.28,0
2026-08-16T11:54:00Z,ETH,454,40,2,0.1,0.105,0.11,0.0058,0.4158,1886.19,0
2026-08-16T11:55:00Z,BTC,542,66,4,0.145,0.1625,0.17,0.0112,0.2871,63285.34,0
2026-08-16T11:55:00Z,ETH,454,40,2,0.1,0.105,0.11,0.0058,0.4158,1886.05,0
2026-08-16T11:56:00Z,BTC,542,66,4,0.145,0.1625,0.17,0.0112,0.2872,63302.24,0
2026-08-16T11:56:00Z,ETH,454,40,2,0.1,0.1,0.1,0.0058,0.4158,1886.71,0
2026-08-16T11:57:00Z,BTC,542,66,4,0.17,0.195,0.27,0.0145,0.2872,63307.29,0
2026-08-16T11:57:00Z,ETH,454,40,2,0.1,0.105,0.11,0.0058,0.4158,1886.95,0
2026-08-16T11:58:00Z,BTC,542,66,4,0.16,0.1875,0.27,0.0145,0.2871,63311.49,0
2026-08-16T11:58:00Z,ETH,454,40,2,0.1,0.105,0.11,0.0058,0.4158,1886.97,0
2026-08-16T11:59:00Z,BTC,542,66,4,0.165,0.195,0.27,0.0145,0.2872,63312.95,0
2026-08-16T11:59:00Z,ETH,454,40,2,0.095,0.0975,0.1,0.0058,0.4158,1886.89,0
2026-08-16T12:00:00Z,BTC,542,66,4,0.15,0.16,0.16,0.0112,0.2871,63315.02,0
2026-08-16T12:00:00Z,ETH,454,40,2,0.1,0.105,0.11,0.0058,0.4158,1886.82,0
2026-08-16T12:01:00Z,BTC,542,66,4,0.15,0.1625,0.17,0.0112,0.2869,63315.34,0
2026-08-16T12:01:00Z,ETH,454,40,2,0.105,0.1075,0.11,0.0058,0.4158,1886.45,0
2026-08-16T12:02:00Z,BTC,542,66,4,0.145,0.1625,0.17,0.0113,0.2866,63315.36,0
2026-08-16T12:02:00Z,ETH,454,40,2,0.1,0.105,0.11,0.0058,0.4158,1886.39,0
2026-08-16T12:03:00Z,BTC,542,66,4,0.145,0.1625,0.17,0.0113,0.2864,63315.35,0
2026-08-16T12:03:00Z,ETH,454,40,2,0.1,0.1,0.1,0.0058,0.4158,1886.33,0
2026-08-16T12:04:00Z,BTC,542,66,4,0.15,0.1625,0.17,0.0113,0.2863,63315.89,0
2026-08-16T12:04:00Z,ETH,454,40,2,0.1,0.105,0.11,0.0058,0.4158,1886.31,0
2026-08-16T12:05:00Z,BTC,542,66,4,0.15,0.16,0.16,0.0112,0.2863,63324.4,0
2026-08-16T12:05:00Z,ETH,454,40,2,0.095,0.0975,0.1,0.0058,0.4158,1886.4,0
2026-08-16T12:06:00Z,BTC,542,66,4,0.165,0.1975,0.28,0.0145,0.2864,63324.13,0
2026-08-16T12:06:00Z,ETH,454,40,2,0.095,0.0975,0.1,0.0058,0.4158,1886.37,0
2026-08-16T12:07:00Z,BTC,542,66,4,0.165,0.195,0.27,0.0145,0.2864,63324.07,0
2026-08-16T12:07:00Z,ETH,454,40,2,0.095,0.0975,0.1,0.0058,0.4158,1886.25,0
2026-08-16T12:08:00Z,BTC,542,66,4,0.16,0.1875,0.27,0.0145,0.2862,63324.02,0
2026-08-16T12:08:00Z,ETH,454,40,2,0.095,0.0975,0.1,0.0058,0.4158,1886.24,0
2026-08-16T12:09:00Z,BTC,542,66,4,0.16,0.1875,0.27,0.0145,0.2862,63324.04,0
2026-08-16T12:09:00Z,ETH,454,40,2,0.1,0.105,0.11,0.0058,0.4158,1886.18,0
2026-08-16T12:10:00Z,BTC,542,66,4,0.16,0.1875,0.27,0.0145,0.2863,63324.01,0
2026-08-16T12:10:00Z,ETH,454,40,2,0.095,0.0975,0.1,0.0058,0.4158,1886.25,0
2026-08-16T12:11:00Z,BTC,542,66,4,0.16,0.19,0.28,0.0145,0.2863,63324.04,0
2026-08-16T12:11:00Z,ETH,454,40,2,0.095,0.0975,0.1,0.0058,0.4158,1886.31,0
2026-08-16T12:12:00Z,BTC,542,66,4,0.16,0.1875,0.27,0.0145,0.2863,63324.06,0
2026-08-16T12:12:00Z,ETH,454,40,2,0.1,0.1,0.1,0.0058,0.4158,1886.31,0
2026-08-16T12:13:00Z,BTC,542,66,4,0.165,0.195,0.27,0.0145,0.2863,63324.06,0
2026-08-16T12:13:00Z,ETH,454,40,2,0.1,0.105,0.11,0.0058,0.4158,1886.35,0
2026-08-16T12:14:00Z,BTC,542,66,4,0.17,0.195,0.27,0.0145,0.2864,63323.14,0
2026-08-16T12:14:00Z,ETH,454,40,2,0.1,0.105,0.11,0.0058,0.4158,1885.93,0
2026-08-16T12:15:00Z,BTC,542,66,4,0.155,0.17,0.17,0.0112,0.2864,63323.45,0
2026-08-16T12:15:00Z,ETH,454,40,2,0.095,0.0975,0.1,0.0058,0.4158,1885.87,0
2026-08-16T12:16:00Z,BTC,542,66,4,0.155,0.17,0.17,0.0112,0.2865,63323.76,0
2026-08-16T12:16:00Z,ETH,454,40,2,0.1,0.105,0.11,0.0058,0.4158,1885.83,0
2026-08-16T12:17:00Z,BTC,542,66,4,0.145,0.16,0.16,0.0112,0.2866,63323.96,0
2026-08-16T12:17:00Z,ETH,454,40,2,0.1,0.105,0.11,0.0058,0.4158,1885.83,0
2026-08-16T12:18:00Z,BTC,542,66,4,0.145,0.1625,0.17,0.0112,0.2868,63324.52,0
2026-08-16T12:18:00Z,ETH,454,40,2,0.14,0.16,0.18,0.008,0.4158,1886.05,0
2026-08-16T12:19:00Z,BTC,542,66,4,0.15,0.1625,0.17,0.0112,0.2869,63324.19,0
2026-08-16T12:19:00Z,ETH,454,40,2,0.095,0.0975,0.1,0.0058,0.4158,1886.16,0
2026-08-16T12:20:00Z,BTC,542,66,4,0.15,0.1625,0.17,0.0112,0.2868,63324.04,0
2026-08-16T12:20:00Z,ETH,454,40,2,0.1,0.105,0.11,0.0058,0.4158,1886.22,0
2026-08-16T12:21:00Z,BTC,542,66,4,0.145,0.16,0.16,0.0112,0.2863,63324.06,0
2026-08-16T12:21:00Z,ETH,454,40,2,0.145,0.1675,0.19,0.008,0.4158,1886.22,0
2026-08-16T12:22:00Z,BTC,542,66,4,0.145,0.16,0.16,0.0112,0.2863,63324.03,0
2026-08-16T12:22:00Z,ETH,454,40,2,0.145,0.1625,0.18,0.008,0.4158,1886.37,0
2026-08-16T12:23:00Z,BTC,542,66,4,0.15,0.16,0.16,0.0112,0.2863,63324.04,0
2026-08-16T12:23:00Z,ETH,454,40,2,0.15,0.17,0.19,0.008,0.4158,1886.51,0
2026-08-16T12:24:00Z,BTC,542,66,4,0.15,0.16,0.16,0.0112,0.2863,63324.05,0
2026-08-16T12:24:00Z,ETH,454,40,2,0.14,0.16,0.18,0.008,0.4158,1886.55,0
2026-08-16T12:25:00Z,BTC,542,66,4,0.15,0.1625,0.17,0.0112,0.2863,63324.04,0
2026-08-16T12:25:00Z,ETH,454,40,2,0.145,0.1625,0.18,0.008,0.4158,1886.55,0
2026-08-16T12:26:00Z,BTC,542,66,4,0.155,0.17,0.17,0.0112,0.2864,63324.06,0
2026-08-16T12:26:00Z,ETH,454,40,2,0.145,0.1625,0.18,0.008,0.4158,1886.58,0
2026-08-16T12:27:00Z,BTC,542,66,4,0.155,0.17,0.17,0.0112,0.2864,63324.05,0
2026-08-16T12:27:00Z,ETH,454,40,2,0.15,0.17,0.19,0.008,0.4158,1886.76,0
2026-08-16T12:28:00Z,BTC,542,66,4,0.15,0.1625,0.17,0.0112,0.2864,63324.04,0
2026-08-16T12:28:00Z,ETH,454,40,2,0.095,0.0975,0.1,0.0058,0.4158,1886.85,0
2026-08-16T12:29:00Z,BTC,542,66,4,0.145,0.1625,0.17,0.0112,0.2864,63324.05,0
2026-08-16T12:29:00Z,ETH,454,40,2,0.095,0.0975,0.1,0.0058,0.4158,1886.88,0
2026-08-16T12:30:00Z,BTC,542,66,4,0.145,0.16,0.16,0.0112,0.2864,63324.19,0
2026-08-16T12:30:00Z,ETH,454,40,2,0.1,0.105,0.11,0.0058,0.4158,1886.64,0
2026-08-16T12:31:00Z,BTC,542,66,4,0.15,0.16,0.16,0.0113,0.2865,63299.75,0
2026-08-16T12:31:00Z,ETH,454,40,2,0.145,0.1625,0.18,0.0081,0.4158,1885.89,0
2026-08-16T12:32:00Z,BTC,542,66,4,0.15,0.16,0.16,0.0112,0.2874,63287.58,0
2026-08-16T12:32:00Z,ETH,454,40,2,0.1,0.105,0.11,0.0059,0.4158,1885.61,0
2026-08-16T12:33:00Z,BTC,542,66,4,0.145,0.16,0.16,0.0112,0.2878,63292.69,0
2026-08-16T12:33:00Z,ETH,454,40,2,0.1,0.1,0.1,0.0059,0.4158,1886.01,0
2026-08-16T12:34:00Z,BTC,542,66,4,0.16,0.1875,0.27,0.0145,0.2876,63299.4,0
2026-08-16T12:34:00Z,ETH,454,40,2,0.1,0.105,0.11,0.0059,0.4158,1886.1,0
2026-08-16T12:35:00Z,BTC,542,66,4,0.145,0.1625,0.17,0.0112,0.2877,63304.83,0
2026-08-16T12:35:00Z,ETH,454,40,2,0.095,0.0975,0.1,0.0059,0.4158,1886.05,0
2026-08-16T12:36:00Z,BTC,542,66,4,0.145,0.1625,0.17,0.0112,0.2879,63306.83,0
2026-08-16T12:36:00Z,ETH,454,40,2,0.105,0.1075,0.11,0.0059,0.4158,1886.14,0
2026-08-16T12:37:00Z,BTC,542,66,4,0.155,0.17,0.17,0.0112,0.2875,63307.94,0
2026-08-16T12:37:00Z,ETH,454,40,2,0.1,0.105,0.11,0.0059,0.4158,1886.15,0
2026-08-16T12:38:00Z,BTC,542,66,4,0.15,0.16,0.16,0.0112,0.2873,63305.92,0
2026-08-16T12:38:00Z,ETH,454,40,2,0.1,0.105,0.11,0.0059,0.4158,1886.06,0
2026-08-16T12:39:00Z,BTC,542,66,4,0.145,0.1625,0.17,0.0112,0.2876,63303.27,0
2026-08-16T12:39:00Z,ETH,454,40,2,0.1,0.105,0.11,0.0058,0.4158,1885.95,0
2026-08-16T12:40:00Z,BTC,542,66,4,0.145,0.1625,0.17,0.0112,0.2877,63299.86,0
2026-08-16T12:40:00Z,ETH,454,40,2,0.1,0.105,0.11,0.0059,0.4158,1885.45,0
2026-08-16T12:41:00Z,BTC,542,66,4,0.145,0.1625,0.17,0.0112,0.2877,63296.36,0
2026-08-16T12:41:00Z,ETH,454,40,2,0.095,0.0975,0.1,0.0059,0.4158,1885.42,0
2026-08-16T12:42:00Z,BTC,542,66,4,0.145,0.16,0.16,0.0112,0.2878,63294.11,0
2026-08-16T12:42:00Z,ETH,454,40,2,0.1,0.105,0.11,0.0059,0.4158,1885.56,0
2026-08-16T12:43:00Z,BTC,542,66,4,0.145,0.16,0.16,0.0112,0.2877,63283.65,0
2026-08-16T12:43:00Z,ETH,454,40,2,0.145,0.1625,0.18,0.008,0.4158,1885.35,0
2026-08-16T12:44:00Z,BTC,542,66,4,0.16,0.185,0.26,0.0145,0.2877,63284.79,0
2026-08-16T12:44:00Z,ETH,454,40,2,0.14,0.16,0.18,0.008,0.4158,1885.46,0
2026-08-16T12:45:00Z,BTC,542,66,4,0.165,0.1925,0.26,0.0145,0.2881,63289.55,0
2026-08-16T12:45:00Z,ETH,454,40,2,0.15,0.18,0.21,0.0095,0.4158,1885.57,0
2026-08-16T12:46:00Z,BTC,542,66,4,0.15,0.1625,0.17,0.0112,0.288,63294.35,0
2026-08-16T12:46:00Z,ETH,454,40,2,0.1,0.105,0.11,0.0058,0.4158,1885.59,0
2026-08-16T12:47:00Z,BTC,542,66,4,0.15,0.1625,0.17,0.0112,0.2878,63297.74,0
2026-08-16T12:47:00Z,ETH,454,40,2,0.095,0.0975,0.1,0.0058,0.4158,1885.57,0
2026-08-16T12:48:00Z,BTC,542,66,4,0.145,0.1625,0.17,0.0112,0.2879,63301.11,0
2026-08-16T12:48:00Z,ETH,454,40,2,0.095,0.0975,0.1,0.0058,0.4158,1885.61,0
2026-08-16T12:49:00Z,BTC,542,66,4,0.15,0.17,0.17,0.0112,0.2874,63308.69,0
2026-08-16T12:49:00Z,ETH,454,40,2,0.105,0.1075,0.11,0.0058,0.4158,1886.13,0
2026-08-16T12:50:00Z,BTC,542,66,4,0.145,0.1625,0.17,0.0112,0.2875,63308.07,0
2026-08-16T12:50:00Z,ETH,454,40,2,0.1,0.105,0.11,0.0058,0.4158,1886.19,0
2026-08-16T12:51:00Z,BTC,542,66,4,0.165,0.1925,0.26,0.0145,0.2873,63309.69,0
2026-08-16T12:51:00Z,ETH,454,40,2,0.095,0.0975,0.1,0.0058,0.4158,1886.17,0
2026-08-16T12:52:00Z,BTC,542,66,4,0.145,0.1625,0.17,0.0112,0.2873,63308.97,0
2026-08-16T12:52:00Z,ETH,454,40,2,0.15,0.17,0.19,0.008,0.4158,1886.12,0
2026-08-16T12:53:00Z,BTC,542,66,4,0.15,0.16,0.16,0.0112,0.2873,63307.35,0
2026-08-16T12:53:00Z,ETH,454,40,2,0.095,0.0975,0.1,0.0058,0.4158,1885.98,0
2026-08-16T12:54:00Z,BTC,542,66,4,0.16,0.1875,0.27,0.0145,0.2873,63306.25,0
2026-08-16T12:54:00Z,ETH,454,40,2,0.15,0.18,0.21,0.0095,0.4158,1885.93,0
2026-08-16T12:55:00Z,BTC,542,66,4,0.17,0.1925,0.26,0.0145,0.2874,63306.0,0
2026-08-16T12:55:00Z,ETH,454,40,2,0.15,0.18,0.21,0.0095,0.4158,1885.91,0
2026-08-16T12:56:00Z,BTC,542,66,4,0.155,0.17,0.17,0.0113,0.2872,63314.0,0
2026-08-16T12:56:00Z,ETH,454,40,2,0.095,0.0975,0.1,0.0058,0.4158,1885.92,0
2026-08-16T12:57:00Z,BTC,542,66,4,0.15,0.1625,0.17,0.0112,0.2872,63310.87,0
2026-08-16T12:57:00Z,ETH,454,40,2,0.105,0.1075,0.11,0.0059,0.4158,1885.77,0
2026-08-16T12:58:00Z,BTC,542,66,4,0.15,0.1625,0.17,0.0112,0.287,63309.04,0
2026-08-16T12:58:00Z,ETH,454,40,2,0.1,0.105,0.11,0.0058,0.4158,1885.75,0
2026-08-16T12:59:00Z,BTC,542,66,4,0.15,0.16,0.16,0.0112,0.2872,63309.74,0
2026-08-16T12:59:00Z,ETH,454,40,2,0.095,0.0975,0.1,0.0058,0.4158,1885.82,0
2026-08-16T13:00:00Z,BTC,542,66,4,0.15,0.16,0.16,0.0112,0.287,63311.12,0
2026-08-16T13:00:00Z,ETH,454,40,2,0.095,0.0975,0.1,0.0058,0.4158,1885.98,0
2026-08-16T13:01:00Z,BTC,542,66,4,0.15,0.1625,0.17,0.0112,0.2872,63311.89,0
2026-08-16T13:01:00Z,ETH,454,40,2,0.1,0.105,0.11,0.0058,0.4158,1886.02,0
2026-08-16T13:02:00Z,BTC,542,66,4,0.15,0.1625,0.17,0.0112,0.287,63311.91,0
2026-08-16T13:02:00Z,ETH,454,40,2,0.095,0.0975,0.1,0.0058,0.4158,1886.01,0
2026-08-16T13:03:00Z,BTC,542,66,4,0.145,0.1625,0.17,0.0112,0.2872,63312.49,0
2026-08-16T13:03:00Z,ETH,454,40,2,0.15,0.18,0.21,0.0095,0.4158,1885.99,0
2026-08-16T13:04:00Z,BTC,542,66,4,0.145,0.1625,0.17,0.0112,0.2871,63312.92,0
2026-08-16T13:04:00Z,ETH,454,40,2,0.15,0.18,0.21,0.0095,0.4158,1885.97,0
2026-08-16T13:05:00Z,BTC,542,66,4,0.15,0.1625,0.17,0.0113,0.2872,63317.18,0
2026-08-16T13:05:00Z,ETH,454,40,2,0.105,0.1075,0.11,0.0058,0.4158,1886.16,0
2026-08-16T13:06:00Z,BTC,542,66,4,0.145,0.1625,0.17,0.0112,0.2875,63334.61,0
2026-08-16T13:06:00Z,ETH,454,40,2,0.1,0.105,0.11,0.0058,0.4158,1886.39,0
2026-08-16T13:07:00Z,BTC,542,66,4,0.155,0.17,0.17,0.0113,0.2875,63350.59,0
2026-08-16T13:07:00Z,ETH,454,40,2,0.1,0.105,0.11,0.0058,0.4158,1886.69,0
2026-08-16T13:08:00Z,BTC,542,66,4,0.155,0.17,0.17,0.0113,0.2878,63356.05,0
2026-08-16T13:08:00Z,ETH,454,40,2,0.1,0.105,0.11,0.0058,0.4158,1886.95,0
2026-08-16T13:09:00Z,BTC,542,66,4,0.15,0.1625,0.17,0.0113,0.287,63356.99,0
2026-08-16T13:09:00Z,ETH,454,40,2,0.095,0.0975,0.1,0.0058,0.4158,1886.9,0
2026-08-16T13:10:00Z,BTC,542,66,4,0.15,0.1625,0.17,0.0112,0.2867,63363.02,0
2026-08-16T13:10:00Z,ETH,454,40,2,0.095,0.0975,0.1,0.0059,0.4159,1887.19,0
2026-08-16T13:11:00Z,BTC,542,66,4,0.15,0.1625,0.17,0.0112,0.2869,63361.34,0
2026-08-16T13:11:00Z,ETH,454,40,2,0.105,0.1075,0.11,0.0058,0.4159,1887.14,0
2026-08-16T13:12:00Z,BTC,542,66,4,0.15,0.16,0.16,0.0112,0.2874,63359.7,0
2026-08-16T13:12:00Z,ETH,454,40,2,0.095,0.0975,0.1,0.0058,0.4158,1887.02,0
2026-08-16T13:13:00Z,BTC,542,66,4,0.15,0.1625,0.17,0.0112,0.2874,63359.07,0
2026-08-16T13:13:00Z,ETH,454,40,2,0.1,0.105,0.11,0.0059,0.4159,1887.03,0
2026-08-16T13:14:00Z,BTC,542,66,4,0.155,0.17,0.17,0.0112,0.2874,63359.21,0
2026-08-16T13:14:00Z,ETH,454,40,2,0.1,0.105,0.11,0.0059,0.4158,1886.89,0
2026-08-16T13:15:00Z,BTC,542,66,4,0.145,0.1625,0.17,0.0112,0.2874,63360.2,0
2026-08-16T13:15:00Z,ETH,454,40,2,0.2,0.205,0.21,0.0117,0.4158,1886.84,0
2026-08-16T13:16:00Z,BTC,542,66,4,0.15,0.16,0.16,0.0112,0.2878,63363.79,0
2026-08-16T13:16:00Z,ETH,454,40,2,0.14,0.16,0.18,0.0081,0.4159,1886.97,0
2026-08-16T13:17:00Z,BTC,542,66,4,0.145,0.1625,0.17,0.0112,0.2881,63364.98,0
2026-08-16T13:17:00Z,ETH,454,40,2,0.095,0.0975,0.1,0.0058,0.4159,1887.09,0
2026-08-16T13:18:00Z,BTC,542,66,4,0.145,0.16,0.16,0.0112,0.2883,63366.37,0
2026-08-16T13:18:00Z,ETH,454,40,2,0.145,0.1625,0.18,0.0081,0.4159,1887.52,0
2026-08-16T13:19:00Z,BTC,542,66,4,0.15,0.1625,0.17,0.0112,0.2872,63366.21,0
2026-08-16T13:19:00Z,ETH,454,40,2,0.145,0.1625,0.18,0.008,0.4159,1887.53,0
2026-08-16T13:20:00Z,BTC,542,66,4,0.15,0.1625,0.17,0.0112,0.2874,63365.09,0
2026-08-16T13:20:00Z,ETH,454,40,2,0.14,0.16,0.18,0.008,0.4158,1886.93,0
2026-08-16T13:21:00Z,BTC,542,66,4,0.15,0.1625,0.17,0.0113,0.2875,63362.55,0
2026-08-16T13:21:00Z,ETH,454,40,2,0.15,0.17,0.19,0.008,0.4158,1886.73,0
2026-08-16T13:22:00Z,BTC,542,66,4,0.15,0.1625,0.17,0.0113,0.2872,63362.01,0
2026-08-16T13:22:00Z,ETH,454,40,2,0.145,0.1625,0.18,0.008,0.4158,1886.78,0
2026-08-16T13:23:00Z,BTC,542,66,4,0.15,0.1625,0.17,0.0113,0.2871,63361.8,0
2026-08-16T13:23:00Z,ETH,454,40,2,0.15,0.17,0.19,0.008,0.4158,1886.86,0
2026-08-16T13:24:00Z,BTC,542,66,4,0.155,0.17,0.17,0.0113,0.2871,63353.41,0
2026-08-16T13:24:00Z,ETH,454,40,2,0.15,0.17,0.19,0.008,0.4158,1886.87,0
2026-08-16T13:25:00Z,BTC,542,66,4,0.145,0.16,0.16,0.0113,0.2876,63355.56,0
2026-08-16T13:25:00Z,ETH,454,40,2,0.105,0.1075,0.11,0.0058,0.4158,1886.89,0
2026-08-16T13:26:00Z,BTC,542,66,4,0.15,0.16,0.16,0.0113,0.2871,63360.18,0
2026-08-16T13:26:00Z,ETH,454,40,2,0.095,0.0975,0.1,0.0058,0.4158,1886.97,0
2026-08-16T13:27:00Z,BTC,542,66,4,0.145,0.1625,0.17,0.0113,0.2871,63359.48,0
2026-08-16T13:27:00Z,ETH,454,40,2,0.095,0.0975,0.1,0.0058,0.4158,1886.97,0
2026-08-16T13:28:00Z,BTC,542,66,4,0.145,0.1625,0.17,0.0113,0.2871,63359.32,0
2026-08-16T13:28:00Z,ETH,454,40,2,0.095,0.0975,0.1,0.0058,0.4158,1886.95,0
2026-08-16T13:29:00Z,BTC,542,66,4,0.15,0.1625,0.17,0.0113,0.287,63362.47,0
2026-08-16T13:29:00Z,ETH,454,40,2,0.1,0.105,0.11,0.0058,0.4158,1887.03,0
2026-08-16T13:30:00Z,BTC,542,66,4,0.15,0.1625,0.17,0.0113,0.2872,63365.03,0
2026-08-16T13:30:00Z,ETH,454,40,2,0.145,0.1625,0.18,0.0081,0.416,1888.09,0
2026-08-16T13:31:00Z,BTC,542,66,4,0.15,0.1625,0.17,0.0113,0.2872,63364.63,0
2026-08-16T13:31:00Z,ETH,454,40,2,0.1,0.105,0.11,0.0058,0.4159,1887.59,0
2026-08-16T13:32:00Z,BTC,542,66,4,0.15,0.16,0.16,0.0113,0.2872,63362.68,0
2026-08-16T13:32:00Z,ETH,454,40,2,0.145,0.1625,0.18,0.0081,0.4159,1887.46,0
2026-08-16T13:33:00Z,BTC,542,66,4,0.15,0.16,0.16,0.0113,0.2874,63367.17,0
2026-08-16T13:33:00Z,ETH,454,40,2,0.24,0.255,0.27,0.0139,0.4159,1887.66,0
2026-08-16T13:34:00Z,BTC,542,66,4,0.15,0.1625,0.17,0.0113,0.2881,63367.15,0
2026-08-16T13:34:00Z,ETH,454,40,2,0.155,0.1875,0.22,0.0094,0.4159,1887.85,0
2026-08-16T13:35:00Z,BTC,542,66,4,0.145,0.1625,0.17,0.0113,0.2879,63365.28,0
2026-08-16T13:35:00Z,ETH,454,40,2,0.1,0.105,0.11,0.0058,0.4159,1887.83,0
2026-08-16T13:36:00Z,BTC,542,66,4,0.15,0.1625,0.17,0.0113,0.2874,63357.89,0
2026-08-16T13:36:00Z,ETH,454,40,2,0.15,0.17,0.19,0.0081,0.4158,1886.77,0
2026-08-16T13:37:00Z,BTC,542,66,4,0.15,0.1625,0.17,0.0113,0.2878,63355.31,0
2026-08-16T13:37:00Z,ETH,454,40,2,0.145,0.1625,0.18,0.0081,0.4158,1886.62,0
2026-08-16T13:38:00Z,BTC,542,66,4,0.15,0.1625,0.17,0.0113,0.2877,63354.73,0
2026-08-16T13:38:00Z,ETH,454,40,2,0.15,0.17,0.19,0.0081,0.4158,1886.85,0
2026-08-16T13:39:00Z,BTC,542,66,4,0.145,0.1625,0.17,0.0113,0.2877,63354.76,0
2026-08-16T13:39:00Z,ETH,454,40,2,0.1,0.105,0.11,0.0058,0.4159,1887.22,0
2026-08-16T13:40:00Z,BTC,542,66,4,0.15,0.16,0.16,0.0113,0.2878,63355.88,0
2026-08-16T13:40:00Z,ETH,454,40,2,0.095,0.0975,0.1,0.0058,0.4159,1887.39,0
2026-08-16T13:41:00Z,BTC,542,66,4,0.15,0.16,0.16,0.0113,0.287,63360.5,0
2026-08-16T13:41:00Z,ETH,454,40,2,0.1,0.105,0.11,0.0058,0.4159,1887.43,0
2026-08-16T13:42:00Z,BTC,542,66,4,0.15,0.1625,0.17,0.0113,0.287,63363.74,0
2026-08-16T13:42:00Z,ETH,454,40,2,0.105,0.1075,0.11,0.0058,0.4159,1887.48,0
2026-08-16T13:43:00Z,BTC,542,66,4,0.15,0.16,0.16,0.0113,0.2871,63362.12,0
2026-08-16T13:43:00Z,ETH,454,40,2,0.1,0.105,0.11,0.0058,0.4159,1887.43,0
2026-08-16T13:44:00Z,BTC,542,66,4,0.15,0.16,0.16,0.0113,0.2871,63360.68,0
2026-08-16T13:44:00Z,ETH,454,40,2,0.105,0.1075,0.11,0.0058,0.4159,1887.4,0
2026-08-16T13:45:00Z,BTC,542,66,4,0.155,0.17,0.17,0.0113,0.288,63360.55,0
2026-08-16T13:45:00Z,ETH,454,40,2,0.095,0.0975,0.1,0.0058,0.4159,1887.39,0
2026-08-16T13:46:00Z,BTC,542,66,4,0.15,0.1625,0.17,0.0113,0.2879,63359.13,0
2026-08-16T13:46:00Z,ETH,454,40,2,0.1,0.105,0.11,0.0058,0.4159,1887.3,0
2026-08-16T13:47:00Z,BTC,542,66,4,0.155,0.17,0.17,0.0113,0.2877,63357.49,0
2026-08-16T13:47:00Z,ETH,454,40,2,0.095,0.0975,0.1,0.0058,0.4159,1887.28,0
2026-08-16T13:48:00Z,BTC,542,66,4,0.145,0.1625,0.17,0.0113,0.2875,63357.59,0
2026-08-16T13:48:00Z,ETH,454,40,2,0.1,0.105,0.11,0.0059,0.4159,1887.25,0
2026-08-16T13:49:00Z,BTC,542,66,4,0.15,0.17,0.17,0.0113,0.2878,63359.51,0
2026-08-16T13:49:00Z,ETH,454,40,2,0.1,0.105,0.11,0.0058,0.4159,1887.5,0
2026-08-16T13:50:00Z,BTC,542,66,4,0.15,0.1625,0.17,0.0113,0.2881,63361.06,0
2026-08-16T13:50:00Z,ETH,454,40,2,0.1,0.105,0.11,0.0058,0.4159,1887.65,0
2026-08-16T13:51:00Z,BTC,542,66,4,0.145,0.1625,0.17,0.0113,0.2882,63361.05,0
2026-08-16T13:51:00Z,ETH,454,40,2,0.145,0.1675,0.19,0.0081,0.4159,1887.73,0
2026-08-16T13:52:00Z,BTC,542,66,4,0.15,0.1625,0.17,0.0113,0.2882,63361.06,0
2026-08-16T13:52:00Z,ETH,454,40,2,0.1,0.105,0.11,0.0059,0.4159,1887.69,0
2026-08-16T13:53:00Z,BTC,542,66,4,0.15,0.16,0.16,0.0113,0.2882,63361.04,0
2026-08-16T13:53:00Z,ETH,454,40,2,0.095,0.0975,0.1,0.0059,0.4159,1887.63,0
2026-08-16T13:54:00Z,BTC,542,66,4,0.15,0.17,0.17,0.0113,0.2881,63359.9,0
2026-08-16T13:54:00Z,ETH,454,40,2,0.105,0.1075,0.11,0.0059,0.4159,1887.62,0
2026-08-16T13:55:00Z,BTC,542,66,4,0.145,0.1625,0.17,0.0113,0.2881,63359.21,0
2026-08-16T13:55:00Z,ETH,454,40,2,0.1,0.105,0.11,0.0059,0.4159,1887.65,0
2026-08-16T13:56:00Z,BTC,542,66,4,0.145,0.1625,0.17,0.0113,0.2881,63359.73,0
2026-08-16T13:56:00Z,ETH,454,40,2,0.1,0.105,0.11,0.0059,0.4159,1887.57,0
2026-08-16T13:57:00Z,BTC,542,66,4,0.15,0.1625,0.17,0.0113,0.2876,63354.6,0
2026-08-16T13:57:00Z,ETH,454,40,2,0.1,0.105,0.11,0.0059,0.4159,1887.31,0
2026-08-16T13:58:00Z,BTC,542,66,4,0.15,0.16,0.16,0.0113,0.2876,63354.92,0
2026-08-16T13:58:00Z,ETH,454,40,2,0.1,0.105,0.11,0.0059,0.4159,1887.48,0
2026-08-16T13:59:00Z,BTC,542,66,4,0.145,0.16,0.16,0.0113,0.2876,63354.77,0
2026-08-16T13:59:00Z,ETH,454,40,2,0.095,0.0975,0.1,0.0059,0.4159,1887.68,0
2026-08-16T14:00:00Z,BTC,542,66,4,0.145,0.16,0.16,0.0113,0.2877,63354.48,0
2026-08-16T14:00:00Z,ETH,454,40,2,0.1,0.105,0.11,0.0059,0.4159,1887.82,0
2026-08-16T14:01:00Z,BTC,542,66,4,0.15,0.16,0.16,0.0113,0.2878,63353.43,0
2026-08-16T14:01:00Z,ETH,454,40,2,0.105,0.1075,0.11,0.0059,0.4159,1887.74,0
2026-08-16T14:02:00Z,BTC,542,66,4,0.15,0.1625,0.17,0.0113,0.2882,63352.74,0
2026-08-16T14:02:00Z,ETH,454,40,2,0.095,0.0975,0.1,0.0059,0.4159,1887.72,0
2026-08-16T14:03:00Z,BTC,542,66,4,0.15,0.1625,0.17,0.0113,0.2884,63352.76,0
2026-08-16T14:03:00Z,ETH,454,40,2,0.145,0.1625,0.18,0.0081,0.4159,1887.76,0
2026-08-16T14:04:00Z,BTC,542,66,4,0.15,0.17,0.17,0.0113,0.2884,63352.01,0
2026-08-16T14:04:00Z,ETH,454,40,2,0.15,0.17,0.19,0.0081,0.4159,1887.74,0
2026-08-16T14:05:00Z,BTC,542,66,4,0.15,0.16,0.16,0.0113,0.2883,63355.31,0
2026-08-16T14:05:00Z,ETH,454,40,2,0.145,0.1625,0.18,0.0081,0.416,1888.08,0
2026-08-16T14:06:00Z,BTC,542,66,4,0.15,0.16,0.16,0.0113,0.2884,63356.28,0
2026-08-16T14:06:00Z,ETH,454,40,2,0.145,0.1625,0.18,0.0081,0.416,1888.35,0
2026-08-16T14:07:00Z,BTC,542,66,4,0.145,0.1625,0.17,0.0113,0.2883,63355.65,0
2026-08-16T14:07:00Z,ETH,454,40,2,0.15,0.17,0.19,0.0081,0.416,1888.36,0
2026-08-16T14:08:00Z,BTC,542,66,4,0.15,0.1625,0.17,0.0113,0.2882,63354.17,0
2026-08-16T14:08:00Z,ETH,454,40,2,0.145,0.1625,0.18,0.0081,0.416,1888.29,0
2026-08-16T14:09:00Z,BTC,542,66,4,0.15,0.1625,0.17,0.0113,0.2883,63352.93,0
2026-08-16T14:09:00Z,ETH,454,40,2,0.1,0.1,0.1,0.0059,0.416,1888.21,0
2026-08-16T14:10:00Z,BTC,542,66,4,0.145,0.1625,0.17,0.0113,0.2883,63352.96,0
2026-08-16T14:10:00Z,ETH,454,40,2,0.095,0.0975,0.1,0.0059,0.416,1888.28,0
2026-08-16T14:11:00Z,BTC,542,66,4,0.145,0.16,0.16,0.0113,0.2882,63352.92,0
2026-08-16T14:11:00Z,ETH,454,40,2,0.1,0.1,0.1,0.0059,0.416,1888.34,0
2026-08-16T14:12:00Z,BTC,542,66,4,0.15,0.1625,0.17,0.0113,0.288,63352.95,0
2026-08-16T14:12:00Z,ETH,454,40,2,0.095,0.0975,0.1,0.0059,0.416,1888.32,0
2026-08-16T14:13:00Z,BTC,542,66,4,0.15,0.1625,0.17,0.0113,0.288,63352.95,0
2026-08-16T14:13:00Z,ETH,454,40,2,0.1,0.105,0.11,0.0059,0.416,1888.32,0
2026-08-16T14:14:00Z,BTC,542,66,4,0.155,0.17,0.17,0.0113,0.2879,63352.93,0
2026-08-16T14:14:00Z,ETH,454,40,2,0.1,0.105,0.11,0.0059,0.416,1888.33,0
2026-08-16T14:15:00Z,BTC,542,66,4,0.15,0.1625,0.17,0.0113,0.2879,63353.24,0
2026-08-16T14:15:00Z,ETH,454,40,2,0.095,0.0975,0.1,0.0059,0.416,1888.3,0
2026-08-16T14:16:00Z,BTC,542,66,4,0.145,0.1625,0.17,0.0113,0.2881,63353.69,0
2026-08-16T14:16:00Z,ETH,454,40,2,0.095,0.0975,0.1,0.0058,0.416,1888.62,0
2026-08-16T14:17:00Z,BTC,542,66,4,0.15,0.1625,0.17,0.0113,0.2882,63353.92,0
2026-08-16T14:17:00Z,ETH,454,40,2,0.095,0.0975,0.1,0.0058,0.4161,1888.84,0
2026-08-16T14:18:00Z,BTC,542,66,4,0.15,0.1625,0.17,0.0113,0.2883,63353.9,0
2026-08-16T14:18:00Z,ETH,454,40,2,0.095,0.0975,0.1,0.0058,0.4161,1889.09,0
2026-08-16T14:19:00Z,BTC,542,66,4,0.15,0.1625,0.17,0.0113,0.2885,63353.87,0
2026-08-16T14:19:00Z,ETH,454,40,2,0.1,0.105,0.11,0.0058,0.4161,1889.14,0
2026-08-16T14:20:00Z,BTC,542,66,4,0.145,0.1625,0.17,0.0112,0.2891,63381.86,0
2026-08-16T14:20:00Z,ETH,454,40,2,0.14,0.16,0.18,0.0081,0.4161,1889.76,0
2026-08-16T14:21:00Z,BTC,542,66,4,0.145,0.1625,0.17,0.0112,0.2875,63394.77,0
2026-08-16T14:21:00Z,ETH,454,40,2,0.145,0.1625,0.18,0.0081,0.4161,1889.89,0
2026-08-16T14:22:00Z,BTC,542,66,4,0.145,0.1625,0.17,0.0112,0.2877,63382.22,0
2026-08-16T14:22:00Z,ETH,454,40,2,0.1,0.1,0.1,0.0058,0.4161,1889.87,0
2026-08-16T14:23:00Z,BTC,542,66,4,0.15,0.1625,0.17,0.0112,0.2878,63390.6,0
2026-08-16T14:23:00Z,ETH,454,40,2,0.15,0.17,0.19,0.0081,0.4161,1890.13,0
2026-08-16T14:24:00Z,BTC,542,66,4,0.15,0.1625,0.17,0.0112,0.2878,63390.07,0
2026-08-16T14:24:00Z,ETH,454,40,2,0.145,0.1675,0.19,0.0081,0.4161,1890.37,0
2026-08-16T14:25:00Z,BTC,542,66,4,0.15,0.1625,0.17,0.0112,0.2879,63380.43,0
2026-08-16T14:25:00Z,ETH,454,40,2,0.095,0.0975,0.1,0.0058,0.4161,1889.83,0
2026-08-16T14:26:00Z,BTC,542,66,4,0.15,0.1625,0.17,0.0112,0.2879,63365.27,0
2026-08-16T14:26:00Z,ETH,454,40,2,0.24,0.305,0.37,0.0126,0.416,1888.22,0
2026-08-16T14:27:00Z,BTC,542,66,4,0.145,0.1625,0.17,0.0112,0.2878,63381.92,0
2026-08-16T14:27:00Z,ETH,454,40,2,0.2,0.205,0.21,0.0116,0.416,1888.66,0
2026-08-16T14:28:00Z,BTC,542,66,4,0.15,0.1625,0.17,0.0112,0.2882,63381.89,0
2026-08-16T14:28:00Z,ETH,454,40,2,0.145,0.1675,0.19,0.0081,0.416,1888.42,0
2026-08-16T14:29:00Z,BTC,542,66,4,0.15,0.16,0.16,0.0112,0.289,63363.92,0
2026-08-16T14:29:00Z,ETH,454,40,2,0.145,0.1675,0.19,0.0081,0.4159,1887.68,0
2026-08-16T14:30:00Z,BTC,542,66,4,0.15,0.1625,0.17,0.0112,0.2882,63359.44,0
2026-08-16T14:30:00Z,ETH,454,40,2,0.15,0.17,0.19,0.0081,0.4159,1887.64,0
2026-08-16T14:31:00Z,BTC,542,66,4,0.155,0.17,0.17,0.0112,0.2886,63373.36,0
2026-08-16T14:31:00Z,ETH,454,40,2,0.145,0.1625,0.18,0.0081,0.416,1888.08,0
2026-08-16T14:32:00Z,BTC,542,66,4,0.15,0.1625,0.17,0.0112,0.2886,63382.72,0
2026-08-16T14:32:00Z,ETH,454,40,2,0.15,0.17,0.19,0.0081,0.416,1888.53,0
2026-08-16T14:33:00Z,BTC,542,66,4,0.15,0.16,0.16,0.0112,0.2885,63382.53,0
2026-08-16T14:33:00Z,ETH,454,40,2,0.1,0.105,0.11,0.0058,0.416,1888.68,0
2026-08-16T14:34:00Z,BTC,542,66,4,0.15,0.16,0.16,0.0112,0.2881,63381.91,0
2026-08-16T14:34:00Z,ETH,454,40,2,0.095,0.0975,0.1,0.0058,0.4161,1888.79,0
2026-08-16T14:35:00Z,BTC,542,66,4,0.155,0.17,0.17,0.0112,0.2882,63381.4,0
2026-08-16T14:35:00Z,ETH,454,40,2,0.15,0.17,0.19,0.0081,0.4161,1888.82,0
2026-08-16T14:36:00Z,BTC,542,66,4,0.15,0.1625,0.17,0.0112,0.2882,63383.76,0
2026-08-16T14:36:00Z,ETH,454,40,2,0.1,0.105,0.11,0.0058,0.4161,1889.12,0
2026-08-16T14:37:00Z,BTC,542,66,4,0.15,0.16,0.16,0.0112,0.2886,63387.75,0
2026-08-16T14:37:00Z,ETH,454,40,2,0.105,0.1075,0.11,0.0058,0.4161,1889.34,0
2026-08-16T14:38:00Z,BTC,542,66,4,0.15,0.1625,0.17,0.0112,0.2883,63380.43,0
2026-08-16T14:38:00Z,ETH,454,40,2,0.14,0.16,0.18,0.0081,0.416,1888.1,0
2026-08-16T14:39:00Z,BTC,542,66,4,0.145,0.16,0.16,0.0113,0.2885,63377.53,0
2026-08-16T14:39:00Z,ETH,454,40,2,0.095,0.0975,0.1,0.0058,0.416,1888.39,0
2026-08-16T14:40:00Z,BTC,542,66,4,0.15,0.1625,0.17,0.0114,0.2884,63382.98,0
2026-08-16T14:40:00Z,ETH,454,40,2,0.095,0.0975,0.1,0.0058,0.416,1888.54,0
2026-08-16T14:41:00Z,BTC,542,66,4,0.15,0.1625,0.17,0.0114,0.2878,63389.7,0
2026-08-16T14:41:00Z,ETH,454,40,2,0.1,0.1,0.1,0.0058,0.416,1888.6,0
2026-08-16T14:42:00Z,BTC,542,66,4,0.15,0.1625,0.17,0.0115,0.2878,63392.18,0
2026-08-16T14:42:00Z,ETH,454,40,2,0.105,0.1075,0.11,0.0058,0.416,1888.62,0
2026-08-16T14:43:00Z,BTC,542,66,4,0.15,0.1625,0.17,0.0115,0.2878,63390.45,0
2026-08-16T14:43:00Z,ETH,454,40,2,0.1,0.105,0.11,0.0058,0.416,1888.59,0
2026-08-16T14:44:00Z,BTC,542,66,4,0.15,0.1625,0.17,0.0115,0.288,63388.33,0
2026-08-16T14:44:00Z,ETH,454,40,2,0.095,0.0975,0.1,0.0058,0.416,1888.52,0
2026-08-16T14:45:00Z,BTC,542,66,4,0.15,0.1625,0.17,0.0115,0.288,63388.28,0
2026-08-16T14:45:00Z,ETH,454,40,2,0.145,0.1625,0.18,0.0081,0.4161,1888.84,0
2026-08-16T14:46:00Z,BTC,542,66,4,0.15,0.1625,0.17,0.0115,0.2879,63388.96,0
2026-08-16T14:46:00Z,ETH,454,40,2,0.145,0.1675,0.19,0.0081,0.4161,1888.77,0
2026-08-16T14:47:00Z,BTC,542,66,4,0.15,0.1625,0.17,0.0115,0.2879,63389.07,0
2026-08-16T14:47:00Z,ETH,454,40,2,0.095,0.0975,0.1,0.0058,0.416,1888.68,0
2026-08-16T14:48:00Z,BTC,542,66,4,0.15,0.17,0.17,0.0115,0.2879,63389.97,0
2026-08-16T14:48:00Z,ETH,454,40,2,0.105,0.1075,0.11,0.0058,0.416,1888.71,0
2026-08-16T14:49:00Z,BTC,542,66,4,0.155,0.17,0.17,0.0115,0.2879,63390.26,0
2026-08-16T14:49:00Z,ETH,454,40,2,0.19,0.235,0.28,0.0103,0.4161,1888.72,0
2026-08-16T14:50:00Z,BTC,542,66,4,0.145,0.1625,0.17,0.0115,0.2876,63388.86,0
2026-08-16T14:50:00Z,ETH,454,40,2,0.14,0.16,0.18,0.008,0.4161,1888.72,0
2026-08-16T14:51:00Z,BTC,542,66,4,0.155,0.17,0.17,0.0115,0.2876,63388.73,0
2026-08-16T14:51:00Z,ETH,454,40,2,0.145,0.1675,0.19,0.008,0.4161,1888.72,0
2026-08-16T14:52:00Z,BTC,542,66,4,0.15,0.1625,0.17,0.0115,0.2879,63390.4,0
2026-08-16T14:52:00Z,ETH,454,40,2,0.145,0.1625,0.18,0.008,0.4161,1888.76,0
2026-08-16T14:53:00Z,BTC,542,66,4,0.15,0.1625,0.17,0.0115,0.2879,63390.76,0
2026-08-16T14:53:00Z,ETH,454,40,2,0.145,0.1625,0.18,0.008,0.4161,1888.78,0
2026-08-16T14:54:00Z,BTC,542,66,4,0.15,0.1625,0.17,0.0115,0.2877,63391.22,0
2026-08-16T14:54:00Z,ETH,454,40,2,0.15,0.17,0.19,0.008,0.4161,1888.84,0
2026-08-16T14:55:00Z,BTC,542,66,4,0.15,0.1625,0.17,0.0115,0.2878,63392.29,0
2026-08-16T14:55:00Z,ETH,454,40,2,0.15,0.17,0.19,0.008,0.4161,1888.9,0
2026-08-16T14:56:00Z,BTC,542,66,4,0.15,0.1625,0.17,0.0115,0.2878,63392.78,0
2026-08-16T14:56:00Z,ETH,454,40,2,0.145,0.1675,0.19,0.008,0.4161,1888.89,0
2026-08-16T14:57:00Z,BTC,542,66,4,0.15,0.16,0.16,0.0115,0.2878,63391.8,0
2026-08-16T14:57:00Z,ETH,454,40,2,0.145,0.1625,0.18,0.008,0.4161,1888.85,0
2026-08-16T14:58:00Z,BTC,542,66,4,0.15,0.1625,0.17,0.0115,0.2879,63391.76,0
2026-08-16T14:58:00Z,ETH,454,40,2,0.1,0.105,0.11,0.0058,0.4161,1889.19,0
2026-08-16T14:59:00Z,BTC,542,66,4,0.15,0.1625,0.17,0.0115,0.2879,63394.51,0
2026-08-16T14:59:00Z,ETH,454,40,2,0.095,0.0975,0.1,0.0058,0.4161,1889.27,0
2026-08-16T15:00:00Z,BTC,542,66,4,0.15,0.1625,0.17,0.0115,0.2879,63399.99,0
2026-08-16T15:00:00Z,ETH,454,40,2,0.2,0.205,0.21,0.0116,0.4161,1889.3,0
2026-08-16T15:01:00Z,BTC,542,66,4,0.15,0.16,0.16,0.0115,0.2874,63397.3,0
2026-08-16T15:01:00Z,ETH,454,40,2,0.2,0.205,0.21,0.0116,0.4161,1889.32,0
2026-08-16T15:02:00Z,BTC,542,66,4,0.145,0.1625,0.17,0.0115,0.2853,63399.17,0
2026-08-16T15:02:00Z,ETH,454,40,2,0.105,0.1075,0.11,0.0058,0.4161,1889.33,0
2026-08-16T15:03:00Z,BTC,542,66,4,0.15,0.1625,0.17,0.0115,0.2876,63392.78,0
2026-08-16T15:03:00Z,ETH,454,40,2,0.145,0.1675,0.19,0.0081,0.4161,1889.16,0
2026-08-16T15:04:00Z,BTC,542,66,4,0.15,0.16,0.16,0.0115,0.2881,63394.78,0
2026-08-16T15:04:00Z,ETH,454,40,2,0.14,0.16,0.18,0.008,0.4161,1889.19,0
2026-08-16T15:05:00Z,BTC,542,66,4,0.15,0.1625,0.17,0.0115,0.2853,63396.71,0
2026-08-16T15:05:00Z,ETH,454,40,2,0.15,0.17,0.19,0.008,0.4161,1889.26,0
2026-08-16T15:06:00Z,BTC,542,66,4,0.15,0.1625,0.17,0.0115,0.2853,63397.06,0
2026-08-16T15:06:00Z,ETH,454,40,2,0.15,0.17,0.19,0.008,0.4161,1889.22,0
2026-08-16T15:07:00Z,BTC,542,66,4,0.15,0.1625,0.17,0.0115,0.2853,63397.04,0
2026-08-16T15:07:00Z,ETH,454,40,2,0.1,0.1,0.1,0.0058,0.4161,1889.23,0
2026-08-16T15:08:00Z,BTC,542,66,4,0.155,0.17,0.17,0.0115,0.2878,63397.03,0
2026-08-16T15:08:00Z,ETH,454,40,2,0.14,0.16,0.18,0.008,0.4161,1889.21,0
2026-08-16T15:09:00Z,BTC,542,66,4,0.15,0.1625,0.17,0.0115,0.2876,63397.01,0
2026-08-16T15:09:00Z,ETH,454,40,2,0.145,0.1625,0.18,0.008,0.4161,1889.14,0
2026-08-16T15:10:00Z,BTC,542,66,4,0.15,0.1625,0.17,0.0115,0.2832,63402.14,0
2026-08-16T15:10:00Z,ETH,454,40,2,0.15,0.17,0.19,0.008,0.4161,1889.27,0
2026-08-16T15:11:00Z,BTC,542,66,4,0.15,0.1625,0.17,0.0115,0.2848,63399.02,0
2026-08-16T15:11:00Z,ETH,454,40,2,0.145,0.1625,0.18,0.0081,0.4161,1889.25,0
2026-08-16T15:12:00Z,BTC,542,66,4,0.15,0.1625,0.17,0.0115,0.2851,63395.58,0
2026-08-16T15:12:00Z,ETH,454,40,2,0.1,0.105,0.11,0.0058,0.4161,1889.16,0
2026-08-16T15:13:00Z,BTC,542,66,4,0.15,0.1625,0.17,0.0115,0.287,63391.42,0
2026-08-16T15:13:00Z,ETH,454,40,2,0.1,0.1,0.1,0.0058,0.4161,1889.18,0
2026-08-16T15:14:00Z,BTC,542,66,4,0.15,0.1625,0.17,0.0115,0.2872,63390.35,0
2026-08-16T15:14:00Z,ETH,454,40,2,0.145,0.1675,0.19,0.008,0.4161,1889.14,0
2026-08-16T15:15:00Z,BTC,542,66,4,0.15,0.1625,0.17,0.0115,0.2872,63391.79,0
2026-08-16T15:15:00Z,ETH,454,40,2,0.105,0.1075,0.11,0.0058,0.4161,1889.18,0
2026-08-16T15:16:00Z,BTC,542,66,4,0.15,0.1625,0.17,0.0115,0.2873,63391.99,0
2026-08-16T15:16:00Z,ETH,454,40,2,0.145,0.1625,0.18,0.008,0.4161,1889.27,0
2026-08-16T15:17:00Z,BTC,542,66,4,0.145,0.1625,0.17,0.0115,0.2873,63392.07,0
2026-08-16T15:17:00Z,ETH,454,40,2,0.145,0.1675,0.19,0.0081,0.4161,1889.38,0
2026-08-16T15:18:00Z,BTC,542,66,4,0.15,0.1625,0.17,0.0115,0.2874,63392.08,0
2026-08-16T15:18:00Z,ETH,454,40,2,0.145,0.1675,0.19,0.0081,0.4161,1889.59,0
2026-08-16T15:19:00Z,BTC,542,66,4,0.15,0.1625,0.17,0.0115,0.2874,63392.06,0
2026-08-16T15:19:00Z,ETH,454,40,2,0.145,0.1625,0.18,0.0081,0.4161,1889.64,0
2026-08-16T15:20:00Z,BTC,542,66,4,0.15,0.1625,0.17,0.0115,0.2874,63392.05,0
2026-08-16T15:20:00Z,ETH,454,40,2,0.145,0.1625,0.18,0.0081,0.4161,1889.67,0
2026-08-16T15:21:00Z,BTC,542,66,4,0.15,0.1625,0.17,0.0115,0.2874,63392.1,0
2026-08-16T15:21:00Z,ETH,454,40,2,0.145,0.1675,0.19,0.0081,0.4161,1889.64,0
2026-08-16T15:22:00Z,BTC,542,66,4,0.155,0.17,0.17,0.0115,0.2874,63392.06,0
2026-08-16T15:22:00Z,ETH,454,40,2,0.095,0.0975,0.1,0.0058,0.4161,1889.52,0
2026-08-16T15:23:00Z,BTC,542,66,4,0.15,0.1625,0.17,0.0115,0.2875,63392.09,0
2026-08-16T15:23:00Z,ETH,454,40,2,0.1,0.105,0.11,0.0058,0.4161,1889.47,0
2026-08-16T15:24:00Z,BTC,542,66,4,0.145,0.1625,0.17,0.0115,0.2875,63392.04,0
2026-08-16T15:24:00Z,ETH,454,40,2,0.145,0.1675,0.19,0.0081,0.4161,1889.47,0
2026-08-16T15:25:00Z,BTC,542,66,4,0.145,0.1625,0.17,0.0115,0.2874,63392.05,0
2026-08-16T15:25:00Z,ETH,454,40,2,0.15,0.17,0.19,0.0081,0.4161,1889.47,0
2026-08-16T15:26:00Z,BTC,542,66,4,0.15,0.1625,0.17,0.0115,0.2875,63392.05,0
2026-08-16T15:26:00Z,ETH,454,40,2,0.145,0.1625,0.18,0.0081,0.4161,1889.53,0
2026-08-16T15:27:00Z,BTC,542,66,4,0.155,0.17,0.17,0.0115,0.2848,63392.96,0
2026-08-16T15:27:00Z,ETH,454,40,2,0.14,0.16,0.18,0.0081,0.4161,1889.79,0
2026-08-16T15:28:00Z,BTC,542,66,4,0.15,0.1625,0.17,0.0115,0.2854,63392.4,0
2026-08-16T15:28:00Z,ETH,454,40,2,0.145,0.1625,0.18,0.0081,0.4161,1889.76,0
2026-08-16T15:29:00Z,BTC,542,66,4,0.15,0.1625,0.17,0.0115,0.2852,63392.24,0
2026-08-16T15:29:00Z,ETH,454,40,2,0.1,0.1,0.1,0.0058,0.4161,1889.69,0
2026-08-16T15:30:00Z,BTC,542,66,4,0.15,0.1625,0.17,0.0115,0.2849,63392.29,0
2026-08-16T15:30:00Z,ETH,454,40,2,0.145,0.1625,0.18,0.0081,0.4161,1889.94,0
2026-08-16T15:31:00Z,BTC,542,66,4,0.15,0.1625,0.17,0.0115,0.2827,63400.86,0
2026-08-16T15:31:00Z,ETH,454,40,2,0.145,0.1625,0.18,0.0081,0.4161,1890.12,0
2026-08-16T15:32:00Z,BTC,542,66,4,0.15,0.1625,0.17,0.0115,0.2829,63403.5,0
2026-08-16T15:32:00Z,ETH,454,40,2,0.145,0.1675,0.19,0.0081,0.4161,1890.16,0
2026-08-16T15:33:00Z,BTC,542,66,4,0.15,0.165,0.18,0.0116,0.2823,63413.48,0
2026-08-16T15:33:00Z,ETH,454,40,2,0.145,0.1675,0.19,0.0081,0.4161,1890.22,0
2026-08-16T15:34:00Z,BTC,542,66,4,0.15,0.1625,0.17,0.0116,0.2826,63415.61,0
2026-08-16T15:34:00Z,ETH,454,40,2,0.14,0.16,0.18,0.0081,0.4161,1890.24,0
2026-08-16T15:35:00Z,BTC,542,66,4,0.15,0.165,0.18,0.0116,0.283,63411.97,0
2026-08-16T15:35:00Z,ETH,454,40,2,0.145,0.1675,0.19,0.0081,0.4161,1890.19,0
2026-08-16T15:36:00Z,BTC,542,66,4,0.15,0.1625,0.17,0.0116,0.283,63413.58,0
2026-08-16T15:36:00Z,ETH,454,40,2,0.145,0.1675,0.19,0.0081,0.4161,1890.14,0
2026-08-16T15:37:00Z,BTC,542,66,4,0.15,0.1625,0.17,0.0116,0.2828,63420.47,0
2026-08-16T15:37:00Z,ETH,454,40,2,0.185,0.2275,0.27,0.0104,0.4161,1890.52,0
2026-08-16T15:38:00Z,BTC,542,66,4,0.145,0.1625,0.17,0.0116,0.2821,63426.19,0
2026-08-16T15:38:00Z,ETH,454,40,2,0.095,0.0975,0.1,0.0057,0.4161,1890.92,0
2026-08-16T15:39:00Z,BTC,542,66,4,0.15,0.1625,0.17,0.0116,0.2821,63424.79,0
2026-08-16T15:39:00Z,ETH,454,40,2,0.145,0.1675,0.19,0.008,0.4161,1890.73,0
2026-08-16T15:40:00Z,BTC,542,66,4,0.15,0.1625,0.17,0.0116,0.2824,63420.9,0
2026-08-16T15:40:00Z,ETH,454,40,2,0.14,0.16,0.18,0.008,0.4161,1890.46,0
2026-08-16T15:41:00Z,BTC,542,66,4,0.145,0.1625,0.17,0.0116,0.2826,63416.72,0
2026-08-16T15:41:00Z,ETH,454,40,2,0.195,0.1975,0.2,0.0115,0.4161,1890.05,0
2026-08-16T15:42:00Z,BTC,542,66,4,0.15,0.1625,0.17,0.0115,0.2835,63410.58,0
2026-08-16T15:42:00Z,ETH,454,40,2,0.14,0.16,0.18,0.0081,0.4161,1889.75,0
2026-08-16T15:43:00Z,BTC,542,66,4,0.15,0.1625,0.17,0.0115,0.2835,63410.58,0
2026-08-16T15:43:00Z,ETH,454,40,2,0.145,0.1625,0.18,0.0081,0.4161,1889.82,0
2026-08-16T15:44:00Z,BTC,542,66,4,0.15,0.1625,0.17,0.0115,0.2881,63392.28,0
2026-08-16T15:44:00Z,ETH,454,40,2,0.14,0.16,0.18,0.0081,0.416,1888.48,0
2026-08-16T15:45:00Z,BTC,542,66,4,0.15,0.1625,0.17,0.0115,0.2838,63400.91,0
2026-08-16T15:45:00Z,ETH,454,40,2,0.19,0.235,0.28,0.0103,0.4161,1889.08,0
2026-08-16T15:46:00Z,BTC,542,66,4,0.15,0.1625,0.17,0.0115,0.284,63412.23,0
2026-08-16T15:46:00Z,ETH,454,40,2,0.14,0.16,0.18,0.0081,0.4161,1890.15,0
2026-08-16T15:47:00Z,BTC,542,66,4,0.15,0.1625,0.17,0.0116,0.283,63419.97,0
2026-08-16T15:47:00Z,ETH,454,40,2,0.145,0.1675,0.19,0.0081,0.4161,1890.19,0
2026-08-16T15:48:00Z,BTC,542,66,4,0.15,0.1625,0.17,0.0116,0.283,63419.61,0
2026-08-16T15:48:00Z,ETH,454,40,2,0.15,0.17,0.19,0.0081,0.4161,1890.1,0
2026-08-16T15:49:00Z,BTC,542,66,4,0.15,0.1625,0.17,0.0116,0.2832,63417.36,0
2026-08-16T15:49:00Z,ETH,454,40,2,0.15,0.17,0.19,0.0081,0.4161,1890.03,0
2026-08-16T15:50:00Z,BTC,542,66,4,0.17,0.205,0.28,0.0146,0.2831,63418.57,0
2026-08-16T15:50:00Z,ETH,454,40,2,0.195,0.2375,0.28,0.0104,0.4161,1889.94,0
2026-08-16T15:51:00Z,BTC,542,66,4,0.15,0.165,0.18,0.0116,0.2832,63418.74,0
2026-08-16T15:51:00Z,ETH,454,40,2,0.195,0.2375,0.28,0.0104,0.4161,1889.88,0
2026-08-16T15:52:00Z,BTC,542,66,4,0.145,0.1625,0.17,0.0116,0.2834,63415.56,0
2026-08-16T15:52:00Z,ETH,454,40,2,0.14,0.16,0.18,0.008,0.4161,1889.78,0
2026-08-16T15:53:00Z,BTC,542,66,4,0.145,0.1625,0.17,0.0116,0.2834,63415.38,0
2026-08-16T15:53:00Z,ETH,454,40,2,0.145,0.1675,0.19,0.008,0.4161,1889.73,0
2026-08-16T15:54:00Z,BTC,542,66,4,0.145,0.1625,0.17,0.0116,0.2829,63412.87,0
2026-08-16T15:54:00Z,ETH,454,40,2,0.145,0.1625,0.18,0.008,0.4161,1889.41,0
2026-08-16T15:55:00Z,BTC,542,66,4,0.15,0.1625,0.17,0.0115,0.2834,63407.52,0
2026-08-16T15:55:00Z,ETH,454,40,2,0.145,0.1675,0.19,0.008,0.4161,1889.45,0
2026-08-16T15:56:00Z,BTC,542,66,4,0.15,0.1625,0.17,0.0115,0.2837,63411.07,0
2026-08-16T15:56:00Z,ETH,454,40,2,0.145,0.1625,0.18,0.008,0.4161,1889.71,0
2026-08-16T15:57:00Z,BTC,542,66,4,0.15,0.1625,0.17,0.0115,0.2834,63415.4,0
2026-08-16T15:57:00Z,ETH,454,40,2,0.145,0.1625,0.18,0.008,0.4161,1889.68,0
2026-08-16T15:58:00Z,BTC,542,66,4,0.15,0.165,0.18,0.0116,0.2829,63426.16,0
2026-08-16T15:58:00Z,ETH,454,40,2,0.15,0.17,0.19,0.008,0.4161,1890.21,0
2026-08-16T15:59:00Z,BTC,542,66,4,0.15,0.1625,0.17,0.0116,0.2826,63429.75,0
2026-08-16T15:59:00Z,ETH,454,40,2,0.145,0.1675,0.19,0.008,0.4161,1889.99,0
2026-08-16T16:00:00Z,BTC,542,66,4,0.15,0.1625,0.17,0.0116,0.2826,63432.4,0
2026-08-16T16:00:00Z,ETH,454,40,2,0.095,0.0975,0.1,0.0058,0.4161,1890.16,0
2026-08-16T16:01:00Z,BTC,542,66,4,0.15,0.1625,0.17,0.0116,0.2823,63429.07,0
2026-08-16T16:01:00Z,ETH,454,40,2,0.1,0.1,0.1,0.0058,0.4161,1890.19,0
2026-08-16T16:02:00Z,BTC,542,66,4,0.15,0.1625,0.17,0.0116,0.2826,63426.48,0
2026-08-16T16:02:00Z,ETH,454,40,2,0.1,0.1,0.1,0.0058,0.4161,1890.13,0
2026-08-16T16:03:00Z,BTC,542,66,4,0.15,0.1625,0.17,0.0116,0.2828,63426.48,0
2026-08-16T16:03:00Z,ETH,454,40,2,0.105,0.1075,0.11,0.0058,0.4161,1890.11,0
2026-08-16T16:04:00Z,BTC,542,66,4,0.15,0.1625,0.17,0.0116,0.2829,63420.53,0
2026-08-16T16:04:00Z,ETH,454,40,2,0.1,0.1,0.1,0.0057,0.4161,1890.17,0
2026-08-16T16:05:00Z,BTC,542,66,4,0.145,0.1625,0.17,0.0116,0.2835,63419.25,0
2026-08-16T16:05:00Z,ETH,454,40,2,0.1,0.105,0.11,0.0057,0.4161,1890.13,0
2026-08-16T16:06:00Z,BTC,542,66,4,0.145,0.1625,0.17,0.0116,0.2833,63419.24,0
2026-08-16T16:06:00Z,ETH,454,40,2,0.1,0.105,0.11,0.0057,0.4161,1889.88,0
2026-08-16T16:07:00Z,BTC,542,66,4,0.145,0.165,0.18,0.0116,0.2828,63421.54,0
2026-08-16T16:07:00Z,ETH,454,40,2,0.1,0.105,0.11,0.0057,0.4161,1890.03,0
2026-08-16T16:08:00Z,BTC,542,66,4,0.15,0.1625,0.17,0.0116,0.2829,63441.69,0
2026-08-16T16:08:00Z,ETH,454,40,2,0.105,0.1075,0.11,0.0057,0.4161,1890.1,0
2026-08-16T16:09:00Z,BTC,542,66,4,0.15,0.1625,0.17,0.0116,0.2826,63438.67,0
2026-08-16T16:09:00Z,ETH,454,40,2,0.095,0.0975,0.1,0.0057,0.4161,1890.28,0
2026-08-16T16:10:00Z,BTC,542,66,4,0.15,0.1625,0.17,0.0116,0.2832,63440.95,0
2026-08-16T16:10:00Z,ETH,454,40,2,0.145,0.1625,0.18,0.008,0.4161,1890.61,0
2026-08-16T16:11:00Z,BTC,542,66,4,0.15,0.165,0.18,0.0118,0.2833,63471.74,0
2026-08-16T16:11:00Z,ETH,454,40,2,0.095,0.0975,0.1,0.0057,0.4161,1891.22,0
2026-08-16T16:12:00Z,BTC,542,66,4,0.15,0.1625,0.17,0.0117,0.2843,63457.2,0
2026-08-16T16:12:00Z,ETH,454,40,2,0.145,0.1675,0.19,0.008,0.4161,1890.62,0
2026-08-16T16:13:00Z,BTC,542,66,3,0.15,0.16,0.17,0.0142,0.2853,63492.54,0
2026-08-16T16:13:00Z,ETH,454,40,2,0.1,0.105,0.11,0.0057,0.4161,1891.33,0
2026-08-16T16:14:00Z,BTC,542,66,3,0.16,0.165,0.17,0.0142,0.284,63493.38,0
2026-08-16T16:14:00Z,ETH,454,40,2,0.14,0.16,0.18,0.0081,0.4161,1891.62,0
2026-08-16T16:15:00Z,BTC,542,66,3,0.16,0.165,0.17,0.0142,0.2841,63490.44,0
2026-08-16T16:15:00Z,ETH,454,40,2,0.095,0.0975,0.1,0.0058,0.4161,1891.3,0
2026-08-16T16:16:00Z,BTC,542,66,3,0.16,0.165,0.17,0.0142,0.2841,63564.88,0
2026-08-16T16:16:00Z,ETH,454,40,2,0.1,0.1,0.1,0.0057,0.4162,1891.87,0
2026-08-16T16:17:00Z,BTC,542,66,3,0.15,0.165,0.18,0.0138,0.2838,63592.57,0
2026-08-16T16:17:00Z,ETH,454,40,2,0.105,0.1075,0.11,0.0057,0.4162,1893.42,0
2026-08-16T16:18:00Z,BTC,572,66,3,0.16,0.17,0.18,0.014,0.2847,63594.12,0
2026-08-16T16:18:00Z,ETH,476,40,2,0.095,0.0975,0.1,0.0057,0.4162,1893.39,0
2026-08-16T16:19:00Z,BTC,572,66,3,0.16,0.17,0.18,0.0138,0.285,63604.18,0
2026-08-16T16:19:00Z,ETH,476,40,2,0.1,0.105,0.11,0.0057,0.4162,1893.48,0
2026-08-16T16:20:00Z,BTC,572,66,3,0.16,0.17,0.18,0.0138,0.2856,63595.79,0
2026-08-16T16:20:00Z,ETH,476,40,2,0.2,0.245,0.29,0.0106,0.4162,1894.77,0
2026-08-16T16:21:00Z,BTC,572,66,3,0.15,0.165,0.18,0.014,0.2843,63561.28,0
2026-08-16T16:21:00Z,ETH,476,40,2,0.145,0.1675,0.19,0.0081,0.4162,1892.97,0
2026-08-16T16:22:00Z,BTC,572,66,3,0.16,0.17,0.18,0.014,0.2845,63580.46,0
2026-08-16T16:22:00Z,ETH,476,40,2,0.1,0.1,0.1,0.0057,0.4162,1893.48,0
2026-08-16T16:23:00Z,BTC,572,66,3,0.16,0.165,0.17,0.014,0.2839,63571.54,0
2026-08-16T16:23:00Z,ETH,476,40,2,0.105,0.1075,0.11,0.0057,0.4162,1893.03,0
2026-08-16T16:24:00Z,BTC,572,66,3,0.16,0.17,0.18,0.0138,0.2852,63597.39,0
2026-08-16T16:24:00Z,ETH,476,40,2,0.1,0.105,0.11,0.0057,0.4162,1893.47,0
2026-08-16T16:25:00Z,BTC,572,66,3,0.15,0.165,0.18,0.0136,0.2853,63615.68,0
2026-08-16T16:25:00Z,ETH,476,40,2,0.095,0.0975,0.1,0.0057,0.4162,1893.87,0
2026-08-16T16:26:00Z,BTC,572,66,3,0.16,0.165,0.17,0.0136,0.2852,63611.23,0
2026-08-16T16:26:00Z,ETH,476,40,2,0.145,0.1675,0.19,0.0082,0.4162,1894.13,0
2026-08-16T16:27:00Z,BTC,572,66,3,0.15,0.165,0.18,0.0136,0.2855,63627.77,0
2026-08-16T16:27:00Z,ETH,476,40,2,0.105,0.1075,0.11,0.0057,0.4162,1894.68,0
2026-08-16T16:28:00Z,BTC,572,66,3,0.15,0.165,0.18,0.0136,0.286,63601.0,0
2026-08-16T16:28:00Z,ETH,476,40,2,0.1,0.105,0.11,0.0057,0.4162,1893.84,0
2026-08-16T16:29:00Z,BTC,572,66,3,0.15,0.16,0.17,0.0136,0.2855,63597.98,0
2026-08-16T16:29:00Z,ETH,476,40,2,0.095,0.0975,0.1,0.0057,0.4162,1893.94,0
2026-08-16T16:30:00Z,BTC,572,66,3,0.15,0.165,0.18,0.0134,0.2849,63647.54,0
2026-08-16T16:30:00Z,ETH,476,40,2,0.1,0.1,0.1,0.0057,0.4162,1896.3,0
2026-08-16T16:31:00Z,BTC,572,66,3,0.15,0.165,0.18,0.0138,0.2843,63612.95,0
2026-08-16T16:31:00Z,ETH,476,40,2,0.105,0.1075,0.11,0.0057,0.4162,1894.94,0
2026-08-16T16:32:00Z,BTC,572,66,3,0.15,0.165,0.18,0.0138,0.2838,63630.38,0
2026-08-16T16:32:00Z,ETH,476,40,2,0.195,0.2425,0.29,0.0106,0.4162,1895.37,0
2026-08-16T16:33:00Z,BTC,572,66,3,0.15,0.165,0.18,0.0138,0.2839,63649.04,0
2026-08-16T16:33:00Z,ETH,476,40,2,0.2,0.245,0.29,0.0106,0.4162,1896.17,0
2026-08-16T16:34:00Z,BTC,572,66,3,0.15,0.165,0.18,0.0136,0.2839,63648.34,0
2026-08-16T16:34:00Z,ETH,476,40,2,0.15,0.175,0.2,0.0082,0.4162,1897.05,0
2026-08-16T16:35:00Z,BTC,572,66,3,0.15,0.165,0.18,0.0136,0.284,63660.24,0
2026-08-16T16:35:00Z,ETH,476,40,2,0.095,0.0975,0.1,0.0058,0.4163,1897.47,0
2026-08-16T16:36:00Z,BTC,572,66,3,0.15,0.165,0.18,0.0136,0.2839,63628.15,0
2026-08-16T16:36:00Z,ETH,476,40,2,0.1,0.1,0.1,0.0057,0.4162,1896.87,0
2026-08-16T16:37:00Z,BTC,572,66,3,0.15,0.165,0.18,0.0136,0.2839,63627.27,0
2026-08-16T16:37:00Z,ETH,476,40,2,0.1,0.1,0.1,0.0057,0.4162,1896.61,0
2026-08-16T16:38:00Z,BTC,572,66,3,0.15,0.165,0.18,0.0138,0.2836,63626.97,0
2026-08-16T16:38:00Z,ETH,476,40,2,0.15,0.175,0.2,0.0083,0.4163,1897.24,0
2026-08-16T16:39:00Z,BTC,572,66,3,0.15,0.165,0.18,0.0138,0.2837,63612.64,0
2026-08-16T16:39:00Z,ETH,476,40,2,0.095,0.0975,0.1,0.0057,0.4162,1896.25,0
2026-08-16T16:40:00Z,BTC,572,66,3,0.15,0.165,0.18,0.014,0.2836,63587.62,0
2026-08-16T16:40:00Z,ETH,476,40,2,0.195,0.2425,0.29,0.0107,0.4162,1895.73,0
2026-08-16T16:41:00Z,BTC,572,66,3,0.15,0.16,0.17,0.014,0.2833,63586.13,0
2026-08-16T16:41:00Z,ETH,476,40,2,0.145,0.1675,0.19,0.0082,0.4162,1895.94,0
2026-08-16T16:42:00Z,BTC,572,66,3,0.15,0.165,0.18,0.014,0.2834,63582.49,0
2026-08-16T16:42:00Z,ETH,476,40,2,0.1,0.105,0.11,0.0057,0.4162,1895.88,0
2026-08-16T16:43:00Z,BTC,572,66,3,0.15,0.165,0.18,0.014,0.2833,63577.39,0
2026-08-16T16:43:00Z,ETH,476,40,2,0.1,0.1,0.1,0.0057,0.4162,1895.83,0
2026-08-16T16:44:00Z,BTC,572,66,3,0.15,0.16,0.17,0.0142,0.2834,63578.3,0
2026-08-16T16:44:00Z,ETH,476,40,2,0.145,0.1675,0.19,0.0082,0.4162,1896.12,0
2026-08-16T16:45:00Z,BTC,572,66,3,0.15,0.165,0.18,0.0142,0.2834,63579.35,0
2026-08-16T16:45:00Z,ETH,476,40,2,0.095,0.0975,0.1,0.0057,0.4162,1896.3,0
2026-08-16T16:46:00Z,BTC,572,66,3,0.16,0.165,0.17,0.0142,0.2836,63575.9,0
2026-08-16T16:46:00Z,ETH,476,40,2,0.095,0.0975,0.1,0.0057,0.4162,1896.31,0
2026-08-16T16:47:00Z,BTC,572,66,3,0.16,0.165,0.17,0.0142,0.2841,63568.75,0
2026-08-16T16:47:00Z,ETH,476,40,2,0.1,0.1,0.1,0.0058,0.4162,1896.53,0
2026-08-16T16:48:00Z,BTC,572,66,3,0.16,0.165,0.17,0.0142,0.2836,63567.82,0
2026-08-16T16:48:00Z,ETH,476,40,2,0.145,0.1675,0.19,0.0082,0.4162,1896.42,0
2026-08-16T16:49:00Z,BTC,572,66,3,0.16,0.17,0.18,0.0142,0.2838,63568.06,0
2026-08-16T16:49:00Z,ETH,476,40,2,0.095,0.0975,0.1,0.0058,0.4162,1896.46,0
2026-08-16T16:50:00Z,BTC,572,66,3,0.16,0.17,0.18,0.0142,0.2843,63575.84,0
2026-08-16T16:50:00Z,ETH,476,40,2,0.145,0.1675,0.19,0.0082,0.4162,1896.26,0
2026-08-16T16:51:00Z,BTC,572,66,3,0.16,0.17,0.18,0.0144,0.2831,63506.75,0
2026-08-16T16:51:00Z,ETH,476,40,2,0.145,0.1675,0.19,0.0082,0.4162,1894.34,0
2026-08-16T16:52:00Z,BTC,572,66,3,0.17,0.225,0.28,0.0148,0.2841,63517.07,0
2026-08-16T16:52:00Z,ETH,476,40,2,0.145,0.1675,0.19,0.0082,0.4162,1894.94,0
2026-08-16T16:53:00Z,BTC,572,66,3,0.16,0.17,0.18,0.0146,0.2839,63528.37,0
2026-08-16T16:53:00Z,ETH,476,40,2,0.145,0.1675,0.19,0.0082,0.4162,1895.09,0
2026-08-16T16:54:00Z,BTC,572,66,3,0.15,0.16,0.17,0.0146,0.2833,63533.43,0
2026-08-16T16:54:00Z,ETH,476,40,2,0.095,0.0975,0.1,0.0058,0.4162,1895.59,0
2026-08-16T16:55:00Z,BTC,572,66,3,0.17,0.225,0.28,0.0148,0.2832,63543.64,0
2026-08-16T16:55:00Z,ETH,476,40,2,0.145,0.1675,0.19,0.0082,0.4162,1895.7,0
2026-08-16T16:56:00Z,BTC,572,66,3,0.16,0.165,0.17,0.0146,0.2833,63541.36,0
2026-08-16T16:56:00Z,ETH,476,40,2,0.195,0.2425,0.29,0.0106,0.4162,1895.12,0
2026-08-16T16:57:00Z,BTC,572,66,3,0.16,0.17,0.18,0.0146,0.2835,63554.31,0
2026-08-16T16:57:00Z,ETH,476,40,2,0.145,0.1675,0.19,0.0082,0.4162,1895.58,0
2026-08-16T16:58:00Z,BTC,572,66,3,0.15,0.165,0.18,0.0146,0.2834,63555.15,0
2026-08-16T16:58:00Z,ETH,476,40,2,0.15,0.17,0.19,0.0082,0.4162,1895.43,0
2026-08-16T16:59:00Z,BTC,572,66,3,0.15,0.16,0.17,0.0146,0.2835,63543.5,0
2026-08-16T16:59:00Z,ETH,476,40,2,0.145,0.1675,0.19,0.0082,0.4162,1895.37,0
2026-08-16T17:00:00Z,BTC,572,66,3,0.16,0.17,0.18,0.0146,0.2838,63545.32,0
2026-08-16T17:00:00Z,ETH,476,40,2,0.105,0.1075,0.11,0.0058,0.4162,1896.39,0
2026-08-16T17:01:00Z,BTC,572,66,3,0.15,0.165,0.18,0.0146,0.2838,63540.17,0
2026-08-16T17:01:00Z,ETH,476,40,2,0.145,0.1675,0.19,0.0082,0.4162,1895.43,0
2026-08-16T17:02:00Z,BTC,572,66,3,0.16,0.17,0.18,0.0146,0.2831,63530.62,0
2026-08-16T17:02:00Z,ETH,476,40,2,0.145,0.1675,0.19,0.0082,0.4162,1894.95,0
2026-08-16T17:03:00Z,BTC,572,66,3,0.16,0.165,0.17,0.0146,0.2835,63516.74,0
2026-08-16T17:03:00Z,ETH,476,40,2,0.145,0.1675,0.19,0.0082,0.4162,1894.96,0
2026-08-16T17:04:00Z,BTC,572,66,3,0.16,0.165,0.17,0.0144,0.2838,63557.57,0
2026-08-16T17:04:00Z,ETH,476,40,2,0.145,0.1675,0.19,0.0082,0.4162,1896.05,0
2026-08-16T17:05:00Z,BTC,572,66,3,0.16,0.17,0.18,0.0144,0.2834,63556.9,0
2026-08-16T17:05:00Z,ETH,476,40,2,0.145,0.1675,0.19,0.0082,0.4162,1895.89,0
2026-08-16T17:06:00Z,BTC,572,66,3,0.16,0.165,0.17,0.0144,0.2834,63557.97,0
2026-08-16T17:06:00Z,ETH,476,40,2,0.15,0.175,0.2,0.0082,0.4162,1895.82,0
2026-08-16T17:07:00Z,BTC,572,66,3,0.16,0.17,0.18,0.0144,0.2837,63558.22,0
2026-08-16T17:07:00Z,ETH,476,40,2,0.145,0.1675,0.19,0.0082,0.4162,1895.61,0
2026-08-16T17:08:00Z,BTC,572,66,3,0.15,0.165,0.18,0.0144,0.2843,63558.59,0
2026-08-16T17:08:00Z,ETH,476,40,2,0.095,0.0975,0.1,0.0057,0.4162,1895.58,0
2026-08-16T17:09:00Z,BTC,572,66,3,0.16,0.17,0.18,0.0144,0.2843,63549.86,0
2026-08-16T17:09:00Z,ETH,476,40,2,0.095,0.0975,0.1,0.0057,0.4162,1895.51,0
2026-08-16T17:10:00Z,BTC,572,66,3,0.16,0.165,0.17,0.0144,0.2847,63511.64,0
2026-08-16T17:10:00Z,ETH,476,40,2,0.145,0.1675,0.19,0.0082,0.4162,1893.8,0
2026-08-16T17:11:00Z,BTC,572,66,3,0.16,0.165,0.17,0.0144,0.2844,63513.18,0
2026-08-16T17:11:00Z,ETH,476,40,2,0.145,0.1675,0.19,0.0082,0.4162,1894.17,0
2026-08-16T17:12:00Z,BTC,572,66,3,0.16,0.17,0.18,0.0146,0.2842,63515.3,0
2026-08-16T17:12:00Z,ETH,476,40,2,0.15,0.17,0.19,0.0082,0.4162,1894.42,0
2026-08-16T17:13:00Z,BTC,572,66,3,0.16,0.165,0.17,0.0146,0.284,63503.1,0
2026-08-16T17:13:00Z,ETH,476,40,2,0.145,0.1675,0.19,0.0081,0.4162,1893.76,0
2026-08-16T17:14:00Z,BTC,572,66,3,0.15,0.165,0.18,0.0146,0.2842,63504.5,0
2026-08-16T17:14:00Z,ETH,476,40,2,0.095,0.0975,0.1,0.0057,0.4162,1893.93,0
2026-08-16T17:15:00Z,BTC,572,66,3,0.16,0.165,0.17,0.0146,0.2843,63515.01,0
2026-08-16T17:15:00Z,ETH,476,40,2,0.15,0.17,0.19,0.0081,0.4162,1893.26,0
2026-08-16T17:16:00Z,BTC,572,66,3,0.15,0.165,0.18,0.0146,0.2837,63520.33,0
2026-08-16T17:16:00Z,ETH,476,40,2,0.145,0.1675,0.19,0.0081,0.4162,1893.49,0
2026-08-16T17:17:00Z,BTC,572,66,3,0.16,0.17,0.18,0.0146,0.284,63511.53,0
2026-08-16T17:17:00Z,ETH,476,40,2,0.145,0.1675,0.19,0.0082,0.4162,1892.83,0
2026-08-16T17:18:00Z,BTC,572,66,3,0.16,0.17,0.18,0.0146,0.2841,63508.92,0
2026-08-16T17:18:00Z,ETH,476,40,2,0.145,0.1675,0.19,0.0082,0.4162,1892.65,0
2026-08-16T17:19:00Z,BTC,572,66,3,0.16,0.17,0.18,0.0146,0.2844,63497.47,0
2026-08-16T17:19:00Z,ETH,476,40,2,0.145,0.1675,0.19,0.0082,0.4162,1892.69,0
2026-08-16T17:20:00Z,BTC,572,66,3,0.16,0.165,0.17,0.0146,0.2842,63494.21,0
2026-08-16T17:20:00Z,ETH,476,40,2,0.1,0.105,0.11,0.0058,0.4162,1892.45,0
2026-08-16T17:21:00Z,BTC,572,66,3,0.16,0.165,0.17,0.0146,0.284,63494.28,0
2026-08-16T17:21:00Z,ETH,476,40,2,0.14,0.16,0.18,0.0082,0.4162,1892.65,0
2026-08-16T17:22:00Z,BTC,572,66,3,0.16,0.165,0.17,0.0146,0.284,63504.63,0
2026-08-16T17:22:00Z,ETH,476,40,2,0.1,0.1,0.1,0.0057,0.4162,1893.65,0
2026-08-16T17:23:00Z,BTC,572,66,3,0.16,0.17,0.18,0.0146,0.2839,63505.02,0
2026-08-16T17:23:00Z,ETH,476,40,2,0.145,0.1675,0.19,0.0082,0.4162,1893.66,0
2026-08-16T17:24:00Z,BTC,572,66,3,0.16,0.17,0.18,0.0146,0.2838,63500.39,0
2026-08-16T17:24:00Z,ETH,476,40,2,0.095,0.0975,0.1,0.0058,0.4162,1893.22,0
2026-08-16T17:25:00Z,BTC,572,66,3,0.16,0.17,0.18,0.0146,0.2846,63484.41,0
2026-08-16T17:25:00Z,ETH,476,40,2,0.1,0.1,0.1,0.0058,0.4162,1892.83,0
2026-08-16T17:26:00Z,BTC,572,66,3,0.15,0.16,0.17,0.0146,0.2839,63483.09,0
2026-08-16T17:26:00Z,ETH,476,40,2,0.1,0.105,0.11,0.0058,0.4162,1892.66,0
2026-08-16T17:27:00Z,BTC,572,66,4,0.15,0.165,0.18,0.012,0.2835,63469.96,0
2026-08-16T17:27:00Z,ETH,476,40,2,0.105,0.1075,0.11,0.0058,0.4162,1892.2,0
2026-08-16T17:28:00Z,BTC,572,66,3,0.18,0.23,0.28,0.0148,0.284,63472.21,0
2026-08-16T17:28:00Z,ETH,476,40,2,0.1,0.1,0.1,0.0058,0.4162,1892.65,0
2026-08-16T17:29:00Z,BTC,572,66,3,0.16,0.17,0.18,0.0146,0.2831,63476.99,0
2026-08-16T17:29:00Z,ETH,476,40,2,0.1,0.105,0.11,0.0058,0.4162,1893.1,0
2026-08-16T17:30:00Z,BTC,572,66,3,0.15,0.16,0.17,0.0146,0.2834,63476.6,0
2026-08-16T17:30:00Z,ETH,476,40,2,0.19,0.235,0.28,0.0105,0.4162,1893.02,0
2026-08-16T17:31:00Z,BTC,572,66,3,0.16,0.165,0.17,0.0146,0.2834,63474.97,0
2026-08-16T17:31:00Z,ETH,476,40,2,0.2,0.205,0.21,0.0115,0.4162,1893.04,0
2026-08-16T17:32:00Z,BTC,572,66,3,0.16,0.165,0.17,0.0146,0.2835,63474.64,0
2026-08-16T17:32:00Z,ETH,476,40,2,0.195,0.2425,0.29,0.0106,0.4162,1893.08,0
2026-08-16T17:33:00Z,BTC,572,66,4,0.15,0.1625,0.17,0.0119,0.2841,63451.73,0
2026-08-16T17:33:00Z,ETH,476,40,2,0.19,0.235,0.28,0.0105,0.4162,1892.19,0
2026-08-16T17:34:00Z,BTC,572,66,4,0.15,0.1625,0.17,0.0119,0.2831,63427.93,0
2026-08-16T17:34:00Z,ETH,476,40,2,0.15,0.17,0.19,0.0081,0.4161,1890.04,0
2026-08-16T17:35:00Z,BTC,572,66,4,0.15,0.1625,0.17,0.0119,0.2826,63436.82,0
2026-08-16T17:35:00Z,ETH,476,40,2,0.1,0.105,0.11,0.0058,0.4161,1890.76,0
2026-08-16T17:36:00Z,BTC,572,66,4,0.145,0.155,0.17,0.0119,0.2831,63472.91,0
2026-08-16T17:36:00Z,ETH,476,40,2,0.145,0.1675,0.19,0.0082,0.4162,1892.28,0
2026-08-16T17:37:00Z,BTC,572,66,3,0.16,0.17,0.18,0.0146,0.2835,63482.55,0
2026-08-16T17:37:00Z,ETH,476,40,2,0.15,0.17,0.19,0.0082,0.4162,1892.22,0
2026-08-16T17:38:00Z,BTC,572,66,3,0.16,0.165,0.17,0.0146,0.2836,63480.95,0
2026-08-16T17:38:00Z,ETH,476,40,2,0.145,0.1675,0.19,0.0081,0.4162,1892.28,0
2026-08-16T17:39:00Z,BTC,572,66,3,0.15,0.165,0.18,0.0146,0.2838,63481.36,0
2026-08-16T17:39:00Z,ETH,476,40,2,0.145,0.1675,0.19,0.0081,0.4162,1892.41,0
2026-08-16T17:40:00Z,BTC,572,66,3,0.16,0.165,0.17,0.0146,0.2837,63482.26,0
2026-08-16T17:40:00Z,ETH,476,40,2,0.145,0.1675,0.19,0.0082,0.4162,1892.75,0
2026-08-16T17:41:00Z,BTC,572,66,4,0.15,0.165,0.18,0.012,0.2831,63470.69,0
2026-08-16T17:41:00Z,ETH,476,40,2,0.105,0.1075,0.11,0.0058,0.4162,1892.21,0
2026-08-16T17:42:00Z,BTC,572,66,4,0.15,0.1625,0.17,0.012,0.2838,63455.35,0
2026-08-16T17:42:00Z,ETH,476,40,2,0.145,0.1675,0.19,0.0081,0.4162,1891.78,0
2026-08-16T17:43:00Z,BTC,572,66,4,0.15,0.1625,0.17,0.012,0.2826,63436.92,0
2026-08-16T17:43:00Z,ETH,476,40,2,0.095,0.0975,0.1,0.0058,0.4161,1891.39,0
2026-08-16T17:44:00Z,BTC,572,66,4,0.15,0.165,0.18,0.0119,0.2823,63412.71,0
2026-08-16T17:44:00Z,ETH,476,40,2,0.095,0.0975,0.1,0.0058,0.4161,1890.61,0
2026-08-16T17:45:00Z,BTC,572,66,4,0.15,0.165,0.18,0.0119,0.2827,63423.09,0
2026-08-16T17:45:00Z,ETH,476,40,2,0.095,0.0975,0.1,0.0058,0.4161,1891.4,0
2026-08-16T17:46:00Z,BTC,572,66,4,0.15,0.1625,0.17,0.0119,0.2827,63427.75,0
2026-08-16T17:46:00Z,ETH,476,40,2,0.1,0.105,0.11,0.0058,0.4161,1891.15,0
2026-08-16T17:47:00Z,BTC,572,66,4,0.155,0.17,0.17,0.0119,0.283,63438.78,0
2026-08-16T17:47:00Z,ETH,476,40,2,0.095,0.0975,0.1,0.0058,0.4162,1891.67,0
2026-08-16T17:48:00Z,BTC,572,66,4,0.15,0.165,0.18,0.0119,0.2824,63441.36,0
2026-08-16T17:48:00Z,ETH,476,40,2,0.1,0.1,0.1,0.0058,0.4162,1891.76,0
2026-08-16T17:49:00Z,BTC,572,66,4,0.15,0.1625,0.17,0.0119,0.2822,63441.64,0
2026-08-16T17:49:00Z,ETH,476,40,2,0.1,0.1,0.1,0.0058,0.4162,1891.99,0
2026-08-16T17:50:00Z,BTC,572,66,4,0.155,0.1725,0.18,0.0119,0.2823,63441.4,0
2026-08-16T17:50:00Z,ETH,476,40,2,0.095,0.0975,0.1,0.0058,0.4162,1891.97,0
2026-08-16T17:51:00Z,BTC,572,66,4,0.15,0.1625,0.17,0.0119,0.2826,63443.53,0
2026-08-16T17:51:00Z,ETH,476,40,2,0.15,0.17,0.19,0.0082,0.4162,1892.14,0
2026-08-16T17:52:00Z,BTC,572,66,4,0.15,0.1625,0.17,0.012,0.2822,63454.45,0
2026-08-16T17:52:00Z,ETH,476,40,2,0.095,0.0975,0.1,0.0058,0.4162,1892.34,0
2026-08-16T17:53:00Z,BTC,572,66,4,0.15,0.1625,0.17,0.012,0.282,63454.05,0
2026-08-16T17:53:00Z,ETH,476,40,2,0.145,0.1675,0.19,0.0082,0.4162,1892.13,0
2026-08-16T17:54:00Z,BTC,572,66,4,0.15,0.165,0.18,0.012,0.2821,63453.52,0
2026-08-16T17:54:00Z,ETH,476,40,2,0.145,0.1675,0.19,0.0082,0.4162,1892.06,0
2026-08-16T17:55:00Z,BTC,572,66,4,0.155,0.17,0.17,0.012,0.2822,63452.19,0
2026-08-16T17:55:00Z,ETH,476,40,2,0.145,0.1675,0.19,0.0082,0.4162,1892.17,0
2026-08-16T17:56:00Z,BTC,572,66,4,0.15,0.1625,0.17,0.012,0.2825,63448.78,0
2026-08-16T17:56:00Z,ETH,476,40,2,0.1,0.105,0.11,0.0058,0.4162,1891.69,0
2026-08-16T17:57:00Z,BTC,572,66,4,0.15,0.1625,0.17,0.0119,0.2822,63443.56,0
2026-08-16T17:57:00Z,ETH,476,40,2,0.095,0.0975,0.1,0.0058,0.4161,1891.35,0
2026-08-16T17:58:00Z,BTC,572,66,4,0.15,0.1625,0.17,0.0119,0.2823,63442.45,0
2026-08-16T17:58:00Z,ETH,476,40,2,0.095,0.0975,0.1,0.0058,0.4161,1891.02,0
2026-08-16T17:59:00Z,BTC,572,66,4,0.15,0.1625,0.17,0.0119,0.2823,63442.32,0
2026-08-16T17:59:00Z,ETH,476,40,2,0.095,0.0975,0.1,0.0058,0.4161,1891.03,0
2026-08-16T18:00:00Z,BTC,572,66,4,0.155,0.17,0.17,0.0119,0.2824,63443.47,0
2026-08-16T18:00:00Z,ETH,476,40,2,0.095,0.0975,0.1,0.0058,0.4161,1891.33,0
2026-08-16T18:01:00Z,BTC,572,66,4,0.15,0.1625,0.17,0.0119,0.2827,63443.58,0
2026-08-16T18:01:00Z,ETH,476,40,2,0.14,0.16,0.18,0.0081,0.4161,1891.08,0
2026-08-16T18:02:00Z,BTC,572,66,4,0.15,0.1625,0.17,0.0119,0.2827,63448.2,0
2026-08-16T18:02:00Z,ETH,476,40,2,0.095,0.0975,0.1,0.0058,0.4161,1891.01,0
2026-08-16T18:03:00Z,BTC,572,66,4,0.15,0.1625,0.17,0.0119,0.2825,63446.49,0
2026-08-16T18:03:00Z,ETH,476,40,2,0.145,0.1675,0.19,0.0081,0.4161,1890.25,0
2026-08-16T18:04:00Z,BTC,572,66,4,0.15,0.1625,0.17,0.0119,0.2819,63454.72,0
2026-08-16T18:04:00Z,ETH,476,40,2,0.19,0.235,0.28,0.0104,0.4161,1890.68,0
2026-08-16T18:05:00Z,BTC,572,66,4,0.15,0.165,0.18,0.0119,0.2824,63454.88,0
2026-08-16T18:05:00Z,ETH,476,40,2,0.195,0.2025,0.21,0.0116,0.4161,1890.81,0
2026-08-16T18:06:00Z,BTC,572,66,4,0.15,0.1625,0.17,0.0119,0.2817,63453.59,0
2026-08-16T18:06:00Z,ETH,476,40,2,0.2,0.205,0.21,0.0116,0.4161,1890.6,0
2026-08-16T18:07:00Z,BTC,572,66,4,0.17,0.205,0.28,0.0149,0.2818,63432.75,0
2026-08-16T18:07:00Z,ETH,476,40,2,0.095,0.0975,0.1,0.0058,0.4161,1890.06,0
2026-08-16T18:08:00Z,BTC,572,66,4,0.15,0.165,0.18,0.0119,0.2827,63450.19,0
2026-08-16T18:08:00Z,ETH,476,40,2,0.145,0.1675,0.19,0.0082,0.4162,1891.71,0
2026-08-16T18:09:00Z,BTC,572,66,4,0.15,0.1625,0.17,0.0119,0.2823,63451.69,0
2026-08-16T18:09:00Z,ETH,476,40,2,0.145,0.1675,0.19,0.0082,0.4161,1891.4,0
2026-08-16T18:10:00Z,BTC,572,66,4,0.15,0.165,0.18,0.0119,0.2821,63450.88,0
2026-08-16T18:10:00Z,ETH,476,40,2,0.145,0.1675,0.19,0.0082,0.4161,1891.32,0
2026-08-16T18:11:00Z,BTC,572,66,4,0.15,0.1625,0.17,0.0119,0.2822,63451.98,0
2026-08-16T18:11:00Z,ETH,476,40,2,0.145,0.1675,0.19,0.0082,0.4162,1891.64,0
2026-08-16T18:12:00Z,BTC,572,66,4,0.15,0.1625,0.17,0.0118,0.2825,63416.47,0
2026-08-16T18:12:00Z,ETH,476,40,2,0.15,0.17,0.19,0.0081,0.4161,1889.38,0
2026-08-16T18:13:00Z,BTC,572,66,4,0.15,0.1625,0.17,0.0118,0.2835,63415.04,0
2026-08-16T18:13:00Z,ETH,476,40,2,0.095,0.0975,0.1,0.0058,0.4161,1889.74,0
2026-08-16T18:14:00Z,BTC,572,66,4,0.15,0.165,0.18,0.0119,0.2831,63430.74,0
2026-08-16T18:14:00Z,ETH,476,40,2,0.105,0.1075,0.11,0.0058,0.4161,1890.64,0
2026-08-16T18:15:00Z,BTC,572,66,4,0.15,0.1625,0.17,0.0119,0.2821,63431.19,0
2026-08-16T18:15:00Z,ETH,476,40,2,0.145,0.1675,0.19,0.0081,0.4161,1890.99,0
2026-08-16T18:16:00Z,BTC,572,66,4,0.15,0.1625,0.17,0.0119,0.2821,63429.55,0
2026-08-16T18:16:00Z,ETH,476,40,2,0.195,0.2375,0.28,0.0104,0.4161,1890.77,0
2026-08-16T18:17:00Z,BTC,572,66,4,0.15,0.165,0.18,0.0119,0.2822,63436.55,0
2026-08-16T18:17:00Z,ETH,476,40,2,0.14,0.16,0.18,0.0081,0.4161,1890.65,0
2026-08-16T18:18:00Z,BTC,572,66,4,0.15,0.1625,0.17,0.0119,0.2825,63434.82,0
2026-08-16T18:18:00Z,ETH,476,40,2,0.14,0.16,0.18,0.0082,0.4161,1891.08,0
2026-08-16T18:19:00Z,BTC,572,66,4,0.155,0.17,0.17,0.0119,0.2825,63453.41,0
2026-08-16T18:19:00Z,ETH,476,40,2,0.15,0.17,0.19,0.0082,0.4162,1891.75,0
2026-08-16T18:20:00Z,BTC,572,66,4,0.15,0.165,0.18,0.012,0.2827,63460.83,0
2026-08-16T18:20:00Z,ETH,476,40,2,0.195,0.2375,0.28,0.0105,0.4162,1892.21,0
2026-08-16T18:21:00Z,BTC,572,66,4,0.15,0.1625,0.17,0.012,0.2823,63459.93,0
2026-08-16T18:21:00Z,ETH,476,40,2,0.195,0.2425,0.29,0.0105,0.4162,1892.09,0
2026-08-16T18:22:00Z,BTC,572,66,4,0.15,0.165,0.18,0.012,0.2825,63460.45,0
2026-08-16T18:22:00Z,ETH,476,40,2,0.095,0.0975,0.1,0.0058,0.4162,1891.93,0
2026-08-16T18:23:00Z,BTC,572,66,4,0.15,0.165,0.18,0.012,0.2832,63460.24,0
2026-08-16T18:23:00Z,ETH,476,40,2,0.145,0.1675,0.19,0.0082,0.4162,1891.99,0
2026-08-16T18:24:00Z,BTC,572,66,4,0.15,0.165,0.18,0.012,0.2834,63459.35,0
2026-08-16T18:24:00Z,ETH,476,40,2,0.1,0.1,0.1,0.0058,0.4162,1892.01,0
2026-08-16T18:25:00Z,BTC,572,66,4,0.15,0.165,0.18,0.012,0.2827,63456.56,0
2026-08-16T18:25:00Z,ETH,476,40,2,0.145,0.1675,0.19,0.0082,0.4162,1891.78,0
2026-08-16T18:26:00Z,BTC,572,66,4,0.17,0.205,0.28,0.0147,0.2839,63433.39,0
2026-08-16T18:26:00Z,ETH,476,40,2,0.145,0.1625,0.18,0.0082,0.4161,1891.56,0
2026-08-16T18:27:00Z,BTC,572,66,4,0.15,0.1625,0.17,0.0119,0.2826,63443.93,0
2026-08-16T18:27:00Z,ETH,476,40,2,0.195,0.2425,0.29,0.0106,0.4162,1892.27,0
2026-08-16T18:28:00Z,BTC,572,66,4,0.15,0.1625,0.17,0.0119,0.2827,63443.57,0
2026-08-16T18:28:00Z,ETH,476,40,2,0.1,0.105,0.11,0.0058,0.4162,1891.78,0
2026-08-16T18:29:00Z,BTC,572,66,4,0.15,0.1625,0.17,0.0119,0.2828,63441.77,0
2026-08-16T18:29:00Z,ETH,476,40,2,0.145,0.1675,0.19,0.0082,0.4162,1892.06,0
2026-08-16T18:30:00Z,BTC,572,66,4,0.15,0.165,0.18,0.0119,0.2819,63439.99,0
2026-08-16T18:30:00Z,ETH,476,40,2,0.1,0.1,0.1,0.0058,0.4162,1891.94,0
2026-08-16T18:31:00Z,BTC,572,66,4,0.15,0.1625,0.17,0.0119,0.282,63439.82,0
2026-08-16T18:31:00Z,ETH,476,40,2,0.14,0.16,0.18,0.0082,0.4162,1892.08,0
2026-08-16T18:32:00Z,BTC,572,66,4,0.15,0.165,0.18,0.0119,0.2829,63443.24,0
2026-08-16T18:32:00Z,ETH,476,40,2,0.095,0.0975,0.1,0.0058,0.4162,1892.14,0
2026-08-16T18:33:00Z,BTC,572,66,4,0.15,0.165,0.18,0.0119,0.2828,63444.58,0
2026-08-16T18:33:00Z,ETH,476,40,2,0.095,0.0975,0.1,0.0058,0.4162,1892.0,0
2026-08-16T18:34:00Z,BTC,572,66,4,0.15,0.1625,0.17,0.0119,0.2828,63444.65,0
2026-08-16T18:34:00Z,ETH,476,40,2,0.1,0.105,0.11,0.0058,0.4162,1892.08,0
2026-08-16T18:35:00Z,BTC,572,66,4,0.15,0.1625,0.17,0.0119,0.2828,63444.74,0
2026-08-16T18:35:00Z,ETH,476,40,2,0.095,0.0975,0.1,0.0058,0.4162,1892.06,0
2026-08-16T18:36:00Z,BTC,572,66,4,0.15,0.1625,0.17,0.0119,0.2828,63444.81,0
2026-08-16T18:36:00Z,ETH,476,40,2,0.145,0.1625,0.18,0.0082,0.4161,1891.51,0
2026-08-16T18:37:00Z,BTC,572,66,4,0.15,0.1625,0.17,0.0119,0.2826,63434.1,0
2026-08-16T18:37:00Z,ETH,476,40,2,0.1,0.105,0.11,0.0058,0.4161,1891.33,0
2026-08-16T18:38:00Z,BTC,572,66,4,0.15,0.1625,0.17,0.0119,0.2819,63433.12,0
2026-08-16T18:38:00Z,ETH,476,40,2,0.095,0.0975,0.1,0.0058,0.4161,1891.39,0
2026-08-16T18:39:00Z,BTC,572,66,4,0.15,0.1625,0.17,0.0119,0.2827,63436.05,0
2026-08-16T18:39:00Z,ETH,476,40,2,0.1,0.105,0.11,0.0058,0.4161,1891.42,0
2026-08-16T18:40:00Z,BTC,572,66,4,0.15,0.1625,0.17,0.0119,0.2824,63435.75,0
2026-08-16T18:40:00Z,ETH,476,40,2,0.15,0.17,0.19,0.0081,0.4161,1890.59,0
2026-08-16T18:41:00Z,BTC,572,66,4,0.15,0.165,0.18,0.0119,0.2819,63434.16,0
2026-08-16T18:41:00Z,ETH,476,40,2,0.095,0.0975,0.1,0.0058,0.4161,1890.74,0
2026-08-16T18:42:00Z,BTC,572,66,4,0.155,0.165,0.18,0.0119,0.282,63433.21,0
2026-08-16T18:42:00Z,ETH,476,40,2,0.1,0.1,0.1,0.0058,0.4161,1890.61,0
2026-08-16T18:43:00Z,BTC,572,66,4,0.155,0.17,0.17,0.0119,0.2822,63432.58,0
2026-08-16T18:43:00Z,ETH,476,40,2,0.14,0.16,0.18,0.0082,0.4161,1890.78,0
2026-08-16T18:44:00Z,BTC,572,66,4,0.15,0.1625,0.17,0.0119,0.2825,63429.23,0
2026-08-16T18:44:00Z,ETH,476,40,2,0.15,0.17,0.19,0.0082,0.4161,1891.04,0
2026-08-16T18:45:00Z,BTC,572,66,4,0.15,0.165,0.18,0.0119,0.2824,63428.45,0
2026-08-16T18:45:00Z,ETH,476,40,2,0.1,0.1,0.1,0.0058,0.4161,1890.99,0
2026-08-16T18:46:00Z,BTC,572,66,4,0.155,0.17,0.17,0.0119,0.2824,63428.78,0
2026-08-16T18:46:00Z,ETH,476,40,2,0.15,0.17,0.19,0.0082,0.4161,1891.46,0
2026-08-16T18:47:00Z,BTC,572,66,4,0.15,0.1625,0.17,0.0119,0.2829,63433.7,0
2026-08-16T18:47:00Z,ETH,476,40,2,0.19,0.235,0.28,0.0106,0.4162,1891.81,0
2026-08-16T18:48:00Z,BTC,572,66,4,0.15,0.1625,0.17,0.0119,0.2827,63435.28,0
2026-08-16T18:48:00Z,ETH,476,40,2,0.145,0.1675,0.19,0.0082,0.4162,1891.77,0
2026-08-16T18:49:00Z,BTC,572,66,4,0.15,0.165,0.18,0.0119,0.2828,63434.73,0
2026-08-16T18:49:00Z,ETH,476,40,2,0.19,0.235,0.28,0.0106,0.4162,1891.75,0
2026-08-16T18:50:00Z,BTC,572,66,4,0.15,0.1625,0.17,0.0119,0.2827,63434.67,0
2026-08-16T18:50:00Z,ETH,476,40,2,0.15,0.17,0.19,0.0082,0.4162,1891.76,0
2026-08-16T18:51:00Z,BTC,572,66,4,0.15,0.1625,0.17,0.0119,0.2827,63434.65,0
2026-08-16T18:51:00Z,ETH,476,40,2,0.195,0.2375,0.28,0.0106,0.4162,1891.76,0
2026-08-16T18:52:00Z,BTC,572,66,4,0.15,0.1625,0.17,0.0119,0.2828,63434.66,0
2026-08-16T18:52:00Z,ETH,476,40,2,0.14,0.16,0.18,0.0082,0.4162,1891.78,0
2026-08-16T18:53:00Z,BTC,572,66,4,0.15,0.1625,0.17,0.0119,0.2829,63432.48,0
2026-08-16T18:53:00Z,ETH,476,40,2,0.105,0.1075,0.11,0.0058,0.4162,1891.49,0
2026-08-16T18:54:00Z,BTC,572,66,4,0.15,0.1625,0.17,0.0119,0.2826,63426.1,0
2026-08-16T18:54:00Z,ETH,476,40,2,0.105,0.1075,0.11,0.0058,0.4161,1891.3,0
2026-08-16T18:55:00Z,BTC,572,66,4,0.15,0.1625,0.17,0.0119,0.2826,63425.83,0
2026-08-16T18:55:00Z,ETH,476,40,2,0.1,0.1,0.1,0.0058,0.4161,1891.38,0
2026-08-16T18:56:00Z,BTC,572,66,4,0.15,0.165,0.18,0.0119,0.2827,63425.31,0
2026-08-16T18:56:00Z,ETH,476,40,2,0.145,0.1675,0.19,0.0082,0.4161,1891.12,0
2026-08-16T18:57:00Z,BTC,572,66,4,0.15,0.165,0.18,0.0119,0.2826,63426.44,0
2026-08-16T18:57:00Z,ETH,476,40,2,0.1,0.1,0.1,0.0058,0.4161,1891.46,0
2026-08-16T18:58:00Z,BTC,572,66,4,0.15,0.1625,0.17,0.0119,0.2825,63428.35,0
2026-08-16T18:58:00Z,ETH,476,40,2,0.145,0.1675,0.19,0.0082,0.4161,1891.43,0
2026-08-16T18:59:00Z,BTC,572,66,4,0.15,0.1625,0.17,0.0119,0.2825,63429.04,0
2026-08-16T18:59:00Z,ETH,476,40,2,0.15,0.17,0.19,0.0082,0.4161,1891.37,0
2026-08-16T19:00:00Z,BTC,572,66,4,0.15,0.1625,0.17,0.0119,0.2826,63427.45,0
2026-08-16T19:00:00Z,ETH,476,40,2,0.15,0.17,0.19,0.0082,0.4161,1891.38,0
2026-08-16T19:01:00Z,BTC,572,66,4,0.15,0.1625,0.17,0.0119,0.2828,63425.52,0
2026-08-16T19:01:00Z,ETH,476,40,2,0.1,0.105,0.11,0.0058,0.4162,1891.83,0
2026-08-16T19:02:00Z,BTC,572,66,4,0.15,0.1625,0.17,0.0121,0.2829,63433.87,0
2026-08-16T19:02:00Z,ETH,476,40,2,0.15,0.17,0.19,0.0082,0.4162,1892.46,0
2026-08-16T19:03:00Z,BTC,572,66,4,0.15,0.165,0.18,0.0121,0.2829,63436.86,0
2026-08-16T19:03:00Z,ETH,476,40,2,0.195,0.2375,0.28,0.0106,0.4162,1892.38,0
2026-08-16T19:04:00Z,BTC,572,66,4,0.15,0.165,0.18,0.0121,0.2827,63442.21,0
2026-08-16T19:04:00Z,ETH,476,40,2,0.19,0.235,0.28,0.0106,0.4162,1892.45,0
2026-08-16T19:05:00Z,BTC,572,66,4,0.16,0.1725,0.18,0.0121,0.2824,63442.51,0
2026-08-16T19:05:00Z,ETH,476,40,2,0.1,0.105,0.11,0.0058,0.4162,1892.39,0
2026-08-16T19:06:00Z,BTC,572,66,4,0.15,0.165,0.18,0.0121,0.2825,63452.91,0
2026-08-16T19:06:00Z,ETH,476,40,2,0.145,0.1675,0.19,0.0082,0.4162,1892.95,0
2026-08-16T19:07:00Z,BTC,572,66,4,0.155,0.165,0.18,0.0121,0.2821,63453.91,0
2026-08-16T19:07:00Z,ETH,476,40,2,0.15,0.17,0.19,0.0082,0.4162,1892.83,0
2026-08-16T19:08:00Z,BTC,572,66,4,0.15,0.1625,0.17,0.0121,0.2824,63451.25,0
2026-08-16T19:08:00Z,ETH,476,40,2,0.14,0.16,0.18,0.0082,0.4162,1892.78,0
2026-08-16T19:09:00Z,BTC,572,66,4,0.15,0.165,0.18,0.0121,0.2827,63451.24,0
2026-08-16T19:09:00Z,ETH,476,40,2,0.095,0.0975,0.1,0.0058,0.4162,1892.53,0
2026-08-16T19:10:00Z,BTC,572,66,4,0.15,0.165,0.18,0.0121,0.2825,63451.04,0
2026-08-16T19:10:00Z,ETH,476,40,2,0.095,0.0975,0.1,0.0058,0.4162,1892.5,0
2026-08-16T19:11:00Z,BTC,572,66,4,0.15,0.165,0.18,0.0121,0.2826,63468.05,0
2026-08-16T19:11:00Z,ETH,476,40,2,0.1,0.1,0.1,0.0058,0.4162,1892.78,0
2026-08-16T19:12:00Z,BTC,572,66,4,0.15,0.165,0.18,0.0121,0.2822,63472.31,0
2026-08-16T19:12:00Z,ETH,476,40,2,0.095,0.0975,0.1,0.0058,0.4162,1892.83,0
2026-08-16T19:13:00Z,BTC,572,66,4,0.155,0.1625,0.17,0.0121,0.2823,63464.11,0
2026-08-16T19:13:00Z,ETH,476,40,2,0.145,0.1675,0.19,0.0082,0.4162,1892.76,0
2026-08-16T19:14:00Z,BTC,572,66,4,0.15,0.1625,0.17,0.0121,0.2832,63458.11,0
2026-08-16T19:14:00Z,ETH,476,40,2,0.15,0.17,0.19,0.0082,0.4162,1892.35,0
2026-08-16T19:15:00Z,BTC,572,66,4,0.15,0.1625,0.17,0.0121,0.2836,63460.5,0
2026-08-16T19:15:00Z,ETH,476,40,2,0.1,0.105,0.11,0.0058,0.4162,1892.14,0
2026-08-16T19:16:00Z,BTC,572,66,4,0.15,0.1625,0.17,0.0121,0.2834,63461.91,0
2026-08-16T19:16:00Z,ETH,476,40,2,0.095,0.0975,0.1,0.0058,0.4162,1892.21,0
2026-08-16T19:17:00Z,BTC,572,66,4,0.15,0.1625,0.17,0.0121,0.2832,63462.46,0
2026-08-16T19:17:00Z,ETH,476,40,2,0.1,0.1,0.1,0.0058,0.4162,1892.24,0
2026-08-16T19:18:00Z,BTC,572,66,4,0.15,0.1625,0.17,0.0121,0.283,63465.66,0
2026-08-16T19:18:00Z,ETH,476,40,2,0.1,0.1,0.1,0.0058,0.4162,1892.25,0
2026-08-16T19:19:00Z,BTC,572,66,4,0.155,0.165,0.18,0.0121,0.2828,63467.21,0
2026-08-16T19:19:00Z,ETH,476,40,2,0.105,0.1075,0.11,0.0058,0.4162,1892.41,0
2026-08-16T19:20:00Z,BTC,572,66,4,0.15,0.165,0.18,0.0121,0.2829,63484.81,0
2026-08-16T19:20:00Z,ETH,476,40,2,0.1,0.105,0.11,0.0058,0.4162,1892.79,0
2026-08-16T19:21:00Z,BTC,572,66,3,0.16,0.165,0.17,0.0146,0.2829,63489.06,0
2026-08-16T19:21:00Z,ETH,476,40,2,0.145,0.1675,0.19,0.0082,0.4162,1892.89,0
2026-08-16T19:22:00Z,BTC,572,66,4,0.145,0.1575,0.18,0.0121,0.283,63462.28,0
2026-08-16T19:22:00Z,ETH,476,40,2,0.15,0.17,0.19,0.0082,0.4162,1892.09,0
2026-08-16T19:23:00Z,BTC,572,66,4,0.155,0.165,0.18,0.0121,0.284,63462.58,0
2026-08-16T19:23:00Z,ETH,476,40,2,0.1,0.1,0.1,0.0058,0.4162,1892.18,0
2026-08-16T19:24:00Z,BTC,572,66,4,0.145,0.1575,0.18,0.0121,0.2839,63471.93,0
2026-08-16T19:24:00Z,ETH,476,40,2,0.1,0.1,0.1,0.0058,0.4162,1892.53,0
2026-08-16T19:25:00Z,BTC,572,66,3,0.16,0.17,0.18,0.0148,0.2828,63486.95,0
2026-08-16T19:25:00Z,ETH,476,40,2,0.145,0.1675,0.19,0.0082,0.4162,1892.93,0
2026-08-16T19:26:00Z,BTC,572,66,3,0.16,0.17,0.18,0.0148,0.2825,63496.02,0
2026-08-16T19:26:00Z,ETH,476,40,2,0.195,0.2425,0.29,0.0106,0.4162,1893.45,0
2026-08-16T19:27:00Z,BTC,572,66,3,0.16,0.165,0.17,0.0148,0.2826,63504.46,0
2026-08-16T19:27:00Z,ETH,476,40,2,0.195,0.2425,0.29,0.0106,0.4162,1893.73,0
2026-08-16T19:28:00Z,BTC,572,66,3,0.16,0.17,0.18,0.0148,0.2834,63501.51,0
2026-08-16T19:28:00Z,ETH,476,40,2,0.245,0.3125,0.38,0.013,0.4162,1893.76,0
2026-08-16T19:29:00Z,BTC,572,66,3,0.16,0.165,0.17,0.0148,0.2839,63502.9,0
2026-08-16T19:29:00Z,ETH,476,40,2,0.195,0.2425,0.29,0.0106,0.4162,1893.83,0
2026-08-16T19:30:00Z,BTC,572,66,3,0.16,0.17,0.18,0.0148,0.2842,63498.85,0
2026-08-16T19:30:00Z,ETH,476,40,2,0.195,0.2425,0.29,0.0106,0.4162,1893.31,0
2026-08-16T19:31:00Z,BTC,572,66,3,0.16,0.165,0.17,0.0148,0.284,63497.81,0
2026-08-16T19:31:00Z,ETH,476,40,2,0.145,0.1675,0.19,0.0082,0.4162,1893.58,0
2026-08-16T19:32:00Z,BTC,572,66,3,0.16,0.17,0.18,0.0148,0.2834,63479.82,0
2026-08-16T19:32:00Z,ETH,476,40,2,0.145,0.1675,0.19,0.0082,0.4162,1893.34,0
2026-08-16T19:33:00Z,BTC,572,66,3,0.16,0.165,0.17,0.0148,0.2836,63484.43,0
2026-08-16T19:33:00Z,ETH,476,40,2,0.15,0.17,0.19,0.0082,0.4162,1893.55,0
2026-08-16T19:34:00Z,BTC,572,66,3,0.15,0.165,0.18,0.0148,0.2837,63494.75,0
2026-08-16T19:34:00Z,ETH,476,40,2,0.1,0.105,0.11,0.0058,0.4162,1893.58,0
2026-08-16T19:35:00Z,BTC,572,66,3,0.16,0.17,0.18,0.0148,0.2838,63500.0,0
2026-08-16T19:35:00Z,ETH,476,40,2,0.1,0.1,0.1,0.0058,0.4162,1893.53,0
2026-08-16T19:36:00Z,BTC,572,66,3,0.16,0.17,0.18,0.0148,0.2838,63502.49,0
2026-08-16T19:36:00Z,ETH,476,40,2,0.095,0.0975,0.1,0.0058,0.4162,1893.54,0
2026-08-16T19:37:00Z,BTC,572,66,3,0.16,0.17,0.18,0.0148,0.2837,63501.03,0
2026-08-16T19:37:00Z,ETH,476,40,2,0.105,0.1075,0.11,0.0058,0.4162,1893.4,0
2026-08-16T19:38:00Z,BTC,572,66,3,0.16,0.165,0.17,0.0148,0.2838,63501.16,0
2026-08-16T19:38:00Z,ETH,476,40,2,0.1,0.1,0.1,0.0058,0.4162,1893.46,0
2026-08-16T19:39:00Z,BTC,572,66,3,0.15,0.165,0.18,0.0148,0.2838,63502.59,0
2026-08-16T19:39:00Z,ETH,476,40,2,0.1,0.105,0.11,0.0058,0.4162,1893.52,0
2026-08-16T19:40:00Z,BTC,572,66,3,0.15,0.16,0.17,0.0148,0.2839,63499.72,0
2026-08-16T19:40:00Z,ETH,476,40,2,0.1,0.1,0.1,0.0058,0.4162,1893.84,0
2026-08-16T19:41:00Z,BTC,572,66,3,0.15,0.165,0.18,0.0148,0.2834,63513.59,0
2026-08-16T19:41:00Z,ETH,476,40,2,0.095,0.0975,0.1,0.0058,0.4162,1894.19,0
2026-08-16T19:42:00Z,BTC,572,66,3,0.16,0.17,0.18,0.0148,0.2843,63506.67,0
2026-08-16T19:42:00Z,ETH,476,40,2,0.1,0.1,0.1,0.0058,0.4162,1894.21,0
2026-08-16T19:43:00Z,BTC,572,66,3,0.16,0.17,0.18,0.0148,0.2844,63484.22,0
2026-08-16T19:43:00Z,ETH,476,40,2,0.145,0.1675,0.19,0.0082,0.4162,1892.02,0
2026-08-16T19:44:00Z,BTC,572,66,4,0.15,0.1625,0.17,0.012,0.2845,63441.41,0
2026-08-16T19:44:00Z,ETH,476,40,2,0.15,0.17,0.19,0.0082,0.4161,1891.31,0
2026-08-16T19:45:00Z,BTC,572,66,4,0.15,0.1625,0.17,0.0121,0.2838,63454.32,0
2026-08-16T19:45:00Z,ETH,476,40,2,0.095,0.0975,0.1,0.0058,0.4162,1891.5,0
2026-08-16T19:46:00Z,BTC,572,66,4,0.155,0.165,0.18,0.0121,0.2848,63456.82,0
2026-08-16T19:46:00Z,ETH,476,40,2,0.1,0.105,0.11,0.0058,0.4162,1891.64,0
2026-08-16T19:47:00Z,BTC,572,66,4,0.15,0.165,0.18,0.0121,0.2845,63457.08,0
2026-08-16T19:47:00Z,ETH,476,40,2,0.1,0.1,0.1,0.0058,0.4162,1891.63,0
2026-08-16T19:48:00Z,BTC,572,66,4,0.15,0.165,0.18,0.012,0.2837,63444.09,0
2026-08-16T19:48:00Z,ETH,476,40,2,0.105,0.1075,0.11,0.0058,0.4162,1891.61,0
2026-08-16T19:49:00Z,BTC,572,66,4,0.15,0.1625,0.17,0.012,0.2843,63416.42,0
2026-08-16T19:49:00Z,ETH,476,40,2,0.105,0.1075,0.11,0.0058,0.4161,1890.87,0
2026-08-16T19:50:00Z,BTC,572,66,4,0.15,0.1625,0.17,0.012,0.284,63433.01,0
2026-08-16T19:50:00Z,ETH,476,40,2,0.15,0.17,0.19,0.0082,0.4162,1892.11,0
2026-08-16T19:51:00Z,BTC,572,66,4,0.15,0.1625,0.17,0.012,0.283,63437.87,0
2026-08-16T19:51:00Z,ETH,476,40,2,0.145,0.1675,0.19,0.0082,0.4162,1892.28,0
2026-08-16T19:52:00Z,BTC,572,66,4,0.15,0.1625,0.17,0.012,0.284,63416.2,0
2026-08-16T19:52:00Z,ETH,476,40,2,0.145,0.1675,0.19,0.0082,0.4162,1891.83,0
2026-08-16T19:53:00Z,BTC,572,66,4,0.155,0.17,0.17,0.0118,0.2862,63385.88,0
2026-08-16T19:53:00Z,ETH,476,40,2,0.15,0.18,0.21,0.0093,0.4161,1890.34,0
2026-08-16T19:54:00Z,BTC,572,66,4,0.155,0.1725,0.18,0.0119,0.2858,63393.28,0
2026-08-16T19:54:00Z,ETH,476,40,2,0.2,0.205,0.21,0.0117,0.4161,1890.67,0
2026-08-16T19:55:00Z,BTC,572,66,4,0.15,0.1625,0.17,0.0119,0.2862,63398.9,0
2026-08-16T19:55:00Z,ETH,476,40,2,0.155,0.1825,0.21,0.0093,0.4161,1891.3,0
2026-08-16T19:56:00Z,BTC,572,66,4,0.15,0.165,0.18,0.0119,0.2862,63396.52,0
2026-08-16T19:56:00Z,ETH,476,40,2,0.15,0.18,0.21,0.0093,0.4161,1891.35,0
2026-08-16T19:57:00Z,BTC,572,66,4,0.155,0.17,0.17,0.0118,0.2856,63381.94,0
2026-08-16T19:57:00Z,ETH,476,40,2,0.15,0.17,0.19,0.0082,0.4162,1891.54,0
2026-08-16T19:58:00Z,BTC,572,66,4,0.15,0.165,0.18,0.0118,0.2857,63385.87,0
2026-08-16T19:58:00Z,ETH,476,40,2,0.15,0.17,0.19,0.0082,0.4162,1891.65,0
2026-08-16T19:59:00Z,BTC,572,66,4,0.15,0.165,0.18,0.0117,0.2868,63395.29,0
2026-08-16T19:59:00Z,ETH,476,40,2,0.15,0.17,0.19,0.0082,0.4162,1891.74,0
2026-08-16T20:00:00Z,BTC,572,66,4,0.155,0.17,0.17,0.0117,0.2868,63399.95,0
2026-08-16T20:00:00Z,ETH,476,40,2,0.145,0.1675,0.19,0.0082,0.4162,1891.71,0
2026-08-16T20:01:00Z,BTC,572,66,4,0.15,0.1625,0.17,0.0117,0.2863,63400.26,0
2026-08-16T20:01:00Z,ETH,476,40,2,0.145,0.1725,0.2,0.0093,0.4161,1891.44,0
2026-08-16T20:02:00Z,BTC,572,66,4,0.15,0.1625,0.17,0.0117,0.2862,63400.23,0
2026-08-16T20:02:00Z,ETH,476,40,2,0.1,0.105,0.11,0.0058,0.4161,1891.33,0
2026-08-16T20:03:00Z,BTC,572,66,4,0.15,0.165,0.18,0.0117,0.2863,63400.26,0
2026-08-16T20:03:00Z,ETH,476,40,2,0.105,0.1075,0.11,0.0058,0.4161,1891.36,0
2026-08-16T20:04:00Z,BTC,572,66,4,0.155,0.1725,0.18,0.0117,0.2863,63400.25,0
2026-08-16T20:04:00Z,ETH,476,40,2,0.095,0.0975,0.1,0.0058,0.4161,1891.3,0
2026-08-16T20:05:00Z,BTC,572,66,4,0.15,0.1625,0.17,0.0117,0.2863,63400.25,0
2026-08-16T20:05:00Z,ETH,476,40,2,0.15,0.17,0.19,0.0082,0.4162,1891.55,0
2026-08-16T20:06:00Z,BTC,572,66,4,0.155,0.1625,0.17,0.0119,0.2842,63418.22,0
2026-08-16T20:06:00Z,ETH,476,40,2,0.1,0.1,0.1,0.0058,0.4162,1892.24,0
2026-08-16T20:07:00Z,BTC,572,66,4,0.15,0.165,0.18,0.0119,0.2833,63412.99,0
2026-08-16T20:07:00Z,ETH,476,40,2,0.105,0.1075,0.11,0.0058,0.4162,1892.24,0
2026-08-16T20:08:00Z,BTC,572,66,4,0.15,0.1625,0.17,0.0119,0.2837,63409.79,0
2026-08-16T20:08:00Z,ETH,476,40,2,0.1,0.1,0.1,0.0058,0.4162,1891.88,0
2026-08-16T20:09:00Z,BTC,572,66,4,0.155,0.17,0.17,0.0119,0.284,63410.54,0
2026-08-16T20:09:00Z,ETH,476,40,2,0.1,0.105,0.11,0.0058,0.4162,1892.03,0
2026-08-16T20:10:00Z,BTC,572,66,4,0.15,0.165,0.18,0.0119,0.284,63421.7,0
2026-08-16T20:10:00Z,ETH,476,40,2,0.1,0.105,0.11,0.0058,0.4162,1892.63,0
2026-08-16T20:11:00Z,BTC,572,66,4,0.15,0.165,0.18,0.0119,0.2833,63425.88,0
2026-08-16T20:11:00Z,ETH,476,40,2,0.095,0.0975,0.1,0.0058,0.4162,1892.67,0
2026-08-16T20:12:00Z,BTC,572,66,4,0.15,0.1625,0.17,0.0119,0.2831,63426.39,0
2026-08-16T20:12:00Z,ETH,476,40,2,0.105,0.1075,0.11,0.0058,0.4162,1892.89,0
2026-08-16T20:13:00Z,BTC,572,66,4,0.15,0.165,0.18,0.0119,0.2831,63429.15,0
2026-08-16T20:13:00Z,ETH,476,40,2,0.1,0.105,0.11,0.0058,0.4162,1892.89,0
2026-08-16T20:14:00Z,BTC,572,66,4,0.15,0.1625,0.17,0.0119,0.2828,63421.58,0
2026-08-16T20:14:00Z,ETH,476,40,2,0.1,0.105,0.11,0.0058,0.4162,1892.81,0
2026-08-16T20:15:00Z,BTC,572,66,4,0.15,0.1625,0.17,0.0119,0.2835,63418.37,0
2026-08-16T20:15:00Z,ETH,476,40,2,0.095,0.0975,0.1,0.0058,0.4162,1892.78,0
2026-08-16T20:16:00Z,BTC,572,66,4,0.15,0.1625,0.17,0.0119,0.2835,63417.74,0
2026-08-16T20:16:00Z,ETH,476,40,2,0.105,0.1075,0.11,0.0058,0.4162,1892.76,0
2026-08-16T20:17:00Z,BTC,572,66,4,0.15,0.165,0.18,0.0119,0.2835,63417.43,0
2026-08-16T20:17:00Z,ETH,476,40,2,0.1,0.1,0.1,0.0058,0.4162,1892.75,0
2026-08-16T20:18:00Z,BTC,572,66,4,0.15,0.1625,0.17,0.0118,0.2854,63409.07,0
2026-08-16T20:18:00Z,ETH,476,40,2,0.15,0.18,0.21,0.0092,0.4162,1892.46,0
2026-08-16T20:19:00Z,BTC,572,66,4,0.155,0.17,0.17,0.0118,0.2855,63408.84,0
2026-08-16T20:19:00Z,ETH,476,40,2,0.155,0.1825,0.21,0.0092,0.4162,1892.45,0
2026-08-16T20:20:00Z,BTC,572,66,4,0.155,0.17,0.17,0.0119,0.2858,63409.06,0
2026-08-16T20:20:00Z,ETH,476,40,2,0.1,0.105,0.11,0.0058,0.4162,1892.46,0
2026-08-16T20:21:00Z,BTC,572,66,4,0.15,0.165,0.18,0.0119,0.2835,63412.58,0
2026-08-16T20:21:00Z,ETH,476,40,2,0.095,0.0975,0.1,0.0058,0.4162,1893.2,0
2026-08-16T20:22:00Z,BTC,572,66,4,0.155,0.17,0.17,0.0119,0.2836,63413.99,0
2026-08-16T20:22:00Z,ETH,476,40,2,0.095,0.0975,0.1,0.0058,0.4162,1893.02,0
2026-08-16T20:23:00Z,BTC,572,66,4,0.15,0.1625,0.17,0.0119,0.2836,63415.02,0
2026-08-16T20:23:00Z,ETH,476,40,2,0.105,0.1075,0.11,0.0058,0.4162,1893.12,0
2026-08-16T20:24:00Z,BTC,572,66,4,0.15,0.1625,0.17,0.0119,0.2861,63407.47,0
2026-08-16T20:24:00Z,ETH,476,40,2,0.155,0.1825,0.21,0.0092,0.4162,1893.01,0
2026-08-16T20:25:00Z,BTC,572,66,4,0.15,0.1625,0.17,0.0117,0.289,63376.01,0
2026-08-16T20:25:00Z,ETH,476,40,2,0.145,0.1675,0.19,0.0082,0.4162,1891.89,0
2026-08-16T20:26:00Z,BTC,572,66,4,0.15,0.165,0.18,0.0117,0.2882,63375.9,0
2026-08-16T20:26:00Z,ETH,476,40,2,0.145,0.1675,0.19,0.0082,0.4162,1891.95,0
2026-08-16T20:27:00Z,BTC,572,66,4,0.155,0.17,0.17,0.0117,0.2884,63378.54,0
2026-08-16T20:27:00Z,ETH,476,40,2,0.145,0.1675,0.19,0.0082,0.4162,1892.02,0
2026-08-16T20:28:00Z,BTC,572,66,4,0.15,0.165,0.18,0.0117,0.2887,63378.29,0
2026-08-16T20:28:00Z,ETH,476,40,2,0.15,0.17,0.19,0.0082,0.4162,1891.98,0
2026-08-16T20:29:00Z,BTC,572,66,4,0.15,0.1625,0.17,0.0117,0.2859,63377.87,0
2026-08-16T20:29:00Z,ETH,476,40,2,0.15,0.17,0.19,0.0082,0.4162,1892.07,0
2026-08-16T20:30:00Z,BTC,572,66,4,0.155,0.1725,0.18,0.0117,0.289,63375.42,0
2026-08-16T20:30:00Z,ETH,476,40,2,0.145,0.1675,0.19,0.0082,0.4162,1891.98,0
2026-08-16T20:31:00Z,BTC,572,66,4,0.155,0.1725,0.18,0.0117,0.2883,63370.78,0
2026-08-16T20:31:00Z,ETH,476,40,2,0.145,0.1675,0.19,0.0082,0.4162,1891.98,0
2026-08-16T20:32:00Z,BTC,572,66,4,0.15,0.1625,0.17,0.0117,0.2853,63383.81,0
2026-08-16T20:32:00Z,ETH,476,40,2,0.105,0.1075,0.11,0.0058,0.4162,1891.58,0
2026-08-16T20:33:00Z,BTC,572,66,4,0.155,0.17,0.17,0.0117,0.2854,63395.25,0
2026-08-16T20:33:00Z,ETH,476,40,2,0.095,0.0975,0.1,0.0058,0.4161,1891.35,0
2026-08-16T20:34:00Z,BTC,572,66,4,0.155,0.1725,0.18,0.0119,0.2856,63396.47,0
2026-08-16T20:34:00Z,ETH,476,40,2,0.1,0.1,0.1,0.0058,0.4161,1891.22,0
2026-08-16T20:35:00Z,BTC,572,66,4,0.15,0.165,0.18,0.0119,0.2856,63399.46,0
2026-08-16T20:35:00Z,ETH,476,40,2,0.14,0.16,0.18,0.0082,0.4162,1891.47,0
2026-08-16T20:36:00Z,BTC,572,66,4,0.155,0.17,0.17,0.0119,0.2857,63400.35,0
2026-08-16T20:36:00Z,ETH,476,40,2,0.1,0.105,0.11,0.0058,0.4161,1891.36,0
2026-08-16T20:37:00Z,BTC,572,66,4,0.155,0.17,0.17,0.0119,0.2857,63397.64,0
2026-08-16T20:37:00Z,ETH,476,40,2,0.095,0.0975,0.1,0.0058,0.4161,1891.06,0
2026-08-16T20:38:00Z,BTC,572,66,4,0.15,0.1625,0.17,0.0119,0.2856,63394.6,0
2026-08-16T20:38:00Z,ETH,476,40,2,0.1,0.105,0.11,0.0058,0.4161,1891.14,0
2026-08-16T20:39:00Z,BTC,572,66,4,0.15,0.165,0.18,0.0117,0.2888,63379.35,0
2026-08-16T20:39:00Z,ETH,476,40,2,0.145,0.1675,0.19,0.0082,0.4161,1890.93,0
2026-08-16T20:40:00Z,BTC,572,66,4,0.15,0.165,0.18,0.0117,0.2888,63377.06,0
2026-08-16T20:40:00Z,ETH,476,40,2,0.1,0.1,0.1,0.0058,0.4161,1890.79,0
2026-08-16T20:41:00Z,BTC,572,66,4,0.145,0.1625,0.17,0.0117,0.2891,63353.05,0
2026-08-16T20:41:00Z,ETH,476,40,2,0.15,0.17,0.19,0.0081,0.4161,1889.49,0
2026-08-16T20:42:00Z,BTC,572,66,4,0.155,0.17,0.17,0.0117,0.2874,63352.16,0
2026-08-16T20:42:00Z,ETH,476,40,2,0.15,0.17,0.19,0.0081,0.4161,1889.19,0
2026-08-16T20:43:00Z,BTC,572,66,4,0.15,0.1625,0.17,0.0117,0.289,63353.74,0
2026-08-16T20:43:00Z,ETH,476,40,2,0.245,0.2625,0.28,0.014,0.4161,1889.61,0
2026-08-16T20:44:00Z,BTC,572,66,4,0.155,0.17,0.17,0.0117,0.2877,63358.4,0
2026-08-16T20:44:00Z,ETH,476,40,2,0.15,0.18,0.21,0.0094,0.4161,1889.66,0
2026-08-16T20:45:00Z,BTC,572,66,4,0.155,0.17,0.17,0.0117,0.2877,63349.91,0
2026-08-16T20:45:00Z,ETH,476,40,2,0.145,0.1625,0.18,0.0081,0.4161,1889.44,0
2026-08-16T20:46:00Z,BTC,572,66,4,0.155,0.17,0.17,0.0117,0.2879,63349.45,0
2026-08-16T20:46:00Z,ETH,476,40,2,0.145,0.1675,0.19,0.0081,0.4161,1889.8,0
2026-08-16T20:47:00Z,BTC,572,66,4,0.17,0.195,0.27,0.0151,0.2883,63351.22,0
2026-08-16T20:47:00Z,ETH,476,40,2,0.15,0.17,0.19,0.0081,0.4161,1890.14,0
2026-08-16T20:48:00Z,BTC,572,66,4,0.155,0.1725,0.18,0.0117,0.2886,63344.19,0
2026-08-16T20:48:00Z,ETH,476,40,2,0.145,0.1675,0.19,0.0081,0.4161,1889.86,0
2026-08-16T20:49:00Z,BTC,572,66,4,0.155,0.17,0.17,0.0117,0.2889,63325.27,0
2026-08-16T20:49:00Z,ETH,476,40,2,0.1,0.1,0.1,0.0058,0.4161,1889.32,0
2026-08-16T20:50:00Z,BTC,572,66,4,0.155,0.17,0.17,0.0117,0.2884,63326.52,0
2026-08-16T20:50:00Z,ETH,476,40,2,0.145,0.1675,0.19,0.0081,0.4161,1889.57,0
2026-08-16T20:51:00Z,BTC,572,66,4,0.155,0.1725,0.18,0.0117,0.2884,63340.44,0
2026-08-16T20:51:00Z,ETH,476,40,2,0.1,0.105,0.11,0.0058,0.4161,1889.28,0
2026-08-16T20:52:00Z,BTC,572,66,4,0.15,0.1625,0.17,0.0117,0.2885,63330.18,0
2026-08-16T20:52:00Z,ETH,476,40,2,0.145,0.1625,0.18,0.0081,0.416,1888.49,0
2026-08-16T20:53:00Z,BTC,572,66,4,0.155,0.1725,0.18,0.0116,0.2889,63349.34,0
2026-08-16T20:53:00Z,ETH,476,40,2,0.195,0.2025,0.21,0.0118,0.4161,1889.14,0
2026-08-16T20:54:00Z,BTC,572,66,4,0.15,0.1625,0.17,0.0116,0.2879,63355.4,0
2026-08-16T20:54:00Z,ETH,476,40,2,0.2,0.205,0.21,0.0118,0.4161,1889.06,0
2026-08-16T20:55:00Z,BTC,572,66,4,0.155,0.1725,0.18,0.0116,0.2882,63351.57,0
2026-08-16T20:55:00Z,ETH,476,40,2,0.25,0.265,0.28,0.0141,0.416,1888.65,0
2026-08-16T20:56:00Z,BTC,572,66,4,0.155,0.17,0.17,0.0116,0.2881,63345.33,0
2026-08-16T20:56:00Z,ETH,476,40,2,0.1,0.105,0.11,0.0059,0.4159,1887.77,0
2026-08-16T20:57:00Z,BTC,572,66,4,0.15,0.17,0.17,0.0116,0.2882,63343.52,0
2026-08-16T20:57:00Z,ETH,476,40,2,0.095,0.0975,0.1,0.0059,0.4159,1887.67,0
2026-08-16T20:58:00Z,BTC,572,66,4,0.15,0.1625,0.17,0.0116,0.2878,63351.19,0
2026-08-16T20:58:00Z,ETH,476,40,2,0.15,0.17,0.19,0.0082,0.4159,1887.41,0
2026-08-16T20:59:00Z,BTC,572,66,4,0.155,0.17,0.17,0.0116,0.2877,63353.15,0
2026-08-16T20:59:00Z,ETH,476,40,2,0.145,0.1675,0.19,0.0082,0.416,1887.79,0
2026-08-16T21:00:00Z,BTC,572,66,4,0.155,0.17,0.17,0.0116,0.2881,63344.43,0
2026-08-16T21:00:00Z,ETH,476,40,2,0.15,0.17,0.19,0.0081,0.4159,1887.19,0
2026-08-16T21:01:00Z,BTC,572,66,4,0.155,0.17,0.17,0.0116,0.2877,63344.13,0
2026-08-16T21:01:00Z,ETH,476,40,2,0.15,0.17,0.19,0.0082,0.4159,1887.77,0
2026-08-16T21:02:00Z,BTC,572,66,4,0.15,0.1625,0.17,0.0116,0.2881,63349.25,0
2026-08-16T21:02:00Z,ETH,476,40,2,0.19,0.235,0.28,0.0104,0.416,1888.21,0
2026-08-16T21:03:00Z,BTC,572,66,4,0.155,0.17,0.17,0.0116,0.2885,63353.3,0
2026-08-16T21:03:00Z,ETH,476,40,2,0.15,0.17,0.19,0.0082,0.416,1888.58,0
2026-08-16T21:04:00Z,BTC,572,66,4,0.15,0.1625,0.17,0.0116,0.2876,63353.15,0
2026-08-16T21:04:00Z,ETH,476,40,2,0.15,0.17,0.19,0.0082,0.416,1888.73,0
2026-08-16T21:05:00Z,BTC,572,66,4,0.155,0.17,0.17,0.0117,0.2874,63329.12,0
2026-08-16T21:05:00Z,ETH,476,40,2,0.15,0.17,0.19,0.0081,0.4159,1887.46,0
2026-08-16T21:06:00Z,BTC,572,66,4,0.155,0.17,0.17,0.0117,0.2881,63343.25,0
2026-08-16T21:06:00Z,ETH,476,40,2,0.145,0.1625,0.18,0.0082,0.416,1887.96,0
2026-08-16T21:07:00Z,BTC,572,66,4,0.155,0.17,0.17,0.0116,0.2884,63352.35,0
2026-08-16T21:07:00Z,ETH,476,40,2,0.25,0.265,0.28,0.014,0.416,1888.11,0
2026-08-16T21:08:00Z,BTC,572,66,4,0.15,0.165,0.18,0.0116,0.2877,63350.03,0
2026-08-16T21:08:00Z,ETH,476,40,2,0.19,0.235,0.28,0.0104,0.416,1887.88,0
2026-08-16T21:09:00Z,BTC,572,66,4,0.15,0.1625,0.17,0.0117,0.2877,63336.18,0
2026-08-16T21:09:00Z,ETH,476,40,2,0.245,0.2625,0.28,0.014,0.4159,1887.36,0
2026-08-16T21:10:00Z,BTC,572,66,4,0.15,0.1625,0.17,0.0117,0.2888,63335.32,0
2026-08-16T21:10:00Z,ETH,476,40,2,0.245,0.2625,0.28,0.014,0.4159,1887.68,0
2026-08-16T21:11:00Z,BTC,572,66,4,0.15,0.1625,0.17,0.0117,0.2888,63349.48,0
2026-08-16T21:11:00Z,ETH,476,40,2,0.195,0.2375,0.28,0.0104,0.416,1888.45,0
2026-08-16T21:12:00Z,BTC,572,66,4,0.155,0.17,0.17,0.0117,0.2882,63353.18,0
2026-08-16T21:12:00Z,ETH,476,40,2,0.145,0.1625,0.18,0.0082,0.4161,1888.71,0
2026-08-16T21:13:00Z,BTC,572,66,4,0.155,0.17,0.17,0.0117,0.2881,63341.2,0
2026-08-16T21:13:00Z,ETH,476,40,2,0.145,0.1625,0.18,0.0081,0.4159,1887.74,0
2026-08-16T21:14:00Z,BTC,572,66,4,0.15,0.1625,0.17,0.0117,0.2883,63348.64,0
2026-08-16T21:14:00Z,ETH,476,40,2,0.145,0.1675,0.19,0.0082,0.416,1887.92,0
2026-08-16T21:15:00Z,BTC,572,66,4,0.155,0.1725,0.18,0.0117,0.2888,63343.53,0
2026-08-16T21:15:00Z,ETH,476,40,2,0.14,0.16,0.18,0.0081,0.4159,1887.42,0
2026-08-16T21:16:00Z,BTC,572,66,4,0.155,0.1725,0.18,0.0117,0.2884,63350.94,0
2026-08-16T21:16:00Z,ETH,476,40,2,0.145,0.1675,0.19,0.0082,0.416,1888.18,0
2026-08-16T21:17:00Z,BTC,572,66,4,0.15,0.1625,0.17,0.0117,0.2883,63373.58,0
2026-08-16T21:17:00Z,ETH,476,40,2,0.145,0.1625,0.18,0.0082,0.416,1888.43,0
2026-08-16T21:18:00Z,BTC,572,66,4,0.15,0.1625,0.17,0.0116,0.2882,63361.84,0
2026-08-16T21:18:00Z,ETH,476,40,2,0.145,0.1625,0.18,0.0082,0.4159,1887.9,0
2026-08-16T21:19:00Z,BTC,572,66,4,0.15,0.1625,0.17,0.0116,0.2887,63350.07,0
2026-08-16T21:19:00Z,ETH,476,40,2,0.145,0.1625,0.18,0.0081,0.4159,1887.38,0
2026-08-16T21:20:00Z,BTC,572,66,4,0.15,0.1625,0.17,0.0117,0.2882,63345.13,0
2026-08-16T21:20:00Z,ETH,476,40,2,0.095,0.0975,0.1,0.0059,0.4159,1887.32,0
2026-08-16T21:21:00Z,BTC,572,66,4,0.15,0.1625,0.17,0.0116,0.2883,63334.92,0
2026-08-16T21:21:00Z,ETH,476,40,2,0.15,0.17,0.19,0.0081,0.4158,1887.01,0
2026-08-16T21:22:00Z,BTC,572,66,4,0.155,0.17,0.17,0.0116,0.2891,63336.4,0
2026-08-16T21:22:00Z,ETH,476,40,2,0.195,0.2375,0.28,0.0104,0.4159,1887.29,0
2026-08-16T21:23:00Z,BTC,572,66,4,0.155,0.17,0.17,0.0116,0.2895,63339.94,0
2026-08-16T21:23:00Z,ETH,476,40,2,0.15,0.17,0.19,0.0082,0.4159,1887.41,0
2026-08-16T21:24:00Z,BTC,572,66,4,0.15,0.1625,0.17,0.0116,0.2894,63329.97,0
2026-08-16T21:24:00Z,ETH,476,40,2,0.1,0.105,0.11,0.0059,0.4158,1886.23,0
2026-08-16T21:25:00Z,BTC,572,66,4,0.155,0.17,0.17,0.0116,0.2897,63325.25,0
2026-08-16T21:25:00Z,ETH,476,40,2,0.145,0.1625,0.18,0.0081,0.4158,1886.0,0
2026-08-16T21:26:00Z,BTC,572,66,4,0.155,0.17,0.17,0.0116,0.2892,63312.84,0
2026-08-16T21:26:00Z,ETH,476,40,2,0.15,0.17,0.19,0.0081,0.4158,1885.14,0
2026-08-16T21:27:00Z,BTC,572,66,4,0.155,0.17,0.17,0.0117,0.2892,63335.63,0
2026-08-16T21:27:00Z,ETH,476,40,2,0.14,0.16,0.18,0.0081,0.4158,1886.67,0
2026-08-16T21:28:00Z,BTC,572,66,4,0.155,0.17,0.17,0.0117,0.2891,63335.87,0
2026-08-16T21:28:00Z,ETH,476,40,2,0.15,0.17,0.19,0.0081,0.4158,1886.27,0
2026-08-16T21:29:00Z,BTC,572,66,4,0.155,0.17,0.17,0.0116,0.2898,63315.29,0
2026-08-16T21:29:00Z,ETH,476,40,2,0.15,0.17,0.19,0.0081,0.4158,1885.78,0
2026-08-16T21:30:00Z,BTC,572,66,4,0.155,0.17,0.17,0.0117,0.2888,63305.3,0
2026-08-16T21:30:00Z,ETH,476,40,2,0.145,0.1625,0.18,0.0081,0.4158,1885.81,0
2026-08-16T21:31:00Z,BTC,572,66,4,0.155,0.17,0.17,0.0116,0.2873,63319.62,0
2026-08-16T21:31:00Z,ETH,476,40,2,0.19,0.235,0.28,0.0104,0.4158,1886.82,0
2026-08-16T21:32:00Z,BTC,572,66,4,0.15,0.1625,0.17,0.0116,0.2886,63324.06,0
2026-08-16T21:32:00Z,ETH,476,40,2,0.15,0.17,0.19,0.0081,0.4159,1886.94,0
2026-08-16T21:33:00Z,BTC,572,66,4,0.155,0.1725,0.18,0.0116,0.2891,63325.73,0
2026-08-16T21:33:00Z,ETH,476,40,2,0.195,0.2375,0.28,0.0104,0.4159,1886.99,0
2026-08-16T21:34:00Z,BTC,572,66,4,0.155,0.17,0.17,0.0116,0.2891,63324.49,0
2026-08-16T21:34:00Z,ETH,476,40,2,0.15,0.17,0.19,0.0081,0.4158,1887.01,0
2026-08-16T21:35:00Z,BTC,572,66,4,0.155,0.17,0.17,0.0116,0.2896,63328.04,0
2026-08-16T21:35:00Z,ETH,476,40,2,0.195,0.2375,0.28,0.0104,0.4159,1887.2,0
2026-08-16T21:36:00Z,BTC,572,66,4,0.155,0.17,0.17,0.0116,0.2887,63321.16,0
2026-08-16T21:36:00Z,ETH,476,40,2,0.145,0.1625,0.18,0.0081,0.4158,1886.93,0
2026-08-16T21:37:00Z,BTC,572,66,4,0.15,0.17,0.17,0.0116,0.2884,63320.68,0
2026-08-16T21:37:00Z,ETH,476,40,2,0.195,0.2375,0.28,0.0104,0.4158,1886.95,0
2026-08-16T21:38:00Z,BTC,572,66,4,0.15,0.1625,0.17,0.0117,0.2886,63296.71,0
2026-08-16T21:38:00Z,ETH,476,40,2,0.19,0.23,0.27,0.0103,0.4158,1885.47,0
2026-08-16T21:39:00Z,BTC,572,66,4,0.155,0.17,0.17,0.0117,0.2881,63281.55,0
2026-08-16T21:39:00Z,ETH,476,40,2,0.25,0.265,0.28,0.014,0.4156,1883.37,0
2026-08-16T21:40:00Z,BTC,572,66,4,0.155,0.1725,0.18,0.0116,0.2881,63133.68,0
2026-08-16T21:40:00Z,ETH,476,40,2,0.25,0.26,0.27,0.0142,0.4154,1879.16,0
2026-08-16T21:41:00Z,BTC,572,66,4,0.155,0.17,0.17,0.0118,0.2869,63181.41,0
2026-08-16T21:41:00Z,ETH,476,40,2,0.155,0.1875,0.22,0.0101,0.4155,1879.58,0
2026-08-16T21:42:00Z,BTC,572,66,4,0.155,0.1725,0.18,0.0118,0.2867,63188.74,0
2026-08-16T21:42:00Z,ETH,476,40,2,0.19,0.23,0.27,0.0102,0.4154,1878.59,0
2026-08-16T21:43:00Z,BTC,572,66,4,0.155,0.1725,0.18,0.0118,0.286,63224.12,0
2026-08-16T21:43:00Z,ETH,476,40,2,0.15,0.165,0.18,0.0082,0.4155,1879.79,0
2026-08-16T21:44:00Z,BTC,572,66,4,0.155,0.1725,0.18,0.0118,0.2856,63233.19,0
2026-08-16T21:44:00Z,ETH,476,40,2,0.145,0.1625,0.18,0.0082,0.4155,1880.96,0
2026-08-16T21:45:00Z,BTC,572,66,4,0.15,0.165,0.18,0.0118,0.2843,63195.99,0
2026-08-16T21:45:00Z,ETH,476,40,2,0.145,0.1625,0.18,0.0081,0.4154,1878.25,0
2026-08-16T21:46:00Z,BTC,572,66,4,0.155,0.1725,0.18,0.0119,0.2849,63222.04,0
2026-08-16T21:46:00Z,ETH,476,40,2,0.15,0.165,0.18,0.0082,0.4154,1879.39,0
2026-08-16T21:47:00Z,BTC,572,66,4,0.155,0.17,0.17,0.0119,0.2828,63223.6,0
2026-08-16T21:47:00Z,ETH,476,40,2,0.1,0.105,0.11,0.0061,0.4155,1881.06,0
2026-08-16T21:48:00Z,BTC,572,66,4,0.155,0.1725,0.18,0.012,0.2838,63252.2,0
2026-08-16T21:48:00Z,ETH,476,40,2,0.145,0.1625,0.18,0.0082,0.4156,1882.36,0
2026-08-16T21:49:00Z,BTC,572,66,4,0.155,0.17,0.17,0.012,0.2838,63239.06,0
2026-08-16T21:49:00Z,ETH,476,40,2,0.155,0.1875,0.22,0.01,0.4155,1881.63,0
2026-08-16T21:50:00Z,BTC,572,66,4,0.155,0.17,0.17,0.0121,0.2822,63262.9,0
2026-08-16T21:50:00Z,ETH,476,40,2,0.11,0.115,0.12,0.0061,0.4156,1882.09,0
2026-08-16T21:51:00Z,BTC,572,66,4,0.155,0.17,0.17,0.0121,0.2822,63264.86,0
2026-08-16T21:51:00Z,ETH,476,40,2,0.195,0.2375,0.28,0.0105,0.4156,1882.85,0
2026-08-16T21:52:00Z,BTC,572,66,4,0.155,0.17,0.17,0.0121,0.2821,63248.41,0
2026-08-16T21:52:00Z,ETH,476,40,2,0.145,0.1625,0.18,0.0083,0.4156,1882.74,0
2026-08-16T21:53:00Z,BTC,572,66,4,0.155,0.17,0.17,0.0121,0.2829,63243.84,0
2026-08-16T21:53:00Z,ETH,476,40,2,0.15,0.165,0.18,0.0083,0.4156,1882.55,0
2026-08-16T21:54:00Z,BTC,572,66,4,0.15,0.1725,0.18,0.0121,0.283,63218.24,0
2026-08-16T21:54:00Z,ETH,476,40,2,0.145,0.1625,0.18,0.0083,0.4156,1881.77,0
2026-08-16T21:55:00Z,BTC,572,66,4,0.155,0.17,0.17,0.0122,0.2827,63256.55,0
2026-08-16T21:55:00Z,ETH,476,40,2,0.145,0.1625,0.18,0.0083,0.4156,1882.77,0
2026-08-16T21:56:00Z,BTC,572,66,4,0.155,0.17,0.17,0.0122,0.2831,63245.05,0
2026-08-16T21:56:00Z,ETH,476,40,2,0.195,0.2375,0.28,0.0105,0.4156,1882.11,0
2026-08-16T21:57:00Z,BTC,572,66,4,0.155,0.17,0.17,0.0121,0.2831,63247.14,0
2026-08-16T21:57:00Z,ETH,476,40,2,0.145,0.1625,0.18,0.0083,0.4156,1882.51,0
2026-08-16T21:58:00Z,BTC,572,66,4,0.155,0.1725,0.18,0.0121,0.2834,63246.14,0
2026-08-16T21:58:00Z,ETH,476,40,2,0.145,0.1625,0.18,0.0083,0.4156,1882.16,0
2026-08-16T21:59:00Z,BTC,572,66,4,0.155,0.1725,0.18,0.0121,0.2826,63220.66,0
2026-08-16T21:59:00Z,ETH,476,40,2,0.145,0.1625,0.18,0.0083,0.4155,1881.4,0
2026-08-16T22:00:00Z,BTC,572,66,4,0.155,0.17,0.17,0.0121,0.2825,63213.89,0
2026-08-16T22:00:00Z,ETH,476,40,2,0.19,0.23,0.27,0.0105,0.4155,1880.86,0
2026-08-16T22:01:00Z,BTC,572,66,4,0.15,0.165,0.18,0.012,0.2828,63157.17,0
2026-08-16T22:01:00Z,ETH,476,40,2,0.145,0.1625,0.18,0.0083,0.4154,1879.43,0
2026-08-16T22:02:00Z,BTC,572,66,4,0.155,0.1725,0.18,0.0119,0.283,63105.8,0
2026-08-16T22:02:00Z,ETH,476,40,2,0.235,0.2975,0.36,0.0124,0.4153,1877.42,0
2026-08-16T22:03:00Z,BTC,572,66,4,0.155,0.1725,0.18,0.0119,0.2831,63116.0,0
2026-08-16T22:03:00Z,ETH,476,40,2,0.15,0.165,0.18,0.0083,0.4154,1877.95,0
2026-08-16T22:04:00Z,BTC,572,66,4,0.155,0.1725,0.18,0.0121,0.2822,63154.19,0
2026-08-16T22:04:00Z,ETH,476,40,2,0.1,0.105,0.11,0.0061,0.4155,1880.13,0
2026-08-16T22:05:00Z,BTC,572,66,4,0.175,0.205,0.28,0.0155,0.2823,63164.82,0
2026-08-16T22:05:00Z,ETH,476,40,2,0.105,0.1125,0.12,0.0061,0.4155,1880.49,0
2026-08-16T22:06:00Z,BTC,572,66,4,0.155,0.1725,0.18,0.012,0.2823,63163.5,0
2026-08-16T22:06:00Z,ETH,476,40,2,0.145,0.1625,0.18,0.0083,0.4155,1880.12,0
2026-08-16T22:07:00Z,BTC,572,66,4,0.155,0.17,0.17,0.012,0.2824,63163.72,0
2026-08-16T22:07:00Z,ETH,476,40,2,0.15,0.17,0.19,0.0083,0.4155,1880.61,0
2026-08-16T22:08:00Z,BTC,572,66,4,0.15,0.17,0.17,0.0121,0.282,63194.58,0
2026-08-16T22:08:00Z,ETH,476,40,2,0.105,0.1075,0.11,0.0061,0.4156,1881.79,0
2026-08-16T22:09:00Z,BTC,572,66,4,0.155,0.1725,0.18,0.0121,0.2825,63204.73,0
2026-08-16T22:09:00Z,ETH,476,40,2,0.15,0.165,0.18,0.0083,0.4156,1882.65,0
2026-08-16T22:10:00Z,BTC,572,66,4,0.15,0.1625,0.17,0.0121,0.282,63212.31,0
2026-08-16T22:10:00Z,ETH,476,40,2,0.195,0.2375,0.28,0.0105,0.4157,1883.35,0
2026-08-16T22:11:00Z,BTC,572,66,4,0.155,0.1725,0.18,0.0121,0.2818,63210.71,0
2026-08-16T22:11:00Z,ETH,476,40,2,0.105,0.1075,0.11,0.0061,0.4156,1883.05,0
2026-08-16T22:12:00Z,BTC,572,66,4,0.15,0.1625,0.17,0.0121,0.283,63208.19,0
2026-08-16T22:12:00Z,ETH,476,40,2,0.15,0.165,0.18,0.0083,0.4156,1883.23,0
2026-08-16T22:13:00Z,BTC,572,66,4,0.155,0.1725,0.18,0.0121,0.2829,63198.35,0
2026-08-16T22:13:00Z,ETH,476,40,2,0.105,0.1125,0.12,0.0061,0.4156,1882.97,0
2026-08-16T22:14:00Z,BTC,572,66,4,0.155,0.17,0.17,0.0121,0.283,63215.56,0
2026-08-16T22:14:00Z,ETH,476,40,2,0.15,0.17,0.19,0.0083,0.4157,1883.66,0
2026-08-16T22:15:00Z,BTC,572,66,4,0.155,0.1725,0.18,0.0121,0.2826,63222.48,0
2026-08-16T22:15:00Z,ETH,476,40,2,0.195,0.2375,0.28,0.0105,0.4157,1883.53,0
2026-08-16T22:16:00Z,BTC,572,66,4,0.155,0.1725,0.18,0.012,0.2828,63212.29,0
2026-08-16T22:16:00Z,ETH,476,40,2,0.1,0.105,0.11,0.0061,0.4156,1883.15,0
2026-08-16T22:17:00Z,BTC,572,66,4,0.155,0.17,0.17,0.0121,0.2834,63202.17,0
2026-08-16T22:17:00Z,ETH,476,40,2,0.145,0.1625,0.18,0.0083,0.4156,1883.11,0
2026-08-16T22:18:00Z,BTC,572,66,4,0.155,0.17,0.17,0.0121,0.2834,63194.05,0
2026-08-16T22:18:00Z,ETH,476,40,2,0.19,0.23,0.27,0.0105,0.4156,1882.8,0
2026-08-16T22:19:00Z,BTC,572,66,4,0.155,0.17,0.17,0.0121,0.2827,63198.16,0
2026-08-16T22:19:00Z,ETH,476,40,2,0.15,0.17,0.19,0.0083,0.4156,1883.17,0
2026-08-16T22:20:00Z,BTC,572,66,4,0.155,0.1725,0.18,0.0121,0.282,63187.95,0
2026-08-16T22:20:00Z,ETH,476,40,2,0.145,0.1625,0.18,0.0083,0.4156,1882.7,0
2026-08-16T22:21:00Z,BTC,572,66,4,0.155,0.1725,0.18,0.0121,0.2825,63165.97,0
2026-08-16T22:21:00Z,ETH,476,40,2,0.1,0.105,0.11,0.0061,0.4156,1882.67,0
2026-08-16T22:22:00Z,BTC,572,66,4,0.15,0.165,0.18,0.0121,0.2829,63170.86,0
2026-08-16T22:22:00Z,ETH,476,40,2,0.145,0.1625,0.18,0.0083,0.4156,1883.06,0
2026-08-16T22:23:00Z,BTC,572,66,4,0.155,0.1725,0.18,0.0121,0.283,63172.11,0
2026-08-16T22:23:00Z,ETH,476,40,2,0.105,0.1075,0.11,0.0061,0.4156,1882.84,0
2026-08-16T22:24:00Z,BTC,572,66,4,0.15,0.165,0.18,0.0122,0.2825,63154.62,0
2026-08-16T22:24:00Z,ETH,476,40,2,0.195,0.2325,0.27,0.0105,0.4156,1882.0,0
2026-08-16T22:25:00Z,BTC,572,66,4,0.155,0.1725,0.18,0.0122,0.2828,63137.29,0
2026-08-16T22:25:00Z,ETH,476,40,2,0.145,0.1625,0.18,0.0083,0.4156,1881.51,0
2026-08-16T22:26:00Z,BTC,572,66,4,0.155,0.1725,0.18,0.0121,0.283,63132.6,0
2026-08-16T22:26:00Z,ETH,476,40,2,0.195,0.2375,0.28,0.0105,0.4155,1881.24,0
2026-08-16T22:27:00Z,BTC,572,66,4,0.155,0.1725,0.18,0.0121,0.2842,63135.61,0
2026-08-16T22:27:00Z,ETH,476,40,2,0.145,0.1625,0.18,0.0083,0.4155,1881.38,0
2026-08-16T22:28:00Z,BTC,572,66,4,0.15,0.1625,0.17,0.0121,0.2841,63127.76,0
2026-08-16T22:28:00Z,ETH,476,40,2,0.195,0.2375,0.28,0.0105,0.4155,1880.98,0
2026-08-16T22:29:00Z,BTC,572,66,4,0.15,0.165,0.18,0.0121,0.2849,63135.58,0
2026-08-16T22:29:00Z,ETH,476,40,2,0.1,0.105,0.11,0.0062,0.4155,1881.23,0
2026-08-16T22:30:00Z,BTC,572,66,4,0.15,0.165,0.18,0.012,0.2841,63119.64,0
2026-08-16T22:30:00Z,ETH,476,40,2,0.15,0.165,0.18,0.0083,0.4155,1881.28,0
2026-08-16T22:31:00Z,BTC,572,66,4,0.155,0.1725,0.18,0.012,0.2835,63110.38,0
2026-08-16T22:31:00Z,ETH,476,40,2,0.145,0.1625,0.18,0.0083,0.4155,1880.17,0
2026-08-16T22:32:00Z,BTC,572,66,4,0.155,0.1725,0.18,0.012,0.2831,63084.92,0
2026-08-16T22:32:00Z,ETH,476,40,2,0.25,0.26,0.27,0.0146,0.4154,1878.94,0
2026-08-16T22:33:00Z,BTC,572,66,4,0.155,0.1725,0.18,0.012,0.2833,63078.23,0
2026-08-16T22:33:00Z,ETH,476,40,2,0.145,0.1625,0.18,0.0083,0.4154,1879.14,0
2026-08-16T22:34:00Z,BTC,572,66,4,0.15,0.165,0.18,0.0121,0.2831,63097.46,0
2026-08-16T22:34:00Z,ETH,476,40,2,0.145,0.1625,0.18,0.0083,0.4154,1879.25,0
2026-08-16T22:35:00Z,BTC,572,66,4,0.15,0.165,0.18,0.0121,0.2831,63056.64,0
2026-08-16T22:35:00Z,ETH,476,40,2,0.16,0.195,0.23,0.0104,0.4154,1877.89,0
2026-08-16T22:36:00Z,BTC,572,66,4,0.15,0.165,0.18,0.012,0.2834,63055.82,0
2026-08-16T22:36:00Z,ETH,476,40,2,0.1,0.105,0.11,0.0063,0.4154,1877.84,0
2026-08-16T22:37:00Z,BTC,572,66,4,0.15,0.1675,0.19,0.012,0.2854,63020.69,0
2026-08-16T22:37:00Z,ETH,476,40,2,0.195,0.2325,0.27,0.0104,0.4153,1876.47,0
2026-08-16T22:38:00Z,BTC,572,66,4,0.15,0.165,0.18,0.012,0.2837,63037.93,0
2026-08-16T22:38:00Z,ETH,476,40,2,0.15,0.165,0.18,0.0084,0.4153,1877.18,0
2026-08-16T22:39:00Z,BTC,572,66,4,0.15,0.165,0.18,0.012,0.2835,63027.62,0
2026-08-16T22:39:00Z,ETH,476,40,2,0.145,0.1625,0.18,0.0083,0.4153,1876.09,0
2026-08-16T22:40:00Z,BTC,572,66,4,0.155,0.165,0.18,0.012,0.2848,63001.56,0
2026-08-16T22:40:00Z,ETH,476,40,2,0.145,0.1575,0.17,0.0084,0.4153,1875.25,0
2026-08-16T22:41:00Z,BTC,572,66,4,0.15,0.165,0.18,0.012,0.2845,63027.98,0
2026-08-16T22:41:00Z,ETH,476,40,2,0.195,0.2325,0.27,0.0104,0.4153,1877.41,0
2026-08-16T22:42:00Z,BTC,572,66,4,0.15,0.165,0.18,0.0119,0.284,63067.42,0
2026-08-16T22:42:00Z,ETH,476,40,2,0.1,0.105,0.11,0.0062,0.4154,1878.64,0
2026-08-16T22:43:00Z,BTC,572,66,4,0.15,0.1675,0.19,0.0119,0.2838,63059.71,0
2026-08-16T22:43:00Z,ETH,476,40,2,0.205,0.2175,0.23,0.0124,0.4154,1878.29,0
2026-08-16T22:44:00Z,BTC,572,66,4,0.15,0.165,0.18,0.0119,0.2837,63083.1,0
2026-08-16T22:44:00Z,ETH,476,40,2,0.145,0.1625,0.18,0.0083,0.4154,1879.38,0
2026-08-16T22:45:00Z,BTC,572,66,4,0.15,0.165,0.18,0.012,0.2837,63037.94,0
2026-08-16T22:45:00Z,ETH,476,40,2,0.1,0.105,0.11,0.0062,0.4154,1878.47,0
2026-08-16T22:46:00Z,BTC,572,66,4,0.15,0.1675,0.19,0.0119,0.2838,63052.05,0
2026-08-16T22:46:00Z,ETH,476,40,2,0.105,0.1125,0.12,0.0062,0.4154,1879.21,0
2026-08-16T22:47:00Z,BTC,572,66,4,0.15,0.165,0.18,0.0118,0.2847,63064.94,0
2026-08-16T22:47:00Z,ETH,476,40,2,0.105,0.1125,0.12,0.0062,0.4155,1879.72,0
2026-08-16T22:48:00Z,BTC,572,66,4,0.155,0.1725,0.18,0.0119,0.2846,63080.11,0
2026-08-16T22:48:00Z,ETH,476,40,2,0.145,0.1625,0.18,0.0083,0.4155,1880.24,0
2026-08-16T22:49:00Z,BTC,572,66,4,0.155,0.1725,0.18,0.0119,0.2837,63100.86,0
2026-08-16T22:49:00Z,ETH,476,40,2,0.155,0.1725,0.19,0.0083,0.4155,1880.41,0
2026-08-16T22:50:00Z,BTC,572,66,4,0.155,0.1725,0.18,0.0119,0.2837,63089.48,0
2026-08-16T22:50:00Z,ETH,476,40,2,0.105,0.1075,0.11,0.0062,0.4155,1879.91,0
2026-08-16T22:51:00Z,BTC,572,66,4,0.155,0.1725,0.18,0.0119,0.2843,63099.75,0
2026-08-16T22:51:00Z,ETH,476,40,2,0.1,0.105,0.11,0.0062,0.4155,1879.83,0
2026-08-16T22:52:00Z,BTC,572,66,4,0.155,0.1725,0.18,0.0119,0.2836,63109.49,0
2026-08-16T22:52:00Z,ETH,476,40,2,0.105,0.1125,0.12,0.0062,0.4155,1879.78,0
2026-08-16T22:53:00Z,BTC,572,66,4,0.15,0.165,0.18,0.0119,0.2838,63114.21,0
2026-08-16T22:53:00Z,ETH,476,40,2,0.15,0.165,0.18,0.0083,0.4155,1880.24,0
2026-08-16T22:54:00Z,BTC,572,66,4,0.155,0.1725,0.18,0.0119,0.2846,63117.35,0
2026-08-16T22:54:00Z,ETH,476,40,2,0.1,0.105,0.11,0.0062,0.4155,1880.13,0
2026-08-16T22:55:00Z,BTC,572,66,4,0.15,0.165,0.18,0.0119,0.284,63122.58,0
2026-08-16T22:55:00Z,ETH,476,40,2,0.15,0.17,0.19,0.0083,0.4155,1880.18,0
2026-08-16T22:56:00Z,BTC,572,66,4,0.15,0.1625,0.17,0.0118,0.2851,63142.7,0
2026-08-16T22:56:00Z,ETH,476,40,2,0.195,0.2375,0.28,0.0105,0.4155,1880.38,0
2026-08-16T22:57:00Z,BTC,572,66,4,0.155,0.1725,0.18,0.0118,0.2841,63182.39,0
2026-08-16T22:57:00Z,ETH,476,40,2,0.155,0.1725,0.19,0.0083,0.4156,1881.65,0
2026-08-16T22:58:00Z,BTC,572,66,4,0.15,0.165,0.18,0.0119,0.2839,63186.48,0
2026-08-16T22:58:00Z,ETH,476,40,2,0.1,0.105,0.11,0.0062,0.4156,1882.07,0
2026-08-16T22:59:00Z,BTC,572,66,4,0.15,0.1625,0.17,0.012,0.2837,63203.08,0
2026-08-16T22:59:00Z,ETH,476,40,2,0.145,0.1625,0.18,0.0083,0.4156,1882.05,0
2026-08-16T23:00:00Z,BTC,572,66,4,0.15,0.1625,0.17,0.012,0.2848,63214.02,0
2026-08-16T23:00:00Z,ETH,476,40,2,0.19,0.23,0.27,0.0105,0.4156,1881.58,0
2026-08-16T23:01:00Z,BTC,572,66,4,0.17,0.1975,0.28,0.0156,0.285,63232.68,0
2026-08-16T23:01:00Z,ETH,476,40,2,0.145,0.1625,0.18,0.0083,0.4156,1882.2,0
2026-08-16T23:02:00Z,BTC,572,66,4,0.155,0.17,0.17,0.012,0.2845,63276.75,0
2026-08-16T23:02:00Z,ETH,476,40,2,0.2,0.24,0.28,0.0105,0.4157,1883.42,0
2026-08-16T23:03:00Z,BTC,572,66,4,0.155,0.17,0.17,0.0119,0.2844,63243.22,0
2026-08-16T23:03:00Z,ETH,476,40,2,0.15,0.165,0.18,0.0083,0.4156,1882.42,0
2026-08-16T23:04:00Z,BTC,572,66,4,0.15,0.17,0.17,0.012,0.2844,63232.58,0
2026-08-16T23:04:00Z,ETH,476,40,2,0.15,0.165,0.18,0.0083,0.4156,1882.11,0
2026-08-16T23:05:00Z,BTC,572,66,4,0.155,0.1725,0.18,0.012,0.285,63230.96,0
2026-08-16T23:05:00Z,ETH,476,40,2,0.1,0.105,0.11,0.0061,0.4156,1882.0,0
2026-08-16T23:06:00Z,BTC,572,66,4,0.155,0.17,0.17,0.0119,0.285,63241.72,0
2026-08-16T23:06:00Z,ETH,476,40,2,0.195,0.2375,0.28,0.0105,0.4156,1882.43,0
2026-08-16T23:07:00Z,BTC,572,66,4,0.155,0.17,0.17,0.0119,0.285,63241.9,0
2026-08-16T23:07:00Z,ETH,476,40,2,0.195,0.2375,0.28,0.0105,0.4156,1882.43,0
2026-08-16T23:08:00Z,BTC,572,66,4,0.15,0.1625,0.17,0.0119,0.2851,63243.27,0
2026-08-16T23:08:00Z,ETH,476,40,2,0.145,0.1625,0.18,0.0083,0.4156,1882.67,0
2026-08-16T23:09:00Z,BTC,572,66,4,0.155,0.17,0.17,0.0119,0.2845,63246.39,0
2026-08-16T23:09:00Z,ETH,476,40,2,0.1,0.105,0.11,0.0061,0.4156,1882.74,0
2026-08-16T23:10:00Z,BTC,572,66,4,0.155,0.17,0.17,0.012,0.2846,63257.47,0
2026-08-16T23:10:00Z,ETH,476,40,2,0.145,0.1625,0.18,0.0083,0.4156,1883.14,0
2026-08-16T23:11:00Z,BTC,572,66,4,0.155,0.17,0.17,0.012,0.2842,63246.28,0
2026-08-16T23:11:00Z,ETH,476,40,2,0.15,0.17,0.19,0.0083,0.4156,1883.03,0
2026-08-16T23:12:00Z,BTC,572,66,4,0.155,0.17,0.17,0.012,0.2839,63222.47,0
2026-08-16T23:12:00Z,ETH,476,40,2,0.11,0.115,0.12,0.0061,0.4156,1882.13,0
2026-08-16T23:13:00Z,BTC,572,66,4,0.15,0.1625,0.17,0.0119,0.2847,63203.05,0
2026-08-16T23:13:00Z,ETH,476,40,2,0.105,0.1125,0.12,0.0062,0.4155,1881.37,0
2026-08-16T23:14:00Z,BTC,572,66,4,0.15,0.17,0.17,0.0119,0.2853,63130.73,0
2026-08-16T23:14:00Z,ETH,476,40,2,0.195,0.2325,0.27,0.0104,0.4155,1879.66,0
2026-08-16T23:15:00Z,BTC,572,66,4,0.155,0.1725,0.18,0.0119,0.2859,63174.66,0
2026-08-16T23:15:00Z,ETH,476,40,2,0.145,0.1625,0.18,0.0083,0.4155,1881.01,0
2026-08-16T23:16:00Z,BTC,572,66,4,0.155,0.17,0.17,0.0119,0.2839,63173.84,0
2026-08-16T23:16:00Z,ETH,476,40,2,0.1,0.105,0.11,0.0061,0.4155,1880.86,0
2026-08-16T23:17:00Z,BTC,572,66,4,0.15,0.165,0.18,0.0119,0.2846,63151.81,0
2026-08-16T23:17:00Z,ETH,476,40,2,0.1,0.105,0.11,0.0062,0.4155,1880.21,0
2026-08-16T23:18:00Z,BTC,572,66,4,0.15,0.165,0.18,0.0119,0.2844,63167.21,0
2026-08-16T23:18:00Z,ETH,476,40,2,0.195,0.2325,0.27,0.0104,0.4155,1881.03,0
2026-08-16T23:19:00Z,BTC,572,66,4,0.155,0.1725,0.18,0.0119,0.2845,63165.63,0
2026-08-16T23:19:00Z,ETH,476,40,2,0.145,0.1625,0.18,0.0083,0.4155,1881.11,0
2026-08-16T23:20:00Z,BTC,572,66,4,0.15,0.1725,0.18,0.0119,0.2849,63162.15,0
2026-08-16T23:20:00Z,ETH,476,40,2,0.145,0.1625,0.18,0.0083,0.4155,1880.79,0
2026-08-16T23:21:00Z,BTC,572,66,4,0.155,0.1725,0.18,0.012,0.2856,63187.64,0
2026-08-16T23:21:00Z,ETH,476,40,2,0.15,0.165,0.18,0.0083,0.4156,1881.75,0
2026-08-16T23:22:00Z,BTC,572,66,4,0.17,0.195,0.27,0.0157,0.2839,63199.25,0
2026-08-16T23:22:00Z,ETH,476,40,2,0.15,0.165,0.18,0.0083,0.4156,1881.82,0
2026-08-16T23:23:00Z,BTC,572,66,4,0.155,0.1725,0.18,0.012,0.2841,63195.34,0
2026-08-16T23:23:00Z,ETH,476,40,2,0.1,0.105,0.11,0.0062,0.4156,1881.85,0
2026-08-16T23:24:00Z,BTC,572,66,4,0.155,0.1725,0.18,0.0119,0.2843,63167.83,0
2026-08-16T23:24:00Z,ETH,476,40,2,0.105,0.1075,0.11,0.0061,0.4155,1880.9,0
2026-08-16T23:25:00Z,BTC,572,66,4,0.155,0.1725,0.18,0.0119,0.2854,63147.42,0
2026-08-16T23:25:00Z,ETH,476,40,2,0.16,0.195,0.23,0.0101,0.4155,1880.68,0
2026-08-16T23:26:00Z,BTC,572,66,4,0.15,0.165,0.18,0.0119,0.2842,63155.96,0
2026-08-16T23:26:00Z,ETH,476,40,2,0.1,0.105,0.11,0.0062,0.4155,1880.63,0
2026-08-16T23:27:00Z,BTC,572,66,4,0.155,0.1725,0.18,0.012,0.2843,63138.12,0
2026-08-16T23:27:00Z,ETH,476,40,2,0.15,0.165,0.18,0.0083,0.4155,1879.97,0
2026-08-16T23:28:00Z,BTC,572,66,4,0.15,0.165,0.18,0.012,0.2852,63123.66,0
2026-08-16T23:28:00Z,ETH,476,40,2,0.19,0.23,0.27,0.0104,0.4155,1879.69,0
2026-08-16T23:29:00Z,BTC,572,66,4,0.155,0.1725,0.18,0.0119,0.2855,63138.69,0
2026-08-16T23:29:00Z,ETH,476,40,2,0.19,0.23,0.27,0.0104,0.4155,1879.74,0
2026-08-16T23:30:00Z,BTC,572,66,4,0.15,0.17,0.17,0.0119,0.2856,63139.39,0
2026-08-16T23:30:00Z,ETH,476,40,2,0.15,0.165,0.18,0.0083,0.4155,1879.55,0
2026-08-16T23:31:00Z,BTC,572,66,4,0.15,0.165,0.18,0.0119,0.2855,63132.46,0
2026-08-16T23:31:00Z,ETH,476,40,2,0.145,0.1625,0.18,0.0083,0.4155,1879.83,0
2026-08-16T23:32:00Z,BTC,572,66,4,0.15,0.165,0.18,0.0119,0.2862,63136.41,0
2026-08-16T23:32:00Z,ETH,476,40,2,0.145,0.1625,0.18,0.0083,0.4155,1880.19,0
2026-08-16T23:33:00Z,BTC,572,66,4,0.15,0.165,0.18,0.0119,0.2855,63132.48,0
2026-08-16T23:33:00Z,ETH,476,40,2,0.15,0.17,0.19,0.0083,0.4155,1880.3,0
2026-08-16T23:34:00Z,BTC,572,66,4,0.155,0.1725,0.18,0.0119,0.2856,63142.35,0
2026-08-16T23:34:00Z,ETH,476,40,2,0.19,0.23,0.27,0.0104,0.4155,1880.11,0
2026-08-16T23:35:00Z,BTC,572,66,4,0.15,0.1725,0.18,0.012,0.2841,63180.65,0
2026-08-16T23:35:00Z,ETH,476,40,2,0.195,0.2325,0.27,0.0105,0.4155,1881.08,0
2026-08-16T23:36:00Z,BTC,572,66,4,0.155,0.1725,0.18,0.0119,0.2846,63165.46,0
2026-08-16T23:36:00Z,ETH,476,40,2,0.1,0.105,0.11,0.0062,0.4155,1880.65,0
2026-08-16T23:37:00Z,BTC,572,66,4,0.155,0.1725,0.18,0.012,0.2851,63145.37,0
2026-08-16T23:37:00Z,ETH,476,40,2,0.105,0.1075,0.11,0.0062,0.4155,1880.12,0
2026-08-16T23:38:00Z,BTC,572,66,4,0.155,0.1725,0.18,0.012,0.2844,63167.35,0
2026-08-16T23:38:00Z,ETH,476,40,2,0.1,0.105,0.11,0.0062,0.4155,1880.91,0
2026-08-16T23:39:00Z,BTC,572,66,4,0.155,0.17,0.17,0.012,0.2844,63163.49,0
2026-08-16T23:39:00Z,ETH,476,40,2,0.1,0.105,0.11,0.0062,0.4155,1880.6,0
2026-08-16T23:40:00Z,BTC,572,66,4,0.155,0.1725,0.18,0.0119,0.2848,63152.35,0
2026-08-16T23:40:00Z,ETH,476,40,2,0.11,0.115,0.12,0.0062,0.4155,1880.35,0
2026-08-16T23:41:00Z,BTC,572,66,4,0.155,0.17,0.17,0.0119,0.285,63168.54,0
2026-08-16T23:41:00Z,ETH,476,40,2,0.1,0.105,0.11,0.0062,0.4155,1881.25,0
2026-08-16T23:42:00Z,BTC,572,66,4,0.155,0.1725,0.18,0.0119,0.2845,63173.28,0
2026-08-16T23:42:00Z,ETH,476,40,2,0.145,0.1625,0.18,0.0083,0.4155,1881.27,0
2026-08-16T23:43:00Z,BTC,572,66,4,0.15,0.1625,0.17,0.012,0.2831,63193.28,0
2026-08-16T23:43:00Z,ETH,476,40,2,0.105,0.1125,0.12,0.0062,0.4156,1881.85,0
2026-08-16T23:44:00Z,BTC,572,66,4,0.155,0.17,0.17,0.012,0.283,63192.55,0
2026-08-16T23:44:00Z,ETH,476,40,2,0.1,0.105,0.11,0.0062,0.4156,1882.28,0
2026-08-16T23:45:00Z,BTC,572,66,4,0.155,0.1725,0.18,0.012,0.2842,63183.9,0
2026-08-16T23:45:00Z,ETH,476,40,2,0.145,0.1625,0.18,0.0083,0.4156,1881.72,0
2026-08-16T23:46:00Z,BTC,572,66,4,0.155,0.17,0.17,0.012,0.2834,63185.55,0
2026-08-16T23:46:00Z,ETH,476,40,2,0.1,0.105,0.11,0.0062,0.4156,1881.52,0
2026-08-16T23:47:00Z,BTC,572,66,4,0.155,0.1725,0.18,0.012,0.2837,63192.93,0
2026-08-16T23:47:00Z,ETH,476,40,2,0.105,0.1125,0.12,0.0062,0.4156,1882.13,0
2026-08-16T23:48:00Z,BTC,572,66,4,0.155,0.1725,0.18,0.0121,0.2833,63211.7,0
2026-08-16T23:48:00Z,ETH,476,40,2,0.145,0.1625,0.18,0.0084,0.4156,1882.54,0
2026-08-16T23:49:00Z,BTC,572,66,4,0.17,0.195,0.27,0.0158,0.2835,63214.13,0
2026-08-16T23:49:00Z,ETH,476,40,2,0.16,0.195,0.23,0.0101,0.4156,1882.9,0
2026-08-16T23:50:00Z,BTC,572,66,4,0.155,0.1725,0.18,0.012,0.2844,63223.0,0
2026-08-16T23:50:00Z,ETH,476,40,2,0.105,0.1125,0.12,0.0062,0.4156,1883.14,0
2026-08-16T23:51:00Z,BTC,572,66,4,0.155,0.17,0.17,0.0119,0.2848,63202.04,0
2026-08-16T23:51:00Z,ETH,476,40,2,0.1,0.105,0.11,0.0062,0.4156,1882.61,0
2026-08-16T23:52:00Z,BTC,572,66,4,0.155,0.17,0.17,0.0119,0.2849,63197.79,0
2026-08-16T23:52:00Z,ETH,476,40,2,0.1,0.105,0.11,0.0062,0.4156,1882.38,0
2026-08-16T23:53:00Z,BTC,572,66,4,0.15,0.1725,0.18,0.012,0.2847,63192.19,0
2026-08-16T23:53:00Z,ETH,476,40,2,0.105,0.1125,0.12,0.0062,0.4156,1882.28,0
2026-08-16T23:54:00Z,BTC,572,66,4,0.155,0.17,0.17,0.012,0.285,63179.13,0
2026-08-16T23:54:00Z,ETH,476,40,2,0.1,0.105,0.11,0.0062,0.4156,1881.95,0
2026-08-16T23:55:00Z,BTC,572,66,4,0.155,0.1725,0.18,0.012,0.285,63194.54,0
2026-08-16T23:55:00Z,ETH,476,40,2,0.15,0.17,0.19,0.0084,0.4156,1882.26,0
2026-08-16T23:56:00Z,BTC,572,66,4,0.175,0.205,0.28,0.0157,0.2845,63185.46,0
2026-08-16T23:56:00Z,ETH,476,40,2,0.105,0.1125,0.12,0.0062,0.4156,1882.25,0
2026-08-16T23:57:00Z,BTC,572,66,4,0.15,0.1625,0.17,0.012,0.2852,63180.46,0
2026-08-16T23:57:00Z,ETH,476,40,2,0.15,0.17,0.19,0.0084,0.4156,1882.15,0
2026-08-16T23:58:00Z,BTC,572,66,4,0.15,0.1725,0.18,0.012,0.2853,63179.43,0
2026-08-16T23:58:00Z,ETH,476,40,2,0.11,0.115,0.12,0.0062,0.4156,1882.0,0
2026-08-16T23:59:00Z,BTC,572,66,4,0.175,0.205,0.28,0.0157,0.2845,63191.04,0
2026-08-16T23:59:00Z,ETH,476,40,2,0.15,0.17,0.19,0.0084,0.4156,1882.05,0
2026-08-16T08:00:00Z,BTC,34,0,0,,,,,,63059.82,0
2026-08-16T08:00:00Z,ETH,26,0,0,,,,,,1881.29,0
2026-08-16T23:59:00Z,BTC,572,66,4,0.175,0.2025,0.27,0.0157,0.2845,63193.48,0
2026-08-16T23:59:00Z,ETH,476,40,2,0.195,0.2325,0.27,0.0105,0.4156,1882.06,0
2026-08-17T00:00:00Z,BTC,572,66,4,0.15,0.1625,0.17,0.012,0.2849,63194.28,0
2026-08-17T00:00:00Z,ETH,476,40,2,0.1,0.105,0.11,0.0062,0.4156,1882.11,0
2026-08-17T00:01:00Z,BTC,572,66,4,0.155,0.1725,0.18,0.012,0.2851,63198.87,0
2026-08-17T00:01:00Z,ETH,476,40,2,0.105,0.1125,0.12,0.0062,0.4156,1881.97,0
2026-08-17T00:02:00Z,BTC,572,66,4,0.15,0.1725,0.18,0.012,0.285,63198.21,0
2026-08-17T00:02:00Z,ETH,476,40,2,0.1,0.105,0.11,0.0062,0.4156,1881.99,0
2026-08-17T00:03:00Z,BTC,572,66,4,0.155,0.17,0.17,0.0119,0.2846,63218.82,0
2026-08-17T00:03:00Z,ETH,476,40,2,0.105,0.1075,0.11,0.0062,0.4156,1882.53,0
2026-08-17T00:04:00Z,BTC,572,66,4,0.155,0.1725,0.18,0.012,0.2844,63217.21,0
2026-08-17T00:04:00Z,ETH,476,40,2,0.105,0.1075,0.11,0.0062,0.4156,1882.62,0
2026-08-17T00:05:00Z,BTC,572,66,4,0.155,0.17,0.17,0.0119,0.2849,63202.5,0
2026-08-17T00:05:00Z,ETH,476,40,2,0.105,0.1075,0.11,0.0062,0.4156,1881.8,0
2026-08-17T00:06:00Z,BTC,572,66,4,0.155,0.1725,0.18,0.012,0.2849,63198.16,0
2026-08-17T00:06:00Z,ETH,476,40,2,0.155,0.1725,0.19,0.0084,0.4156,1881.42,0
2026-08-17T00:07:00Z,BTC,572,66,4,0.155,0.1725,0.18,0.0119,0.285,63182.46,0
2026-08-17T00:07:00Z,ETH,476,40,2,0.1,0.105,0.11,0.0062,0.4155,1880.95,0
2026-08-17T00:08:00Z,BTC,572,66,4,0.15,0.1625,0.17,0.0119,0.285,63176.13,0
2026-08-17T00:08:00Z,ETH,476,40,2,0.1,0.105,0.11,0.0062,0.4155,1881.05,0
2026-08-17T00:09:00Z,BTC,572,66,4,0.15,0.1625,0.17,0.0119,0.2855,63168.84,0
2026-08-17T00:09:00Z,ETH,476,40,2,0.1,0.105,0.11,0.0062,0.4155,1880.94,0
2026-08-17T00:10:00Z,BTC,572,66,4,0.15,0.165,0.18,0.0119,0.285,63170.78,0
2026-08-17T00:10:00Z,ETH,476,40,2,0.11,0.115,0.12,0.0062,0.4155,1880.9,0
2026-08-17T00:11:00Z,BTC,572,66,4,0.155,0.17,0.17,0.0119,0.2854,63166.39,0
2026-08-17T00:11:00Z,ETH,476,40,2,0.1,0.105,0.11,0.0062,0.4155,1880.67,0
2026-08-17T00:12:00Z,BTC,572,66,4,0.155,0.1725,0.18,0.0119,0.2862,63171.02,0
2026-08-17T00:12:00Z,ETH,476,40,2,0.105,0.1125,0.12,0.0062,0.4155,1881.02,0
2026-08-17T00:13:00Z,BTC,572,66,4,0.155,0.17,0.17,0.0119,0.2847,63178.25,0
2026-08-17T00:13:00Z,ETH,476,40,2,0.145,0.1625,0.18,0.0084,0.4155,1881.26,0
2026-08-17T00:14:00Z,BTC,572,66,4,0.155,0.17,0.17,0.012,0.2841,63203.47,0
2026-08-17T00:14:00Z,ETH,476,40,2,0.105,0.1125,0.12,0.0062,0.4156,1881.67,0
2026-08-17T00:15:00Z,BTC,572,66,4,0.155,0.17,0.17,0.012,0.2843,63185.54,0
2026-08-17T00:15:00Z,ETH,476,40,2,0.1,0.105,0.11,0.0062,0.4155,1880.74,0
2026-08-17T00:16:00Z,BTC,572,66,4,0.15,0.165,0.18,0.012,0.2841,63172.03,0
2026-08-17T00:16:00Z,ETH,476,40,2,0.105,0.1075,0.11,0.0062,0.4155,1881.0,0
2026-08-17T00:17:00Z,BTC,572,66,4,0.155,0.1725,0.18,0.0119,0.2839,63156.61,0
2026-08-17T00:17:00Z,ETH,476,40,2,0.1,0.105,0.11,0.0062,0.4155,1880.49,0
2026-08-17T00:18:00Z,BTC,572,66,4,0.155,0.1725,0.18,0.0119,0.2843,63149.21,0
2026-08-17T00:18:00Z,ETH,476,40,2,0.1,0.105,0.11,0.0062,0.4155,1880.62,0
2026-08-17T00:19:00Z,BTC,572,66,4,0.155,0.1725,0.18,0.012,0.2851,63121.91,0
2026-08-17T00:19:00Z,ETH,476,40,2,0.11,0.115,0.12,0.0062,0.4155,1879.9,0
2026-08-17T00:20:00Z,BTC,572,66,4,0.15,0.165,0.18,0.012,0.2851,63156.35,0
2026-08-17T00:20:00Z,ETH,476,40,2,0.11,0.115,0.12,0.0062,0.4155,1881.21,0
2026-08-17T00:21:00Z,BTC,572,66,4,0.155,0.17,0.17,0.012,0.2846,63156.35,0
2026-08-17T00:21:00Z,ETH,476,40,2,0.15,0.165,0.18,0.0084,0.4155,1880.99,0
2026-08-17T00:22:00Z,BTC,572,66,4,0.155,0.1725,0.18,0.0119,0.285,63096.55,0
2026-08-17T00:22:00Z,ETH,476,40,2,0.105,0.1075,0.11,0.0063,0.4155,1879.67,0
2026-08-17T00:23:00Z,BTC,572,66,4,0.155,0.1725,0.18,0.0119,0.2849,63099.35,0
2026-08-17T00:23:00Z,ETH,476,40,2,0.1,0.105,0.11,0.0063,0.4155,1879.82,0
2026-08-17T00:24:00Z,BTC,572,66,4,0.155,0.1725,0.18,0.012,0.2842,63083.65,0
2026-08-17T00:24:00Z,ETH,476,40,2,0.105,0.1125,0.12,0.0063,0.4154,1879.21,0
2026-08-17T00:25:00Z,BTC,572,66,4,0.15,0.165,0.18,0.012,0.2851,63074.28,0
2026-08-17T00:25:00Z,ETH,476,40,2,0.1,0.105,0.11,0.0063,0.4154,1879.23,0
2026-08-17T00:26:00Z,BTC,572,66,4,0.15,0.165,0.18,0.012,0.2844,63086.74,0
2026-08-17T00:26:00Z,ETH,476,40,2,0.1,0.105,0.11,0.0063,0.4154,1879.46,0
2026-08-17T00:27:00Z,BTC,572,66,4,0.15,0.165,0.18,0.0121,0.2831,63080.7,0
2026-08-17T00:27:00Z,ETH,476,40,2,0.15,0.165,0.18,0.0084,0.4154,1879.34,0
2026-08-17T00:28:00Z,BTC,572,66,4,0.155,0.1725,0.18,0.0122,0.2823,63131.74,0
2026-08-17T00:28:00Z,ETH,476,40,2,0.1,0.105,0.11,0.0063,0.4155,1881.35,0
2026-08-17T00:29:00Z,BTC,572,66,4,0.15,0.165,0.18,0.0122,0.2817,63160.13,0
2026-08-17T00:29:00Z,ETH,476,40,2,0.155,0.1725,0.19,0.0086,0.4156,1882.6,0
2026-08-17T00:30:00Z,BTC,572,66,4,0.15,0.165,0.18,0.0121,0.2824,63122.86,0
2026-08-17T00:30:00Z,ETH,476,40,2,0.11,0.115,0.12,0.0063,0.4156,1881.71,0
2026-08-17T00:31:00Z,BTC,572,66,4,0.15,0.165,0.18,0.0121,0.2828,63077.75,0
2026-08-17T00:31:00Z,ETH,476,40,2,0.15,0.165,0.18,0.0085,0.4155,1880.23,0
2026-08-17T00:32:00Z,BTC,572,66,4,0.155,0.1725,0.18,0.0121,0.2835,63085.0,0
2026-08-17T00:32:00Z,ETH,476,40,2,0.15,0.165,0.18,0.0085,0.4155,1880.53,0
2026-08-17T00:33:00Z,BTC,572,66,4,0.155,0.1725,0.18,0.0121,0.283,63082.32,0
2026-08-17T00:33:00Z,ETH,476,40,2,0.1,0.105,0.11,0.0063,0.4155,1880.01,0
2026-08-17T00:34:00Z,BTC,572,66,4,0.15,0.165,0.18,0.0121,0.2833,63081.12,0
2026-08-17T00:34:00Z,ETH,476,40,2,0.145,0.1625,0.18,0.0085,0.4155,1880.08,0
2026-08-17T00:35:00Z,BTC,572,66,4,0.155,0.175,0.19,0.0121,0.2829,63072.14,0
2026-08-17T00:35:00Z,ETH,476,40,2,0.2,0.24,0.28,0.0106,0.4155,1879.69,0
2026-08-17T00:36:00Z,BTC,572,66,4,0.15,0.1675,0.19,0.012,0.283,63046.58,0
2026-08-17T00:36:00Z,ETH,476,40,2,0.195,0.2375,0.28,0.0106,0.4154,1879.18,0
2026-08-17T00:37:00Z,BTC,572,66,4,0.155,0.1725,0.18,0.0121,0.2838,63081.9,0
2026-08-17T00:37:00Z,ETH,476,40,2,0.105,0.1125,0.12,0.0063,0.4155,1880.06,0
2026-08-17T00:38:00Z,BTC,572,66,4,0.155,0.1725,0.18,0.0121,0.2838,63108.83,0
2026-08-17T00:38:00Z,ETH,476,40,2,0.145,0.1625,0.18,0.0085,0.4155,1881.35,0
2026-08-17T00:39:00Z,BTC,572,66,4,0.15,0.1675,0.19,0.0121,0.2824,63115.82,0
2026-08-17T00:39:00Z,ETH,476,40,2,0.105,0.1125,0.12,0.0063,0.4155,1880.88,0
2026-08-17T00:40:00Z,BTC,572,66,4,0.155,0.1725,0.18,0.0121,0.2828,63087.29,0
2026-08-17T00:40:00Z,ETH,476,40,2,0.105,0.1125,0.12,0.0063,0.4155,1880.02,0
2026-08-17T00:41:00Z,BTC,572,66,4,0.155,0.1725,0.18,0.0121,0.2828,63119.69,0
2026-08-17T00:41:00Z,ETH,476,40,2,0.155,0.1725,0.19,0.0085,0.4155,1880.57,0
2026-08-17T00:42:00Z,BTC,572,66,4,0.155,0.1725,0.18,0.0121,0.2833,63104.16,0
2026-08-17T00:42:00Z,ETH,476,40,2,0.1,0.105,0.11,0.0063,0.4155,1880.24,0
2026-08-17T00:43:00Z,BTC,572,66,4,0.155,0.1725,0.18,0.0122,0.2832,63173.9,0
2026-08-17T00:43:00Z,ETH,476,40,2,0.145,0.1625,0.18,0.0085,0.4156,1882.41,0
2026-08-17T00:44:00Z,BTC,572,66,4,0.155,0.1725,0.18,0.0122,0.2832,63178.58,0
2026-08-17T00:44:00Z,ETH,476,40,2,0.1,0.105,0.11,0.0063,0.4156,1882.69,0
2026-08-17T00:45:00Z,BTC,572,66,4,0.155,0.1725,0.18,0.0123,0.2821,63229.25,0
2026-08-17T00:45:00Z,ETH,476,40,2,0.1,0.105,0.11,0.0063,0.4157,1883.96,0
2026-08-17T00:46:00Z,BTC,572,66,4,0.155,0.1725,0.18,0.0121,0.2832,63202.78,0
2026-08-17T00:46:00Z,ETH,476,40,2,0.155,0.1725,0.19,0.0085,0.4156,1882.93,0
2026-08-17T00:47:00Z,BTC,572,66,4,0.155,0.1725,0.18,0.0121,0.2831,63183.36,0
2026-08-17T00:47:00Z,ETH,476,40,2,0.15,0.17,0.19,0.0085,0.4156,1881.91,0
2026-08-17T00:48:00Z,BTC,572,66,4,0.155,0.1725,0.18,0.0122,0.2827,63166.24,0
2026-08-17T00:48:00Z,ETH,476,40,2,0.145,0.1625,0.18,0.0085,0.4156,1881.45,0
2026-08-17T00:49:00Z,BTC,572,66,4,0.15,0.165,0.18,0.0122,0.2834,63167.04,0
2026-08-17T00:49:00Z,ETH,476,40,2,0.1,0.105,0.11,0.0063,0.4155,1881.4,0
2026-08-17T00:50:00Z,BTC,572,66,4,0.155,0.1725,0.18,0.0121,0.2836,63168.74,0
2026-08-17T00:50:00Z,ETH,476,40,2,0.1,0.105,0.11,0.0063,0.4156,1881.42,0
2026-08-17T00:51:00Z,BTC,572,66,4,0.155,0.1725,0.18,0.0121,0.2828,63142.71,0
2026-08-17T00:51:00Z,ETH,476,40,2,0.11,0.115,0.12,0.0063,0.4155,1881.09,0
2026-08-17T00:52:00Z,BTC,572,66,4,0.155,0.1725,0.18,0.0121,0.2827,63150.54,0
2026-08-17T00:52:00Z,ETH,476,40,2,0.1,0.105,0.11,0.0063,0.4155,1881.39,0
2026-08-17T00:53:00Z,BTC,572,66,4,0.155,0.1725,0.18,0.0122,0.2827,63184.75,0
2026-08-17T00:53:00Z,ETH,476,40,2,0.1,0.105,0.11,0.0063,0.4156,1882.46,0
2026-08-17T00:54:00Z,BTC,572,66,4,0.15,0.1725,0.18,0.0122,0.2823,63187.32,0
2026-08-17T00:54:00Z,ETH,476,40,2,0.11,0.115,0.12,0.0063,0.4156,1882.84,0
2026-08-17T00:55:00Z,BTC,572,66,4,0.155,0.1725,0.18,0.0122,0.2823,63191.71,0
2026-08-17T00:55:00Z,ETH,476,40,2,0.1,0.105,0.11,0.0063,0.4156,1882.7,0
2026-08-17T00:56:00Z,BTC,572,66,4,0.155,0.1725,0.18,0.0122,0.2818,63217.84,0
2026-08-17T00:56:00Z,ETH,476,40,2,0.1,0.105,0.11,0.0063,0.4156,1883.1,0
2026-08-17T00:57:00Z,BTC,572,66,4,0.155,0.1725,0.18,0.0122,0.2817,63208.31,0
2026-08-17T00:57:00Z,ETH,476,40,2,0.11,0.115,0.12,0.0063,0.4157,1883.55,0
2026-08-17T00:58:00Z,BTC,572,66,4,0.155,0.1725,0.18,0.0121,0.2813,63221.82,0
2026-08-17T00:58:00Z,ETH,476,40,2,0.1,0.105,0.11,0.0062,0.4158,1885.33,0
2026-08-17T00:59:00Z,BTC,572,66,4,0.155,0.17,0.17,0.0121,0.2812,63211.87,0
2026-08-17T00:59:00Z,ETH,476,40,2,0.1,0.105,0.11,0.0062,0.4158,1884.86,0
2026-08-17T01:00:00Z,BTC,572,66,4,0.155,0.17,0.17,0.0123,0.2808,63264.52,0
2026-08-17T01:00:00Z,ETH,476,40,2,0.1,0.105,0.11,0.0061,0.416,1888.63,0
2026-08-17T01:01:00Z,BTC,572,66,4,0.155,0.1725,0.18,0.0123,0.2812,63317.26,0
2026-08-17T01:01:00Z,ETH,476,40,2,0.15,0.17,0.19,0.0085,0.4161,1891.21,0
2026-08-17T01:02:00Z,BTC,572,66,4,0.155,0.17,0.17,0.0123,0.2826,63351.56,0
2026-08-17T01:02:00Z,ETH,476,40,2,0.1,0.1,0.1,0.006,0.4162,1892.46,0
2026-08-17T01:03:00Z,BTC,572,66,4,0.15,0.165,0.18,0.0123,0.281,63402.98,0
2026-08-17T01:03:00Z,ETH,476,40,2,0.145,0.1675,0.19,0.0085,0.4162,1894.73,0
2026-08-17T08:00:00Z,BTC,32,0,0,,,,,,63550.23,0
2026-08-17T08:00:00Z,ETH,30,0,0,,,,,,1902.58,0
2026-08-17T08:44:00Z,BTC,540,66,2,0.165,0.1675,0.17,0.0145,0.2662,63700.81,0
2026-08-17T08:44:00Z,ETH,446,40,2,0.105,0.1075,0.11,0.007,0.4163,1899.04,0
2026-08-17T08:45:00Z,BTC,540,66,2,0.165,0.1675,0.17,0.0145,0.2663,63701.31,0
2026-08-17T08:45:00Z,ETH,446,40,2,0.105,0.1075,0.11,0.0069,0.4163,1900.04,0
2026-08-17T08:46:00Z,BTC,540,66,2,0.16,0.16,0.16,0.0145,0.2651,63704.67,0
2026-08-17T08:46:00Z,ETH,446,40,2,0.105,0.1075,0.11,0.0069,0.4163,1899.83,0
2026-08-17T08:47:00Z,BTC,540,66,2,0.155,0.1575,0.16,0.0145,0.2649,63704.57,0
2026-08-17T08:47:00Z,ETH,446,40,2,0.105,0.1075,0.11,0.0069,0.4163,1899.59,0
2026-08-17T08:48:00Z,BTC,540,66,2,0.16,0.16,0.16,0.0145,0.2654,63697.9,0
2026-08-17T08:48:00Z,ETH,446,40,2,0.105,0.1075,0.11,0.007,0.4163,1899.59,0
2026-08-17T08:49:00Z,BTC,540,66,2,0.16,0.16,0.16,0.0145,0.2658,63699.27,0
2026-08-17T08:49:00Z,ETH,446,40,2,0.105,0.1075,0.11,0.007,0.4163,1899.22,0
2026-08-17T08:50:00Z,BTC,540,66,2,0.155,0.1575,0.16,0.0145,0.2661,63693.37,0
2026-08-17T08:50:00Z,ETH,446,40,2,0.11,0.11,0.11,0.007,0.4163,1898.72,0
2026-08-17T08:51:00Z,BTC,540,66,2,0.165,0.1675,0.17,0.0145,0.2651,63688.58,0
2026-08-17T08:51:00Z,ETH,446,40,2,0.11,0.11,0.11,0.0069,0.4163,1898.35,0
2026-08-17T08:52:00Z,BTC,540,66,2,0.165,0.1675,0.17,0.0146,0.2648,63687.94,0
2026-08-17T08:52:00Z,ETH,446,40,2,0.105,0.1075,0.11,0.007,0.4163,1899.08,0
2026-08-17T08:53:00Z,BTC,540,66,2,0.165,0.1675,0.17,0.0146,0.2648,63682.85,0
2026-08-17T08:53:00Z,ETH,446,40,2,0.105,0.1075,0.11,0.007,0.4163,1898.94,0
2026-08-17T08:54:00Z,BTC,540,66,2,0.16,0.16,0.16,0.0145,0.2654,63714.89,0
2026-08-17T08:54:00Z,ETH,446,40,2,0.105,0.1075,0.11,0.007,0.4163,1900.2,0
2026-08-17T08:55:00Z,BTC,540,66,2,0.16,0.16,0.16,0.0145,0.265,63710.6,0
2026-08-17T08:55:00Z,ETH,446,40,2,0.11,0.11,0.11,0.007,0.4163,1900.56,0
2026-08-17T08:56:00Z,BTC,540,66,2,0.16,0.16,0.16,0.0145,0.265,63717.65,0
2026-08-17T08:56:00Z,ETH,446,40,2,0.105,0.1075,0.11,0.007,0.4163,1900.63,0
2026-08-17T08:57:00Z,BTC,540,66,2,0.165,0.1675,0.17,0.0146,0.265,63735.59,0
2026-08-17T08:57:00Z,ETH,446,40,2,0.11,0.11,0.11,0.007,0.4163,1901.01,0
2026-08-17T08:58:00Z,BTC,540,66,2,0.165,0.1675,0.17,0.0146,0.2649,63717.28,0
2026-08-17T08:58:00Z,ETH,446,40,2,0.11,0.11,0.11,0.007,0.4163,1900.03,0
2026-08-17T08:59:00Z,BTC,540,66,2,0.165,0.1675,0.17,0.0145,0.2649,63708.15,0
2026-08-17T08:59:00Z,ETH,446,40,2,0.11,0.11,0.11,0.007,0.4163,1900.16,0
2026-08-17T09:00:00Z,BTC,540,66,2,0.16,0.16,0.16,0.0145,0.2649,63708.69,0
2026-08-17T09:00:00Z,ETH,446,40,2,0.105,0.1075,0.11,0.007,0.4163,1900.17,0
2026-08-17T09:01:00Z,BTC,540,66,2,0.165,0.1675,0.17,0.0146,0.265,63735.31,0
2026-08-17T09:01:00Z,ETH,446,40,2,0.105,0.1075,0.11,0.007,0.4163,1901.06,0
2026-08-17T09:02:00Z,BTC,540,66,2,0.16,0.16,0.16,0.0146,0.2646,63719.05,0
2026-08-17T09:02:00Z,ETH,446,40,2,0.105,0.1075,0.11,0.007,0.4163,1901.17,0
2026-08-17T09:03:00Z,BTC,540,66,2,0.155,0.1575,0.16,0.0146,0.2648,63719.93,0
2026-08-17T09:03:00Z,ETH,446,40,2,0.105,0.1075,0.11,0.0071,0.4163,1901.69,0
2026-08-17T09:04:00Z,BTC,540,66,2,0.16,0.16,0.16,0.0146,0.2646,63721.91,0
2026-08-17T09:04:00Z,ETH,446,40,2,0.105,0.1075,0.11,0.007,0.4163,1901.74,0
2026-08-17T09:05:00Z,BTC,540,66,2,0.16,0.16,0.16,0.0146,0.2645,63721.86,0
2026-08-17T09:05:00Z,ETH,446,40,2,0.11,0.11,0.11,0.0071,0.4128,1902.23,0
2026-08-17T09:06:00Z,BTC,540,66,2,0.165,0.1675,0.17,0.0146,0.2645,63722.9,0
2026-08-17T09:06:00Z,ETH,446,40,2,0.105,0.1075,0.11,0.007,0.4128,1902.41,0
2026-08-17T09:07:00Z,BTC,540,66,2,0.165,0.1675,0.17,0.0148,0.2643,63721.8,0
2026-08-17T09:07:00Z,ETH,446,40,2,0.105,0.1075,0.11,0.007,0.4128,1902.08,0
2026-08-17T09:08:00Z,BTC,540,66,2,0.165,0.1675,0.17,0.0146,0.2643,63735.39,0
2026-08-17T09:08:00Z,ETH,446,40,2,0.105,0.1075,0.11,0.007,0.4128,1902.37,0
2026-08-17T09:09:00Z,BTC,540,66,3,0.16,0.16,0.16,0.0132,0.2636,63744.44,0
2026-08-17T09:09:00Z,ETH,446,40,2,0.1,0.1,0.1,0.007,0.4128,1902.64,0
2026-08-17T09:10:00Z,BTC,540,66,2,0.16,0.16,0.16,0.0146,0.264,63736.12,0
2026-08-17T09:10:00Z,ETH,446,40,2,0.105,0.1075,0.11,0.007,0.4128,1902.62,0
2026-08-17T09:11:00Z,BTC,540,66,2,0.16,0.16,0.16,0.0146,0.2638,63736.72,0
2026-08-17T09:11:00Z,ETH,446,40,2,0.1,0.1,0.1,0.0071,0.4128,1902.72,0
2026-08-17T09:12:00Z,BTC,540,66,3,0.16,0.165,0.17,0.0134,0.2634,63737.2,0
2026-08-17T09:12:00Z,ETH,446,40,2,0.11,0.11,0.11,0.0071,0.4128,1902.57,0
2026-08-17T09:13:00Z,BTC,540,66,3,0.16,0.16,0.16,0.0134,0.2634,63743.35,0
2026-08-17T09:13:00Z,ETH,446,40,2,0.11,0.11,0.11,0.007,0.4128,1902.66,0
2026-08-17T09:14:00Z,BTC,540,66,3,0.16,0.16,0.16,0.0134,0.2634,63746.66,0
2026-08-17T09:14:00Z,ETH,446,40,2,0.11,0.11,0.11,0.007,0.4128,1902.7,0
2026-08-17T09:15:00Z,BTC,540,66,3,0.16,0.16,0.16,0.0134,0.264,63752.14,0
2026-08-17T09:15:00Z,ETH,446,40,2,0.105,0.1075,0.11,0.007,0.4128,1903.08,0
2026-08-17T09:16:00Z,BTC,540,66,3,0.16,0.16,0.16,0.0134,0.2638,63742.22,0
2026-08-17T09:16:00Z,ETH,446,40,2,0.105,0.1075,0.11,0.007,0.4128,1902.57,0
2026-08-17T09:17:00Z,BTC,540,66,3,0.16,0.16,0.16,0.0134,0.2637,63742.33,0
2026-08-17T09:17:00Z,ETH,446,40,2,0.105,0.1075,0.11,0.0071,0.4128,1902.53,0
2026-08-17T09:18:00Z,BTC,540,66,2,0.165,0.1675,0.17,0.0148,0.2636,63704.08,0
2026-08-17T09:18:00Z,ETH,446,40,2,0.105,0.1075,0.11,0.0071,0.4163,1901.49,0
2026-08-17T09:19:00Z,BTC,540,66,2,0.165,0.1675,0.17,0.0148,0.266,63703.77,0
2026-08-17T09:19:00Z,ETH,446,40,2,0.11,0.11,0.11,0.0071,0.4163,1901.58,0
2026-08-17T09:20:00Z,BTC,540,66,2,0.165,0.1675,0.17,0.0148,0.2658,63705.76,0
2026-08-17T09:20:00Z,ETH,446,40,2,0.105,0.1075,0.11,0.0071,0.4163,1901.51,0
2026-08-17T09:21:00Z,BTC,540,66,2,0.16,0.165,0.17,0.0148,0.2657,63706.78,0
2026-08-17T09:21:00Z,ETH,446,40,2,0.16,0.19,0.22,0.0104,0.4163,1901.15,0
2026-08-17T09:22:00Z,BTC,540,66,2,0.16,0.16,0.16,0.0148,0.2634,63705.75,0
2026-08-17T09:22:00Z,ETH,446,40,2,0.105,0.1075,0.11,0.0071,0.4163,1900.82,0
2026-08-17T09:23:00Z,BTC,540,66,2,0.165,0.1675,0.17,0.0148,0.2644,63670.79,0
2026-08-17T09:23:00Z,ETH,446,40,2,0.11,0.11,0.11,0.0072,0.4163,1900.35,0
2026-08-17T09:24:00Z,BTC,540,66,2,0.155,0.1575,0.16,0.0148,0.2637,63675.47,0
2026-08-17T09:24:00Z,ETH,446,40,2,0.105,0.1075,0.11,0.0071,0.4163,1900.72,0
2026-08-17T09:25:00Z,BTC,540,66,2,0.16,0.16,0.16,0.0148,0.2639,63693.8,0
2026-08-17T09:25:00Z,ETH,446,40,2,0.11,0.11,0.11,0.0072,0.4128,1901.81,0
2026-08-17T09:26:00Z,BTC,540,66,2,0.165,0.1675,0.17,0.0149,0.2637,63691.37,0
2026-08-17T09:26:00Z,ETH,446,40,2,0.11,0.11,0.11,0.0072,0.4128,1901.6,0
2026-08-17T09:27:00Z,BTC,540,66,2,0.165,0.1675,0.17,0.0149,0.264,63691.87,0
2026-08-17T09:27:00Z,ETH,446,40,2,0.105,0.1075,0.11,0.0072,0.4163,1901.37,0
2026-08-17T09:28:00Z,BTC,540,66,2,0.16,0.16,0.16,0.0149,0.2634,63700.37,0
2026-08-17T09:28:00Z,ETH,446,40,2,0.11,0.11,0.11,0.0072,0.4128,1901.61,0
2026-08-17T09:29:00Z,BTC,540,66,2,0.16,0.16,0.16,0.0149,0.2642,63701.01,0
2026-08-17T09:29:00Z,ETH,446,40,2,0.105,0.1075,0.11,0.0072,0.4128,1901.54,0
2026-08-17T09:30:00Z,BTC,540,66,2,0.165,0.1675,0.17,0.0149,0.2643,63692.2,0
2026-08-17T09:30:00Z,ETH,446,40,2,0.105,0.1075,0.11,0.0072,0.4163,1901.19,0
2026-08-17T09:31:00Z,BTC,540,66,2,0.165,0.1675,0.17,0.0149,0.2648,63684.4,0
2026-08-17T09:31:00Z,ETH,446,40,2,0.11,0.11,0.11,0.0072,0.4163,1900.35,0
2026-08-17T09:32:00Z,BTC,540,66,2,0.165,0.1675,0.17,0.0148,0.2655,63661.79,0
2026-08-17T09:32:00Z,ETH,446,40,2,0.165,0.1925,0.22,0.0104,0.4163,1900.23,0
2026-08-17T09:33:00Z,BTC,540,66,2,0.165,0.1675,0.17,0.0148,0.2637,63665.77,0
2026-08-17T09:33:00Z,ETH,446,40,2,0.11,0.11,0.11,0.0072,0.4163,1900.23,0
2026-08-17T09:34:00Z,BTC,540,66,2,0.16,0.165,0.17,0.0148,0.2636,63666.93,0
2026-08-17T09:34:00Z,ETH,446,40,2,0.105,0.1075,0.11,0.0072,0.4163,1900.37,0
2026-08-17T09:35:00Z,BTC,540,66,2,0.165,0.1675,0.17,0.0148,0.264,63663.46,0
2026-08-17T09:35:00Z,ETH,446,40,2,0.105,0.1075,0.11,0.0072,0.4163,1900.35,0
2026-08-17T09:36:00Z,BTC,540,66,2,0.16,0.16,0.16,0.0148,0.2645,63665.15,0
2026-08-17T09:36:00Z,ETH,446,40,2,0.105,0.1075,0.11,0.0072,0.4163,1900.52,0
2026-08-17T09:37:00Z,BTC,540,66,3,0.16,0.165,0.17,0.0129,0.2647,63648.23,0
2026-08-17T09:37:00Z,ETH,446,40,2,0.105,0.1075,0.11,0.0072,0.4163,1899.99,0
2026-08-17T09:38:00Z,BTC,540,66,2,0.16,0.165,0.17,0.0149,0.2643,63655.21,0
2026-08-17T09:38:00Z,ETH,446,40,2,0.1,0.1,0.1,0.0072,0.4163,1899.81,0
2026-08-17T09:39:00Z,BTC,540,66,3,0.15,0.16,0.17,0.0129,0.2635,63652.1,0
2026-08-17T09:39:00Z,ETH,446,40,2,0.11,0.11,0.11,0.0071,0.4163,1899.29,0
2026-08-17T09:40:00Z,BTC,540,66,3,0.16,0.165,0.17,0.0129,0.2636,63645.68,0
2026-08-17T09:40:00Z,ETH,446,40,2,0.11,0.11,0.11,0.0071,0.4163,1899.51,0
2026-08-17T09:41:00Z,BTC,540,66,3,0.16,0.16,0.16,0.0129,0.2632,63645.55,0
2026-08-17T09:41:00Z,ETH,446,40,2,0.1,0.1,0.1,0.0071,0.4163,1899.44,0
2026-08-17T09:42:00Z,BTC,540,66,3,0.16,0.16,0.16,0.0129,0.264,63637.65,0
2026-08-17T09:42:00Z,ETH,446,40,2,0.11,0.11,0.11,0.0071,0.4163,1899.38,0
2026-08-17T09:43:00Z,BTC,540,66,3,0.16,0.16,0.16,0.0129,0.2634,63634.13,0
2026-08-17T09:43:00Z,ETH,446,40,2,0.105,0.1075,0.11,0.0071,0.4163,1899.44,0
2026-08-17T09:44:00Z,BTC,540,66,3,0.16,0.165,0.17,0.0129,0.2629,63632.38,0
2026-08-17T09:44:00Z,ETH,446,40,2,0.11,0.11,0.11,0.0071,0.4163,1899.48,0
2026-08-17T09:45:00Z,BTC,540,66,3,0.16,0.165,0.17,0.0129,0.2634,63634.43,0
2026-08-17T09:45:00Z,ETH,446,40,2,0.105,0.1075,0.11,0.0072,0.4163,1899.66,0
2026-08-17T09:46:00Z,BTC,540,66,3,0.16,0.165,0.17,0.0129,0.2639,63632.45,0
2026-08-17T09:46:00Z,ETH,446,40,2,0.11,0.11,0.11,0.0072,0.4163,1899.7,0
2026-08-17T09:47:00Z,BTC,540,66,3,0.16,0.16,0.16,0.0129,0.2635,63630.02,0
2026-08-17T09:47:00Z,ETH,446,40,2,0.105,0.1075,0.11,0.0071,0.4163,1899.17,0
2026-08-17T09:48:00Z,BTC,540,66,3,0.16,0.165,0.17,0.0127,0.2648,63615.59,0
2026-08-17T09:48:00Z,ETH,446,40,2,0.11,0.11,0.11,0.0071,0.4163,1898.79,0
2026-08-17T09:49:00Z,BTC,540,66,3,0.16,0.16,0.16,0.0127,0.2642,63625.72,0
2026-08-17T09:49:00Z,ETH,446,40,2,0.105,0.1075,0.11,0.0072,0.4163,1899.19,0
2026-08-17T09:50:00Z,BTC,540,66,3,0.16,0.16,0.16,0.0127,0.2642,63625.38,0
2026-08-17T09:50:00Z,ETH,446,40,2,0.105,0.1075,0.11,0.0072,0.4163,1899.42,0
2026-08-17T09:51:00Z,BTC,540,66,3,0.15,0.16,0.17,0.0129,0.2638,63639.92,0
2026-08-17T09:51:00Z,ETH,446,40,2,0.11,0.11,0.11,0.0072,0.4163,1899.66,0
2026-08-17T09:52:00Z,BTC,540,66,3,0.15,0.155,0.16,0.0129,0.2636,63638.62,0
2026-08-17T09:52:00Z,ETH,446,40,2,0.11,0.11,0.11,0.0072,0.4163,1899.88,0
2026-08-17T09:53:00Z,BTC,540,66,3,0.16,0.165,0.17,0.0129,0.2631,63645.49,0
2026-08-17T09:53:00Z,ETH,446,40,2,0.105,0.1075,0.11,0.0072,0.4163,1900.01,0
2026-08-17T09:54:00Z,BTC,540,66,3,0.16,0.165,0.17,0.0129,0.2632,63645.83,0
2026-08-17T09:54:00Z,ETH,446,40,2,0.105,0.1075,0.11,0.0072,0.4163,1899.47,0
2026-08-17T09:55:00Z,BTC,540,66,3,0.16,0.16,0.16,0.0129,0.2634,63643.61,0
2026-08-17T09:55:00Z,ETH,446,40,2,0.11,0.11,0.11,0.0072,0.4163,1899.55,0
2026-08-17T09:56:00Z,BTC,540,66,3,0.15,0.16,0.17,0.0129,0.2634,63644.45,0
2026-08-17T09:56:00Z,ETH,446,40,2,0.105,0.1075,0.11,0.0072,0.4163,1899.63,0
2026-08-17T09:57:00Z,BTC,540,66,3,0.16,0.16,0.16,0.0129,0.2636,63644.08,0
2026-08-17T09:57:00Z,ETH,446,40,2,0.105,0.1075,0.11,0.0072,0.4163,1899.48,0
2026-08-17T09:58:00Z,BTC,540,66,3,0.16,0.165,0.17,0.0129,0.2636,63644.99,0
2026-08-17T09:58:00Z,ETH,446,40,2,0.105,0.1075,0.11,0.0072,0.4163,1899.69,0
2026-08-17T09:59:00Z,BTC,540,66,3,0.16,0.165,0.17,0.0129,0.2636,63645.64,0
2026-08-17T09:59:00Z,ETH,446,40,2,0.11,0.11,0.11,0.0072,0.4163,1899.69,0
2026-08-17T10:00:00Z,BTC,540,66,3,0.16,0.165,0.17,0.0129,0.2636,63646.37,0
2026-08-17T10:00:00Z,ETH,446,40,2,0.11,0.11,0.11,0.0072,0.4163,1899.49,0
2026-08-17T10:01:00Z,BTC,540,66,3,0.16,0.16,0.16,0.0129,0.2635,63646.09,0
2026-08-17T10:01:00Z,ETH,446,40,2,0.11,0.11,0.11,0.0072,0.4163,1899.34,0
2026-08-17T10:02:00Z,BTC,540,66,3,0.15,0.16,0.17,0.0129,0.2635,63646.53,0
2026-08-17T10:02:00Z,ETH,446,40,2,0.105,0.1075,0.11,0.0072,0.4163,1899.36,0
2026-08-17T10:03:00Z,BTC,540,66,3,0.16,0.16,0.16,0.0131,0.2628,63661.93,0
2026-08-17T10:03:00Z,ETH,446,40,2,0.105,0.1075,0.11,0.0072,0.4163,1899.62,0
2026-08-17T10:04:00Z,BTC,540,66,3,0.16,0.16,0.16,0.0131,0.2629,63662.34,0
2026-08-17T10:04:00Z,ETH,446,40,2,0.105,0.1075,0.11,0.0072,0.4163,1899.79,0
2026-08-17T10:05:00Z,BTC,540,66,3,0.16,0.16,0.16,0.0131,0.2631,63649.69,0
2026-08-17T10:05:00Z,ETH,446,40,2,0.11,0.11,0.11,0.0072,0.4163,1899.35,0
2026-08-17T10:06:00Z,BTC,540,66,3,0.16,0.165,0.17,0.0131,0.2622,63651.65,0
2026-08-17T10:06:00Z,ETH,446,40,2,0.105,0.1075,0.11,0.0073,0.4163,1899.09,0
2026-08-17T10:07:00Z,BTC,540,66,3,0.16,0.165,0.17,0.0131,0.262,63653.14,0
2026-08-17T10:07:00Z,ETH,446,40,2,0.11,0.11,0.11,0.0073,0.4163,1899.05,0
2026-08-17T10:08:00Z,BTC,540,66,3,0.16,0.16,0.16,0.0131,0.262,63652.35,0
2026-08-17T10:08:00Z,ETH,446,40,2,0.105,0.1075,0.11,0.0073,0.4163,1899.05,0
2026-08-17T10:09:00Z,BTC,540,66,3,0.16,0.16,0.16,0.0129,0.2627,63622.58,0
2026-08-17T10:09:00Z,ETH,446,40,2,0.105,0.1075,0.11,0.0072,0.4163,1898.29,0
2026-08-17T10:10:00Z,BTC,540,66,3,0.16,0.165,0.17,0.0131,0.2626,63639.93,0
2026-08-17T10:10:00Z,ETH,446,40,2,0.105,0.1075,0.11,0.0072,0.4163,1898.66,0
2026-08-17T10:11:00Z,BTC,540,66,3,0.16,0.165,0.17,0.0131,0.2626,63639.1,0
2026-08-17T10:11:00Z,ETH,446,40,2,0.105,0.1075,0.11,0.0072,0.4163,1898.96,0
2026-08-17T10:12:00Z,BTC,540,66,3,0.15,0.155,0.16,0.0131,0.2625,63646.8,0
2026-08-17T10:12:00Z,ETH,446,40,2,0.11,0.11,0.11,0.0072,0.4163,1899.69,0
2026-08-17T10:13:00Z,BTC,540,66,3,0.16,0.16,0.16,0.0131,0.2622,63656.58,0
2026-08-17T10:13:00Z,ETH,446,40,2,0.105,0.1075,0.11,0.0073,0.4163,1899.97,0
2026-08-17T10:14:00Z,BTC,540,66,3,0.16,0.16,0.16,0.0131,0.2624,63655.96,0
2026-08-17T10:14:00Z,ETH,446,40,2,0.11,0.11,0.11,0.0073,0.4163,1899.55,0
2026-08-17T10:15:00Z,BTC,540,66,3,0.16,0.165,0.17,0.0131,0.2621,63657.22,0
2026-08-17T10:15:00Z,ETH,446,40,2,0.11,0.11,0.11,0.0073,0.4163,1899.44,0
2026-08-17T10:16:00Z,BTC,540,66,3,0.16,0.16,0.16,0.0132,0.2617,63669.37,0
2026-08-17T10:16:00Z,ETH,446,40,2,0.105,0.1075,0.11,0.0072,0.4163,1899.82,0
2026-08-17T10:17:00Z,BTC,540,66,3,0.16,0.165,0.17,0.0132,0.262,63664.87,0
2026-08-17T10:17:00Z,ETH,446,40,2,0.11,0.11,0.11,0.0073,0.4163,1899.51,0
2026-08-17T10:18:00Z,BTC,540,66,3,0.15,0.16,0.17,0.0131,0.262,63625.92,0
2026-08-17T10:18:00Z,ETH,446,40,2,0.11,0.11,0.11,0.0072,0.4163,1898.3,0
2026-08-17T10:19:00Z,BTC,540,66,3,0.15,0.16,0.17,0.0131,0.2626,63625.86,0
2026-08-17T10:19:00Z,ETH,446,40,2,0.11,0.11,0.11,0.0072,0.4163,1898.05,0
2026-08-17T10:20:00Z,BTC,540,66,3,0.16,0.165,0.17,0.0131,0.2627,63631.6,0
2026-08-17T10:20:00Z,ETH,446,40,2,0.11,0.11,0.11,0.0073,0.4163,1898.45,0
2026-08-17T10:21:00Z,BTC,540,66,3,0.16,0.16,0.16,0.0132,0.2622,63641.34,0
2026-08-17T10:21:00Z,ETH,446,40,2,0.11,0.11,0.11,0.0073,0.4163,1898.57,0
2026-08-17T10:22:00Z,BTC,540,66,3,0.16,0.165,0.17,0.0132,0.2623,63647.95,0
2026-08-17T10:22:00Z,ETH,446,40,2,0.105,0.1075,0.11,0.0073,0.4163,1898.5,0
2026-08-17T10:23:00Z,BTC,540,66,3,0.16,0.165,0.17,0.0132,0.2628,63656.63,0
2026-08-17T10:23:00Z,ETH,446,40,2,0.105,0.1075,0.11,0.0073,0.4163,1898.87,0
2026-08-17T10:24:00Z,BTC,540,66,3,0.16,0.165,0.17,0.0132,0.2626,63654.89,0
2026-08-17T10:24:00Z,ETH,446,40,2,0.11,0.11,0.11,0.0072,0.4163,1898.68,0
2026-08-17T10:25:00Z,BTC,540,66,3,0.16,0.165,0.17,0.0132,0.2627,63665.83,0
2026-08-17T10:25:00Z,ETH,446,40,2,0.11,0.11,0.11,0.0072,0.4163,1898.96,0
2026-08-17T10:26:00Z,BTC,540,66,3,0.16,0.165,0.17,0.0132,0.2622,63665.61,0
2026-08-17T10:26:00Z,ETH,446,40,2,0.105,0.1075,0.11,0.0073,0.4163,1898.85,0
2026-08-17T10:27:00Z,BTC,540,66,3,0.16,0.16,0.16,0.0132,0.2619,63665.74,0
2026-08-17T10:27:00Z,ETH,446,40,2,0.105,0.1075,0.11,0.0073,0.4163,1899.04,0
2026-08-17T10:28:00Z,BTC,540,66,2,0.165,0.1675,0.17,0.0153,0.2623,63680.04,0
2026-08-17T10:28:00Z,ETH,446,40,2,0.105,0.1075,0.11,0.0072,0.4163,1900.0,0
2026-08-17T10:29:00Z,BTC,540,66,3,0.16,0.165,0.17,0.014,0.2628,63769.2,0
2026-08-17T10:29:00Z,ETH,446,40,2,0.16,0.19,0.22,0.0106,0.4129,1904.25,0
2026-08-17T10:30:00Z,BTC,540,66,3,0.16,0.16,0.16,0.0142,0.2611,63780.46,0
2026-08-17T10:30:00Z,ETH,446,40,2,0.105,0.1075,0.11,0.0072,0.4129,1904.59,0
2026-08-17T10:31:00Z,BTC,540,66,3,0.17,0.17,0.17,0.0144,0.26,63802.43,0
2026-08-17T10:31:00Z,ETH,446,40,2,0.265,0.2875,0.31,0.0179,0.4129,1906.87,0
2026-08-17T10:32:00Z,BTC,540,66,3,0.16,0.165,0.17,0.0144,0.26,63785.53,0
2026-08-17T10:32:00Z,ETH,446,40,2,0.215,0.2725,0.33,0.0142,0.4129,1907.25,0
2026-08-17T10:33:00Z,BTC,540,66,3,0.16,0.16,0.16,0.0144,0.2608,63782.64,0
2026-08-17T10:33:00Z,ETH,446,40,2,0.105,0.1075,0.11,0.0071,0.4129,1906.02,0
2026-08-17T10:34:00Z,BTC,540,66,3,0.16,0.16,0.16,0.0144,0.2595,63797.23,0
2026-08-17T10:34:00Z,ETH,446,40,2,0.11,0.11,0.11,0.0072,0.4129,1906.52,0
2026-08-17T10:35:00Z,BTC,540,66,3,0.16,0.165,0.17,0.0146,0.2591,63828.4,0
2026-08-17T10:35:00Z,ETH,446,40,2,0.155,0.1775,0.2,0.0107,0.4129,1907.85,0
2026-08-17T10:36:00Z,BTC,540,66,3,0.15,0.16,0.17,0.0148,0.2591,63866.49,0
2026-08-17T10:36:00Z,ETH,446,40,2,0.11,0.115,0.12,0.0071,0.4129,1908.88,0
2026-08-17T10:37:00Z,BTC,540,66,3,0.16,0.16,0.16,0.0148,0.2603,63873.97,0
2026-08-17T10:37:00Z,ETH,446,40,2,0.105,0.1075,0.11,0.0071,0.4129,1909.25,0
2026-08-17T10:38:00Z,BTC,540,66,3,0.15,0.16,0.17,0.0146,0.2616,63865.65,0
2026-08-17T10:38:00Z,ETH,446,40,2,0.105,0.1075,0.11,0.0071,0.4129,1909.55,0
2026-08-17T10:39:00Z,BTC,540,66,3,0.16,0.165,0.17,0.0146,0.2617,63846.19,0
2026-08-17T10:39:00Z,ETH,446,40,2,0.11,0.115,0.12,0.0071,0.4129,1909.33,0
2026-08-17T10:40:00Z,BTC,540,66,3,0.16,0.165,0.17,0.0146,0.261,63852.0,0
2026-08-17T10:40:00Z,ETH,446,40,2,0.105,0.1075,0.11,0.0071,0.4129,1909.16,0
2026-08-17T10:41:00Z,BTC,540,66,3,0.15,0.16,0.17,0.0146,0.2615,63872.58,0
2026-08-17T10:41:00Z,ETH,446,40,2,0.105,0.1075,0.11,0.0071,0.4129,1910.09,0
2026-08-17T10:42:00Z,BTC,540,66,3,0.16,0.165,0.17,0.0146,0.2615,63890.58,0
2026-08-17T10:42:00Z,ETH,446,40,2,0.11,0.11,0.11,0.0071,0.4129,1910.62,0
2026-08-17T10:43:00Z,BTC,540,66,3,0.16,0.165,0.17,0.0148,0.2617,63884.2,0
2026-08-17T10:43:00Z,ETH,446,40,2,0.11,0.115,0.12,0.0071,0.4129,1910.47,0
2026-08-17T10:44:00Z,BTC,540,66,3,0.16,0.165,0.17,0.0142,0.2619,63955.29,0
2026-08-17T10:44:00Z,ETH,446,40,2,0.105,0.1075,0.11,0.007,0.4129,1912.56,0
2026-08-17T10:45:00Z,BTC,540,66,3,0.15,0.16,0.17,0.0142,0.2619,63958.45,0
2026-08-17T10:45:00Z,ETH,446,40,2,0.205,0.2525,0.3,0.0134,0.4129,1913.79,0
2026-08-17T10:46:00Z,BTC,540,66,3,0.16,0.165,0.17,0.0144,0.2623,63960.75,0
2026-08-17T10:46:00Z,ETH,446,40,2,0.105,0.1075,0.11,0.007,0.4129,1913.47,0
2026-08-17T10:47:00Z,BTC,540,66,3,0.15,0.16,0.17,0.0142,0.2625,63970.58,0
2026-08-17T10:47:00Z,ETH,446,40,2,0.105,0.1075,0.11,0.007,0.4129,1913.66,0
2026-08-17T10:48:00Z,BTC,540,66,3,0.15,0.16,0.17,0.0144,0.2622,63965.82,0
2026-08-17T10:48:00Z,ETH,446,40,2,0.105,0.1075,0.11,0.0071,0.4129,1912.72,0
2026-08-17T10:49:00Z,BTC,540,66,3,0.16,0.165,0.17,0.0144,0.2623,63954.1,0
2026-08-17T10:49:00Z,ETH,446,40,2,0.105,0.1075,0.11,0.0071,0.4129,1911.75,0
2026-08-17T10:50:00Z,BTC,540,66,3,0.15,0.16,0.17,0.0144,0.2625,63939.5,0
2026-08-17T10:50:00Z,ETH,446,40,2,0.105,0.1075,0.11,0.0071,0.4129,1911.66,0
2026-08-17T10:51:00Z,BTC,540,66,3,0.15,0.16,0.17,0.0146,0.2625,63915.35,0
2026-08-17T10:51:00Z,ETH,446,40,2,0.105,0.1075,0.11,0.007,0.4129,1910.88,0
2026-08-17T10:52:00Z,BTC,540,66,3,0.15,0.16,0.17,0.0144,0.2622,63935.56,0
2026-08-17T10:52:00Z,ETH,446,40,2,0.11,0.115,0.12,0.0071,0.4129,1911.73,0
2026-08-17T10:53:00Z,BTC,540,66,3,0.15,0.16,0.17,0.0144,0.2622,63947.14,0
2026-08-17T10:53:00Z,ETH,446,40,2,0.11,0.115,0.12,0.0071,0.4129,1911.47,0
2026-08-17T10:54:00Z,BTC,540,66,3,0.15,0.16,0.17,0.0144,0.2626,63943.24,0
2026-08-17T10:54:00Z,ETH,446,40,2,0.11,0.115,0.12,0.007,0.4129,1911.07,0
2026-08-17T10:55:00Z,BTC,540,66,3,0.16,0.165,0.17,0.0144,0.2623,63948.91,0
2026-08-17T10:55:00Z,ETH,446,40,2,0.105,0.1075,0.11,0.0071,0.4129,1910.8,0
2026-08-17T10:56:00Z,BTC,540,66,3,0.15,0.165,0.18,0.0142,0.2621,63985.0,0
2026-08-17T10:56:00Z,ETH,446,40,2,0.105,0.1075,0.11,0.0071,0.4129,1911.77,0
2026-08-17T10:57:00Z,BTC,540,66,3,0.15,0.16,0.17,0.0142,0.2622,63965.96,0
2026-08-17T10:57:00Z,ETH,446,40,2,0.155,0.1775,0.2,0.0104,0.4129,1911.13,0
2026-08-17T10:58:00Z,BTC,540,66,3,0.15,0.16,0.17,0.014,0.2615,64000.56,0
2026-08-17T10:58:00Z,ETH,446,40,2,0.105,0.1075,0.11,0.007,0.4129,1912.47,0
2026-08-17T10:59:00Z,BTC,540,66,3,0.15,0.16,0.17,0.0138,0.2621,64006.28,0
2026-08-17T10:59:00Z,ETH,446,40,2,0.105,0.1075,0.11,0.0071,0.4129,1912.88,0
2026-08-17T11:00:00Z,BTC,540,66,3,0.15,0.16,0.17,0.0142,0.2629,63967.77,0
2026-08-17T11:00:00Z,ETH,446,40,2,0.155,0.1775,0.2,0.0103,0.4129,1912.35,0
2026-08-17T11:01:00Z,BTC,540,66,3,0.15,0.165,0.18,0.014,0.263,63985.45,0
2026-08-17T11:01:00Z,ETH,446,40,2,0.105,0.1075,0.11,0.007,0.4129,1912.25,0
2026-08-17T11:02:00Z,BTC,540,66,3,0.15,0.16,0.17,0.0138,0.2632,64013.4,0
2026-08-17T11:02:00Z,ETH,446,40,2,0.105,0.1075,0.11,0.007,0.4129,1912.53,0
2026-08-17T11:03:00Z,BTC,540,66,3,0.15,0.165,0.18,0.0138,0.2633,63991.51,0
2026-08-17T11:03:00Z,ETH,446,40,2,0.11,0.115,0.12,0.007,0.4129,1912.31,0
2026-08-17T11:04:00Z,BTC,540,66,3,0.17,0.22,0.27,0.0153,0.2633,63985.75,0
2026-08-17T11:04:00Z,ETH,446,40,2,0.105,0.1075,0.11,0.007,0.4129,1912.09,0
2026-08-17T11:05:00Z,BTC,540,66,3,0.16,0.165,0.17,0.014,0.2631,63982.76,0
2026-08-17T11:05:00Z,ETH,446,40,2,0.11,0.115,0.12,0.007,0.4129,1911.93,0
2026-08-17T11:06:00Z,BTC,540,66,3,0.15,0.165,0.18,0.014,0.263,63979.2,0
2026-08-17T11:06:00Z,ETH,446,40,2,0.105,0.1075,0.11,0.007,0.4129,1912.41,0
2026-08-17T11:07:00Z,BTC,540,66,3,0.16,0.165,0.17,0.014,0.2625,63977.06,0
2026-08-17T11:07:00Z,ETH,446,40,2,0.105,0.1075,0.11,0.007,0.4129,1912.35,0
2026-08-17T11:08:00Z,BTC,540,66,3,0.16,0.165,0.17,0.014,0.2623,63968.71,0
2026-08-17T11:08:00Z,ETH,446,40,2,0.105,0.1075,0.11,0.007,0.4129,1911.48,0
2026-08-17T11:09:00Z,BTC,540,66,3,0.15,0.16,0.17,0.014,0.2624,63976.91,0
2026-08-17T11:09:00Z,ETH,446,40,2,0.105,0.1075,0.11,0.007,0.4129,1912.47,0
2026-08-17T11:10:00Z,BTC,540,66,3,0.16,0.17,0.18,0.0142,0.2632,63967.02,0
2026-08-17T11:10:00Z,ETH,446,40,2,0.11,0.115,0.12,0.007,0.4129,1912.22,0
2026-08-17T11:11:00Z,BTC,540,66,3,0.16,0.165,0.17,0.014,0.2628,63975.27,0
2026-08-17T11:11:00Z,ETH,446,40,2,0.105,0.1075,0.11,0.007,0.4129,1913.04,0
2026-08-17T11:12:00Z,BTC,540,66,3,0.15,0.16,0.17,0.014,0.2624,63984.1,0
2026-08-17T11:12:00Z,ETH,446,40,2,0.11,0.115,0.12,0.007,0.4129,1913.08,0
2026-08-17T11:13:00Z,BTC,540,66,3,0.15,0.16,0.17,0.014,0.2624,63982.43,0
2026-08-17T11:13:00Z,ETH,446,40,2,0.105,0.1075,0.11,0.007,0.4129,1912.93,0
2026-08-17T11:14:00Z,BTC,540,66,3,0.15,0.16,0.17,0.014,0.263,63986.12,0
2026-08-17T11:14:00Z,ETH,446,40,2,0.105,0.1075,0.11,0.007,0.4129,1913.26,0
2026-08-17T11:15:00Z,BTC,540,66,3,0.15,0.16,0.17,0.0142,0.263,63966.49,0
2026-08-17T11:15:00Z,ETH,446,40,2,0.105,0.1075,0.11,0.007,0.4129,1912.29,0
2026-08-17T11:16:00Z,BTC,540,66,3,0.15,0.16,0.17,0.0142,0.2632,63964.91,0
2026-08-17T11:16:00Z,ETH,446,40,2,0.11,0.115,0.12,0.007,0.4129,1911.9,0
2026-08-17T11:17:00Z,BTC,540,66,3,0.15,0.16,0.17,0.014,0.2632,64012.06,0
2026-08-17T11:17:00Z,ETH,446,40,2,0.105,0.1075,0.11,0.007,0.4129,1912.94,0
2026-08-17T11:18:00Z,BTC,540,66,3,0.15,0.16,0.17,0.014,0.263,63982.18,0
2026-08-17T11:18:00Z,ETH,446,40,2,0.105,0.1075,0.11,0.007,0.4129,1911.69,0
2026-08-17T11:19:00Z,BTC,540,66,3,0.15,0.16,0.17,0.014,0.2629,63973.21,0
2026-08-17T11:19:00Z,ETH,446,40,2,0.11,0.115,0.12,0.007,0.4129,1911.52,0
2026-08-17T11:20:00Z,BTC,540,66,3,0.15,0.16,0.17,0.014,0.2633,63993.04,0
2026-08-17T11:20:00Z,ETH,446,40,2,0.11,0.11,0.11,0.007,0.4129,1911.72,0
2026-08-17T11:21:00Z,BTC,540,66,3,0.15,0.165,0.18,0.0138,0.2631,64012.44,0
2026-08-17T11:21:00Z,ETH,446,40,2,0.105,0.1075,0.11,0.007,0.4129,1912.13,0
2026-08-17T11:22:00Z,BTC,540,66,3,0.15,0.165,0.18,0.0138,0.2627,64009.67,0
2026-08-17T11:22:00Z,ETH,446,40,2,0.105,0.1075,0.11,0.007,0.4129,1912.21,0
2026-08-17T11:23:00Z,BTC,540,66,3,0.15,0.16,0.17,0.0138,0.2625,64013.09,0
2026-08-17T11:23:00Z,ETH,446,40,2,0.105,0.1075,0.11,0.007,0.4129,1911.83,0
2026-08-17T11:24:00Z,BTC,540,66,3,0.15,0.16,0.17,0.014,0.263,64001.03,0
2026-08-17T11:24:00Z,ETH,446,40,2,0.105,0.1075,0.11,0.007,0.4129,1912.03,0
2026-08-17T11:25:00Z,BTC,540,66,3,0.15,0.165,0.18,0.014,0.263,63975.19,0
2026-08-17T11:25:00Z,ETH,446,40,2,0.105,0.1075,0.11,0.007,0.4129,1911.42,0
2026-08-17T11:26:00Z,BTC,540,66,3,0.16,0.165,0.17,0.014,0.263,63978.98,0
2026-08-17T11:26:00Z,ETH,446,40,2,0.105,0.1075,0.11,0.007,0.4129,1912.09,0
2026-08-17T11:27:00Z,BTC,540,66,3,0.15,0.16,0.17,0.014,0.263,63976.8,0
2026-08-17T11:27:00Z,ETH,446,40,2,0.11,0.115,0.12,0.007,0.4129,1911.88,0
2026-08-17T11:28:00Z,BTC,540,66,3,0.15,0.16,0.17,0.014,0.2626,63976.12,0
2026-08-17T11:28:00Z,ETH,446,40,2,0.11,0.115,0.12,0.007,0.4129,1911.51,0
2026-08-17T11:29:00Z,BTC,540,66,3,0.16,0.165,0.17,0.014,0.2626,63982.88,0
2026-08-17T11:29:00Z,ETH,446,40,2,0.11,0.115,0.12,0.007,0.4129,1911.77,0
2026-08-17T11:30:00Z,BTC,540,66,3,0.16,0.165,0.17,0.014,0.2634,63988.77,0
2026-08-17T11:30:00Z,ETH,446,40,2,0.11,0.115,0.12,0.007,0.4129,1911.61,0
2026-08-17T11:31:00Z,BTC,540,66,3,0.15,0.16,0.17,0.014,0.2635,63996.39,0
2026-08-17T11:31:00Z,ETH,446,40,2,0.105,0.1075,0.11,0.007,0.4129,1911.78,0
2026-08-17T11:32:00Z,BTC,540,66,3,0.15,0.165,0.18,0.014,0.2635,64012.95,0
2026-08-17T11:32:00Z,ETH,446,40,2,0.105,0.1075,0.11,0.007,0.4129,1912.45,0
2026-08-17T11:33:00Z,BTC,540,66,3,0.15,0.165,0.18,0.014,0.2639,64013.52,0
2026-08-17T11:33:00Z,ETH,446,40,2,0.105,0.1075,0.11,0.007,0.4129,1912.39,0
2026-08-17T11:34:00Z,BTC,540,66,3,0.15,0.16,0.17,0.014,0.2641,64013.46,0
2026-08-17T11:34:00Z,ETH,446,40,2,0.105,0.1075,0.11,0.007,0.4129,1912.3,0
2026-08-17T11:35:00Z,BTC,540,66,3,0.15,0.16,0.17,0.014,0.2641,64005.42,0
2026-08-17T11:35:00Z,ETH,446,40,2,0.105,0.1075,0.11,0.007,0.4129,1911.65,0
2026-08-17T11:36:00Z,BTC,540,66,3,0.15,0.16,0.17,0.014,0.2641,64011.36,0
2026-08-17T11:36:00Z,ETH,446,40,2,0.105,0.1075,0.11,0.007,0.4129,1911.69,0
2026-08-17T11:37:00Z,BTC,540,66,3,0.15,0.16,0.17,0.014,0.2636,64012.67,0
2026-08-17T11:37:00Z,ETH,446,40,2,0.11,0.11,0.11,0.007,0.4129,1911.72,0
2026-08-17T11:38:00Z,BTC,540,66,3,0.15,0.16,0.17,0.014,0.2636,64015.05,0
2026-08-17T11:38:00Z,ETH,446,40,2,0.105,0.1075,0.11,0.007,0.4129,1912.11,0
2026-08-17T11:39:00Z,BTC,540,66,3,0.15,0.165,0.18,0.014,0.2636,64018.34,0
2026-08-17T11:39:00Z,ETH,446,40,2,0.11,0.115,0.12,0.007,0.4129,1912.37,0
2026-08-17T11:40:00Z,BTC,540,66,3,0.15,0.16,0.17,0.014,0.2631,64014.49,0
2026-08-17T11:40:00Z,ETH,446,40,2,0.11,0.115,0.12,0.007,0.4129,1912.29,0
2026-08-17T11:41:00Z,BTC,540,66,3,0.15,0.16,0.17,0.014,0.2636,64012.58,0
2026-08-17T11:41:00Z,ETH,446,40,2,0.105,0.1075,0.11,0.007,0.4129,1912.3,0
2026-08-17T11:42:00Z,BTC,540,66,3,0.16,0.165,0.17,0.0138,0.2636,64016.14,0
2026-08-17T11:42:00Z,ETH,446,40,2,0.11,0.115,0.12,0.007,0.4129,1912.69,0
2026-08-17T11:43:00Z,BTC,540,66,3,0.15,0.165,0.18,0.0138,0.2636,64015.41,0
2026-08-17T11:43:00Z,ETH,446,40,2,0.105,0.1075,0.11,0.007,0.4129,1912.31,0
2026-08-17T11:44:00Z,BTC,540,66,3,0.15,0.16,0.17,0.0138,0.2636,64015.2,0
2026-08-17T11:44:00Z,ETH,446,40,2,0.11,0.115,0.12,0.007,0.4129,1911.86,0
2026-08-17T11:45:00Z,BTC,540,66,3,0.15,0.16,0.17,0.0134,0.263,64066.11,0
2026-08-17T11:45:00Z,ETH,446,40,2,0.11,0.115,0.12,0.007,0.4129,1913.24,0
2026-08-17T11:46:00Z,BTC,540,66,3,0.15,0.16,0.17,0.0134,0.2642,64058.45,0
2026-08-17T11:46:00Z,ETH,446,40,2,0.11,0.115,0.12,0.007,0.4129,1913.43,0
2026-08-17T11:47:00Z,BTC,540,66,3,0.15,0.165,0.18,0.0132,0.2625,64080.56,0
2026-08-17T11:47:00Z,ETH,446,40,2,0.11,0.115,0.12,0.007,0.4129,1913.92,0
2026-08-17T11:48:00Z,BTC,540,66,3,0.14,0.16,0.18,0.0131,0.2628,64095.98,0
2026-08-17T11:48:00Z,ETH,446,40,2,0.1,0.105,0.11,0.007,0.4129,1913.93,0
2026-08-17T11:49:00Z,BTC,540,66,3,0.15,0.16,0.17,0.0134,0.2643,64047.98,0
2026-08-17T11:49:00Z,ETH,446,40,2,0.105,0.1075,0.11,0.007,0.4129,1912.78,0
2026-08-17T11:50:00Z,BTC,540,66,3,0.15,0.165,0.18,0.0136,0.2642,64025.47,0
2026-08-17T11:50:00Z,ETH,446,40,2,0.105,0.1075,0.11,0.007,0.4129,1911.75,0
2026-08-17T11:51:00Z,BTC,540,66,3,0.15,0.16,0.17,0.014,0.263,63974.82,0
2026-08-17T11:51:00Z,ETH,446,40,2,0.11,0.115,0.12,0.007,0.4129,1910.79,0
2026-08-17T11:52:00Z,BTC,540,66,3,0.15,0.16,0.17,0.0142,0.2628,63972.8,0
2026-08-17T11:52:00Z,ETH,446,40,2,0.105,0.1075,0.11,0.007,0.4129,1910.44,0
2026-08-17T11:53:00Z,BTC,540,66,3,0.15,0.16,0.17,0.0142,0.2628,63967.71,0
2026-08-17T11:53:00Z,ETH,446,40,2,0.105,0.1075,0.11,0.007,0.4129,1911.1,0
2026-08-17T11:54:00Z,BTC,540,66,3,0.15,0.16,0.17,0.0142,0.2626,63966.69,0
2026-08-17T11:54:00Z,ETH,446,40,2,0.105,0.1075,0.11,0.007,0.4129,1911.61,0
2026-08-17T11:55:00Z,BTC,540,66,3,0.16,0.165,0.17,0.0144,0.2623,63959.82,0
2026-08-17T11:55:00Z,ETH,446,40,2,0.105,0.1075,0.11,0.007,0.4129,1911.5,0
2026-08-17T11:56:00Z,BTC,540,66,3,0.15,0.16,0.17,0.0144,0.2631,63953.31,0
2026-08-17T11:56:00Z,ETH,446,40,2,0.11,0.115,0.12,0.007,0.4129,1911.42,0
2026-08-17T11:57:00Z,BTC,540,66,3,0.15,0.16,0.17,0.0144,0.2627,63937.92,0
2026-08-17T11:57:00Z,ETH,446,40,2,0.105,0.1075,0.11,0.007,0.4129,1910.36,0
2026-08-17T11:58:00Z,BTC,540,66,3,0.15,0.16,0.17,0.0144,0.2627,63925.09,0
2026-08-17T11:58:00Z,ETH,446,40,2,0.105,0.1075,0.11,0.007,0.4129,1910.16,0
2026-08-17T11:59:00Z,BTC,540,66,3,0.15,0.16,0.17,0.0144,0.262,63951.73,0
2026-08-17T11:59:00Z,ETH,446,40,2,0.105,0.1075,0.11,0.0071,0.4129,1910.39,0
2026-08-17T12:00:00Z,BTC,540,66,3,0.15,0.16,0.17,0.0144,0.262,63951.95,0
2026-08-17T12:00:00Z,ETH,446,40,2,0.105,0.1075,0.11,0.0071,0.4129,1910.65,0
2026-08-17T12:01:00Z,BTC,540,66,3,0.16,0.165,0.17,0.0144,0.2627,63935.27,0
2026-08-17T12:01:00Z,ETH,446,40,2,0.11,0.115,0.12,0.0071,0.4129,1910.46,0
2026-08-17T12:02:00Z,BTC,540,66,3,0.15,0.16,0.17,0.0144,0.2619,63968.19,0
2026-08-17T12:02:00Z,ETH,446,40,2,0.105,0.1075,0.11,0.007,0.4129,1911.89,0
2026-08-17T12:03:00Z,BTC,540,66,3,0.16,0.165,0.17,0.0142,0.2625,63982.67,0
2026-08-17T12:03:00Z,ETH,446,40,2,0.11,0.115,0.12,0.007,0.4129,1912.56,0
2026-08-17T12:04:00Z,BTC,540,66,3,0.15,0.165,0.18,0.0142,0.2628,63940.81,0
2026-08-17T12:04:00Z,ETH,446,40,2,0.105,0.1075,0.11,0.007,0.4129,1910.44,0
2026-08-17T12:05:00Z,BTC,540,66,3,0.15,0.16,0.17,0.0144,0.2626,63932.33,0
2026-08-17T12:05:00Z,ETH,446,40,2,0.105,0.1075,0.11,0.0071,0.4129,1909.95,0
2026-08-17T12:06:00Z,BTC,540,66,3,0.15,0.16,0.17,0.0144,0.2626,63915.05,0
2026-08-17T12:06:00Z,ETH,446,40,2,0.105,0.1075,0.11,0.007,0.4129,1908.57,0
2026-08-17T12:07:00Z,BTC,540,66,3,0.16,0.165,0.17,0.0144,0.2629,63946.0,0
2026-08-17T12:07:00Z,ETH,446,40,2,0.11,0.115,0.12,0.007,0.4129,1909.04,0
2026-08-17T12:08:00Z,BTC,540,66,3,0.15,0.16,0.17,0.0144,0.2625,63948.95,0
2026-08-17T12:08:00Z,ETH,446,40,2,0.11,0.11,0.11,0.007,0.4129,1908.97,0
2026-08-17T12:09:00Z,BTC,540,66,3,0.15,0.16,0.17,0.0144,0.2625,63946.96,0
2026-08-17T12:09:00Z,ETH,446,40,2,0.105,0.1075,0.11,0.007,0.4129,1909.4,0
2026-08-17T12:10:00Z,BTC,540,66,3,0.16,0.165,0.17,0.0144,0.2626,63950.28,0
2026-08-17T12:10:00Z,ETH,446,40,2,0.11,0.115,0.12,0.0071,0.4129,1909.44,0
2026-08-17T12:11:00Z,BTC,540,66,3,0.16,0.165,0.17,0.0144,0.2626,63940.45,0
2026-08-17T12:11:00Z,ETH,446,40,2,0.105,0.1075,0.11,0.007,0.4129,1909.14,0
2026-08-17T12:12:00Z,BTC,540,66,3,0.15,0.165,0.18,0.014,0.2623,63994.35,0
2026-08-17T12:12:00Z,ETH,446,40,2,0.11,0.115,0.12,0.007,0.4129,1911.03,0
2026-08-17T12:13:00Z,BTC,540,66,3,0.15,0.16,0.17,0.014,0.2628,63979.0,0
2026-08-17T12:13:00Z,ETH,446,40,2,0.11,0.11,0.11,0.007,0.4129,1909.8,0
2026-08-17T12:14:00Z,BTC,540,66,3,0.15,0.16,0.17,0.014,0.2623,63984.37,0
2026-08-17T12:14:00Z,ETH,446,40,2,0.11,0.115,0.12,0.007,0.4129,1910.39,0
2026-08-17T12:15:00Z,BTC,540,66,3,0.15,0.16,0.17,0.0144,0.2619,63957.39,0
2026-08-17T12:15:00Z,ETH,446,40,2,0.105,0.1075,0.11,0.007,0.4129,1908.98,0
2026-08-17T12:16:00Z,BTC,540,66,3,0.15,0.165,0.18,0.0144,0.2623,63941.75,0
2026-08-17T12:16:00Z,ETH,446,40,2,0.105,0.1075,0.11,0.007,0.4129,1908.92,0
2026-08-17T12:17:00Z,BTC,540,66,3,0.15,0.16,0.17,0.0144,0.2616,63936.15,0
2026-08-17T12:17:00Z,ETH,446,40,2,0.11,0.11,0.11,0.007,0.4129,1908.76,0
2026-08-17T12:18:00Z,BTC,540,66,3,0.15,0.16,0.17,0.0146,0.262,63924.67,0
2026-08-17T12:18:00Z,ETH,446,40,2,0.11,0.11,0.11,0.007,0.4129,1907.97,0
2026-08-17T12:19:00Z,BTC,540,66,3,0.15,0.16,0.17,0.0146,0.262,63922.42,0
2026-08-17T12:19:00Z,ETH,446,40,2,0.11,0.11,0.11,0.007,0.4129,1908.18,0
2026-08-17T12:20:00Z,BTC,540,66,3,0.16,0.17,0.18,0.0144,0.262,63936.07,0
2026-08-17T12:20:00Z,ETH,446,40,2,0.105,0.1075,0.11,0.007,0.4129,1908.82,0
2026-08-17T12:21:00Z,BTC,540,66,3,0.15,0.16,0.17,0.0144,0.2617,63941.13,0
2026-08-17T12:21:00Z,ETH,446,40,2,0.105,0.1075,0.11,0.007,0.4129,1908.9,0
2026-08-17T12:22:00Z,BTC,540,66,3,0.16,0.165,0.17,0.0144,0.2611,63940.43,0
2026-08-17T12:22:00Z,ETH,446,40,2,0.105,0.1075,0.11,0.007,0.4129,1908.52,0
2026-08-17T12:23:00Z,BTC,540,66,3,0.16,0.17,0.18,0.0144,0.2615,63951.15,0
2026-08-17T12:23:00Z,ETH,446,40,2,0.11,0.115,0.12,0.007,0.4129,1908.27,0
2026-08-17T12:24:00Z,BTC,540,66,3,0.15,0.16,0.17,0.0144,0.2614,63938.05,0
2026-08-17T12:24:00Z,ETH,446,40,2,0.11,0.11,0.11,0.007,0.4129,1908.13,0
2026-08-17T12:25:00Z,BTC,540,66,3,0.15,0.16,0.17,0.0144,0.2616,63928.93,0
2026-08-17T12:25:00Z,ETH,446,40,2,0.11,0.11,0.11,0.007,0.4129,1907.96,0
2026-08-17T12:26:00Z,BTC,540,66,3,0.15,0.16,0.17,0.0148,0.2615,63862.37,0
2026-08-17T12:26:00Z,ETH,446,40,2,0.105,0.1075,0.11,0.007,0.4129,1905.01,0
2026-08-17T12:27:00Z,BTC,540,66,3,0.15,0.16,0.17,0.0148,0.2624,63884.61,0
2026-08-17T12:27:00Z,ETH,446,40,2,0.105,0.1075,0.11,0.007,0.4129,1905.22,0
2026-08-17T12:28:00Z,BTC,540,66,3,0.16,0.165,0.17,0.0148,0.2616,63898.35,0
2026-08-17T12:28:00Z,ETH,446,40,2,0.11,0.11,0.11,0.007,0.4129,1905.37,0
2026-08-17T12:29:00Z,BTC,540,66,3,0.15,0.16,0.17,0.0148,0.2619,63896.72,0
2026-08-17T12:29:00Z,ETH,446,40,2,0.105,0.1075,0.11,0.007,0.4129,1905.01,0
2026-08-17T12:30:00Z,BTC,540,66,3,0.15,0.16,0.17,0.0144,0.2616,63953.56,0
2026-08-17T12:30:00Z,ETH,446,40,2,0.105,0.1075,0.11,0.007,0.4129,1906.69,0
2026-08-17T12:31:00Z,BTC,540,66,3,0.15,0.16,0.17,0.0144,0.2614,63949.65,0
2026-08-17T12:31:00Z,ETH,446,40,2,0.105,0.1075,0.11,0.007,0.4129,1906.51,0
2026-08-17T12:32:00Z,BTC,540,66,3,0.16,0.165,0.17,0.0146,0.2621,63919.55,0
2026-08-17T12:32:00Z,ETH,446,40,2,0.11,0.11,0.11,0.007,0.4129,1906.02,0
2026-08-17T12:33:00Z,BTC,540,66,3,0.15,0.165,0.18,0.0146,0.2619,63928.27,0
2026-08-17T12:33:00Z,ETH,446,40,2,0.105,0.1075,0.11,0.007,0.4129,1906.75,0
2026-08-17T12:34:00Z,BTC,540,66,3,0.15,0.16,0.17,0.0146,0.262,63925.82,0
2026-08-17T12:34:00Z,ETH,446,40,2,0.11,0.11,0.11,0.007,0.4129,1906.36,0
2026-08-17T12:35:00Z,BTC,540,66,3,0.16,0.165,0.17,0.0146,0.2616,63934.19,0
2026-08-17T12:35:00Z,ETH,446,40,2,0.105,0.1075,0.11,0.007,0.4129,1906.69,0
2026-08-17T12:36:00Z,BTC,540,66,3,0.16,0.165,0.17,0.0146,0.2615,63917.66,0
2026-08-17T12:36:00Z,ETH,446,40,2,0.105,0.1075,0.11,0.007,0.4129,1905.75,0
2026-08-17T12:37:00Z,BTC,540,66,3,0.15,0.16,0.17,0.0146,0.2614,63905.93,0
2026-08-17T12:37:00Z,ETH,446,40,2,0.11,0.11,0.11,0.007,0.4129,1905.05,0
2026-08-17T12:38:00Z,BTC,540,66,3,0.15,0.16,0.17,0.0146,0.2621,63887.91,0
2026-08-17T12:38:00Z,ETH,446,40,2,0.11,0.11,0.11,0.007,0.4129,1904.23,0
2026-08-17T12:39:00Z,BTC,540,66,3,0.16,0.16,0.16,0.0146,0.262,63857.62,0
2026-08-17T12:39:00Z,ETH,446,40,2,0.105,0.1075,0.11,0.007,0.4129,1903.55,0
2026-08-17T12:40:00Z,BTC,540,66,3,0.15,0.16,0.17,0.0146,0.2624,63900.14,0
2026-08-17T12:40:00Z,ETH,446,40,2,0.11,0.11,0.11,0.007,0.4129,1905.07,0
2026-08-17T12:41:00Z,BTC,540,66,3,0.15,0.16,0.17,0.0146,0.2618,63895.21,0
2026-08-17T12:41:00Z,ETH,446,40,2,0.1,0.1,0.1,0.007,0.4129,1905.23,0
2026-08-17T12:42:00Z,BTC,540,66,3,0.15,0.16,0.17,0.0146,0.2616,63896.18,0
2026-08-17T12:42:00Z,ETH,446,40,2,0.105,0.1075,0.11,0.0071,0.4129,1904.8,0
2026-08-17T12:43:00Z,BTC,540,66,3,0.16,0.165,0.17,0.0146,0.2622,63891.76,0
2026-08-17T12:43:00Z,ETH,446,40,2,0.105,0.1075,0.11,0.007,0.4129,1903.74,0
2026-08-17T12:44:00Z,BTC,540,66,3,0.15,0.16,0.17,0.0146,0.262,63890.04,0
2026-08-17T12:44:00Z,ETH,446,40,2,0.105,0.1075,0.11,0.007,0.4129,1904.36,0
2026-08-17T12:45:00Z,BTC,540,66,3,0.15,0.16,0.17,0.0142,0.2623,63940.61,0
2026-08-17T12:45:00Z,ETH,446,40,2,0.105,0.1075,0.11,0.0071,0.4129,1904.85,0
2026-08-17T12:46:00Z,BTC,540,66,3,0.16,0.165,0.17,0.0144,0.2621,63942.45,0
2026-08-17T12:46:00Z,ETH,446,40,2,0.105,0.1075,0.11,0.0071,0.4129,1904.96,0
2026-08-17T12:47:00Z,BTC,540,66,3,0.15,0.16,0.17,0.0142,0.2629,63936.93,0
2026-08-17T12:47:00Z,ETH,446,40,2,0.11,0.11,0.11,0.007,0.4129,1905.24,0
2026-08-17T12:48:00Z,BTC,540,66,3,0.16,0.165,0.17,0.0144,0.2622,63934.72,0
2026-08-17T12:48:00Z,ETH,446,40,2,0.11,0.11,0.11,0.007,0.4129,1905.09,0
2026-08-17T12:49:00Z,BTC,540,66,3,0.15,0.16,0.17,0.0144,0.2632,63914.81,0
2026-08-17T12:49:00Z,ETH,446,40,2,0.11,0.11,0.11,0.007,0.4129,1904.65,0
2026-08-17T12:50:00Z,BTC,540,66,3,0.15,0.16,0.17,0.0144,0.2631,63882.26,0
2026-08-17T12:50:00Z,ETH,446,40,2,0.105,0.1075,0.11,0.007,0.4129,1904.17,0
2026-08-17T12:51:00Z,BTC,540,66,3,0.15,0.16,0.17,0.0144,0.2643,63868.78,0
2026-08-17T12:51:00Z,ETH,446,40,2,0.105,0.1075,0.11,0.007,0.4129,1903.84,0
2026-08-17T12:52:00Z,BTC,540,66,3,0.15,0.155,0.16,0.0144,0.2643,63867.65,0
2026-08-17T12:52:00Z,ETH,446,40,2,0.105,0.1075,0.11,0.007,0.4129,1904.64,0
2026-08-17T12:53:00Z,BTC,540,66,3,0.15,0.155,0.16,0.0146,0.2643,63875.66,0
2026-08-17T12:53:00Z,ETH,446,40,2,0.11,0.11,0.11,0.007,0.4129,1904.56,0
2026-08-17T12:54:00Z,BTC,540,66,3,0.16,0.16,0.16,0.0146,0.2642,63873.19,0
2026-08-17T12:54:00Z,ETH,446,40,2,0.11,0.11,0.11,0.007,0.4129,1904.62,0
2026-08-17T12:55:00Z,BTC,540,66,3,0.15,0.16,0.17,0.0144,0.2648,63896.37,0
2026-08-17T12:55:00Z,ETH,446,40,2,0.11,0.11,0.11,0.007,0.4129,1904.67,0
2026-08-17T12:56:00Z,BTC,540,66,3,0.16,0.165,0.17,0.0144,0.2647,63905.05,0
2026-08-17T12:56:00Z,ETH,446,40,2,0.105,0.1075,0.11,0.007,0.4129,1906.02,0
2026-08-17T12:57:00Z,BTC,540,66,3,0.15,0.16,0.17,0.0144,0.2646,63891.56,0
2026-08-17T12:57:00Z,ETH,446,40,2,0.11,0.11,0.11,0.0069,0.4129,1905.36,0
2026-08-17T12:58:00Z,BTC,540,66,3,0.16,0.165,0.17,0.0144,0.2649,63893.9,0
2026-08-17T12:58:00Z,ETH,446,40,2,0.105,0.1075,0.11,0.0069,0.4129,1905.28,0
2026-08-17T12:59:00Z,BTC,540,66,3,0.15,0.16,0.17,0.0144,0.265,63874.52,0
2026-08-17T12:59:00Z,ETH,446,40,2,0.11,0.11,0.11,0.0069,0.4129,1905.03,0
2026-08-17T13:00:00Z,BTC,540,66,3,0.16,0.165,0.17,0.0144,0.2648,63870.79,0
2026-08-17T13:00:00Z,ETH,446,40,2,0.105,0.1075,0.11,0.0069,0.4129,1905.13,0
2026-08-17T13:01:00Z,BTC,540,66,3,0.16,0.165,0.17,0.0144,0.2648,63851.47,0
2026-08-17T13:01:00Z,ETH,446,40,2,0.11,0.11,0.11,0.0069,0.4129,1904.54,0
2026-08-17T13:02:00Z,BTC,540,66,3,0.16,0.16,0.16,0.0144,0.2646,63845.93,0
2026-08-17T13:02:00Z,ETH,446,40,2,0.105,0.1075,0.11,0.0069,0.4129,1904.07,0
2026-08-17T13:03:00Z,BTC,540,66,3,0.15,0.16,0.17,0.0142,0.2655,63848.61,0
2026-08-17T13:03:00Z,ETH,446,40,2,0.105,0.1075,0.11,0.0069,0.4129,1904.18,0
2026-08-17T13:04:00Z,BTC,540,66,3,0.16,0.165,0.17,0.0142,0.265,63844.17,0
2026-08-17T13:04:00Z,ETH,446,40,2,0.1,0.1,0.1,0.0069,0.4129,1904.49,0
2026-08-17T13:05:00Z,BTC,540,66,3,0.16,0.165,0.17,0.0142,0.265,63844.81,0
2026-08-17T13:05:00Z,ETH,446,40,2,0.11,0.11,0.11,0.0069,0.4129,1904.77,0
2026-08-17T13:06:00Z,BTC,540,66,3,0.16,0.165,0.17,0.0144,0.265,63871.94,0
2026-08-17T13:06:00Z,ETH,446,40,2,0.11,0.11,0.11,0.0069,0.4129,1906.0,0
2026-08-17T13:07:00Z,BTC,540,66,3,0.16,0.165,0.17,0.0144,0.2651,63864.34,0
2026-08-17T13:07:00Z,ETH,446,40,2,0.105,0.1075,0.11,0.0069,0.4129,1905.79,0
2026-08-17T13:08:00Z,BTC,540,66,3,0.15,0.155,0.16,0.0144,0.265,63865.62,0
2026-08-17T13:08:00Z,ETH,446,40,2,0.105,0.1075,0.11,0.0069,0.4129,1905.81,0
2026-08-17T13:09:00Z,BTC,540,66,3,0.15,0.16,0.17,0.0144,0.264,63880.95,0
2026-08-17T13:09:00Z,ETH,446,40,2,0.11,0.11,0.11,0.0069,0.4129,1906.12,0
2026-08-17T13:10:00Z,BTC,540,66,3,0.16,0.16,0.16,0.0144,0.2647,63880.7,0
2026-08-17T13:10:00Z,ETH,446,40,2,0.11,0.11,0.11,0.0069,0.4129,1905.98,0
2026-08-17T13:11:00Z,BTC,540,66,3,0.16,0.16,0.16,0.0144,0.2646,63892.6,0
2026-08-17T13:11:00Z,ETH,446,40,2,0.105,0.1075,0.11,0.0069,0.4129,1906.43,0
2026-08-17T13:12:00Z,BTC,540,66,3,0.15,0.16,0.17,0.0144,0.2642,63895.81,0
2026-08-17T13:12:00Z,ETH,446,40,2,0.11,0.11,0.11,0.0069,0.4129,1906.06,0
2026-08-17T13:13:00Z,BTC,540,66,3,0.16,0.16,0.16,0.0144,0.264,63898.74,0
2026-08-17T13:13:00Z,ETH,446,40,2,0.11,0.11,0.11,0.0069,0.4129,1905.39,0
2026-08-17T13:14:00Z,BTC,540,66,3,0.15,0.16,0.17,0.0144,0.264,63884.7,0
2026-08-17T13:14:00Z,ETH,446,40,2,0.105,0.1075,0.11,0.0069,0.4129,1905.19,0
2026-08-17T13:15:00Z,BTC,540,66,3,0.15,0.16,0.17,0.0144,0.2645,63848.46,0
2026-08-17T13:15:00Z,ETH,446,40,2,0.11,0.11,0.11,0.0069,0.4129,1903.79,0
2026-08-17T13:16:00Z,BTC,540,66,3,0.16,0.165,0.17,0.0142,0.2639,63820.88,0
2026-08-17T13:16:00Z,ETH,446,40,2,0.11,0.11,0.11,0.0069,0.4128,1902.96,0
2026-08-17T13:17:00Z,BTC,540,66,3,0.16,0.16,0.16,0.014,0.2654,63808.81,0
2026-08-17T13:17:00Z,ETH,446,40,2,0.11,0.11,0.11,0.0069,0.4128,1902.91,0
2026-08-17T13:18:00Z,BTC,540,66,3,0.16,0.16,0.16,0.014,0.2654,63811.98,0
2026-08-17T13:18:00Z,ETH,446,40,2,0.1,0.1,0.1,0.0069,0.4128,1903.06,0
2026-08-17T13:19:00Z,BTC,540,66,3,0.15,0.16,0.17,0.014,0.2656,63809.07,0
2026-08-17T13:19:00Z,ETH,446,40,2,0.11,0.11,0.11,0.0069,0.4128,1902.92,0
2026-08-17T13:20:00Z,BTC,540,66,3,0.16,0.165,0.17,0.014,0.2656,63806.85,0
2026-08-17T13:20:00Z,ETH,446,40,2,0.11,0.11,0.11,0.0069,0.4128,1903.06,0
2026-08-17T13:21:00Z,BTC,540,66,3,0.16,0.16,0.16,0.014,0.2656,63808.85,0
2026-08-17T13:21:00Z,ETH,446,40,2,0.105,0.1075,0.11,0.0069,0.4129,1903.78,0
2026-08-17T13:22:00Z,BTC,540,66,3,0.16,0.16,0.16,0.0138,0.2671,63796.65,0
2026-08-17T13:22:00Z,ETH,446,40,2,0.1,0.1,0.1,0.0069,0.4128,1903.23,0
2026-08-17T13:23:00Z,BTC,540,66,3,0.16,0.165,0.17,0.0138,0.2668,63796.44,0
2026-08-17T13:23:00Z,ETH,446,40,2,0.11,0.11,0.11,0.0069,0.4128,1903.23,0
2026-08-17T13:24:00Z,BTC,540,66,3,0.16,0.16,0.16,0.0138,0.2669,63781.72,0
2026-08-17T13:24:00Z,ETH,446,40,2,0.11,0.11,0.11,0.0069,0.4128,1902.83,0
2026-08-17T13:25:00Z,BTC,540,66,3,0.16,0.16,0.16,0.0138,0.267,63783.59,0
2026-08-17T13:25:00Z,ETH,446,40,2,0.105,0.1075,0.11,0.0069,0.4128,1903.3,0
2026-08-17T13:26:00Z,BTC,540,66,3,0.16,0.16,0.16,0.014,0.2668,63795.29,0
2026-08-17T13:26:00Z,ETH,446,40,2,0.105,0.1075,0.11,0.0069,0.4129,1903.57,0
2026-08-17T13:27:00Z,BTC,540,66,3,0.16,0.16,0.16,0.014,0.2662,63794.39,0
2026-08-17T13:27:00Z,ETH,446,40,2,0.105,0.1075,0.11,0.0069,0.4128,1903.49,0
2026-08-17T13:28:00Z,BTC,540,66,3,0.16,0.165,0.17,0.014,0.2661,63803.67,0
2026-08-17T13:28:00Z,ETH,446,40,2,0.105,0.1075,0.11,0.0069,0.4129,1903.62,0
2026-08-17T13:29:00Z,BTC,540,66,3,0.16,0.165,0.17,0.014,0.2651,63818.59,0
2026-08-17T13:29:00Z,ETH,446,40,2,0.11,0.11,0.11,0.0069,0.4129,1904.39,0
2026-08-17T13:30:00Z,BTC,540,66,3,0.16,0.165,0.17,0.0138,0.2666,63834.89,0
2026-08-17T13:30:00Z,ETH,446,40,2,0.11,0.11,0.11,0.0068,0.4129,1904.82,0
2026-08-17T13:31:00Z,BTC,540,66,3,0.16,0.165,0.17,0.0136,0.2679,63940.76,0
2026-08-17T13:31:00Z,ETH,446,40,2,0.155,0.1775,0.2,0.0097,0.4129,1909.13,0
2026-08-17T13:32:00Z,BTC,540,66,3,0.15,0.16,0.17,0.0131,0.2684,63986.0,0
2026-08-17T13:32:00Z,ETH,446,40,2,0.15,0.17,0.19,0.0097,0.4129,1910.82,0
2026-08-17T13:33:00Z,BTC,540,66,3,0.14,0.155,0.17,0.0127,0.2692,64016.15,0
2026-08-17T13:33:00Z,ETH,446,40,2,0.155,0.1775,0.2,0.0096,0.4129,1911.2,0
2026-08-17T13:34:00Z,BTC,540,66,4,0.155,0.175,0.19,0.0137,0.2696,64069.44,0
2026-08-17T13:34:00Z,ETH,446,40,2,0.155,0.1775,0.2,0.0095,0.4129,1912.95,0
2026-08-17T13:35:00Z,BTC,540,66,4,0.16,0.175,0.19,0.0134,0.2723,64059.72,0
2026-08-17T13:35:00Z,ETH,446,40,2,0.1,0.105,0.11,0.0065,0.4129,1912.53,0
2026-08-17T13:36:00Z,BTC,540,66,4,0.16,0.1775,0.2,0.0134,0.2712,64078.67,0
2026-08-17T13:36:00Z,ETH,446,40,2,0.105,0.1075,0.11,0.0064,0.4129,1913.58,0
2026-08-17T13:37:00Z,BTC,540,66,4,0.16,0.175,0.19,0.0133,0.2727,64037.56,0
2026-08-17T13:37:00Z,ETH,446,40,2,0.105,0.1075,0.11,0.0064,0.4129,1912.39,0
2026-08-17T13:38:00Z,BTC,540,66,4,0.16,0.175,0.19,0.0135,0.272,64048.59,0
2026-08-17T13:38:00Z,ETH,446,40,2,0.105,0.1075,0.11,0.0064,0.4129,1912.25,0
2026-08-17T13:39:00Z,BTC,540,66,4,0.16,0.175,0.19,0.0134,0.2727,64030.81,0
2026-08-17T13:39:00Z,ETH,446,40,2,0.155,0.1775,0.2,0.0094,0.4129,1911.42,0
2026-08-17T13:40:00Z,BTC,540,66,4,0.155,0.175,0.19,0.0134,0.2726,64054.17,0
2026-08-17T13:40:00Z,ETH,446,40,2,0.105,0.1125,0.12,0.0064,0.4129,1912.54,0
2026-08-17T13:41:00Z,BTC,540,66,4,0.155,0.175,0.19,0.0134,0.272,64085.23,0
2026-08-17T13:41:00Z,ETH,446,40,2,0.105,0.1075,0.11,0.0064,0.4129,1913.58,0
2026-08-17T13:42:00Z,BTC,540,66,4,0.155,0.175,0.19,0.0133,0.2736,64098.16,0
2026-08-17T13:42:00Z,ETH,446,40,2,0.105,0.1125,0.12,0.0064,0.4129,1914.35,0
2026-08-17T13:43:00Z,BTC,540,66,4,0.16,0.175,0.19,0.0133,0.2741,64030.93,0
2026-08-17T13:43:00Z,ETH,446,40,2,0.1,0.105,0.11,0.0064,0.4129,1912.63,0
2026-08-17T13:44:00Z,BTC,540,66,4,0.16,0.175,0.19,0.0133,0.2749,63986.87,0
2026-08-17T13:44:00Z,ETH,446,40,2,0.105,0.1075,0.11,0.0064,0.4129,1911.51,0
2026-08-17T13:45:00Z,BTC,540,66,4,0.16,0.175,0.19,0.0133,0.2752,63983.56,0
2026-08-17T13:45:00Z,ETH,446,40,2,0.155,0.1775,0.2,0.0095,0.4129,1910.84,0
2026-08-17T13:46:00Z,BTC,540,66,3,0.15,0.155,0.16,0.0129,0.2752,63931.5,0
2026-08-17T13:46:00Z,ETH,446,40,2,0.105,0.1075,0.11,0.0064,0.4129,1909.39,0
2026-08-17T13:47:00Z,BTC,540,66,3,0.16,0.165,0.17,0.0129,0.2752,63926.56,0
2026-08-17T13:47:00Z,ETH,446,40,2,0.155,0.1775,0.2,0.0095,0.4129,1909.55,0
2026-08-17T13:48:00Z,BTC,540,66,3,0.17,0.22,0.27,0.014,0.2753,63978.76,0
2026-08-17T13:48:00Z,ETH,446,40,2,0.105,0.1075,0.11,0.0064,0.4129,1911.33,0
2026-08-17T13:49:00Z,BTC,540,66,4,0.16,0.1775,0.2,0.0132,0.2733,64042.36,0
2026-08-17T13:49:00Z,ETH,446,40,2,0.105,0.1075,0.11,0.0064,0.4129,1913.1,0
2026-08-17T13:50:00Z,BTC,540,66,4,0.16,0.175,0.19,0.0133,0.2733,64043.65,0
2026-08-17T13:50:00Z,ETH,446,40,2,0.1,0.105,0.11,0.0064,0.4129,1913.41,0
2026-08-17T13:51:00Z,BTC,540,66,4,0.16,0.175,0.19,0.0134,0.2758,63998.22,0
2026-08-17T13:51:00Z,ETH,446,40,2,0.11,0.115,0.12,0.0064,0.4129,1911.69,0
2026-08-17T13:52:00Z,BTC,540,66,4,0.16,0.175,0.19,0.0133,0.2739,64023.57,0
2026-08-17T13:52:00Z,ETH,446,40,2,0.11,0.115,0.12,0.0064,0.4129,1911.81,0
2026-08-17T13:53:00Z,BTC,540,66,4,0.155,0.1675,0.19,0.0133,0.2749,63976.13,0
2026-08-17T13:53:00Z,ETH,446,40,2,0.105,0.1075,0.11,0.0064,0.4129,1910.25,0
2026-08-17T13:54:00Z,BTC,540,66,4,0.16,0.175,0.19,0.0132,0.2744,63964.96,0
2026-08-17T13:54:00Z,ETH,446,40,2,0.1,0.105,0.11,0.0064,0.4129,1910.14,0
2026-08-17T13:55:00Z,BTC,540,66,3,0.15,0.155,0.16,0.0129,0.2743,63938.34,0
2026-08-17T13:55:00Z,ETH,446,40,2,0.105,0.1075,0.11,0.0064,0.4129,1909.15,0
2026-08-17T13:56:00Z,BTC,540,66,3,0.15,0.16,0.17,0.0126,0.2755,63949.78,0
2026-08-17T13:56:00Z,ETH,446,40,2,0.105,0.1075,0.11,0.0064,0.4129,1909.37,0
2026-08-17T13:57:00Z,BTC,540,66,4,0.16,0.1775,0.2,0.0133,0.2751,63990.57,0
2026-08-17T13:57:00Z,ETH,446,40,2,0.1,0.105,0.11,0.0064,0.4129,1911.28,0
2026-08-17T13:58:00Z,BTC,540,66,4,0.16,0.1775,0.2,0.0132,0.2751,64005.78,0
2026-08-17T13:58:00Z,ETH,446,40,2,0.105,0.1075,0.11,0.0064,0.4129,1910.79,0
2026-08-17T13:59:00Z,BTC,540,66,4,0.16,0.1775,0.2,0.0133,0.275,63997.4,0
2026-08-17T13:59:00Z,ETH,446,40,2,0.105,0.1075,0.11,0.0064,0.4129,1910.92,0
2026-08-17T14:00:00Z,BTC,540,66,3,0.15,0.16,0.17,0.0127,0.2748,63967.07,0
2026-08-17T14:00:00Z,ETH,446,40,2,0.105,0.1075,0.11,0.0064,0.4129,1909.53,0
2026-08-17T14:01:00Z,BTC,540,66,3,0.15,0.155,0.16,0.0127,0.2744,63974.53,0
2026-08-17T14:01:00Z,ETH,446,40,2,0.105,0.1075,0.11,0.0064,0.4129,1909.05,0
2026-08-17T14:02:00Z,BTC,540,66,4,0.155,0.175,0.19,0.0134,0.2742,64006.13,0
2026-08-17T14:02:00Z,ETH,446,40,2,0.155,0.1775,0.2,0.0095,0.4129,1909.03,0
2026-08-17T14:03:00Z,BTC,540,66,3,0.15,0.16,0.17,0.0129,0.2744,63969.66,0
2026-08-17T14:03:00Z,ETH,446,40,2,0.105,0.1075,0.11,0.0065,0.4129,1908.39,0
2026-08-17T14:04:00Z,BTC,540,66,3,0.16,0.16,0.16,0.0129,0.2747,63949.16,0
2026-08-17T14:04:00Z,ETH,446,40,2,0.11,0.11,0.11,0.0065,0.4129,1907.44,0
2026-08-17T14:05:00Z,BTC,540,66,3,0.15,0.16,0.17,0.0129,0.275,63949.74,0
2026-08-17T14:05:00Z,ETH,446,40,2,0.105,0.1075,0.11,0.0065,0.4129,1907.73,0
2026-08-17T14:06:00Z,BTC,540,66,3,0.15,0.155,0.16,0.0131,0.2747,63925.12,0
2026-08-17T14:06:00Z,ETH,446,40,2,0.155,0.1775,0.2,0.0098,0.4129,1906.59,0
2026-08-17T14:07:00Z,BTC,540,66,3,0.16,0.165,0.17,0.0129,0.2748,63941.62,0
2026-08-17T14:07:00Z,ETH,446,40,2,0.1,0.1,0.1,0.0065,0.4129,1906.99,0
2026-08-17T14:08:00Z,BTC,540,66,3,0.16,0.165,0.17,0.0131,0.2748,63930.2,0
2026-08-17T14:08:00Z,ETH,446,40,2,0.105,0.1075,0.11,0.0065,0.4129,1906.75,0
2026-08-17T14:09:00Z,BTC,540,66,3,0.15,0.16,0.17,0.0131,0.2741,63967.42,0
2026-08-17T14:09:00Z,ETH,446,40,2,0.105,0.1075,0.11,0.0065,0.4129,1908.4,0
2026-08-17T14:10:00Z,BTC,540,66,4,0.16,0.1775,0.2,0.0133,0.2737,64004.87,0
2026-08-17T14:10:00Z,ETH,446,40,2,0.105,0.1075,0.11,0.0065,0.4129,1909.64,0
2026-08-17T14:11:00Z,BTC,540,66,4,0.16,0.175,0.19,0.0134,0.2737,64009.58,0
2026-08-17T14:11:00Z,ETH,446,40,2,0.105,0.1075,0.11,0.0065,0.4129,1909.33,0
2026-08-17T14:12:00Z,BTC,540,66,4,0.16,0.1775,0.2,0.0133,0.2729,64036.21,0
2026-08-17T14:12:00Z,ETH,446,40,2,0.155,0.1775,0.2,0.0096,0.4129,1909.38,0
2026-08-17T14:13:00Z,BTC,540,66,3,0.15,0.16,0.17,0.0127,0.2743,63988.4,0
2026-08-17T14:13:00Z,ETH,446,40,2,0.105,0.1075,0.11,0.0065,0.4129,1907.36,0
2026-08-17T14:14:00Z,BTC,540,66,4,0.16,0.1775,0.2,0.0134,0.273,64020.09,0
2026-08-17T14:14:00Z,ETH,446,40,2,0.105,0.1075,0.11,0.0065,0.4129,1908.03,0
2026-08-17T14:15:00Z,BTC,540,66,4,0.16,0.1775,0.2,0.0134,0.272,64058.94,0
2026-08-17T14:15:00Z,ETH,446,40,2,0.105,0.1075,0.11,0.0065,0.4129,1909.66,0
2026-08-17T14:16:00Z,BTC,540,66,4,0.155,0.175,0.19,0.0133,0.272,64054.29,0
2026-08-17T14:16:00Z,ETH,446,40,2,0.105,0.1075,0.11,0.0065,0.4129,1909.17,0
2026-08-17T14:17:00Z,BTC,540,66,4,0.155,0.1775,0.2,0.0134,0.2748,63992.44,0
2026-08-17T14:17:00Z,ETH,446,40,2,0.1,0.1,0.1,0.0065,0.4129,1907.29,0
2026-08-17T14:18:00Z,BTC,540,66,4,0.16,0.175,0.19,0.0135,0.2748,63996.37,0
2026-08-17T14:18:00Z,ETH,446,40,2,0.105,0.1075,0.11,0.0065,0.4129,1907.38,0
2026-08-17T14:19:00Z,BTC,540,66,4,0.16,0.175,0.19,0.0134,0.2742,64011.18,0
2026-08-17T14:19:00Z,ETH,446,40,2,0.11,0.11,0.11,0.0065,0.4129,1907.32,0
2026-08-17T14:20:00Z,BTC,540,66,3,0.15,0.16,0.17,0.0126,0.2741,64001.36,0
2026-08-17T14:20:00Z,ETH,446,40,2,0.105,0.1075,0.11,0.0065,0.4129,1906.89,0
2026-08-17T14:21:00Z,BTC,540,66,3,0.15,0.16,0.17,0.0127,0.2743,63977.03,0
2026-08-17T14:21:00Z,ETH,446,40,2,0.105,0.1075,0.11,0.0065,0.4129,1905.53,0
2026-08-17T14:22:00Z,BTC,540,66,3,0.15,0.16,0.17,0.0129,0.2743,63974.86,0
2026-08-17T14:22:00Z,ETH,446,40,2,0.105,0.1075,0.11,0.0065,0.4129,1905.04,0
2026-08-17T14:23:00Z,BTC,540,66,4,0.155,0.1675,0.19,0.0134,0.2742,63986.99,0
2026-08-17T14:23:00Z,ETH,446,40,2,0.105,0.1075,0.11,0.0065,0.4129,1905.99,0
2026-08-17T14:25:00Z,BTC,540,66,3,0.15,0.16,0.17,0.0129,0.2743,63977.03,0
2026-08-17T14:25:00Z,ETH,446,40,2,0.11,0.11,0.11,0.0066,0.4129,1906.02,0
2026-08-17T14:26:00Z,BTC,540,66,3,0.15,0.16,0.17,0.0129,0.2747,63958.16,0
2026-08-17T14:26:00Z,ETH,446,40,2,0.105,0.1075,0.11,0.0066,0.4129,1905.85,0
2026-08-17T14:27:00Z,BTC,540,66,3,0.15,0.16,0.17,0.0129,0.2748,63953.26,0
2026-08-17T14:27:00Z,ETH,446,40,2,0.11,0.11,0.11,0.0066,0.4129,1905.63,0
2026-08-17T14:28:00Z,BTC,540,66,3,0.16,0.165,0.17,0.0131,0.2754,63915.74,0
2026-08-17T14:28:00Z,ETH,446,40,2,0.105,0.1075,0.11,0.0066,0.4129,1904.68,0
2026-08-17T14:29:00Z,BTC,540,66,3,0.15,0.16,0.17,0.0129,0.2754,63941.53,0
2026-08-17T14:29:00Z,ETH,446,40,2,0.11,0.11,0.11,0.0066,0.4129,1905.74,0
2026-08-17T14:30:00Z,BTC,540,66,3,0.15,0.155,0.16,0.0131,0.2746,63917.98,0
2026-08-17T14:30:00Z,ETH,446,40,2,0.11,0.11,0.11,0.0066,0.4129,1904.56,0
2026-08-17T14:31:00Z,BTC,540,66,3,0.15,0.16,0.17,0.0129,0.2751,63953.86,0
2026-08-17T14:31:00Z,ETH,446,40,2,0.105,0.1075,0.11,0.0067,0.4129,1905.7,0
2026-08-17T14:32:00Z,BTC,540,66,3,0.15,0.16,0.17,0.0129,0.2744,63973.64,0
2026-08-17T14:32:00Z,ETH,446,40,2,0.105,0.1075,0.11,0.0066,0.4129,1906.33,0
2026-08-17T14:33:00Z,BTC,540,66,4,0.16,0.1775,0.2,0.0134,0.2744,64011.53,0
2026-08-17T14:33:00Z,ETH,446,40,2,0.105,0.1075,0.11,0.0067,0.4129,1907.76,0
2026-08-17T14:34:00Z,BTC,540,66,3,0.15,0.16,0.17,0.0126,0.2742,64011.78,0
2026-08-17T14:34:00Z,ETH,446,40,2,0.11,0.115,0.12,0.0066,0.4129,1908.16,0
2026-08-17T14:35:00Z,BTC,540,66,4,0.16,0.1775,0.2,0.0135,0.2744,63988.61,0
2026-08-17T14:35:00Z,ETH,446,40,2,0.105,0.1075,0.11,0.0066,0.4129,1907.81,0
2026-08-17T14:36:00Z,BTC,540,66,3,0.15,0.16,0.17,0.0129,0.2756,63964.74,0
2026-08-17T14:36:00Z,ETH,446,40,2,0.105,0.1075,0.11,0.0067,0.4129,1907.54,0
2026-08-17T14:37:00Z,BTC,540,66,3,0.15,0.16,0.17,0.0129,0.2751,63975.77,0
2026-08-17T14:37:00Z,ETH,446,40,2,0.11,0.11,0.11,0.0067,0.4129,1907.53,0
2026-08-17T14:38:00Z,BTC,540,66,3,0.15,0.155,0.16,0.0131,0.2741,63921.11,0
2026-08-17T14:38:00Z,ETH,446,40,2,0.105,0.1075,0.11,0.0066,0.4129,1906.18,0
2026-08-17T14:39:00Z,BTC,540,66,3,0.15,0.155,0.16,0.0131,0.275,63918.71,0
2026-08-17T14:39:00Z,ETH,446,40,2,0.11,0.11,0.11,0.0066,0.4129,1906.54,0
2026-08-17T14:40:00Z,BTC,540,66,3,0.15,0.155,0.16,0.0129,0.2746,63952.23,0
2026-08-17T14:40:00Z,ETH,446,40,2,0.105,0.1075,0.11,0.0067,0.4129,1907.28,0
2026-08-17T14:41:00Z,BTC,540,66,3,0.15,0.16,0.17,0.0131,0.2742,63939.38,0
2026-08-17T14:41:00Z,ETH,446,40,2,0.11,0.11,0.11,0.0067,0.4129,1907.01,0
2026-08-17T14:42:00Z,BTC,540,66,3,0.15,0.155,0.16,0.0131,0.2741,63941.42,0
2026-08-17T14:42:00Z,ETH,446,40,2,0.105,0.1075,0.11,0.0066,0.4129,1907.35,0
2026-08-17T14:43:00Z,BTC,540,66,3,0.15,0.155,0.16,0.0131,0.2747,63941.01,0
2026-08-17T14:43:00Z,ETH,446,40,2,0.105,0.1075,0.11,0.0066,0.4129,1907.43,0
2026-08-17T14:44:00Z,BTC,540,66,3,0.15,0.16,0.17,0.0131,0.2747,63943.12,0
2026-08-17T14:44:00Z,ETH,446,40,2,0.105,0.1075,0.11,0.0066,0.4129,1907.29,0
2026-08-17T14:45:00Z,BTC,540,66,3,0.15,0.16,0.17,0.0131,0.2741,63950.7,0
2026-08-17T14:45:00Z,ETH,446,40,2,0.11,0.115,0.12,0.0066,0.4129,1907.63,0
2026-08-17T14:46:00Z,BTC,540,66,3,0.15,0.16,0.17,0.0131,0.2743,63942.5,0
2026-08-17T14:46:00Z,ETH,446,40,2,0.105,0.1075,0.11,0.0067,0.4129,1907.46,0
2026-08-17T14:47:00Z,BTC,540,66,3,0.15,0.16,0.17,0.0129,0.2747,63955.71,0
2026-08-17T14:47:00Z,ETH,446,40,2,0.11,0.11,0.11,0.0067,0.4129,1908.92,0
2026-08-17T14:48:00Z,BTC,540,66,3,0.15,0.155,0.16,0.0129,0.2748,63984.65,0
2026-08-17T14:48:00Z,ETH,446,40,2,0.105,0.1075,0.11,0.0067,0.4129,1909.51,0
2026-08-17T14:49:00Z,BTC,540,66,4,0.155,0.1775,0.2,0.0134,0.2719,64072.56,0
2026-08-17T14:49:00Z,ETH,446,40,2,0.105,0.1125,0.12,0.0067,0.4129,1911.97,0
2026-08-17T14:50:00Z,BTC,540,66,4,0.16,0.1775,0.2,0.0135,0.2715,64071.47,0
2026-08-17T14:50:00Z,ETH,446,40,2,0.105,0.1075,0.11,0.0067,0.4129,1912.49,0
2026-08-17T14:51:00Z,BTC,540,66,4,0.16,0.175,0.19,0.0135,0.2717,64089.88,0
2026-08-17T14:51:00Z,ETH,446,40,2,0.105,0.1075,0.11,0.0066,0.4129,1913.16,0
2026-08-17T14:52:00Z,BTC,540,66,4,0.155,0.175,0.19,0.0134,0.273,64080.7,0
2026-08-17T14:52:00Z,ETH,446,40,2,0.155,0.1775,0.2,0.0097,0.4129,1913.28,0
2026-08-17T14:53:00Z,BTC,540,66,4,0.155,0.175,0.19,0.0135,0.2732,64075.45,0
2026-08-17T14:53:00Z,ETH,446,40,2,0.105,0.1075,0.11,0.0067,0.4129,1912.77,0
2026-08-17T14:54:00Z,BTC,540,66,4,0.16,0.175,0.19,0.0135,0.2735,64086.99,0
2026-08-17T14:54:00Z,ETH,446,40,2,0.105,0.1075,0.11,0.0066,0.4129,1912.74,0
2026-08-17T14:55:00Z,BTC,540,66,4,0.165,0.18,0.18,0.0134,0.2737,64134.98,0
2026-08-17T14:55:00Z,ETH,446,40,2,0.215,0.2225,0.23,0.0133,0.4129,1914.44,0
2026-08-17T14:56:00Z,BTC,540,66,4,0.16,0.175,0.19,0.0134,0.2731,64122.86,0
2026-08-17T14:56:00Z,ETH,446,40,2,0.16,0.18,0.2,0.0096,0.4129,1913.68,0
2026-08-17T14:57:00Z,BTC,540,66,4,0.16,0.175,0.19,0.0134,0.2731,64122.83,0
2026-08-17T14:57:00Z,ETH,446,40,2,0.155,0.1775,0.2,0.0096,0.4129,1913.67,0
2026-08-17T14:58:00Z,BTC,540,66,4,0.16,0.1825,0.19,0.0135,0.2744,64155.97,0
2026-08-17T14:58:00Z,ETH,446,40,2,0.165,0.1975,0.23,0.0103,0.4129,1914.95,0
2026-08-17T14:59:00Z,BTC,540,66,4,0.16,0.18,0.18,0.0135,0.2746,64222.84,0
2026-08-17T14:59:00Z,ETH,446,40,2,0.2,0.245,0.29,0.0124,0.4129,1916.33,0
2026-08-17T15:00:00Z,BTC,540,66,4,0.165,0.18,0.18,0.0134,0.2744,64201.2,0
2026-08-17T15:00:00Z,ETH,446,40,2,0.265,0.2825,0.3,0.0161,0.4129,1913.67,0
2026-08-17T15:01:00Z,BTC,540,66,4,0.16,0.18,0.18,0.0135,0.2742,64235.41,0
2026-08-17T15:01:00Z,ETH,446,40,2,0.155,0.1775,0.2,0.0095,0.4129,1914.33,0
2026-08-17T15:02:00Z,BTC,540,66,4,0.165,0.1825,0.19,0.0135,0.2715,64208.66,0
2026-08-17T15:02:00Z,ETH,446,40,2,0.15,0.17,0.19,0.0095,0.4129,1912.81,0
2026-08-17T15:03:00Z,BTC,540,66,4,0.16,0.18,0.18,0.0135,0.2743,64209.07,0
2026-08-17T15:03:00Z,ETH,446,40,2,0.105,0.1075,0.11,0.0066,0.4129,1912.74,0
2026-08-17T15:04:00Z,BTC,540,66,4,0.16,0.18,0.18,0.0136,0.2746,64233.98,0
2026-08-17T15:04:00Z,ETH,446,40,2,0.15,0.17,0.19,0.0096,0.4129,1913.37,0
2026-08-17T15:05:00Z,BTC,540,66,4,0.16,0.1825,0.19,0.0135,0.273,64243.64,0
2026-08-17T15:05:00Z,ETH,446,40,2,0.105,0.1075,0.11,0.0066,0.4129,1914.03,0
2026-08-17T15:06:00Z,BTC,540,66,4,0.165,0.18,0.18,0.0136,0.2734,64281.38,0
2026-08-17T15:06:00Z,ETH,446,40,2,0.155,0.1725,0.19,0.0095,0.4129,1914.11,0
2026-08-17T15:07:00Z,BTC,540,66,4,0.16,0.1825,0.19,0.0135,0.2732,64231.91,0
2026-08-17T15:07:00Z,ETH,446,40,2,0.2,0.245,0.29,0.0126,0.4129,1912.3,0
2026-08-17T15:08:00Z,BTC,540,66,4,0.165,0.1825,0.19,0.0135,0.2742,64197.64,0
2026-08-17T15:08:00Z,ETH,446,40,2,0.165,0.1975,0.23,0.0101,0.4129,1911.95,0
2026-08-17T15:09:00Z,BTC,540,66,4,0.16,0.18,0.18,0.0135,0.2742,64214.19,0
2026-08-17T15:09:00Z,ETH,446,40,2,0.155,0.1725,0.19,0.0096,0.4129,1913.37,0
2026-08-17T15:10:00Z,BTC,540,66,4,0.16,0.18,0.18,0.0137,0.2732,64248.83,0
2026-08-17T15:10:00Z,ETH,446,40,2,0.16,0.18,0.2,0.0095,0.4129,1914.19,0
2026-08-17T15:11:00Z,BTC,540,66,4,0.16,0.18,0.18,0.0137,0.2733,64276.56,0
2026-08-17T15:11:00Z,ETH,446,40,2,0.2,0.245,0.29,0.0125,0.4129,1913.63,0
2026-08-17T15:12:00Z,BTC,540,66,4,0.16,0.18,0.18,0.0135,0.2737,64234.99,0
2026-08-17T15:12:00Z,ETH,446,40,2,0.16,0.18,0.2,0.0096,0.4129,1912.02,0
2026-08-17T15:13:00Z,BTC,540,66,4,0.16,0.18,0.18,0.0136,0.2737,64214.78,0
2026-08-17T15:13:00Z,ETH,446,40,2,0.105,0.1075,0.11,0.0066,0.4129,1911.42,0
2026-08-17T15:14:00Z,BTC,540,66,4,0.16,0.175,0.19,0.0134,0.2763,64181.67,0
2026-08-17T15:14:00Z,ETH,446,40,2,0.16,0.18,0.2,0.0096,0.4129,1910.9,0
2026-08-17T15:15:00Z,BTC,540,66,4,0.16,0.1725,0.18,0.0133,0.2763,64204.13,0
2026-08-17T15:15:00Z,ETH,446,40,2,0.11,0.115,0.12,0.0066,0.4129,1912.1,0
2026-08-17T15:16:00Z,BTC,540,66,4,0.16,0.175,0.19,0.0134,0.2753,64182.05,0
2026-08-17T15:16:00Z,ETH,446,40,2,0.1,0.105,0.11,0.0066,0.4129,1911.62,0
2026-08-17T15:17:00Z,BTC,540,66,4,0.16,0.18,0.18,0.0134,0.275,64171.34,0
2026-08-17T15:17:00Z,ETH,446,40,2,0.105,0.1075,0.11,0.0066,0.4129,1911.36,0
2026-08-17T15:18:00Z,BTC,540,66,4,0.165,0.1825,0.19,0.0135,0.2751,64144.59,0
2026-08-17T15:18:00Z,ETH,446,40,2,0.16,0.19,0.22,0.0101,0.4129,1911.24,0
2026-08-17T15:19:00Z,BTC,540,66,4,0.165,0.1825,0.19,0.0135,0.2759,64120.98,0
2026-08-17T15:19:00Z,ETH,446,40,2,0.11,0.115,0.12,0.0066,0.4129,1910.9,0
2026-08-17T15:21:00Z,BTC,540,66,4,0.155,0.175,0.19,0.0134,0.2751,64158.93,0
2026-08-17T15:21:00Z,ETH,446,40,2,0.16,0.19,0.22,0.0102,0.4129,1910.99,0
2026-08-17T15:22:00Z,BTC,540,66,4,0.16,0.175,0.19,0.0134,0.2749,64151.64,0
2026-08-17T15:22:00Z,ETH,446,40,2,0.11,0.115,0.12,0.0066,0.4129,1911.01,0
2026-08-17T15:23:00Z,BTC,540,66,4,0.155,0.175,0.19,0.0135,0.2749,64160.72,0
2026-08-17T15:23:00Z,ETH,446,40,2,0.11,0.115,0.12,0.0066,0.4129,1911.38,0
2026-08-17T15:24:00Z,BTC,540,66,4,0.165,0.1825,0.19,0.0135,0.2752,64178.18,0
2026-08-17T15:24:00Z,ETH,446,40,2,0.155,0.1775,0.2,0.0096,0.4129,1911.77,0
2026-08-17T15:25:00Z,BTC,540,66,4,0.16,0.1825,0.19,0.0135,0.2755,64197.68,0
2026-08-17T15:25:00Z,ETH,446,40,2,0.11,0.115,0.12,0.0066,0.4129,1912.21,0
2026-08-17T15:26:00Z,BTC,540,66,4,0.165,0.1825,0.19,0.0135,0.2748,64229.39,0
2026-08-17T15:26:00Z,ETH,446,40,2,0.155,0.1775,0.2,0.0096,0.4129,1913.38,0
2026-08-17T15:27:00Z,BTC,540,66,4,0.165,0.18,0.18,0.0136,0.2752,64235.32,0
2026-08-17T15:27:00Z,ETH,446,40,2,0.11,0.115,0.12,0.0066,0.4129,1913.67,0
2026-08-17T15:28:00Z,BTC,540,66,5,0.75,0.88,1.2,0.0652,0.2719,64387.11,0
2026-08-17T15:28:00Z,ETH,446,40,2,0.4,0.485,0.57,0.0246,0.4129,1916.45,0
2026-08-17T15:29:00Z,BTC,540,66,5,0.15,0.18,0.18,0.0107,0.2735,64367.41,0
2026-08-17T15:29:00Z,ETH,446,40,2,0.155,0.1725,0.19,0.0094,0.4129,1916.22,0
2026-08-17T15:30:00Z,BTC,540,66,5,0.14,0.17,0.18,0.0107,0.2733,64369.16,0
2026-08-17T15:30:00Z,ETH,446,40,2,0.11,0.115,0.12,0.0066,0.4129,1915.3,0
2026-08-17T15:31:00Z,BTC,540,66,5,0.15,0.17,0.19,0.0106,0.2735,64342.64,0
2026-08-17T15:31:00Z,ETH,446,40,2,0.155,0.1775,0.2,0.0095,0.4129,1914.16,0
2026-08-17T15:32:00Z,BTC,540,66,5,0.15,0.18,0.18,0.0107,0.2739,64317.24,0
2026-08-17T15:32:00Z,ETH,446,40,2,0.105,0.1075,0.11,0.0066,0.4129,1913.97,0
2026-08-17T15:33:00Z,BTC,540,66,5,0.14,0.18,0.18,0.0107,0.2725,64310.46,0
2026-08-17T15:33:00Z,ETH,446,40,2,0.105,0.1125,0.12,0.0066,0.4129,1913.61,0
2026-08-17T15:34:00Z,BTC,540,66,5,0.14,0.18,0.18,0.0107,0.2743,64298.8,0
2026-08-17T15:34:00Z,ETH,446,40,2,0.11,0.115,0.12,0.0066,0.4129,1913.51,0
2026-08-17T15:35:00Z,BTC,540,66,5,0.14,0.17,0.19,0.0105,0.2746,64338.86,0
2026-08-17T15:35:00Z,ETH,446,40,2,0.16,0.18,0.2,0.0095,0.4129,1913.85,0
2026-08-17T15:36:00Z,BTC,540,66,5,0.15,0.18,0.19,0.0106,0.2733,64355.45,0
2026-08-17T15:36:00Z,ETH,446,40,2,0.155,0.1725,0.19,0.0096,0.4129,1914.24,0
2026-08-17T15:37:00Z,BTC,540,66,5,0.15,0.18,0.19,0.0107,0.2734,64386.37,0
2026-08-17T15:37:00Z,ETH,446,40,2,0.105,0.1075,0.11,0.0066,0.4129,1915.21,0
2026-08-17T15:38:00Z,BTC,540,66,5,0.14,0.17,0.19,0.0108,0.2739,64390.23,0
2026-08-17T15:38:00Z,ETH,446,40,2,0.105,0.1125,0.12,0.0066,0.4129,1915.08,0
2026-08-17T15:39:00Z,BTC,540,66,5,0.15,0.18,0.18,0.0107,0.2741,64377.3,0
2026-08-17T15:39:00Z,ETH,446,40,2,0.105,0.1125,0.12,0.0066,0.4129,1914.16,0
2026-08-17T15:40:00Z,BTC,540,66,5,0.14,0.17,0.18,0.0106,0.274,64362.39,0
2026-08-17T15:40:00Z,ETH,446,40,2,0.11,0.115,0.12,0.0066,0.4129,1914.25,0
2026-08-17T15:41:00Z,BTC,540,66,5,0.14,0.17,0.19,0.0106,0.2741,64385.33,0
2026-08-17T15:41:00Z,ETH,446,40,2,0.1,0.105,0.11,0.0066,0.4129,1914.99,0
2026-08-17T15:42:00Z,BTC,540,66,5,0.15,0.18,0.18,0.0107,0.2745,64404.95,0
2026-08-17T15:42:00Z,ETH,446,40,2,0.105,0.1075,0.11,0.0066,0.4129,1916.08,0
2026-08-17T15:43:00Z,BTC,540,66,5,0.15,0.18,0.19,0.0107,0.2745,64428.79,0
2026-08-17T15:43:00Z,ETH,446,40,2,0.1,0.105,0.11,0.0066,0.4129,1916.67,0
2026-08-17T15:44:00Z,BTC,540,66,5,0.15,0.17,0.18,0.0107,0.2749,64390.69,0
2026-08-17T15:44:00Z,ETH,446,40,2,0.105,0.1075,0.11,0.0066,0.4129,1915.72,0
2026-08-17T15:45:00Z,BTC,540,66,5,0.15,0.18,0.19,0.0107,0.2747,64389.07,0
2026-08-17T15:45:00Z,ETH,446,40,2,0.105,0.1125,0.12,0.0066,0.4129,1915.78,0
2026-08-17T15:46:00Z,BTC,540,66,5,0.14,0.18,0.19,0.0107,0.2747,64404.62,0
2026-08-17T15:46:00Z,ETH,446,40,2,0.105,0.1075,0.11,0.0066,0.4129,1915.92,0
2026-08-17T15:47:00Z,BTC,540,66,5,0.15,0.17,0.18,0.0108,0.2747,64443.52,0
2026-08-17T15:47:00Z,ETH,446,40,2,0.11,0.115,0.12,0.0066,0.4129,1917.1,0
2026-08-17T15:48:00Z,BTC,540,66,5,0.14,0.18,0.19,0.0109,0.2752,64457.69,0
2026-08-17T15:48:00Z,ETH,446,40,2,0.1,0.105,0.11,0.0066,0.4129,1918.17,0
2026-08-17T15:49:00Z,BTC,540,66,5,0.15,0.17,0.19,0.011,0.2752,64480.56,0
2026-08-17T15:49:00Z,ETH,446,40,2,0.1,0.105,0.11,0.0066,0.4129,1917.47,0
2026-08-17T15:50:00Z,BTC,540,66,5,0.15,0.16,0.19,0.0112,0.2747,64484.25,0
2026-08-17T15:50:00Z,ETH,446,40,2,0.11,0.115,0.12,0.0066,0.4129,1918.44,0
2026-08-17T15:51:00Z,BTC,540,66,5,0.15,0.16,0.18,0.0112,0.2745,64505.59,0
2026-08-17T15:51:00Z,ETH,446,40,2,0.105,0.1125,0.12,0.0066,0.4129,1919.58,0
2026-08-17T15:52:00Z,BTC,540,66,5,0.15,0.17,0.19,0.011,0.2746,64501.36,0
2026-08-17T15:52:00Z,ETH,446,40,2,0.105,0.1125,0.12,0.0066,0.4129,1919.71,0
2026-08-17T15:53:00Z,BTC,540,66,5,0.15,0.17,0.19,0.0112,0.2746,64505.35,0
2026-08-17T15:53:00Z,ETH,446,40,2,0.11,0.115,0.12,0.0066,0.4129,1919.73,0
2026-08-17T15:54:00Z,BTC,540,66,5,0.15,0.16,0.19,0.0112,0.2743,64522.75,0
2026-08-17T15:54:00Z,ETH,446,40,3,0.1,0.11,0.12,0.0054,0.4129,1920.98,0
2026-08-17T15:55:00Z,BTC,540,66,5,0.15,0.17,0.19,0.011,0.2742,64483.83,0
2026-08-17T15:55:00Z,ETH,446,40,2,0.11,0.115,0.12,0.0066,0.4129,1919.67,0
2026-08-17T15:56:00Z,BTC,540,66,5,0.15,0.17,0.19,0.011,0.2752,64507.78,0
2026-08-17T15:56:00Z,ETH,446,40,2,0.155,0.1725,0.19,0.0093,0.4129,1919.11,0
2026-08-17T15:57:00Z,BTC,540,66,5,0.15,0.17,0.19,0.011,0.2757,64490.58,0
2026-08-17T15:57:00Z,ETH,446,40,2,0.155,0.1725,0.19,0.0093,0.4129,1919.01,0
2026-08-17T15:58:00Z,BTC,540,66,5,0.15,0.17,0.19,0.0109,0.275,64455.27,0
2026-08-17T15:58:00Z,ETH,446,40,2,0.105,0.1125,0.12,0.0066,0.4129,1917.89,0
2026-08-17T15:59:00Z,BTC,594,70,6,0.16,0.17,0.19,0.0124,0.2748,64503.23,0
2026-08-17T15:59:00Z,ETH,468,40,2,0.105,0.1125,0.12,0.0066,0.4129,1919.18,0
2026-08-17T16:00:00Z,BTC,594,70,6,0.155,0.1675,0.19,0.0124,0.2747,64472.52,0
2026-08-17T16:00:00Z,ETH,468,40,2,0.105,0.1075,0.11,0.0066,0.4129,1917.7,0
2026-08-17T16:01:00Z,BTC,594,70,6,0.155,0.1675,0.19,0.0124,0.2747,64475.48,0
2026-08-17T16:01:00Z,ETH,468,40,2,0.105,0.1075,0.11,0.0066,0.4129,1918.27,0
2026-08-17T16:02:00Z,BTC,594,70,6,0.155,0.17,0.19,0.0124,0.2759,64499.64,0
2026-08-17T16:02:00Z,ETH,468,40,2,0.11,0.115,0.12,0.0066,0.4129,1918.46,0
2026-08-17T16:03:00Z,BTC,594,70,6,0.155,0.1675,0.19,0.0122,0.276,64454.81,0
2026-08-17T16:03:00Z,ETH,468,40,2,0.155,0.1725,0.19,0.0094,0.4129,1916.64,0
2026-08-17T16:04:00Z,BTC,594,70,6,0.16,0.17,0.19,0.0122,0.276,64457.79,0
2026-08-17T16:04:00Z,ETH,468,40,2,0.16,0.18,0.2,0.0094,0.4129,1916.64,0
2026-08-17T16:05:00Z,BTC,594,70,6,0.15,0.175,0.18,0.0124,0.2753,64467.59,0
2026-08-17T16:05:00Z,ETH,468,40,2,0.11,0.115,0.12,0.0066,0.4129,1917.63,0
2026-08-17T16:06:00Z,BTC,594,70,6,0.155,0.1675,0.19,0.0122,0.276,64456.53,0
2026-08-17T16:06:00Z,ETH,468,40,2,0.155,0.1725,0.19,0.0094,0.4129,1917.19,0
2026-08-17T16:07:00Z,BTC,594,70,6,0.155,0.1675,0.19,0.0122,0.276,64455.36,0
2026-08-17T16:07:00Z,ETH,468,40,2,0.1,0.105,0.11,0.0066,0.4129,1917.16,0
2026-08-17T16:08:00Z,BTC,594,70,6,0.16,0.17,0.19,0.0121,0.2772,64437.23,0
2026-08-17T16:08:00Z,ETH,468,40,2,0.11,0.115,0.12,0.0066,0.4129,1916.83,0
2026-08-17T16:09:00Z,BTC,594,70,6,0.16,0.17,0.18,0.0121,0.2772,64424.92,0
2026-08-17T16:09:00Z,ETH,468,40,2,0.105,0.1125,0.12,0.0066,0.4129,1916.41,0
2026-08-17T16:10:00Z,BTC,594,70,6,0.16,0.17,0.19,0.012,0.2758,64406.73,0
2026-08-17T16:10:00Z,ETH,468,40,2,0.105,0.1075,0.11,0.0066,0.4129,1915.88,0
2026-08-17T16:11:00Z,BTC,594,70,6,0.15,0.175,0.19,0.0119,0.2757,64385.8,0
2026-08-17T16:11:00Z,ETH,468,40,2,0.11,0.115,0.12,0.0066,0.4129,1914.38,0
2026-08-17T16:12:00Z,BTC,594,70,6,0.16,0.1775,0.18,0.0119,0.2756,64415.04,0
2026-08-17T16:12:00Z,ETH,468,40,2,0.1,0.105,0.11,0.0066,0.4129,1915.68,0
2026-08-17T16:13:00Z,BTC,594,70,6,0.155,0.1675,0.19,0.0119,0.2763,64397.25,0
2026-08-17T16:13:00Z,ETH,468,40,2,0.11,0.115,0.12,0.0066,0.4129,1915.43,0
2026-08-17T16:14:00Z,BTC,594,70,6,0.155,0.175,0.19,0.0119,0.2763,64392.49,0
2026-08-17T16:14:00Z,ETH,468,40,2,0.105,0.1075,0.11,0.0066,0.4129,1915.3,0
2026-08-17T16:15:00Z,BTC,594,70,6,0.15,0.175,0.18,0.0118,0.2761,64374.35,0
2026-08-17T16:15:00Z,ETH,468,40,2,0.105,0.1075,0.11,0.0066,0.4129,1914.69,0
2026-08-17T16:16:00Z,BTC,594,70,6,0.155,0.175,0.19,0.0119,0.2762,64395.87,0
2026-08-17T16:16:00Z,ETH,468,40,2,0.105,0.1075,0.11,0.0066,0.4129,1915.05,0
2026-08-17T16:17:00Z,BTC,594,70,6,0.155,0.1675,0.19,0.0118,0.2759,64381.57,0
2026-08-17T16:17:00Z,ETH,468,40,2,0.11,0.115,0.12,0.0066,0.4129,1914.82,0
2026-08-17T16:18:00Z,BTC,594,70,6,0.155,0.1675,0.18,0.0119,0.276,64393.49,0
2026-08-17T16:18:00Z,ETH,468,40,2,0.11,0.115,0.12,0.0066,0.4129,1914.94,0
2026-08-17T16:19:00Z,BTC,594,70,6,0.16,0.1775,0.19,0.0118,0.2761,64388.27,0
2026-08-17T16:19:00Z,ETH,468,40,2,0.11,0.115,0.12,0.0066,0.4129,1915.35,0
2026-08-17T16:20:00Z,BTC,594,70,6,0.15,0.175,0.19,0.0118,0.2761,64404.25,0
2026-08-17T16:20:00Z,ETH,468,40,2,0.105,0.1075,0.11,0.0067,0.4129,1915.72,0
2026-08-17T16:21:00Z,BTC,594,70,6,0.15,0.175,0.18,0.0118,0.2755,64389.13,0
2026-08-17T16:21:00Z,ETH,468,40,2,0.1,0.105,0.11,0.0066,0.4129,1915.6,0
2026-08-17T16:22:00Z,BTC,594,70,6,0.155,0.1675,0.18,0.0121,0.2757,64436.37,0
2026-08-17T16:22:00Z,ETH,468,40,2,0.105,0.1075,0.11,0.0066,0.4129,1916.26,0
2026-08-17T16:23:00Z,BTC,594,70,6,0.15,0.1675,0.19,0.012,0.2757,64429.77,0
2026-08-17T16:23:00Z,ETH,468,40,2,0.11,0.115,0.12,0.0066,0.4129,1916.11,0
2026-08-17T16:24:00Z,BTC,594,70,6,0.16,0.1775,0.19,0.0119,0.2757,64405.73,0
2026-08-17T16:24:00Z,ETH,468,40,2,0.11,0.115,0.12,0.0066,0.4129,1914.92,0
2026-08-17T16:25:00Z,BTC,594,70,6,0.16,0.1775,0.19,0.0119,0.2755,64405.25,0
2026-08-17T16:25:00Z,ETH,468,40,2,0.11,0.115,0.12,0.0066,0.4129,1914.7,0
2026-08-17T16:26:00Z,BTC,594,70,6,0.15,0.1675,0.19,0.012,0.2758,64434.89,0
2026-08-17T16:26:00Z,ETH,468,40,2,0.1,0.105,0.11,0.0066,0.4129,1915.08,0
2026-08-17T16:27:00Z,BTC,594,70,6,0.155,0.1675,0.18,0.0119,0.2757,64413.8,0
2026-08-17T16:27:00Z,ETH,468,40,2,0.11,0.115,0.12,0.0066,0.4129,1914.78,0
2026-08-17T16:28:00Z,BTC,594,70,6,0.16,0.17,0.19,0.0119,0.2752,64401.95,0
2026-08-17T16:28:00Z,ETH,468,40,2,0.11,0.115,0.12,0.0066,0.4129,1914.32,0
2026-08-17T16:29:00Z,BTC,594,70,6,0.155,0.1675,0.18,0.0119,0.2756,64402.1,0
2026-08-17T16:29:00Z,ETH,468,40,2,0.11,0.115,0.12,0.0066,0.4129,1914.05,0
2026-08-17T16:30:00Z,BTC,594,70,6,0.155,0.1675,0.18,0.0119,0.2758,64403.33,0
2026-08-17T16:30:00Z,ETH,468,40,2,0.11,0.115,0.12,0.0066,0.4129,1914.21,0
2026-08-17T16:31:00Z,BTC,594,70,6,0.16,0.17,0.19,0.0119,0.2759,64396.62,0
2026-08-17T16:31:00Z,ETH,468,40,2,0.11,0.115,0.12,0.0066,0.4129,1914.29,0
2026-08-17T16:32:00Z,BTC,594,70,6,0.155,0.1675,0.19,0.012,0.2755,64425.68,0
2026-08-17T16:32:00Z,ETH,468,40,2,0.105,0.1125,0.12,0.0066,0.4129,1914.96,0
2026-08-17T16:33:00Z,BTC,594,70,6,0.15,0.1675,0.18,0.012,0.2757,64413.79,0
2026-08-17T16:33:00Z,ETH,468,40,2,0.15,0.17,0.19,0.0095,0.4129,1914.58,0
2026-08-17T16:34:00Z,BTC,594,70,6,0.16,0.1775,0.19,0.0121,0.2759,64433.21,0
2026-08-17T16:34:00Z,ETH,468,40,2,0.11,0.115,0.12,0.0066,0.4129,1915.35,0
2026-08-17T16:35:00Z,BTC,594,70,6,0.16,0.17,0.19,0.0121,0.2758,64417.11,0
2026-08-17T16:35:00Z,ETH,468,40,2,0.105,0.1125,0.12,0.0066,0.4129,1914.99,0
2026-08-17T16:36:00Z,BTC,594,70,6,0.16,0.17,0.19,0.0121,0.2757,64425.77,0
2026-08-17T16:36:00Z,ETH,468,40,2,0.105,0.1075,0.11,0.0066,0.4129,1915.37,0
2026-08-17T16:37:00Z,BTC,594,70,6,0.155,0.1675,0.19,0.0121,0.2762,64449.69,0
2026-08-17T16:37:00Z,ETH,468,40,2,0.11,0.115,0.12,0.0067,0.4129,1915.62,0
2026-08-17T16:38:00Z,BTC,594,70,6,0.155,0.1675,0.19,0.0122,0.276,64455.96,0
2026-08-17T16:38:00Z,ETH,468,40,2,0.11,0.115,0.12,0.0066,0.4129,1915.73,0
2026-08-17T16:39:00Z,BTC,594,70,6,0.155,0.1675,0.19,0.0123,0.2762,64476.71,0
2026-08-17T16:39:00Z,ETH,468,40,2,0.105,0.1125,0.12,0.0067,0.4129,1916.59,0
2026-08-17T16:40:00Z,BTC,594,70,6,0.16,0.17,0.19,0.0123,0.2752,64458.01,0
2026-08-17T16:40:00Z,ETH,468,40,2,0.11,0.115,0.12,0.0066,0.4129,1915.8,0
2026-08-17T16:41:00Z,BTC,594,70,6,0.155,0.175,0.19,0.0122,0.2753,64441.48,0
2026-08-17T16:41:00Z,ETH,468,40,2,0.11,0.115,0.12,0.0066,0.4129,1914.98,0
2026-08-17T16:42:00Z,BTC,594,70,6,0.16,0.17,0.19,0.0122,0.2757,64444.46,0
2026-08-17T16:42:00Z,ETH,468,40,2,0.105,0.1075,0.11,0.0066,0.4129,1915.03,0
2026-08-17T16:43:00Z,BTC,594,70,6,0.155,0.175,0.19,0.0121,0.276,64413.65,0
2026-08-17T16:43:00Z,ETH,468,40,2,0.11,0.115,0.12,0.0066,0.4129,1914.49,0
2026-08-17T16:44:00Z,BTC,594,70,6,0.155,0.1775,0.19,0.0119,0.2753,64384.72,0
2026-08-17T16:44:00Z,ETH,468,40,2,0.105,0.1075,0.11,0.0066,0.4129,1913.58,0
2026-08-17T16:45:00Z,BTC,594,70,6,0.155,0.1675,0.19,0.0118,0.2748,64376.7,0
2026-08-17T16:45:00Z,ETH,468,40,2,0.11,0.115,0.12,0.0066,0.4129,1913.0,0
2026-08-17T16:46:00Z,BTC,594,70,6,0.15,0.1675,0.19,0.0119,0.275,64390.99,0
2026-08-17T16:46:00Z,ETH,468,40,2,0.11,0.115,0.12,0.0066,0.4129,1913.64,0
2026-08-17T16:47:00Z,BTC,594,70,6,0.15,0.1675,0.19,0.0119,0.275,64393.66,0
2026-08-17T16:47:00Z,ETH,468,40,2,0.11,0.115,0.12,0.0067,0.4129,1913.67,0
2026-08-17T16:48:00Z,BTC,594,70,6,0.15,0.175,0.19,0.0121,0.2751,64416.48,0
2026-08-17T16:48:00Z,ETH,468,40,2,0.105,0.1075,0.11,0.0066,0.4129,1914.21,0
2026-08-17T16:49:00Z,BTC,594,70,6,0.16,0.17,0.18,0.0122,0.2751,64429.68,0
2026-08-17T16:49:00Z,ETH,468,40,2,0.1,0.105,0.11,0.0067,0.4129,1914.98,0
2026-08-17T16:50:00Z,BTC,594,70,6,0.155,0.1675,0.18,0.0121,0.2745,64406.8,0
2026-08-17T16:50:00Z,ETH,468,40,2,0.105,0.1075,0.11,0.0066,0.4129,1913.92,0
2026-08-17T16:51:00Z,BTC,594,70,6,0.155,0.1675,0.18,0.0121,0.2746,64412.49,0
2026-08-17T16:51:00Z,ETH,468,40,2,0.11,0.115,0.12,0.0066,0.4129,1913.64,0
2026-08-17T16:52:00Z,BTC,594,70,6,0.155,0.1775,0.19,0.0121,0.2744,64421.67,0
2026-08-17T16:52:00Z,ETH,468,40,2,0.11,0.115,0.12,0.0067,0.4129,1913.74,0
2026-08-17T16:53:00Z,BTC,594,70,6,0.155,0.175,0.19,0.0121,0.2744,64416.68,0
2026-08-17T16:53:00Z,ETH,468,40,2,0.155,0.1775,0.2,0.0096,0.4129,1913.62,0
2026-08-17T16:54:00Z,BTC,594,70,6,0.155,0.1775,0.18,0.0119,0.2744,64381.32,0
2026-08-17T16:54:00Z,ETH,468,40,2,0.105,0.1075,0.11,0.0066,0.4129,1911.66,0
2026-08-17T16:55:00Z,BTC,594,70,6,0.155,0.1775,0.18,0.0119,0.2742,64380.16,0
2026-08-17T16:55:00Z,ETH,468,40,2,0.11,0.115,0.12,0.0066,0.4129,1911.84,0
2026-08-17T16:56:00Z,BTC,594,70,6,0.15,0.1675,0.19,0.0121,0.2737,64418.59,0
2026-08-17T16:56:00Z,ETH,468,40,2,0.105,0.1075,0.11,0.0067,0.4129,1913.2,0
2026-08-17T16:57:00Z,BTC,594,70,6,0.16,0.17,0.18,0.0121,0.274,64421.77,0
2026-08-17T16:57:00Z,ETH,468,40,2,0.105,0.1075,0.11,0.0067,0.4129,1913.17,0
2026-08-17T16:58:00Z,BTC,594,70,6,0.155,0.1675,0.18,0.0121,0.2747,64410.5,0
2026-08-17T16:58:00Z,ETH,468,40,2,0.105,0.1075,0.11,0.0066,0.4129,1913.4,0
2026-08-17T16:59:00Z,BTC,594,70,6,0.15,0.175,0.18,0.0121,0.2742,64414.73,0
2026-08-17T16:59:00Z,ETH,468,40,2,0.11,0.115,0.12,0.0067,0.4129,1913.16,0
2026-08-17T17:00:00Z,BTC,594,70,6,0.16,0.17,0.19,0.0121,0.2739,64417.45,0
2026-08-17T17:00:00Z,ETH,468,40,2,0.11,0.115,0.12,0.0067,0.4129,1913.02,0
2026-08-17T17:01:00Z,BTC,594,70,6,0.155,0.175,0.19,0.0121,0.2743,64403.01,0
2026-08-17T17:01:00Z,ETH,468,40,2,0.11,0.115,0.12,0.0066,0.4129,1912.74,0
2026-08-17T17:02:00Z,BTC,594,70,6,0.16,0.17,0.18,0.0121,0.2746,64406.15,0
2026-08-17T17:02:00Z,ETH,468,40,2,0.11,0.115,0.12,0.0067,0.4129,1912.85,0
2026-08-17T17:03:00Z,BTC,594,70,6,0.16,0.1775,0.19,0.0121,0.2745,64410.45,0
2026-08-17T17:03:00Z,ETH,468,40,2,0.11,0.115,0.12,0.0067,0.4129,1912.59,0
2026-08-17T17:04:00Z,BTC,594,70,6,0.155,0.1675,0.19,0.0121,0.2744,64403.21,0
2026-08-17T17:04:00Z,ETH,468,40,2,0.11,0.115,0.12,0.0067,0.4129,1912.1,0
2026-08-17T17:05:00Z,BTC,594,70,6,0.16,0.1775,0.19,0.0119,0.2741,64392.34,0
2026-08-17T17:05:00Z,ETH,468,40,2,0.11,0.115,0.12,0.0066,0.4129,1912.47,0
2026-08-17T17:06:00Z,BTC,594,70,6,0.16,0.1775,0.19,0.0119,0.2736,64385.1,0
2026-08-17T17:06:00Z,ETH,468,40,2,0.105,0.1075,0.11,0.0066,0.4129,1911.96,0
2026-08-17T17:07:00Z,BTC,594,70,6,0.15,0.1675,0.19,0.0119,0.2738,64383.07,0
2026-08-17T17:07:00Z,ETH,468,40,2,0.11,0.115,0.12,0.0066,0.4129,1912.25,0
2026-08-17T17:08:00Z,BTC,594,70,6,0.155,0.1675,0.19,0.0119,0.2743,64382.97,0
2026-08-17T17:08:00Z,ETH,468,40,2,0.105,0.1075,0.11,0.0066,0.4129,1912.48,0
2026-08-17T17:09:00Z,BTC,594,70,6,0.155,0.175,0.19,0.0119,0.2742,64376.85,0
2026-08-17T17:09:00Z,ETH,468,40,2,0.105,0.1075,0.11,0.0066,0.4129,1912.09,0
2026-08-17T17:10:00Z,BTC,594,70,6,0.155,0.1675,0.18,0.0119,0.2743,64364.1,0
2026-08-17T17:10:00Z,ETH,468,40,2,0.11,0.115,0.12,0.0066,0.4129,1912.41,0
2026-08-17T17:11:00Z,BTC,594,70,6,0.155,0.175,0.18,0.0118,0.2757,64335.97,0
2026-08-17T17:11:00Z,ETH,468,40,2,0.11,0.115,0.12,0.0066,0.4129,1911.76,0
2026-08-17T17:12:00Z,BTC,594,70,6,0.155,0.1775,0.18,0.0119,0.2752,64316.83,0
2026-08-17T17:12:00Z,ETH,468,40,2,0.11,0.115,0.12,0.0067,0.4129,1911.1,0
2026-08-17T17:13:00Z,BTC,594,70,6,0.15,0.175,0.19,0.0119,0.2748,64321.53,0
2026-08-17T17:13:00Z,ETH,468,40,2,0.11,0.115,0.12,0.0067,0.4129,1911.32,0
2026-08-17T17:14:00Z,BTC,594,70,6,0.155,0.175,0.19,0.0119,0.2746,64294.23,0
2026-08-17T17:14:00Z,ETH,468,40,2,0.11,0.115,0.12,0.0067,0.4129,1911.03,0
2026-08-17T17:15:00Z,BTC,594,70,6,0.15,0.175,0.19,0.0119,0.2751,64303.41,0
2026-08-17T17:15:00Z,ETH,468,40,2,0.105,0.1075,0.11,0.0067,0.4129,1911.5,0
2026-08-17T17:16:00Z,BTC,594,70,6,0.155,0.175,0.19,0.0119,0.2744,64284.17,0
2026-08-17T17:16:00Z,ETH,468,40,2,0.11,0.115,0.12,0.0067,0.4129,1911.07,0
2026-08-17T17:17:00Z,BTC,594,70,6,0.155,0.175,0.18,0.0119,0.2745,64298.88,0
2026-08-17T17:17:00Z,ETH,468,40,2,0.105,0.1075,0.11,0.0067,0.4129,1911.16,0
2026-08-17T17:18:00Z,BTC,594,70,6,0.16,0.17,0.19,0.0131,0.273,64569.18,0
2026-08-17T17:18:00Z,ETH,468,40,2,0.105,0.1075,0.11,0.0067,0.4129,1916.96,0
2026-08-17T17:19:00Z,BTC,594,70,6,0.16,0.17,0.2,0.013,0.2736,64569.53,0
2026-08-17T17:19:00Z,ETH,468,40,2,0.11,0.115,0.12,0.0067,0.4129,1916.74,0
2026-08-17T17:20:00Z,BTC,594,70,4,0.155,0.1625,0.17,0.0133,0.2737,64609.38,0
2026-08-17T17:20:00Z,ETH,468,40,2,0.11,0.115,0.12,0.0067,0.4129,1917.65,0
2026-08-17T17:21:00Z,BTC,594,70,4,0.15,0.155,0.17,0.0132,0.2772,64681.58,0
2026-08-17T17:21:00Z,ETH,468,40,2,0.155,0.1725,0.19,0.0094,0.4129,1918.68,0
2026-08-17T17:22:00Z,BTC,594,70,4,0.165,0.1975,0.28,0.0147,0.2773,64718.8,0
2026-08-17T17:22:00Z,ETH,468,40,2,0.155,0.1725,0.19,0.0094,0.4129,1919.7,0
2026-08-17T17:23:00Z,BTC,594,70,4,0.16,0.1625,0.17,0.0133,0.2792,64691.27,0
2026-08-17T17:23:00Z,ETH,468,40,2,0.215,0.2275,0.24,0.0133,0.4129,1919.77,0
2026-08-17T17:24:00Z,BTC,594,70,4,0.16,0.165,0.18,0.0132,0.2792,64694.48,0
2026-08-17T17:24:00Z,ETH,468,40,2,0.105,0.1125,0.12,0.0066,0.4129,1919.64,0
2026-08-17T17:25:00Z,BTC,594,70,6,0.155,0.1675,0.19,0.0128,0.2779,64539.36,0
2026-08-17T17:25:00Z,ETH,468,40,2,0.11,0.115,0.12,0.0066,0.4129,1915.69,0
2026-08-17T17:26:00Z,BTC,594,70,5,0.17,0.17,0.19,0.0146,0.2767,64583.04,0
2026-08-17T17:26:00Z,ETH,468,40,2,0.105,0.1125,0.12,0.0066,0.4129,1917.0,0
2026-08-17T17:27:00Z,BTC,594,70,6,0.155,0.1675,0.2,0.0131,0.2767,64559.88,0
2026-08-17T17:27:00Z,ETH,468,40,2,0.15,0.17,0.19,0.0094,0.4129,1916.93,0
2026-08-17T17:28:00Z,BTC,594,70,6,0.16,0.17,0.2,0.0129,0.276,64528.39,0
2026-08-17T17:28:00Z,ETH,468,40,2,0.11,0.115,0.12,0.0066,0.4129,1915.31,0
2026-08-17T17:29:00Z,BTC,594,70,6,0.16,0.17,0.19,0.0127,0.2764,64511.52,0
2026-08-17T17:29:00Z,ETH,468,40,2,0.1,0.105,0.11,0.0066,0.4129,1914.62,0
2026-08-17T17:30:00Z,BTC,594,70,6,0.16,0.17,0.19,0.0127,0.2761,64513.74,0
2026-08-17T17:30:00Z,ETH,468,40,2,0.11,0.115,0.12,0.0066,0.4129,1914.42,0
2026-08-17T17:31:00Z,BTC,594,70,6,0.16,0.17,0.19,0.0125,0.2774,64473.04,0
2026-08-17T17:31:00Z,ETH,468,40,2,0.105,0.1075,0.11,0.0066,0.4129,1913.6,0
2026-08-17T17:32:00Z,BTC,594,70,6,0.16,0.17,0.19,0.0125,0.2768,64474.79,0
2026-08-17T17:32:00Z,ETH,468,40,2,0.105,0.1125,0.12,0.0066,0.4129,1914.09,0
2026-08-17T17:33:00Z,BTC,594,70,6,0.155,0.1675,0.19,0.0125,0.2767,64471.19,0
2026-08-17T17:33:00Z,ETH,468,40,2,0.105,0.1075,0.11,0.0066,0.4129,1914.07,0
2026-08-17T17:34:00Z,BTC,594,70,6,0.16,0.17,0.19,0.0125,0.2767,64441.15,0
2026-08-17T17:34:00Z,ETH,468,40,2,0.105,0.1075,0.11,0.0066,0.4129,1913.25,0
2026-08-17T17:35:00Z,BTC,594,70,6,0.16,0.17,0.19,0.0123,0.2772,64413.99,0
2026-08-17T17:35:00Z,ETH,468,40,2,0.105,0.1075,0.11,0.0066,0.4129,1912.41,0
2026-08-17T17:36:00Z,BTC,594,70,6,0.155,0.1675,0.19,0.012,0.2771,64378.16,0
2026-08-17T17:36:00Z,ETH,468,40,2,0.16,0.19,0.22,0.0101,0.4129,1910.56,0
2026-08-17T17:37:00Z,BTC,594,70,6,0.16,0.17,0.19,0.0124,0.2767,64449.65,0
2026-08-17T17:37:00Z,ETH,468,40,2,0.1,0.105,0.11,0.0066,0.4129,1913.54,0
2026-08-17T17:38:00Z,BTC,594,70,6,0.155,0.1675,0.19,0.0126,0.2767,64498.36,0
2026-08-17T17:38:00Z,ETH,468,40,2,0.1,0.105,0.11,0.0066,0.4129,1914.42,0
2026-08-17T17:39:00Z,BTC,594,70,6,0.155,0.1675,0.19,0.0131,0.276,64532.83,0
2026-08-17T17:39:00Z,ETH,468,40,2,0.105,0.1075,0.11,0.0066,0.4129,1914.26,0
2026-08-17T17:40:00Z,BTC,594,70,6,0.16,0.17,0.19,0.0129,0.2765,64556.09,0
2026-08-17T17:40:00Z,ETH,468,40,2,0.105,0.1125,0.12,0.0066,0.4129,1914.55,0
2026-08-17T17:41:00Z,BTC,594,70,4,0.16,0.17,0.17,0.0131,0.2761,64589.44,0
2026-08-17T17:41:00Z,ETH,468,40,2,0.105,0.1125,0.12,0.0066,0.4129,1915.32,0
2026-08-17T17:42:00Z,BTC,594,70,5,0.16,0.18,0.2,0.0146,0.2761,64582.24,0
2026-08-17T17:42:00Z,ETH,468,40,2,0.11,0.115,0.12,0.0066,0.4129,1915.26,0
2026-08-17T17:43:00Z,BTC,594,70,6,0.16,0.17,0.2,0.0128,0.2765,64554.2,0
2026-08-17T17:43:00Z,ETH,468,40,2,0.105,0.1125,0.12,0.0066,0.4129,1914.06,0
2026-08-17T17:44:00Z,BTC,594,70,6,0.155,0.1675,0.19,0.0129,0.2764,64532.89,0
2026-08-17T17:44:00Z,ETH,468,40,2,0.105,0.1075,0.11,0.0066,0.4129,1914.0,0
2026-08-17T17:45:00Z,BTC,594,70,6,0.165,0.17,0.19,0.0129,0.2765,64540.89,0
2026-08-17T17:45:00Z,ETH,468,40,2,0.11,0.115,0.12,0.0066,0.4129,1914.47,0
2026-08-17T17:46:00Z,BTC,594,70,4,0.165,0.17,0.17,0.0131,0.277,64574.87,0
2026-08-17T17:46:00Z,ETH,468,40,2,0.105,0.1075,0.11,0.0066,0.4129,1914.4,0
2026-08-17T17:47:00Z,BTC,594,70,4,0.16,0.165,0.18,0.0131,0.277,64590.54,0
2026-08-17T17:47:00Z,ETH,468,40,2,0.105,0.1075,0.11,0.0066,0.4129,1914.51,0
2026-08-17T17:48:00Z,BTC,594,70,4,0.165,0.17,0.17,0.0131,0.2764,64591.42,0
2026-08-17T17:48:00Z,ETH,468,40,2,0.105,0.1075,0.11,0.0066,0.4129,1914.52,0
2026-08-17T17:49:00Z,BTC,594,70,4,0.16,0.1625,0.17,0.0131,0.2773,64600.67,0
2026-08-17T17:49:00Z,ETH,468,40,2,0.105,0.1125,0.12,0.0066,0.4129,1914.92,0
2026-08-17T17:50:00Z,BTC,594,70,4,0.155,0.1625,0.17,0.0133,0.2766,64619.7,0
2026-08-17T17:50:00Z,ETH,468,40,2,0.11,0.115,0.12,0.0066,0.4129,1915.07,0
2026-08-17T17:51:00Z,BTC,594,70,4,0.155,0.1625,0.17,0.0133,0.2781,64629.12,0
2026-08-17T17:51:00Z,ETH,468,40,2,0.11,0.115,0.12,0.0066,0.4129,1915.11,0
2026-08-17T17:52:00Z,BTC,594,70,4,0.155,0.1625,0.17,0.0133,0.2775,64631.67,0
2026-08-17T17:52:00Z,ETH,468,40,2,0.105,0.1125,0.12,0.0066,0.4129,1914.77,0
2026-08-17T17:53:00Z,BTC,594,70,4,0.155,0.1625,0.17,0.0133,0.2785,64602.85,0
2026-08-17T17:53:00Z,ETH,468,40,2,0.105,0.1075,0.11,0.0066,0.4129,1914.48,0
2026-08-17T17:54:00Z,BTC,594,70,4,0.155,0.165,0.18,0.0131,0.2785,64603.63,0
2026-08-17T17:54:00Z,ETH,468,40,2,0.11,0.115,0.12,0.0066,0.4129,1914.64,0
2026-08-17T17:55:00Z,BTC,594,70,4,0.16,0.1625,0.17,0.0131,0.2776,64623.97,0
2026-08-17T17:55:00Z,ETH,468,40,2,0.105,0.1125,0.12,0.0066,0.4129,1915.37,0
2026-08-17T17:56:00Z,BTC,594,70,4,0.16,0.1625,0.17,0.0131,0.2777,64628.63,0
2026-08-17T17:56:00Z,ETH,468,40,2,0.105,0.1075,0.11,0.0066,0.4129,1915.27,0
2026-08-17T17:57:00Z,BTC,594,70,4,0.155,0.1625,0.17,0.0131,0.2781,64626.96,0
2026-08-17T17:57:00Z,ETH,468,40,2,0.165,0.1975,0.23,0.0104,0.4129,1914.98,0
2026-08-17T17:58:00Z,BTC,594,70,4,0.155,0.165,0.18,0.0131,0.2784,64636.05,0
2026-08-17T17:58:00Z,ETH,468,40,2,0.155,0.1725,0.19,0.0094,0.4129,1915.01,0
2026-08-17T17:59:00Z,BTC,594,70,4,0.155,0.1625,0.17,0.0133,0.2795,64624.95,0
2026-08-17T17:59:00Z,ETH,468,40,2,0.105,0.1075,0.11,0.0066,0.4129,1914.93,0
2026-08-17T18:00:00Z,BTC,594,70,4,0.16,0.1625,0.17,0.0133,0.2791,64602.81,0
2026-08-17T18:00:00Z,ETH,468,40,2,0.11,0.115,0.12,0.0066,0.4129,1914.4,0
2026-08-17T18:01:00Z,BTC,594,70,4,0.155,0.1625,0.17,0.0131,0.2788,64602.3,0
2026-08-17T18:01:00Z,ETH,468,40,2,0.11,0.115,0.12,0.0066,0.4129,1914.28,0
2026-08-17T18:02:00Z,BTC,594,70,4,0.16,0.165,0.18,0.0131,0.278,64608.41,0
2026-08-17T18:02:00Z,ETH,468,40,2,0.105,0.1075,0.11,0.0066,0.4129,1914.29,0
2026-08-17T18:03:00Z,BTC,594,70,4,0.155,0.1625,0.17,0.0131,0.2781,64632.82,0
2026-08-17T18:03:00Z,ETH,468,40,2,0.1,0.105,0.11,0.0066,0.4129,1914.13,0
2026-08-17T18:04:00Z,BTC,594,70,4,0.16,0.165,0.18,0.0131,0.2782,64644.22,0
2026-08-17T18:04:00Z,ETH,468,40,2,0.105,0.1125,0.12,0.0066,0.4129,1914.97,0
2026-08-17T18:05:00Z,BTC,594,70,4,0.155,0.1625,0.17,0.0131,0.279,64626.03,0
2026-08-17T18:05:00Z,ETH,468,40,2,0.105,0.1125,0.12,0.0066,0.4129,1914.3,0
2026-08-17T18:06:00Z,BTC,594,70,4,0.155,0.1625,0.17,0.0131,0.2794,64638.07,0
2026-08-17T18:06:00Z,ETH,468,40,2,0.11,0.115,0.12,0.0066,0.4129,1914.5,0
2026-08-17T18:07:00Z,BTC,594,70,4,0.16,0.1625,0.17,0.0131,0.2783,64625.85,0
2026-08-17T18:07:00Z,ETH,468,40,2,0.11,0.115,0.12,0.0066,0.4129,1914.14,0
2026-08-17T18:08:00Z,BTC,594,70,4,0.16,0.1625,0.17,0.0131,0.2783,64624.39,0
2026-08-17T18:08:00Z,ETH,468,40,2,0.11,0.115,0.12,0.0066,0.4129,1913.84,0
2026-08-17T18:09:00Z,BTC,594,70,4,0.155,0.1625,0.17,0.0131,0.279,64617.91,0
2026-08-17T18:09:00Z,ETH,468,40,2,0.105,0.1125,0.12,0.0066,0.4129,1913.6,0
2026-08-17T18:10:00Z,BTC,594,70,4,0.16,0.17,0.17,0.0131,0.2782,64603.6,0
2026-08-17T18:10:00Z,ETH,468,40,2,0.1,0.105,0.11,0.0066,0.4129,1913.39,0
2026-08-17T18:11:00Z,BTC,594,70,4,0.16,0.165,0.18,0.0132,0.2789,64641.19,0
2026-08-17T18:11:00Z,ETH,468,40,2,0.105,0.1075,0.11,0.0066,0.4129,1914.0,0
2026-08-17T18:12:00Z,BTC,594,70,4,0.16,0.165,0.18,0.0132,0.2789,64639.33,0
2026-08-17T18:12:00Z,ETH,468,40,2,0.11,0.115,0.12,0.0066,0.4129,1914.29,0
2026-08-17T18:13:00Z,BTC,594,70,4,0.155,0.1625,0.17,0.0131,0.2793,64660.54,0
2026-08-17T18:13:00Z,ETH,468,40,2,0.1,0.105,0.11,0.0066,0.4129,1914.67,0
2026-08-17T18:14:00Z,BTC,594,70,4,0.16,0.165,0.18,0.0132,0.2795,64676.41,0
2026-08-17T18:14:00Z,ETH,468,40,2,0.11,0.115,0.12,0.0066,0.4129,1914.8,0
2026-08-17T18:15:00Z,BTC,594,70,4,0.16,0.165,0.18,0.0132,0.2793,64670.48,0
2026-08-17T18:15:00Z,ETH,468,40,2,0.11,0.115,0.12,0.0066,0.4129,1914.6,0
2026-08-17T18:16:00Z,BTC,594,70,4,0.155,0.165,0.18,0.0131,0.2787,64696.38,0
2026-08-17T18:16:00Z,ETH,468,40,2,0.105,0.1075,0.11,0.0066,0.4129,1915.67,0
2026-08-17T18:17:00Z,BTC,594,70,4,0.16,0.165,0.18,0.0129,0.279,64767.26,0
2026-08-17T18:17:00Z,ETH,468,40,2,0.105,0.1125,0.12,0.0066,0.4129,1917.57,0
2026-08-17T18:18:00Z,BTC,594,70,4,0.155,0.1625,0.17,0.013,0.279,64747.1,0
2026-08-17T18:18:00Z,ETH,468,40,2,0.105,0.1075,0.11,0.0066,0.4129,1917.02,0
2026-08-17T18:19:00Z,BTC,594,70,4,0.155,0.165,0.18,0.0132,0.2792,64700.3,0
2026-08-17T18:19:00Z,ETH,468,40,2,0.105,0.1125,0.12,0.0066,0.4129,1915.79,0
2026-08-17T18:20:00Z,BTC,594,70,4,0.155,0.1625,0.17,0.0132,0.2786,64705.81,0
2026-08-17T18:20:00Z,ETH,468,40,2,0.11,0.115,0.12,0.0066,0.4129,1915.28,0
2026-08-17T18:21:00Z,BTC,594,70,4,0.155,0.1625,0.17,0.0131,0.2786,64768.4,0
2026-08-17T18:21:00Z,ETH,468,40,2,0.105,0.1125,0.12,0.0066,0.4129,1916.27,0
2026-08-17T18:22:00Z,BTC,594,70,4,0.15,0.155,0.17,0.0131,0.2779,64760.76,0
2026-08-17T18:22:00Z,ETH,468,40,2,0.105,0.1125,0.12,0.0066,0.4129,1915.3,0
2026-08-17T18:23:00Z,BTC,594,70,5,0.16,0.18,0.3,0.0132,0.2771,64891.57,0
2026-08-17T18:23:00Z,ETH,468,40,2,0.105,0.1125,0.12,0.0066,0.4129,1918.5,0
2026-08-17T18:25:00Z,BTC,594,70,5,0.15,0.16,0.19,0.0131,0.277,64852.48,0
2026-08-17T18:25:00Z,ETH,468,40,2,0.105,0.1125,0.12,0.0066,0.4129,1916.95,0
2026-08-17T18:26:00Z,BTC,594,70,5,0.16,0.16,0.18,0.0131,0.277,64852.96,0
2026-08-17T18:26:00Z,ETH,468,40,2,0.105,0.1125,0.12,0.0066,0.4129,1916.93,0
2026-08-17T18:27:00Z,BTC,594,70,5,0.15,0.16,0.18,0.0131,0.2772,64847.28,0
2026-08-17T18:27:00Z,ETH,468,40,2,0.15,0.17,0.19,0.0093,0.4129,1916.64,0
2026-08-17T18:28:00Z,BTC,594,70,4,0.16,0.165,0.18,0.0131,0.2781,64798.46,0
2026-08-17T18:28:00Z,ETH,468,40,2,0.15,0.17,0.19,0.0093,0.4129,1916.57,0
2026-08-17T18:29:00Z,BTC,594,70,4,0.155,0.165,0.18,0.013,0.2769,64779.56,0
2026-08-17T18:29:00Z,ETH,468,40,2,0.11,0.115,0.12,0.0066,0.4129,1916.08,0
2026-08-17T18:30:00Z,BTC,594,70,4,0.155,0.165,0.18,0.0131,0.2779,64780.04,0
2026-08-17T18:30:00Z,ETH,468,40,2,0.105,0.1075,0.11,0.0066,0.4129,1916.02,0
2026-08-17T18:31:00Z,BTC,594,70,4,0.16,0.1625,0.17,0.0131,0.2778,64744.85,0
2026-08-17T18:31:00Z,ETH,468,40,2,0.105,0.1125,0.12,0.0066,0.4129,1915.34,0
2026-08-17T18:32:00Z,BTC,594,70,4,0.155,0.165,0.18,0.0131,0.2766,64725.49,0
2026-08-17T18:32:00Z,ETH,468,40,2,0.11,0.115,0.12,0.0066,0.4129,1915.47,0
2026-08-17T18:33:00Z,BTC,594,70,4,0.16,0.1625,0.17,0.0132,0.2781,64699.3,0
2026-08-17T18:33:00Z,ETH,468,40,2,0.11,0.115,0.12,0.0065,0.4129,1914.5,0
2026-08-17T18:34:00Z,BTC,594,70,4,0.155,0.1625,0.17,0.0132,0.2789,64712.61,0
2026-08-17T18:34:00Z,ETH,468,40,2,0.155,0.1725,0.19,0.0093,0.4129,1914.92,0
2026-08-17T18:35:00Z,BTC,594,70,4,0.16,0.1625,0.17,0.0131,0.279,64739.44,0
2026-08-17T18:35:00Z,ETH,468,40,2,0.11,0.115,0.12,0.0065,0.4129,1915.84,0
2026-08-17T18:36:00Z,BTC,594,70,4,0.16,0.165,0.18,0.0129,0.279,64769.48,0
2026-08-17T18:36:00Z,ETH,468,40,2,0.105,0.1125,0.12,0.0065,0.4129,1916.6,0
2026-08-17T18:37:00Z,BTC,594,70,4,0.15,0.1575,0.18,0.0129,0.278,64748.66,0
2026-08-17T18:37:00Z,ETH,468,40,2,0.11,0.115,0.12,0.0065,0.4129,1916.23,0
2026-08-17T18:38:00Z,BTC,594,70,4,0.155,0.165,0.18,0.013,0.2787,64753.06,0
2026-08-17T18:38:00Z,ETH,468,40,2,0.1,0.105,0.11,0.0065,0.4129,1916.08,0
2026-08-17T18:39:00Z,BTC,594,70,4,0.15,0.1575,0.18,0.013,0.2793,64754.44,0
2026-08-17T18:39:00Z,ETH,468,40,2,0.11,0.115,0.12,0.0065,0.4129,1915.43,0
2026-08-17T18:40:00Z,BTC,594,70,4,0.15,0.1575,0.18,0.013,0.279,64748.36,0
2026-08-17T18:40:00Z,ETH,468,40,2,0.11,0.115,0.12,0.0065,0.4129,1915.29,0
2026-08-17T18:41:00Z,BTC,594,70,4,0.16,0.165,0.18,0.013,0.2798,64760.8,0
2026-08-17T18:41:00Z,ETH,468,40,2,0.105,0.1125,0.12,0.0065,0.4129,1915.8,0
2026-08-17T18:42:00Z,BTC,594,70,4,0.155,0.165,0.18,0.013,0.2789,64728.98,0
2026-08-17T18:42:00Z,ETH,468,40,2,0.1,0.105,0.11,0.0065,0.4129,1915.38,0
2026-08-17T18:43:00Z,BTC,594,70,4,0.16,0.165,0.18,0.013,0.2787,64753.3,0
2026-08-17T18:43:00Z,ETH,468,40,2,0.105,0.1125,0.12,0.0065,0.4129,1915.89,0
2026-08-17T18:44:00Z,BTC,594,70,4,0.155,0.165,0.18,0.013,0.2783,64770.22,0
2026-08-17T18:44:00Z,ETH,468,40,2,0.1,0.105,0.11,0.0065,0.4129,1916.76,0
2026-08-17T18:45:00Z,BTC,594,70,4,0.16,0.165,0.18,0.013,0.2788,64726.23,0
2026-08-17T18:45:00Z,ETH,468,40,2,0.105,0.1125,0.12,0.0065,0.4129,1915.9,0
2026-08-17T18:46:00Z,BTC,594,70,4,0.15,0.1575,0.18,0.013,0.2787,64730.39,0
2026-08-17T18:46:00Z,ETH,468,40,2,0.11,0.115,0.12,0.0065,0.4129,1915.88,0
2026-08-17T18:47:00Z,BTC,594,70,4,0.155,0.165,0.18,0.013,0.2786,64731.93,0
2026-08-17T18:47:00Z,ETH,468,40,2,0.11,0.115,0.12,0.0066,0.4129,1915.8,0
2026-08-17T18:48:00Z,BTC,594,70,4,0.155,0.1625,0.17,0.013,0.2791,64751.35,0
2026-08-17T18:48:00Z,ETH,468,40,2,0.11,0.115,0.12,0.0065,0.4129,1915.93,0
2026-08-17T18:49:00Z,BTC,594,70,4,0.155,0.1625,0.17,0.013,0.2791,64754.91,0
2026-08-17T18:49:00Z,ETH,468,40,2,0.105,0.1125,0.12,0.0065,0.4129,1915.97,0
2026-08-17T18:50:00Z,BTC,594,70,4,0.16,0.1625,0.17,0.0129,0.2799,64788.16,0
2026-08-17T18:50:00Z,ETH,468,40,2,0.105,0.1075,0.11,0.0065,0.4129,1916.74,0
2026-08-17T18:51:00Z,BTC,594,70,4,0.155,0.165,0.18,0.0131,0.2797,64735.63,0
2026-08-17T18:51:00Z,ETH,468,40,2,0.11,0.115,0.12,0.0065,0.4129,1915.69,0
2026-08-17T18:52:00Z,BTC,594,70,4,0.16,0.165,0.18,0.013,0.2789,64756.96,0
2026-08-17T18:52:00Z,ETH,468,40,2,0.11,0.115,0.12,0.0065,0.4129,1916.54,0
2026-08-17T18:53:00Z,BTC,594,70,4,0.16,0.1625,0.17,0.0131,0.2792,64737.05,0
2026-08-17T18:53:00Z,ETH,468,40,2,0.105,0.1075,0.11,0.0065,0.4129,1915.72,0
2026-08-17T18:54:00Z,BTC,594,70,4,0.15,0.1575,0.18,0.0131,0.2788,64745.86,0
2026-08-17T18:54:00Z,ETH,468,40,2,0.11,0.115,0.12,0.0065,0.4129,1916.27,0
2026-08-17T18:55:00Z,BTC,594,70,4,0.16,0.165,0.18,0.0131,0.2795,64770.89,0
2026-08-17T18:55:00Z,ETH,468,40,2,0.1,0.105,0.11,0.0065,0.4129,1916.68,0
2026-08-17T18:56:00Z,BTC,594,70,4,0.16,0.165,0.18,0.0131,0.2791,64743.1,0
2026-08-17T18:56:00Z,ETH,468,40,2,0.11,0.115,0.12,0.0065,0.4129,1916.33,0
2026-08-17T18:57:00Z,BTC,594,70,4,0.16,0.165,0.18,0.0131,0.2793,64722.42,0
2026-08-17T18:57:00Z,ETH,468,40,2,0.105,0.1075,0.11,0.0065,0.4129,1915.86,0
2026-08-17T18:58:00Z,BTC,594,70,4,0.155,0.165,0.18,0.0131,0.2793,64729.3,0
2026-08-17T18:58:00Z,ETH,468,40,2,0.1,0.105,0.11,0.0065,0.4129,1915.92,0
2026-08-17T18:59:00Z,BTC,594,70,4,0.155,0.165,0.18,0.0131,0.2788,64730.52,0
2026-08-17T18:59:00Z,ETH,468,40,2,0.11,0.115,0.12,0.0065,0.4129,1915.95,0
2026-08-17T19:00:00Z,BTC,594,70,4,0.155,0.165,0.18,0.013,0.2796,64693.52,0
2026-08-17T19:00:00Z,ETH,468,40,2,0.11,0.115,0.12,0.0065,0.4129,1915.09,0
2026-08-17T19:01:00Z,BTC,594,70,4,0.16,0.1625,0.17,0.0132,0.2795,64675.96,0
2026-08-17T19:01:00Z,ETH,468,40,2,0.11,0.115,0.12,0.0065,0.4129,1914.08,0
2026-08-17T19:02:00Z,BTC,594,70,4,0.155,0.1625,0.17,0.0131,0.2796,64643.17,0
2026-08-17T19:02:00Z,ETH,468,40,2,0.1,0.105,0.11,0.0065,0.4129,1913.7,0
2026-08-17T19:03:00Z,BTC,594,70,4,0.155,0.1625,0.17,0.0131,0.2795,64618.41,0
2026-08-17T19:03:00Z,ETH,468,40,2,0.105,0.1075,0.11,0.0065,0.4129,1913.89,0
2026-08-17T19:04:00Z,BTC,594,70,4,0.155,0.165,0.18,0.0131,0.2795,64637.18,0
2026-08-17T19:04:00Z,ETH,468,40,2,0.11,0.115,0.12,0.0065,0.4129,1913.93,0
2026-08-17T19:05:00Z,BTC,594,70,4,0.155,0.1625,0.17,0.0131,0.2796,64652.33,0
2026-08-17T19:05:00Z,ETH,468,40,2,0.11,0.115,0.12,0.0065,0.4129,1914.07,0
2026-08-17T19:06:00Z,BTC,594,70,4,0.155,0.165,0.18,0.0131,0.2785,64671.42,0
2026-08-17T19:06:00Z,ETH,468,40,2,0.11,0.115,0.12,0.0065,0.4129,1914.37,0
2026-08-17T19:07:00Z,BTC,594,70,4,0.155,0.1625,0.17,0.0131,0.2794,64667.98,0
2026-08-17T19:07:00Z,ETH,468,40,2,0.11,0.115,0.12,0.0065,0.4129,1914.57,0
2026-08-17T19:08:00Z,BTC,594,70,4,0.16,0.165,0.18,0.0131,0.2796,64707.31,0
2026-08-17T19:08:00Z,ETH,468,40,2,0.105,0.1075,0.11,0.0065,0.4129,1915.96,0
2026-08-17T19:09:00Z,BTC,594,70,4,0.155,0.165,0.18,0.0131,0.2797,64692.22,0
2026-08-17T19:09:00Z,ETH,468,40,2,0.105,0.1125,0.12,0.0065,0.4129,1915.51,0
2026-08-17T19:10:00Z,BTC,594,70,4,0.16,0.1625,0.17,0.0131,0.2796,64656.81,0
2026-08-17T19:10:00Z,ETH,468,40,2,0.1,0.105,0.11,0.0065,0.4129,1914.48,0
2026-08-17T19:11:00Z,BTC,594,70,4,0.155,0.165,0.18,0.0131,0.2799,64664.49,0
2026-08-17T19:11:00Z,ETH,468,40,2,0.105,0.1075,0.11,0.0065,0.4129,1914.46,0
2026-08-17T19:12:00Z,BTC,594,70,4,0.16,0.1625,0.17,0.0131,0.2794,64670.43,0
2026-08-17T19:12:00Z,ETH,468,40,2,0.105,0.1075,0.11,0.0065,0.4129,1914.29,0
2026-08-17T19:13:00Z,BTC,594,70,4,0.16,0.1625,0.17,0.0131,0.2795,64647.1,0
2026-08-17T19:13:00Z,ETH,468,40,2,0.1,0.105,0.11,0.0065,0.4129,1913.28,0
2026-08-17T19:14:00Z,BTC,594,70,4,0.155,0.1625,0.17,0.0131,0.2802,64624.93,0
2026-08-17T19:14:00Z,ETH,468,40,2,0.105,0.1075,0.11,0.0065,0.4129,1912.68,0
2026-08-17T19:15:00Z,BTC,594,70,4,0.155,0.1625,0.17,0.0131,0.28,64663.3,0
2026-08-17T19:15:00Z,ETH,468,40,2,0.105,0.1125,0.12,0.0065,0.4129,1913.58,0
2026-08-17T19:16:00Z,BTC,594,70,4,0.16,0.165,0.18,0.0131,0.28,64662.81,0
2026-08-17T19:16:00Z,ETH,468,40,2,0.105,0.1125,0.12,0.0065,0.4129,1913.74,0
2026-08-17T19:17:00Z,BTC,594,70,4,0.16,0.1625,0.17,0.0131,0.2797,64671.69,0
2026-08-17T19:17:00Z,ETH,468,40,2,0.1,0.105,0.11,0.0065,0.4129,1914.32,0
2026-08-17T19:18:00Z,BTC,594,70,4,0.15,0.1575,0.18,0.013,0.279,64661.97,0
2026-08-17T19:18:00Z,ETH,468,40,2,0.11,0.115,0.12,0.0065,0.4129,1913.62,0
2026-08-17T19:19:00Z,BTC,594,70,4,0.155,0.1625,0.17,0.013,0.2799,64631.18,0
2026-08-17T19:19:00Z,ETH,468,40,2,0.105,0.1125,0.12,0.0065,0.4129,1912.78,0
2026-08-17T19:20:00Z,BTC,594,70,4,0.155,0.165,0.18,0.013,0.28,64655.04,0
2026-08-17T19:20:00Z,ETH,468,40,2,0.105,0.1075,0.11,0.0065,0.4129,1913.01,0
2026-08-17T19:21:00Z,BTC,594,70,4,0.155,0.165,0.18,0.013,0.2799,64648.97,0
2026-08-17T19:21:00Z,ETH,468,40,2,0.105,0.1125,0.12,0.0065,0.4129,1913.23,0
2026-08-17T19:22:00Z,BTC,594,70,4,0.155,0.1625,0.17,0.013,0.2802,64654.46,0
2026-08-17T19:22:00Z,ETH,468,40,2,0.105,0.1075,0.11,0.0065,0.4129,1913.28,0
2026-08-17T19:23:00Z,BTC,594,70,4,0.16,0.165,0.18,0.013,0.2797,64671.43,0
2026-08-17T19:23:00Z,ETH,468,40,2,0.105,0.1075,0.11,0.0066,0.4129,1914.43,0
2026-08-17T19:24:00Z,BTC,594,70,4,0.16,0.1625,0.17,0.013,0.2801,64663.47,0
2026-08-17T19:24:00Z,ETH,468,40,2,0.11,0.115,0.12,0.0066,0.4129,1914.03,0
2026-08-17T19:25:00Z,BTC,594,70,4,0.155,0.165,0.18,0.0131,0.2793,64681.44,0
2026-08-17T19:25:00Z,ETH,468,40,2,0.105,0.1075,0.11,0.0065,0.4129,1914.83,0
2026-08-17T19:26:00Z,BTC,594,70,4,0.155,0.165,0.18,0.0131,0.2796,64709.13,0
2026-08-17T19:26:00Z,ETH,468,40,2,0.11,0.115,0.12,0.0065,0.4129,1915.74,0
2026-08-17T19:27:00Z,BTC,594,70,4,0.16,0.165,0.18,0.0131,0.2795,64703.56,0
2026-08-17T19:27:00Z,ETH,468,40,2,0.11,0.115,0.12,0.0065,0.4129,1915.97,0
2026-08-17T19:28:00Z,BTC,594,70,4,0.16,0.1625,0.17,0.0131,0.2801,64719.96,0
2026-08-17T19:28:00Z,ETH,468,40,2,0.105,0.1125,0.12,0.0065,0.4129,1916.46,0
2026-08-17T19:29:00Z,BTC,594,70,4,0.16,0.165,0.18,0.0131,0.2787,64705.5,0
2026-08-17T19:29:00Z,ETH,468,40,2,0.11,0.115,0.12,0.0065,0.4129,1915.92,0
2026-08-17T19:30:00Z,BTC,594,70,4,0.16,0.165,0.18,0.0132,0.2795,64685.45,0
2026-08-17T19:30:00Z,ETH,468,40,2,0.15,0.17,0.19,0.0093,0.4129,1915.32,0
2026-08-17T19:31:00Z,BTC,594,70,4,0.155,0.165,0.18,0.0132,0.2794,64692.85,0
2026-08-17T19:31:00Z,ETH,468,40,2,0.155,0.1775,0.2,0.0093,0.4129,1915.16,0
2026-08-17T19:32:00Z,BTC,594,70,4,0.16,0.165,0.18,0.0131,0.2794,64661.63,0
2026-08-17T19:32:00Z,ETH,468,40,2,0.11,0.115,0.12,0.0065,0.4129,1914.33,0
2026-08-17T19:33:00Z,BTC,594,70,4,0.155,0.1625,0.17,0.013,0.2792,64643.5,0
2026-08-17T19:33:00Z,ETH,468,40,2,0.11,0.115,0.12,0.0065,0.4129,1913.9,0
2026-08-17T19:34:00Z,BTC,594,70,4,0.165,0.1725,0.18,0.0131,0.2795,64644.12,0
2026-08-17T19:34:00Z,ETH,468,40,2,0.105,0.1125,0.12,0.0065,0.4129,1913.87,0
2026-08-17T19:35:00Z,BTC,594,70,4,0.155,0.165,0.18,0.0131,0.2799,64636.43,0
2026-08-17T19:35:00Z,ETH,468,40,2,0.1,0.105,0.11,0.0065,0.4129,1913.66,0
2026-08-17T19:36:00Z,BTC,594,70,4,0.16,0.165,0.18,0.0131,0.28,64648.2,0
2026-08-17T19:36:00Z,ETH,468,40,2,0.105,0.1075,0.11,0.0065,0.4129,1914.92,0
2026-08-17T19:37:00Z,BTC,594,70,4,0.155,0.1625,0.17,0.0131,0.2788,64657.23,0
2026-08-17T19:37:00Z,ETH,468,40,2,0.11,0.115,0.12,0.0065,0.4129,1915.25,0
2026-08-17T19:38:00Z,BTC,594,70,4,0.155,0.165,0.18,0.0131,0.2789,64684.25,0
2026-08-17T19:38:00Z,ETH,468,40,2,0.11,0.115,0.12,0.0065,0.4129,1916.13,0
2026-08-17T19:39:00Z,BTC,594,70,4,0.15,0.1575,0.18,0.0131,0.2792,64694.34,0
2026-08-17T19:39:00Z,ETH,468,40,2,0.105,0.1125,0.12,0.0065,0.4129,1916.41,0
2026-08-17T19:40:00Z,BTC,594,70,4,0.16,0.165,0.18,0.0131,0.2797,64712.58,0
2026-08-17T19:40:00Z,ETH,468,40,2,0.11,0.115,0.12,0.0065,0.4129,1916.88,0
2026-08-17T19:41:00Z,BTC,594,70,4,0.16,0.1625,0.17,0.0131,0.2804,64695.64,0
2026-08-17T19:41:00Z,ETH,468,40,2,0.105,0.1125,0.12,0.0065,0.4129,1916.32,0
2026-08-17T19:42:00Z,BTC,594,70,4,0.155,0.1625,0.17,0.0131,0.2805,64708.85,0
2026-08-17T19:42:00Z,ETH,468,40,2,0.105,0.1125,0.12,0.0065,0.4129,1916.57,0
2026-08-17T19:43:00Z,BTC,594,70,4,0.16,0.165,0.18,0.0131,0.2808,64686.0,0
2026-08-17T19:43:00Z,ETH,468,40,2,0.11,0.115,0.12,0.0065,0.4129,1915.84,0
2026-08-17T19:44:00Z,BTC,594,70,4,0.155,0.1625,0.17,0.0131,0.2797,64666.52,0
2026-08-17T19:44:00Z,ETH,468,40,2,0.1,0.105,0.11,0.0065,0.4129,1915.52,0
2026-08-17T19:45:00Z,BTC,594,70,4,0.16,0.1625,0.17,0.013,0.2801,64667.6,0
2026-08-17T19:45:00Z,ETH,468,40,2,0.105,0.1075,0.11,0.0065,0.4129,1915.5,0
2026-08-17T19:46:00Z,BTC,594,70,4,0.16,0.165,0.18,0.0131,0.2805,64660.05,0
2026-08-17T19:46:00Z,ETH,468,40,2,0.1,0.105,0.11,0.0066,0.4129,1915.3,0
2026-08-17T19:47:00Z,BTC,594,70,4,0.155,0.1625,0.17,0.0131,0.28,64653.63,0
2026-08-17T19:47:00Z,ETH,468,40,2,0.105,0.1125,0.12,0.0066,0.4129,1915.1,0
2026-08-17T19:48:00Z,BTC,594,70,4,0.155,0.1625,0.17,0.0131,0.2802,64648.64,0
2026-08-17T19:48:00Z,ETH,468,40,2,0.11,0.115,0.12,0.0065,0.4129,1915.05,0
2026-08-17T19:49:00Z,BTC,594,70,4,0.155,0.1625,0.17,0.0131,0.28,64652.9,0
2026-08-17T19:49:00Z,ETH,468,40,2,0.105,0.1075,0.11,0.0065,0.4129,1914.83,0
2026-08-17T19:50:00Z,BTC,594,70,4,0.16,0.165,0.18,0.0131,0.2803,64653.41,0
2026-08-17T19:50:00Z,ETH,468,40,2,0.11,0.115,0.12,0.0065,0.4129,1914.66,0
2026-08-17T19:51:00Z,BTC,594,70,4,0.16,0.1625,0.17,0.0131,0.2806,64640.56,0
2026-08-17T19:51:00Z,ETH,468,40,2,0.11,0.115,0.12,0.0065,0.4129,1914.22,0
2026-08-17T19:52:00Z,BTC,594,70,4,0.16,0.1625,0.17,0.0131,0.2809,64622.43,0
2026-08-17T19:52:00Z,ETH,468,40,2,0.1,0.105,0.11,0.0066,0.4129,1914.18,0
2026-08-17T19:53:00Z,BTC,594,70,4,0.16,0.165,0.18,0.0131,0.2796,64609.55,0
2026-08-17T19:53:00Z,ETH,468,40,2,0.105,0.1125,0.12,0.0065,0.4129,1913.94,0
2026-08-17T19:54:00Z,BTC,594,70,4,0.16,0.1725,0.18,0.0131,0.2797,64604.2,0
2026-08-17T19:54:00Z,ETH,468,40,2,0.105,0.1075,0.11,0.0066,0.4129,1913.99,0
2026-08-17T19:55:00Z,BTC,594,70,4,0.155,0.1625,0.17,0.0131,0.2799,64602.37,0
2026-08-17T19:55:00Z,ETH,468,40,2,0.1,0.105,0.11,0.0065,0.4129,1914.05,0
2026-08-17T19:56:00Z,BTC,594,70,5,0.17,0.17,0.2,0.0144,0.2812,64577.58,0
2026-08-17T19:56:00Z,ETH,468,40,2,0.11,0.115,0.12,0.0065,0.4129,1913.53,0
2026-08-17T19:57:00Z,BTC,594,70,5,0.17,0.18,0.2,0.0144,0.2798,64588.95,0
2026-08-17T19:57:00Z,ETH,468,40,2,0.11,0.115,0.12,0.0065,0.4129,1913.81,0
2026-08-17T19:58:00Z,BTC,594,70,5,0.16,0.17,0.2,0.0146,0.2792,64613.72,0
2026-08-17T19:58:00Z,ETH,468,40,2,0.105,0.1075,0.11,0.0066,0.4129,1914.13,0
2026-08-17T19:59:00Z,BTC,594,70,5,0.16,0.17,0.2,0.0146,0.2789,64614.92,0
2026-08-17T19:59:00Z,ETH,468,40,2,0.1,0.105,0.11,0.0065,0.4129,1913.23,0
2026-08-17T20:00:00Z,BTC,594,70,5,0.16,0.17,0.19,0.0144,0.2796,64574.09,0
2026-08-17T20:00:00Z,ETH,468,40,2,0.11,0.115,0.12,0.0065,0.4129,1912.92,0
2026-08-17T20:01:00Z,BTC,594,70,5,0.16,0.17,0.2,0.0144,0.2802,64574.33,0
2026-08-17T20:01:00Z,ETH,468,40,2,0.11,0.115,0.12,0.0065,0.4129,1912.97,0
2026-08-17T20:02:00Z,BTC,594,70,5,0.16,0.17,0.19,0.0144,0.2798,64575.74,0
2026-08-17T20:02:00Z,ETH,468,40,2,0.105,0.1125,0.12,0.0065,0.4129,1912.81,0
2026-08-17T20:03:00Z,BTC,594,70,5,0.17,0.17,0.19,0.0144,0.2809,64580.91,0
2026-08-17T20:03:00Z,ETH,468,40,2,0.105,0.1075,0.11,0.0065,0.4129,1912.02,0
2026-08-17T20:04:00Z,BTC,594,70,5,0.16,0.18,0.19,0.0144,0.279,64600.16,0
2026-08-17T20:04:00Z,ETH,468,40,2,0.105,0.1125,0.12,0.0066,0.4129,1912.52,0
2026-08-17T20:05:00Z,BTC,594,70,5,0.16,0.17,0.19,0.0144,0.2795,64578.85,0
2026-08-17T20:05:00Z,ETH,468,40,2,0.105,0.1125,0.12,0.0065,0.4129,1912.05,0
2026-08-17T20:06:00Z,BTC,594,70,5,0.16,0.18,0.19,0.0144,0.2799,64571.9,0
2026-08-17T20:06:00Z,ETH,468,40,2,0.105,0.1075,0.11,0.0065,0.4129,1912.0,0
2026-08-17T20:07:00Z,BTC,594,70,5,0.16,0.17,0.19,0.0144,0.2811,64563.75,0
2026-08-17T20:07:00Z,ETH,468,40,2,0.105,0.1075,0.11,0.0065,0.4129,1911.88,0
2026-08-17T20:08:00Z,BTC,594,70,5,0.16,0.17,0.19,0.0144,0.2802,64570.51,0
2026-08-17T20:08:00Z,ETH,468,40,2,0.11,0.115,0.12,0.0065,0.4129,1911.99,0
2026-08-17T20:09:00Z,BTC,594,70,5,0.16,0.17,0.19,0.0146,0.2788,64589.31,0
2026-08-17T20:09:00Z,ETH,468,40,2,0.105,0.1075,0.11,0.0065,0.4129,1912.49,0
2026-08-17T20:10:00Z,BTC,594,70,5,0.16,0.17,0.2,0.0146,0.2783,64591.45,0
2026-08-17T20:10:00Z,ETH,468,40,2,0.105,0.1075,0.11,0.0065,0.4129,1912.31,0
2026-08-17T20:11:00Z,BTC,594,70,4,0.155,0.1625,0.17,0.0131,0.2782,64593.3,0
2026-08-17T20:11:00Z,ETH,468,40,2,0.105,0.1075,0.11,0.0065,0.4129,1912.2,0
2026-08-17T20:12:00Z,BTC,594,70,5,0.16,0.17,0.2,0.0146,0.2783,64600.18,0
2026-08-17T20:12:00Z,ETH,468,40,2,0.105,0.1075,0.11,0.0065,0.4129,1912.41,0
2026-08-17T20:13:00Z,BTC,594,70,5,0.16,0.17,0.2,0.0146,0.2787,64598.13,0
2026-08-17T20:13:00Z,ETH,468,40,2,0.105,0.1075,0.11,0.0065,0.4129,1912.63,0
2026-08-17T20:14:00Z,BTC,594,70,4,0.16,0.1625,0.17,0.0131,0.279,64602.77,0
2026-08-17T20:14:00Z,ETH,468,40,2,0.105,0.1075,0.11,0.0065,0.4129,1912.55,0
2026-08-17T20:15:00Z,BTC,594,70,4,0.16,0.1625,0.17,0.0131,0.2802,64591.98,0
2026-08-17T20:15:00Z,ETH,468,40,2,0.11,0.115,0.12,0.0065,0.4129,1912.04,0
2026-08-17T20:16:00Z,BTC,594,70,4,0.155,0.1625,0.17,0.0131,0.2793,64601.41,0
2026-08-17T20:16:00Z,ETH,468,40,2,0.11,0.115,0.12,0.0065,0.4129,1912.25,0
2026-08-17T20:17:00Z,BTC,594,70,4,0.155,0.1625,0.17,0.0131,0.2786,64598.82,0
2026-08-17T20:17:00Z,ETH,468,40,2,0.11,0.115,0.12,0.0065,0.4129,1912.08,0
2026-08-17T20:18:00Z,BTC,594,70,4,0.155,0.1625,0.17,0.0131,0.2785,64600.38,0
2026-08-17T20:18:00Z,ETH,468,40,2,0.11,0.115,0.12,0.0065,0.4129,1911.93,0
2026-08-17T20:19:00Z,BTC,594,70,4,0.16,0.1725,0.18,0.0131,0.2785,64598.66,0
2026-08-17T20:19:00Z,ETH,468,40,2,0.11,0.115,0.12,0.0065,0.4129,1910.91,0
2026-08-17T20:20:00Z,BTC,594,70,4,0.155,0.1625,0.17,0.0133,0.2793,64622.17,0
2026-08-17T20:20:00Z,ETH,468,40,2,0.105,0.1125,0.12,0.0065,0.4129,1912.49,0
2026-08-17T20:21:00Z,BTC,594,70,4,0.16,0.1625,0.17,0.0133,0.2794,64628.85,0
2026-08-17T20:21:00Z,ETH,468,40,2,0.11,0.115,0.12,0.0065,0.4129,1912.43,0
2026-08-17T20:22:00Z,BTC,594,70,4,0.16,0.165,0.18,0.0133,0.28,64623.74,0
2026-08-17T20:22:00Z,ETH,468,40,2,0.105,0.1075,0.11,0.0065,0.4129,1911.68,0
2026-08-17T20:23:00Z,BTC,594,70,4,0.155,0.165,0.18,0.0133,0.2794,64622.46,0
2026-08-17T20:23:00Z,ETH,468,40,2,0.11,0.115,0.12,0.0065,0.4129,1911.78,0
2026-08-17T20:24:00Z,BTC,594,70,4,0.16,0.165,0.18,0.0132,0.2793,64660.57,0
2026-08-17T20:24:00Z,ETH,468,40,2,0.11,0.115,0.12,0.0065,0.4129,1913.35,0
2026-08-17T20:25:00Z,BTC,594,70,4,0.16,0.165,0.18,0.0132,0.2795,64655.79,0
2026-08-17T20:25:00Z,ETH,468,40,2,0.11,0.115,0.12,0.0066,0.4129,1912.94,0
2026-08-17T20:26:00Z,BTC,594,70,4,0.155,0.1625,0.17,0.0132,0.2789,64659.77,0
2026-08-17T20:26:00Z,ETH,468,40,2,0.155,0.1725,0.19,0.0094,0.4129,1913.31,0
2026-08-17T20:27:00Z,BTC,594,70,4,0.16,0.165,0.18,0.0132,0.2791,64670.21,0
2026-08-17T20:27:00Z,ETH,468,40,2,0.105,0.1075,0.11,0.0066,0.4129,1914.09,0
2026-08-17T20:28:00Z,BTC,594,70,4,0.16,0.1625,0.17,0.0132,0.2793,64715.35,0
2026-08-17T20:28:00Z,ETH,468,40,2,0.105,0.1075,0.11,0.0066,0.4129,1914.83,0
2026-08-17T20:29:00Z,BTC,594,70,4,0.155,0.165,0.18,0.0132,0.2792,64712.98,0
2026-08-17T20:29:00Z,ETH,468,40,2,0.11,0.115,0.12,0.0066,0.4129,1914.82,0
2026-08-17T20:30:00Z,BTC,594,70,4,0.16,0.165,0.18,0.0133,0.2791,64695.86,0
2026-08-17T20:30:00Z,ETH,468,40,2,0.11,0.115,0.12,0.0066,0.4129,1914.88,0
2026-08-17T20:31:00Z,BTC,594,70,4,0.155,0.1625,0.17,0.0132,0.2787,64657.98,0
2026-08-17T20:31:00Z,ETH,468,40,2,0.105,0.1075,0.11,0.0066,0.4129,1913.91,0
2026-08-17T20:32:00Z,BTC,594,70,4,0.155,0.1625,0.17,0.0133,0.2796,64653.43,0
2026-08-17T20:32:00Z,ETH,468,40,2,0.11,0.115,0.12,0.0066,0.4129,1913.79,0
2026-08-17T20:33:00Z,BTC,594,70,4,0.155,0.165,0.18,0.0133,0.2799,64654.88,0
2026-08-17T20:33:00Z,ETH,468,40,2,0.11,0.115,0.12,0.0066,0.4129,1913.54,0
2026-08-17T20:34:00Z,BTC,594,70,4,0.155,0.165,0.18,0.0132,0.2798,64663.54,0
2026-08-17T20:34:00Z,ETH,468,40,2,0.105,0.1075,0.11,0.0066,0.4129,1913.86,0
2026-08-17T20:35:00Z,BTC,594,70,4,0.155,0.165,0.18,0.0132,0.2792,64655.86,0
2026-08-17T20:35:00Z,ETH,468,40,2,0.105,0.1125,0.12,0.0065,0.4129,1913.95,0
2026-08-17T20:36:00Z,BTC,594,70,4,0.155,0.165,0.18,0.0133,0.2796,64677.94,0
2026-08-17T20:36:00Z,ETH,468,40,2,0.155,0.1725,0.19,0.0094,0.4129,1914.46,0
2026-08-17T20:37:00Z,BTC,594,70,4,0.17,0.215,0.32,0.0148,0.2792,64664.98,0
2026-08-17T20:37:00Z,ETH,468,40,2,0.105,0.1075,0.11,0.0066,0.4129,1913.39,0
2026-08-17T20:38:00Z,BTC,594,70,4,0.16,0.1625,0.17,0.0133,0.2789,64672.89,0
2026-08-17T20:38:00Z,ETH,468,40,2,0.11,0.115,0.12,0.0065,0.4129,1914.08,0
2026-08-17T20:39:00Z,BTC,594,70,4,0.16,0.165,0.18,0.0132,0.2787,64662.47,0
2026-08-17T20:39:00Z,ETH,468,40,2,0.105,0.1125,0.12,0.0066,0.4129,1913.69,0
2026-08-17T20:40:00Z,BTC,594,70,4,0.155,0.165,0.18,0.0132,0.2796,64676.66,0
2026-08-17T20:40:00Z,ETH,468,40,2,0.11,0.115,0.12,0.0066,0.4129,1914.78,0
2026-08-17T20:41:00Z,BTC,594,70,4,0.16,0.165,0.18,0.0133,0.2795,64683.97,0
2026-08-17T20:41:00Z,ETH,468,40,2,0.11,0.115,0.12,0.0066,0.4129,1915.08,0
2026-08-17T20:42:00Z,BTC,594,70,4,0.16,0.165,0.18,0.0133,0.2789,64694.53,0
2026-08-17T20:42:00Z,ETH,468,40,2,0.11,0.115,0.12,0.0066,0.4129,1915.67,0
2026-08-17T20:43:00Z,BTC,594,70,4,0.155,0.165,0.18,0.0132,0.2795,64691.83,0
2026-08-17T20:43:00Z,ETH,468,40,2,0.105,0.1125,0.12,0.0066,0.4129,1916.27,0
2026-08-17T20:44:00Z,BTC,594,70,4,0.16,0.165,0.18,0.0132,0.2791,64686.85,0
2026-08-17T20:44:00Z,ETH,468,40,2,0.105,0.1125,0.12,0.0066,0.4129,1916.61,0
2026-08-17T20:45:00Z,BTC,594,70,4,0.16,0.165,0.18,0.0133,0.2795,64676.41,0
2026-08-17T20:45:00Z,ETH,468,40,2,0.11,0.115,0.12,0.0066,0.4129,1916.5,0
2026-08-17T20:46:00Z,BTC,594,70,4,0.155,0.165,0.18,0.0132,0.2798,64665.79,0
2026-08-17T20:46:00Z,ETH,468,40,2,0.155,0.1725,0.19,0.0094,0.4129,1914.91,0
2026-08-17T20:47:00Z,BTC,594,70,4,0.16,0.1625,0.17,0.0133,0.28,64673.37,0
2026-08-17T20:47:00Z,ETH,468,40,2,0.1,0.105,0.11,0.0066,0.4129,1914.53,0
2026-08-17T20:48:00Z,BTC,594,70,4,0.16,0.165,0.18,0.0133,0.2795,64678.18,0
2026-08-17T20:48:00Z,ETH,468,40,2,0.105,0.1075,0.11,0.0066,0.4129,1914.57,0
2026-08-17T20:49:00Z,BTC,594,70,4,0.165,0.1725,0.18,0.0132,0.2793,64648.79,0
2026-08-17T20:49:00Z,ETH,468,40,2,0.1,0.105,0.11,0.0065,0.4129,1913.78,0
2026-08-17T20:50:00Z,BTC,594,70,4,0.155,0.165,0.18,0.0133,0.2797,64629.32,0
2026-08-17T20:50:00Z,ETH,468,40,2,0.105,0.1125,0.12,0.0065,0.4129,1912.65,0
2026-08-17T20:51:00Z,BTC,594,70,4,0.16,0.165,0.18,0.0133,0.28,64627.71,0
2026-08-17T20:51:00Z,ETH,468,40,2,0.11,0.115,0.12,0.0065,0.4129,1912.03,0
2026-08-17T20:52:00Z,BTC,594,70,4,0.16,0.1625,0.17,0.0133,0.2795,64642.62,0
2026-08-17T20:52:00Z,ETH,468,40,2,0.105,0.1125,0.12,0.0065,0.4129,1912.19,0
2026-08-17T20:53:00Z,BTC,594,70,4,0.155,0.1625,0.17,0.0133,0.2796,64668.81,0
2026-08-17T20:53:00Z,ETH,468,40,2,0.11,0.115,0.12,0.0065,0.4129,1912.5,0
2026-08-17T20:54:00Z,BTC,594,70,4,0.16,0.1625,0.17,0.0133,0.2798,64681.9,0
2026-08-17T20:54:00Z,ETH,468,40,2,0.11,0.115,0.12,0.0065,0.4129,1912.1,0
2026-08-17T20:55:00Z,BTC,594,70,4,0.16,0.1625,0.17,0.0133,0.2799,64696.75,0
2026-08-17T20:55:00Z,ETH,468,40,2,0.105,0.1075,0.11,0.0065,0.4129,1912.53,0
2026-08-17T20:56:00Z,BTC,594,70,4,0.16,0.165,0.18,0.0133,0.28,64698.16,0
2026-08-17T20:56:00Z,ETH,468,40,2,0.11,0.115,0.12,0.0066,0.4129,1912.78,0
2026-08-17T20:57:00Z,BTC,594,70,4,0.155,0.165,0.18,0.0134,0.2795,64684.16,0
2026-08-17T20:57:00Z,ETH,468,40,2,0.105,0.1075,0.11,0.0066,0.4129,1912.41,0
2026-08-17T20:58:00Z,BTC,594,70,4,0.16,0.165,0.18,0.0134,0.2788,64691.8,0
2026-08-17T20:58:00Z,ETH,468,40,2,0.11,0.115,0.12,0.0066,0.4129,1912.65,0
2026-08-17T20:59:00Z,BTC,594,70,4,0.16,0.165,0.18,0.0134,0.2779,64687.88,0
2026-08-17T20:59:00Z,ETH,468,40,2,0.105,0.1075,0.11,0.0066,0.4129,1912.62,0
2026-08-17T21:00:00Z,BTC,594,70,4,0.155,0.165,0.18,0.0134,0.2779,64694.12,0
2026-08-17T21:00:00Z,ETH,468,40,2,0.11,0.115,0.12,0.0066,0.4129,1912.99,0
2026-08-17T21:01:00Z,BTC,594,70,4,0.16,0.165,0.18,0.0134,0.2776,64701.33,0
2026-08-17T21:01:00Z,ETH,468,40,2,0.1,0.105,0.11,0.0066,0.4129,1913.44,0
2026-08-17T21:02:00Z,BTC,594,70,4,0.155,0.1625,0.17,0.0134,0.2777,64705.6,0
2026-08-17T21:02:00Z,ETH,468,40,2,0.105,0.1125,0.12,0.0066,0.4129,1913.82,0
2026-08-17T21:03:00Z,BTC,594,70,4,0.16,0.165,0.18,0.0134,0.2781,64682.07,0
2026-08-17T21:03:00Z,ETH,468,40,2,0.105,0.1125,0.12,0.0066,0.4129,1912.87,0
2026-08-17T21:04:00Z,BTC,594,70,4,0.16,0.165,0.18,0.0134,0.2788,64704.13,0
2026-08-17T21:04:00Z,ETH,468,40,2,0.105,0.1075,0.11,0.0066,0.4129,1913.7,0
2026-08-17T21:05:00Z,BTC,594,70,4,0.16,0.165,0.18,0.0134,0.2781,64705.17,0
2026-08-17T21:05:00Z,ETH,468,40,2,0.11,0.115,0.12,0.0066,0.4129,1913.6,0
2026-08-17T21:06:00Z,BTC,594,70,4,0.155,0.1625,0.17,0.0134,0.2782,64705.27,0
2026-08-17T21:06:00Z,ETH,468,40,2,0.105,0.1075,0.11,0.0066,0.4129,1913.85,0
2026-08-17T21:07:00Z,BTC,594,70,4,0.155,0.165,0.18,0.0134,0.2782,64708.35,0
2026-08-17T21:07:00Z,ETH,468,40,2,0.1,0.105,0.11,0.0066,0.4129,1914.03,0
2026-08-17T21:08:00Z,BTC,594,70,4,0.16,0.1625,0.17,0.0134,0.2782,64709.81,0
2026-08-17T21:08:00Z,ETH,468,40,2,0.105,0.1125,0.12,0.0066,0.4129,1913.94,0
2026-08-17T21:09:00Z,BTC,594,70,4,0.16,0.165,0.18,0.0133,0.2787,64734.91,0
2026-08-17T21:09:00Z,ETH,468,40,2,0.105,0.1125,0.12,0.0066,0.4129,1914.62,0
2026-08-17T21:10:00Z,BTC,594,70,4,0.155,0.165,0.18,0.0133,0.2799,64736.31,0
2026-08-17T21:10:00Z,ETH,468,40,2,0.105,0.1125,0.12,0.0066,0.4129,1914.8,0
2026-08-17T21:11:00Z,BTC,594,70,4,0.155,0.1625,0.17,0.0133,0.278,64720.86,0
2026-08-17T21:11:00Z,ETH,468,40,2,0.105,0.1075,0.11,0.0066,0.4129,1914.26,0
2026-08-17T21:12:00Z,BTC,594,70,4,0.16,0.165,0.18,0.0134,0.2782,64700.91,0
2026-08-17T21:12:00Z,ETH,468,40,2,0.105,0.1075,0.11,0.0066,0.4129,1913.63,0
2026-08-17T21:13:00Z,BTC,594,70,4,0.16,0.165,0.18,0.0135,0.2775,64661.64,0
2026-08-17T21:13:00Z,ETH,468,40,2,0.11,0.115,0.12,0.0066,0.4129,1913.24,0
2026-08-17T21:14:00Z,BTC,594,70,4,0.155,0.1625,0.17,0.0135,0.2772,64669.93,0
2026-08-17T21:14:00Z,ETH,468,40,2,0.11,0.115,0.12,0.0066,0.4129,1914.16,0
2026-08-17T21:15:00Z,BTC,594,70,4,0.16,0.165,0.18,0.0135,0.2777,64688.29,0
2026-08-17T21:15:00Z,ETH,468,40,2,0.11,0.115,0.12,0.0066,0.4129,1914.15,0
2026-08-17T21:16:00Z,BTC,594,70,4,0.155,0.165,0.18,0.0134,0.2772,64709.18,0
2026-08-17T21:16:00Z,ETH,468,40,2,0.11,0.115,0.12,0.0066,0.4129,1914.41,0
2026-08-17T21:17:00Z,BTC,594,70,4,0.16,0.165,0.18,0.0134,0.2783,64681.41,0
2026-08-17T21:17:00Z,ETH,468,40,2,0.105,0.1075,0.11,0.0066,0.4129,1913.37,0
2026-08-17T21:18:00Z,BTC,594,70,4,0.16,0.165,0.18,0.0134,0.2783,64671.58,0
2026-08-17T21:18:00Z,ETH,468,40,2,0.105,0.1075,0.11,0.0066,0.4129,1913.24,0
2026-08-17T21:19:00Z,BTC,594,70,4,0.16,0.165,0.18,0.0134,0.278,64674.0,0
2026-08-17T21:19:00Z,ETH,468,40,2,0.11,0.115,0.12,0.0066,0.4129,1913.36,0
2026-08-17T21:20:00Z,BTC,594,70,4,0.16,0.165,0.18,0.0135,0.2776,64677.62,0
2026-08-17T21:20:00Z,ETH,468,40,2,0.105,0.1075,0.11,0.0066,0.4129,1913.46,0
2026-08-17T21:21:00Z,BTC,594,70,4,0.16,0.1725,0.18,0.0135,0.2778,64675.34,0
2026-08-17T21:21:00Z,ETH,468,40,2,0.11,0.115,0.12,0.0066,0.4129,1913.28,0
2026-08-17T21:22:00Z,BTC,594,70,4,0.155,0.165,0.18,0.0135,0.2786,64672.29,0
2026-08-17T21:22:00Z,ETH,468,40,2,0.11,0.115,0.12,0.0066,0.4129,1913.29,0
2026-08-17T21:23:00Z,BTC,594,70,4,0.155,0.1625,0.17,0.0135,0.2786,64652.63,0
2026-08-17T21:23:00Z,ETH,468,40,2,0.11,0.115,0.12,0.0066,0.4129,1912.56,0
2026-08-17T21:24:00Z,BTC,594,70,4,0.155,0.165,0.18,0.0135,0.2786,64638.13,0
2026-08-17T21:24:00Z,ETH,468,40,2,0.105,0.1075,0.11,0.0066,0.4129,1912.38,0
2026-08-17T21:25:00Z,BTC,594,70,4,0.155,0.1625,0.17,0.0135,0.2786,64626.59,0
2026-08-17T21:25:00Z,ETH,468,40,2,0.105,0.1075,0.11,0.0066,0.4129,1912.21,0
2026-08-17T21:26:00Z,BTC,594,70,4,0.16,0.1625,0.17,0.0135,0.2792,64631.15,0
2026-08-17T21:26:00Z,ETH,468,40,2,0.105,0.1075,0.11,0.0066,0.4129,1912.29,0
2026-08-17T21:27:00Z,BTC,594,70,4,0.165,0.1725,0.18,0.0134,0.2792,64631.5,0
2026-08-17T21:27:00Z,ETH,468,40,2,0.105,0.1075,0.11,0.0066,0.4129,1912.24,0
2026-08-17T21:28:00Z,BTC,594,70,4,0.16,0.1625,0.17,0.0134,0.2793,64630.19,0
2026-08-17T21:28:00Z,ETH,468,40,2,0.11,0.115,0.12,0.0066,0.4129,1912.24,0
2026-08-17T21:29:00Z,BTC,594,70,4,0.16,0.165,0.18,0.0134,0.2793,64628.02,0
2026-08-17T21:29:00Z,ETH,468,40,2,0.105,0.1075,0.11,0.0066,0.4129,1912.12,0
2026-08-17T21:30:00Z,BTC,594,70,4,0.155,0.165,0.18,0.0135,0.2794,64644.9,0
2026-08-17T21:30:00Z,ETH,468,40,2,0.11,0.115,0.12,0.0066,0.4129,1912.95,0
2026-08-17T21:31:00Z,BTC,594,70,4,0.165,0.17,0.17,0.0133,0.2778,64637.59,0
2026-08-17T21:31:00Z,ETH,468,40,2,0.11,0.115,0.12,0.0066,0.4129,1913.35,0
2026-08-17T21:32:00Z,BTC,594,70,4,0.16,0.1625,0.17,0.0134,0.2788,64639.9,0
2026-08-17T21:32:00Z,ETH,468,40,2,0.105,0.1075,0.11,0.0066,0.4129,1913.71,0
2026-08-17T21:33:00Z,BTC,594,70,4,0.16,0.1625,0.17,0.0134,0.2784,64645.72,0
2026-08-17T21:33:00Z,ETH,468,40,2,0.105,0.1075,0.11,0.0066,0.4129,1913.33,0
2026-08-17T21:34:00Z,BTC,594,70,4,0.16,0.17,0.17,0.0134,0.2783,64645.49,0
2026-08-17T21:34:00Z,ETH,468,40,2,0.105,0.1075,0.11,0.0066,0.4129,1913.12,0
2026-08-17T21:35:00Z,BTC,594,70,4,0.16,0.17,0.17,0.0134,0.2782,64644.0,0
2026-08-17T21:35:00Z,ETH,468,40,2,0.105,0.1075,0.11,0.0066,0.4129,1913.06,0
2026-08-17T21:36:00Z,BTC,594,70,4,0.165,0.1725,0.18,0.0133,0.2776,64602.37,0
2026-08-17T21:36:00Z,ETH,468,40,2,0.11,0.115,0.12,0.0066,0.4129,1912.2,0
2026-08-17T21:37:00Z,BTC,594,70,4,0.155,0.165,0.18,0.0133,0.2783,64620.27,0
2026-08-17T21:37:00Z,ETH,468,40,2,0.16,0.18,0.2,0.0095,0.4129,1912.77,0
2026-08-17T21:38:00Z,BTC,594,70,4,0.155,0.1625,0.17,0.0133,0.2774,64629.9,0
2026-08-17T21:38:00Z,ETH,468,40,2,0.1,0.105,0.11,0.0066,0.4129,1912.69,0
2026-08-17T21:39:00Z,BTC,594,70,4,0.165,0.17,0.17,0.0133,0.2777,64631.14,0
2026-08-17T21:39:00Z,ETH,468,40,2,0.11,0.115,0.12,0.0066,0.4129,1912.62,0
2026-08-17T21:40:00Z,BTC,594,70,4,0.165,0.1725,0.18,0.0133,0.2771,64629.22,0
2026-08-17T21:40:00Z,ETH,468,40,2,0.11,0.115,0.12,0.0066,0.4129,1912.19,0
2026-08-17T21:41:00Z,BTC,594,70,4,0.16,0.1625,0.17,0.0133,0.2767,64636.38,0
2026-08-17T21:41:00Z,ETH,468,40,2,0.105,0.1075,0.11,0.0066,0.4129,1912.36,0
2026-08-17T21:42:00Z,BTC,594,70,4,0.165,0.17,0.17,0.0134,0.2775,64645.39,0
2026-08-17T21:42:00Z,ETH,468,40,2,0.11,0.115,0.12,0.0066,0.4129,1912.8,0
2026-08-17T21:43:00Z,BTC,594,70,4,0.155,0.1625,0.17,0.0136,0.2777,64677.0,0
2026-08-17T21:43:00Z,ETH,468,40,2,0.105,0.1075,0.11,0.0066,0.4129,1912.98,0
2026-08-17T21:44:00Z,BTC,594,70,4,0.16,0.17,0.17,0.0135,0.2773,64635.62,0
2026-08-17T21:44:00Z,ETH,468,40,2,0.1,0.105,0.11,0.0066,0.4129,1912.28,0
2026-08-17T21:45:00Z,BTC,594,70,4,0.16,0.165,0.18,0.0135,0.2779,64629.74,0
2026-08-17T21:45:00Z,ETH,468,40,2,0.11,0.115,0.12,0.0066,0.4129,1912.0,0
2026-08-17T21:46:00Z,BTC,594,70,4,0.16,0.165,0.18,0.0135,0.2786,64670.57,0
2026-08-17T21:46:00Z,ETH,468,40,2,0.105,0.1075,0.11,0.0066,0.4129,1912.01,0
2026-08-17T21:47:00Z,BTC,594,70,4,0.16,0.165,0.18,0.0136,0.2785,64663.86,0
2026-08-17T21:47:00Z,ETH,468,40,2,0.105,0.1075,0.11,0.0066,0.4129,1912.39,0
2026-08-17T21:48:00Z,BTC,594,70,4,0.16,0.1625,0.17,0.0136,0.278,64659.4,0
2026-08-17T21:48:00Z,ETH,468,40,2,0.11,0.115,0.12,0.0066,0.4129,1912.25,0
2026-08-17T21:49:00Z,BTC,594,70,4,0.155,0.165,0.18,0.0136,0.2783,64660.69,0
2026-08-17T21:49:00Z,ETH,468,40,2,0.11,0.115,0.12,0.0066,0.4129,1912.23,0
2026-08-17T21:50:00Z,BTC,594,70,4,0.16,0.1625,0.17,0.0136,0.2774,64661.52,0
2026-08-17T21:50:00Z,ETH,468,40,2,0.105,0.1075,0.11,0.0066,0.4129,1912.7,0
2026-08-17T21:51:00Z,BTC,594,70,4,0.16,0.1625,0.17,0.0137,0.2774,64678.18,0
2026-08-17T21:51:00Z,ETH,468,40,2,0.105,0.1075,0.11,0.0066,0.4129,1912.99,0
2026-08-17T21:52:00Z,BTC,594,70,4,0.16,0.165,0.18,0.0137,0.2772,64686.32,0
2026-08-17T21:52:00Z,ETH,468,40,2,0.105,0.1075,0.11,0.0066,0.4129,1913.07,0
2026-08-17T21:53:00Z,BTC,594,70,4,0.16,0.165,0.18,0.0135,0.2765,64690.47,0
2026-08-17T21:53:00Z,ETH,468,40,2,0.105,0.1075,0.11,0.0066,0.4129,1912.95,0
2026-08-17T21:54:00Z,BTC,594,70,4,0.155,0.165,0.18,0.0135,0.2768,64663.25,0
2026-08-17T21:54:00Z,ETH,468,40,2,0.105,0.1075,0.11,0.0066,0.4129,1912.36,0
2026-08-17T21:55:00Z,BTC,594,70,4,0.155,0.165,0.18,0.0137,0.2773,64662.73,0
2026-08-17T21:55:00Z,ETH,468,40,2,0.11,0.115,0.12,0.0066,0.4129,1912.17,0
2026-08-17T21:56:00Z,BTC,594,70,4,0.155,0.165,0.18,0.0137,0.2772,64662.17,0
2026-08-17T21:56:00Z,ETH,468,40,2,0.105,0.1075,0.11,0.0066,0.4129,1912.44,0
2026-08-17T21:57:00Z,BTC,594,70,4,0.155,0.165,0.18,0.0135,0.2776,64689.9,0
2026-08-17T21:57:00Z,ETH,468,40,2,0.105,0.1075,0.11,0.0066,0.4129,1912.66,0
2026-08-17T21:58:00Z,BTC,594,70,4,0.16,0.165,0.18,0.0135,0.2774,64678.99,0
2026-08-17T21:58:00Z,ETH,468,40,2,0.105,0.1075,0.11,0.0066,0.4129,1912.07,0
2026-08-17T21:59:00Z,BTC,594,70,4,0.155,0.1625,0.17,0.0135,0.2776,64677.08,0
2026-08-17T21:59:00Z,ETH,468,40,2,0.11,0.115,0.12,0.0066,0.4129,1912.22,0
2026-08-17T22:00:00Z,BTC,594,70,4,0.165,0.1725,0.18,0.0135,0.2777,64693.96,0
2026-08-17T22:00:00Z,ETH,468,40,2,0.11,0.115,0.12,0.0066,0.4129,1912.7,0
2026-08-17T22:01:00Z,BTC,594,70,4,0.16,0.165,0.18,0.0135,0.2777,64694.62,0
2026-08-17T22:01:00Z,ETH,468,40,2,0.11,0.115,0.12,0.0066,0.4129,1912.76,0
2026-08-17T22:02:00Z,BTC,594,70,4,0.16,0.165,0.18,0.0135,0.2783,64693.03,0
2026-08-17T22:02:00Z,ETH,468,40,2,0.11,0.115,0.12,0.0066,0.4129,1912.87,0
2026-08-17T22:03:00Z,BTC,594,70,4,0.16,0.1625,0.17,0.0135,0.2782,64664.44,0
2026-08-17T22:03:00Z,ETH,468,40,2,0.105,0.1075,0.11,0.0066,0.4129,1912.51,0
2026-08-17T22:04:00Z,BTC,594,70,4,0.16,0.1625,0.17,0.0135,0.2781,64665.38,0
2026-08-17T22:04:00Z,ETH,468,40,2,0.105,0.1075,0.11,0.0066,0.4129,1912.63,0
2026-08-17T22:05:00Z,BTC,594,70,4,0.16,0.1625,0.17,0.0135,0.2781,64644.8,0
2026-08-17T22:05:00Z,ETH,468,40,2,0.11,0.115,0.12,0.0066,0.4129,1912.14,0
2026-08-17T22:06:00Z,BTC,594,70,4,0.16,0.165,0.18,0.0136,0.2777,64649.08,0
2026-08-17T22:06:00Z,ETH,468,40,2,0.11,0.115,0.12,0.0066,0.4129,1912.43,0
2026-08-17T22:07:00Z,BTC,594,70,4,0.155,0.1625,0.17,0.0136,0.2768,64647.32,0
2026-08-17T22:07:00Z,ETH,468,40,2,0.11,0.115,0.12,0.0066,0.4129,1912.35,0
2026-08-17T22:08:00Z,BTC,594,70,4,0.16,0.1725,0.18,0.0137,0.2765,64629.98,0
2026-08-17T22:08:00Z,ETH,468,40,2,0.11,0.115,0.12,0.0067,0.4129,1912.07,0
2026-08-17T22:09:00Z,BTC,594,70,4,0.155,0.1625,0.17,0.0136,0.2763,64622.68,0
2026-08-17T22:09:00Z,ETH,468,40,2,0.11,0.115,0.12,0.0066,0.4129,1911.61,0
2026-08-17T22:10:00Z,BTC,594,70,4,0.16,0.165,0.18,0.0137,0.2761,64622.74,0
2026-08-17T22:10:00Z,ETH,468,40,2,0.105,0.1075,0.11,0.0066,0.4129,1911.55,0
2026-08-17T22:11:00Z,BTC,594,70,4,0.16,0.165,0.18,0.0137,0.2757,64614.43,0
2026-08-17T22:11:00Z,ETH,468,40,2,0.11,0.115,0.12,0.0066,0.4129,1911.17,0
2026-08-17T22:12:00Z,BTC,594,70,4,0.16,0.1625,0.17,0.0137,0.2755,64614.94,0
2026-08-17T22:12:00Z,ETH,468,40,2,0.105,0.1075,0.11,0.0066,0.4129,1911.16,0
2026-08-17T22:13:00Z,BTC,594,70,4,0.16,0.17,0.17,0.0136,0.275,64605.18,0
2026-08-17T22:13:00Z,ETH,468,40,2,0.11,0.115,0.12,0.0066,0.4129,1911.14,0
2026-08-17T22:14:00Z,BTC,594,70,4,0.16,0.165,0.18,0.0136,0.275,64606.7,0
2026-08-17T22:14:00Z,ETH,468,40,2,0.105,0.1075,0.11,0.0066,0.4129,1911.09,0
2026-08-17T22:15:00Z,BTC,594,70,4,0.165,0.1725,0.18,0.0136,0.2752,64608.19,0
2026-08-17T22:15:00Z,ETH,468,40,2,0.11,0.115,0.12,0.0066,0.4129,1911.09,0
2026-08-17T22:16:00Z,BTC,594,70,5,0.16,0.17,0.17,0.012,0.2752,64603.8,0
2026-08-17T22:16:00Z,ETH,468,40,2,0.105,0.1075,0.11,0.0066,0.4129,1910.7,0
2026-08-17T22:17:00Z,BTC,594,70,5,0.16,0.16,0.18,0.012,0.2747,64604.02,0
2026-08-17T22:17:00Z,ETH,468,40,2,0.105,0.1075,0.11,0.0066,0.4129,1910.49,0
2026-08-17T22:18:00Z,BTC,594,70,5,0.16,0.16,0.18,0.012,0.2757,64598.53,0
2026-08-17T22:18:00Z,ETH,468,40,2,0.105,0.1075,0.11,0.0066,0.4129,1910.33,0
2026-08-17T22:19:00Z,BTC,594,70,5,0.16,0.16,0.17,0.012,0.2742,64595.05,0
2026-08-17T22:19:00Z,ETH,468,40,2,0.11,0.115,0.12,0.0066,0.4129,1909.88,0
2026-08-17T22:20:00Z,BTC,594,70,5,0.15,0.17,0.17,0.012,0.2742,64588.53,0
2026-08-17T22:20:00Z,ETH,468,40,2,0.27,0.305,0.34,0.0169,0.4129,1909.44,0
2026-08-17T22:21:00Z,BTC,594,70,5,0.15,0.16,0.18,0.012,0.2745,64589.77,0
2026-08-17T22:21:00Z,ETH,468,40,2,0.105,0.1075,0.11,0.0066,0.4129,1909.85,0
2026-08-17T22:22:00Z,BTC,594,70,4,0.16,0.165,0.18,0.0137,0.2742,64624.45,0
2026-08-17T22:22:00Z,ETH,468,40,2,0.105,0.1075,0.11,0.0067,0.4129,1911.02,0
2026-08-17T22:23:00Z,BTC,594,70,4,0.165,0.1725,0.18,0.0137,0.2739,64641.45,0
2026-08-17T22:23:00Z,ETH,468,40,2,0.11,0.115,0.12,0.0066,0.4129,1911.97,0
2026-08-17T22:24:00Z,BTC,594,70,4,0.16,0.1725,0.18,0.0137,0.2738,64631.53,0
2026-08-17T22:24:00Z,ETH,468,40,2,0.11,0.115,0.12,0.0066,0.4129,1911.42,0
2026-08-17T22:25:00Z,BTC,594,70,5,0.16,0.16,0.17,0.0121,0.2738,64607.27,0
2026-08-17T22:25:00Z,ETH,468,40,2,0.11,0.115,0.12,0.0066,0.4129,1910.59,0
2026-08-17T22:26:00Z,BTC,594,70,5,0.16,0.16,0.18,0.012,0.2742,64601.37,0
2026-08-17T22:26:00Z,ETH,468,40,2,0.105,0.1075,0.11,0.0066,0.4129,1910.24,0
2026-08-17T22:27:00Z,BTC,594,70,5,0.16,0.17,0.18,0.012,0.274,64603.62,0
2026-08-17T22:27:00Z,ETH,468,40,2,0.11,0.115,0.12,0.0066,0.4129,1910.47,0
2026-08-17T22:28:00Z,BTC,594,70,5,0.16,0.16,0.18,0.012,0.2737,64594.87,0
2026-08-17T22:28:00Z,ETH,468,40,2,0.115,0.1175,0.12,0.0066,0.4129,1910.1,0
2026-08-17T22:29:00Z,BTC,594,70,5,0.15,0.17,0.18,0.012,0.2742,64588.89,0
2026-08-17T22:29:00Z,ETH,468,40,2,0.11,0.115,0.12,0.0066,0.4129,1910.11,0
2026-08-17T22:30:00Z,BTC,594,70,5,0.15,0.17,0.17,0.012,0.2741,64579.1,0
2026-08-17T22:30:00Z,ETH,468,40,2,0.105,0.1075,0.11,0.0066,0.4129,1909.82,0
2026-08-17T22:31:00Z,BTC,594,70,5,0.15,0.17,0.17,0.012,0.2745,64577.67,0
2026-08-17T22:31:00Z,ETH,468,40,2,0.11,0.115,0.12,0.0066,0.4129,1909.8,0
2026-08-17T22:32:00Z,BTC,594,70,5,0.15,0.17,0.17,0.012,0.2743,64578.45,0
2026-08-17T22:32:00Z,ETH,468,40,2,0.105,0.1075,0.11,0.0066,0.4129,1909.83,0
2026-08-17T22:33:00Z,BTC,594,70,5,0.16,0.16,0.18,0.012,0.2742,64573.95,0
2026-08-17T22:33:00Z,ETH,468,40,2,0.105,0.1075,0.11,0.0066,0.4129,1909.65,0
2026-08-17T22:34:00Z,BTC,594,70,5,0.16,0.17,0.18,0.012,0.2745,64574.4,0
2026-08-17T22:34:00Z,ETH,468,40,2,0.105,0.1075,0.11,0.0067,0.4129,1909.89,0
2026-08-17T22:35:00Z,BTC,594,70,5,0.15,0.17,0.17,0.012,0.2746,64594.08,0
2026-08-17T22:35:00Z,ETH,468,40,2,0.115,0.1175,0.12,0.0067,0.4129,1910.12,0
2026-08-17T22:36:00Z,BTC,594,70,4,0.165,0.1725,0.18,0.0137,0.2741,64623.36,0
2026-08-17T22:36:00Z,ETH,468,40,2,0.11,0.11,0.11,0.0067,0.4129,1911.12,0
2026-08-17T22:37:00Z,BTC,594,70,4,0.16,0.17,0.17,0.0137,0.2729,64634.86,0
2026-08-17T22:37:00Z,ETH,468,40,2,0.105,0.1075,0.11,0.0067,0.4129,1910.89,0
2026-08-17T22:38:00Z,BTC,594,70,5,0.16,0.17,0.18,0.0121,0.2733,64616.33,0
2026-08-17T22:38:00Z,ETH,468,40,2,0.105,0.1075,0.11,0.0066,0.4129,1910.19,0
2026-08-17T22:39:00Z,BTC,594,70,4,0.155,0.165,0.18,0.0137,0.2743,64612.76,0
2026-08-17T22:39:00Z,ETH,468,40,2,0.11,0.115,0.12,0.0066,0.4129,1910.15,0
2026-08-17T22:40:00Z,BTC,594,70,5,0.16,0.17,0.18,0.012,0.2745,64606.62,0
2026-08-17T22:40:00Z,ETH,468,40,2,0.115,0.1175,0.12,0.0066,0.4129,1909.99,0
2026-08-17T22:41:00Z,BTC,594,70,5,0.16,0.16,0.18,0.012,0.2743,64602.77,0
2026-08-17T22:41:00Z,ETH,468,40,2,0.11,0.115,0.12,0.0067,0.4129,1910.3,0
2026-08-17T22:42:00Z,BTC,594,70,5,0.16,0.16,0.18,0.012,0.2744,64603.04,0
2026-08-17T22:42:00Z,ETH,468,40,2,0.105,0.1075,0.11,0.0067,0.4129,1910.47,0
2026-08-17T22:43:00Z,BTC,594,70,5,0.15,0.17,0.17,0.012,0.2742,64603.76,0
2026-08-17T22:43:00Z,ETH,468,40,2,0.11,0.115,0.12,0.0066,0.4129,1910.45,0
2026-08-17T22:44:00Z,BTC,594,70,5,0.16,0.17,0.18,0.012,0.2742,64604.13,0
2026-08-17T22:44:00Z,ETH,468,40,2,0.105,0.1075,0.11,0.0066,0.4129,1910.44,0
2026-08-17T22:45:00Z,BTC,594,70,5,0.15,0.16,0.17,0.012,0.274,64604.49,0
2026-08-17T22:45:00Z,ETH,468,40,2,0.115,0.1175,0.12,0.0066,0.4129,1910.49,0
2026-08-17T22:46:00Z,BTC,594,70,5,0.15,0.17,0.18,0.012,0.274,64601.32,0
2026-08-17T22:46:00Z,ETH,468,40,2,0.105,0.1075,0.11,0.0066,0.4129,1910.78,0
2026-08-17T22:47:00Z,BTC,594,70,5,0.15,0.16,0.17,0.012,0.2742,64600.04,0
2026-08-17T22:47:00Z,ETH,468,40,2,0.11,0.115,0.12,0.0067,0.4129,1910.8,0
2026-08-17T22:48:00Z,BTC,594,70,5,0.16,0.16,0.18,0.012,0.2742,64599.58,0
2026-08-17T22:48:00Z,ETH,468,40,2,0.11,0.115,0.12,0.0067,0.4129,1910.83,0
2026-08-17T22:49:00Z,BTC,594,70,5,0.16,0.17,0.17,0.012,0.2742,64599.96,0
2026-08-17T22:49:00Z,ETH,468,40,2,0.105,0.1075,0.11,0.0067,0.4129,1910.44,0
2026-08-17T22:50:00Z,BTC,594,70,5,0.16,0.16,0.18,0.012,0.2744,64599.23,0
2026-08-17T22:50:00Z,ETH,468,40,2,0.105,0.1075,0.11,0.0067,0.4129,1910.36,0
2026-08-17T22:51:00Z,BTC,594,70,4,0.16,0.17,0.17,0.0137,0.2741,64614.49,0
2026-08-17T22:51:00Z,ETH,468,40,2,0.11,0.115,0.12,0.0067,0.4129,1910.71,0
2026-08-17T22:52:00Z,BTC,594,70,5,0.15,0.17,0.17,0.0121,0.2743,64598.37,0
2026-08-17T22:52:00Z,ETH,468,40,2,0.105,0.1075,0.11,0.0066,0.4129,1910.33,0
2026-08-17T22:53:00Z,BTC,594,70,5,0.15,0.16,0.18,0.012,0.2748,64585.75,0
2026-08-17T22:53:00Z,ETH,468,40,2,0.11,0.115,0.12,0.0067,0.4129,1910.07,0
2026-08-17T22:54:00Z,BTC,594,70,5,0.16,0.17,0.17,0.012,0.2749,64586.96,0
2026-08-17T22:54:00Z,ETH,468,40,2,0.11,0.115,0.12,0.0067,0.4129,1910.37,0
2026-08-17T22:55:00Z,BTC,594,70,5,0.15,0.17,0.18,0.012,0.2743,64586.35,0
2026-08-17T22:55:00Z,ETH,468,40,2,0.11,0.115,0.12,0.0067,0.4129,1910.25,0
2026-08-17T22:56:00Z,BTC,594,70,5,0.16,0.16,0.17,0.012,0.2744,64586.89,0
2026-08-17T22:56:00Z,ETH,468,40,2,0.11,0.115,0.12,0.0067,0.4129,1910.43,0
2026-08-17T22:57:00Z,BTC,594,70,5,0.16,0.17,0.17,0.012,0.2744,64587.18,0
2026-08-17T22:57:00Z,ETH,468,40,2,0.105,0.1075,0.11,0.0067,0.4129,1910.26,0
2026-08-17T22:58:00Z,BTC,594,70,5,0.16,0.17,0.17,0.012,0.2744,64584.82,0
2026-08-17T22:58:00Z,ETH,468,40,2,0.11,0.11,0.11,0.0067,0.4129,1910.23,0
2026-08-17T22:59:00Z,BTC,594,70,5,0.16,0.17,0.17,0.012,0.274,64590.42,0
2026-08-17T22:59:00Z,ETH,468,40,2,0.105,0.1075,0.11,0.0067,0.4129,1910.37,0
2026-08-17T23:00:00Z,BTC,594,70,5,0.16,0.17,0.18,0.012,0.2741,64588.04,0
2026-08-17T23:00:00Z,ETH,468,40,2,0.105,0.1075,0.11,0.0067,0.4129,1910.86,0
2026-08-17T23:01:00Z,BTC,594,70,5,0.15,0.17,0.18,0.012,0.2743,64586.98,0
2026-08-17T23:01:00Z,ETH,468,40,2,0.11,0.115,0.12,0.0067,0.4129,1910.43,0
2026-08-17T23:02:00Z,BTC,594,70,5,0.16,0.17,0.17,0.012,0.2739,64592.82,0
2026-08-17T23:02:00Z,ETH,468,40,2,0.11,0.115,0.12,0.0067,0.4129,1910.38,0
2026-08-17T23:03:00Z,BTC,594,70,5,0.16,0.17,0.18,0.012,0.2745,64599.34,0
2026-08-17T23:03:00Z,ETH,468,40,2,0.11,0.115,0.12,0.0067,0.4129,1910.78,0
2026-08-17T23:04:00Z,BTC,594,70,5,0.15,0.17,0.17,0.012,0.2741,64599.06,0
2026-08-17T23:04:00Z,ETH,468,40,2,0.11,0.115,0.12,0.0067,0.4129,1910.71,0
2026-08-17T23:05:00Z,BTC,594,70,5,0.16,0.16,0.18,0.012,0.2743,64597.82,0
2026-08-17T23:05:00Z,ETH,468,40,2,0.105,0.1075,0.11,0.0067,0.4129,1910.72,0
2026-08-17T23:06:00Z,BTC,594,70,5,0.15,0.16,0.18,0.012,0.2739,64604.66,0
2026-08-17T23:06:00Z,ETH,468,40,2,0.105,0.1075,0.11,0.0067,0.4129,1911.31,0
2026-08-17T23:07:00Z,BTC,594,70,4,0.16,0.1725,0.18,0.0137,0.2737,64627.27,0
2026-08-17T23:07:00Z,ETH,468,40,2,0.11,0.115,0.12,0.0067,0.4129,1911.83,0
2026-08-17T23:08:00Z,BTC,594,70,4,0.16,0.165,0.18,0.0139,0.2737,64651.33,0
2026-08-17T23:08:00Z,ETH,468,40,2,0.225,0.2875,0.35,0.0142,0.4129,1912.29,0
2026-08-17T23:09:00Z,BTC,594,70,4,0.16,0.165,0.18,0.0139,0.2731,64657.56,0
2026-08-17T23:09:00Z,ETH,468,40,2,0.11,0.115,0.12,0.0067,0.4129,1912.69,0
2026-08-17T23:10:00Z,BTC,594,70,4,0.16,0.1625,0.17,0.014,0.2733,64662.2,0
2026-08-17T23:10:00Z,ETH,468,40,2,0.105,0.1075,0.11,0.0067,0.4129,1913.08,0
2026-08-17T23:11:00Z,BTC,594,70,4,0.16,0.17,0.17,0.014,0.2735,64657.84,0
2026-08-17T23:11:00Z,ETH,468,40,2,0.11,0.115,0.12,0.0067,0.4129,1912.78,0
2026-08-17T23:12:00Z,BTC,594,70,4,0.16,0.1725,0.18,0.014,0.274,64661.71,0
2026-08-17T23:12:00Z,ETH,468,40,2,0.11,0.115,0.12,0.0067,0.4129,1913.48,0
2026-08-17T23:13:00Z,BTC,594,70,4,0.165,0.1725,0.18,0.0141,0.2732,64674.66,0
2026-08-17T23:13:00Z,ETH,468,40,2,0.11,0.115,0.12,0.0067,0.4129,1914.38,0
2026-08-17T23:14:00Z,BTC,594,70,4,0.165,0.1725,0.18,0.0141,0.2743,64665.96,0
2026-08-17T23:14:00Z,ETH,468,40,2,0.11,0.115,0.12,0.0067,0.4129,1913.96,0
2026-08-17T23:15:00Z,BTC,594,70,4,0.16,0.165,0.18,0.0141,0.2745,64665.15,0
2026-08-17T23:15:00Z,ETH,468,40,2,0.105,0.1125,0.12,0.0067,0.4129,1914.39,0
2026-08-17T23:16:00Z,BTC,594,70,4,0.165,0.1725,0.18,0.0141,0.2743,64685.75,0
2026-08-17T23:16:00Z,ETH,468,40,2,0.11,0.115,0.12,0.0067,0.4129,1915.35,0
2026-08-17T23:17:00Z,BTC,594,70,4,0.165,0.1725,0.18,0.0141,0.2739,64679.85,0
2026-08-17T23:17:00Z,ETH,468,40,2,0.11,0.115,0.12,0.0067,0.4129,1915.63,0
2026-08-17T23:18:00Z,BTC,594,70,4,0.16,0.165,0.18,0.0142,0.2739,64694.39,0
2026-08-17T23:18:00Z,ETH,468,40,2,0.11,0.115,0.12,0.0067,0.4129,1916.39,0
2026-08-17T23:19:00Z,BTC,594,70,4,0.165,0.1725,0.18,0.014,0.2741,64701.2,0
2026-08-17T23:19:00Z,ETH,468,40,2,0.11,0.115,0.12,0.0067,0.4129,1916.29,0
2026-08-17T23:20:00Z,BTC,594,70,4,0.16,0.165,0.18,0.014,0.274,64690.49,0
2026-08-17T23:20:00Z,ETH,468,40,2,0.11,0.115,0.12,0.0067,0.4129,1916.39,0
2026-08-17T23:21:00Z,BTC,594,70,4,0.16,0.165,0.18,0.014,0.274,64689.91,0
2026-08-17T23:21:00Z,ETH,468,40,2,0.105,0.1125,0.12,0.0067,0.4129,1916.52,0
2026-08-17T23:22:00Z,BTC,594,70,4,0.16,0.165,0.18,0.014,0.2743,64685.26,0
2026-08-17T23:22:00Z,ETH,468,40,2,0.11,0.115,0.12,0.0067,0.4129,1916.35,0
2026-08-17T23:23:00Z,BTC,594,70,4,0.165,0.1725,0.18,0.014,0.2739,64693.76,0
2026-08-17T23:23:00Z,ETH,468,40,2,0.105,0.1125,0.12,0.0067,0.4129,1916.35,0
2026-08-17T23:24:00Z,BTC,594,70,4,0.155,0.1675,0.19,0.014,0.2736,64713.55,0
2026-08-17T23:24:00Z,ETH,468,40,2,0.17,0.205,0.24,0.0106,0.4129,1917.39,0
2026-08-17T23:25:00Z,BTC,594,70,4,0.16,0.165,0.18,0.014,0.2744,64736.08,0
2026-08-17T23:25:00Z,ETH,468,40,2,0.11,0.115,0.12,0.0067,0.4129,1918.35,0
2026-08-17T23:26:00Z,BTC,594,70,4,0.16,0.165,0.18,0.0139,0.2749,64756.12,0
2026-08-17T23:26:00Z,ETH,468,40,2,0.22,0.235,0.25,0.0134,0.4129,1918.99,0
2026-08-17T23:27:00Z,BTC,594,70,5,0.16,0.16,0.19,0.0129,0.2751,64781.91,0
2026-08-17T23:27:00Z,ETH,468,40,3,0.12,0.155,0.19,0.0081,0.4129,1920.4,0
2026-08-17T23:28:00Z,BTC,594,70,5,0.16,0.16,0.19,0.0129,0.2748,64788.49,0
2026-08-17T23:28:00Z,ETH,468,40,3,0.12,0.155,0.19,0.0082,0.4129,1920.85,0
2026-08-17T23:29:00Z,BTC,594,70,5,0.16,0.16,0.18,0.0129,0.2753,64789.52,0
2026-08-17T23:29:00Z,ETH,468,40,3,0.12,0.155,0.19,0.0082,0.4129,1921.26,0
2026-08-17T23:30:00Z,BTC,594,70,4,0.16,0.165,0.18,0.0137,0.2758,64762.66,0
2026-08-17T23:30:00Z,ETH,468,40,3,0.12,0.155,0.19,0.0082,0.4129,1920.54,0
2026-08-17T23:31:00Z,BTC,594,70,5,0.15,0.16,0.18,0.0127,0.2758,64790.69,0
2026-08-17T23:31:00Z,ETH,468,40,3,0.1,0.11,0.12,0.0053,0.4129,1922.5,0
2026-08-17T23:32:00Z,BTC,594,70,5,0.15,0.16,0.19,0.0132,0.2764,64854.09,0
2026-08-17T23:32:00Z,ETH,468,40,3,0.1,0.11,0.12,0.0051,0.4129,1923.78,0
2026-08-17T23:33:00Z,BTC,594,70,5,0.16,0.16,0.18,0.0132,0.2779,64826.63,0
2026-08-17T23:33:00Z,ETH,468,40,3,0.1,0.11,0.12,0.0052,0.4129,1922.51,0
2026-08-17T23:34:00Z,BTC,594,70,5,0.16,0.16,0.18,0.0134,0.2754,64859.85,0
2026-08-17T23:34:00Z,ETH,468,40,3,0.13,0.205,0.28,0.0085,0.4129,1923.68,0
2026-08-17T23:35:00Z,BTC,594,70,5,0.15,0.16,0.19,0.0132,0.2776,64810.09,0
2026-08-17T23:35:00Z,ETH,468,40,3,0.09,0.105,0.12,0.0053,0.4129,1921.38,0
2026-08-17T23:36:00Z,BTC,594,70,5,0.16,0.16,0.19,0.0131,0.276,64805.62,0
2026-08-17T23:36:00Z,ETH,468,40,3,0.1,0.175,0.25,0.0053,0.4129,1920.69,0
2026-08-17T23:37:00Z,BTC,594,70,5,0.16,0.17,0.18,0.0131,0.2755,64797.52,0
2026-08-17T23:37:00Z,ETH,468,40,3,0.12,0.15,0.18,0.0082,0.4129,1920.56,0
2026-08-17T23:38:00Z,BTC,594,70,5,0.16,0.17,0.18,0.0131,0.2764,64807.97,0
2026-08-17T23:38:00Z,ETH,468,40,3,0.13,0.2,0.27,0.0082,0.4129,1920.65,0
2026-08-17T23:39:00Z,BTC,594,70,5,0.16,0.16,0.19,0.0131,0.2763,64805.65,0
2026-08-17T23:39:00Z,ETH,468,40,3,0.12,0.15,0.18,0.0082,0.4129,1920.56,0
2026-08-17T23:40:00Z,BTC,594,70,5,0.16,0.16,0.18,0.0131,0.2762,64795.85,0
2026-08-17T23:40:00Z,ETH,468,40,3,0.12,0.15,0.18,0.0082,0.4129,1920.11,0
2026-08-17T23:41:00Z,BTC,594,70,4,0.16,0.1725,0.18,0.0137,0.2762,64779.2,0
2026-08-17T23:41:00Z,ETH,468,40,2,0.17,0.205,0.24,0.0107,0.4129,1918.5,0
2026-08-17T23:42:00Z,BTC,594,70,4,0.16,0.165,0.18,0.0137,0.2755,64780.15,0
2026-08-17T23:42:00Z,ETH,468,40,3,0.12,0.15,0.18,0.0081,0.4129,1919.36,0
2026-08-17T23:43:00Z,BTC,594,70,4,0.16,0.1675,0.19,0.0137,0.2752,64777.04,0
2026-08-17T23:43:00Z,ETH,468,40,2,0.11,0.115,0.12,0.0068,0.4129,1919.01,0
2026-08-17T23:44:00Z,BTC,594,70,5,0.15,0.16,0.19,0.0131,0.2757,64781.77,0
2026-08-17T23:44:00Z,ETH,468,40,2,0.11,0.115,0.12,0.0068,0.4129,1918.41,0
2026-08-17T23:45:00Z,BTC,594,70,4,0.16,0.165,0.18,0.0136,0.2756,64779.24,0
2026-08-17T23:45:00Z,ETH,468,40,2,0.16,0.175,0.19,0.0095,0.4129,1918.81,0
2026-08-17T23:46:00Z,BTC,594,70,5,0.16,0.16,0.18,0.0129,0.2761,64786.17,0
2026-08-17T23:46:00Z,ETH,468,40,3,0.12,0.155,0.19,0.0082,0.4129,1919.27,0
2026-08-17T23:47:00Z,BTC,594,70,5,0.16,0.17,0.18,0.0131,0.2762,64803.44,0
2026-08-17T23:47:00Z,ETH,468,40,3,0.09,0.11,0.13,0.0054,0.4129,1919.9,0
2026-08-17T23:48:00Z,BTC,594,70,5,0.16,0.17,0.18,0.0131,0.277,64821.09,0
2026-08-17T23:48:00Z,ETH,468,40,3,0.19,0.19,0.19,0.0089,0.4129,1920.14,0
2026-08-17T23:49:00Z,BTC,594,70,5,0.15,0.16,0.18,0.0131,0.2763,64820.4,0
2026-08-17T23:49:00Z,ETH,468,40,3,0.18,0.185,0.19,0.009,0.4129,1920.2,0
2026-08-17T23:50:00Z,BTC,594,70,5,0.16,0.16,0.18,0.0131,0.2766,64810.28,0
2026-08-17T23:50:00Z,ETH,468,40,3,0.12,0.155,0.19,0.0082,0.4129,1919.87,0
2026-08-17T23:51:00Z,BTC,594,70,5,0.15,0.16,0.18,0.0131,0.2763,64810.4,0
2026-08-17T23:51:00Z,ETH,468,40,3,0.1,0.175,0.25,0.0054,0.4129,1919.58,0
2026-08-17T23:52:00Z,BTC,594,70,5,0.15,0.16,0.19,0.0131,0.2769,64820.59,0
2026-08-17T23:52:00Z,ETH,468,40,3,0.18,0.185,0.19,0.009,0.4129,1920.04,0
2026-08-17T23:53:00Z,BTC,594,70,5,0.16,0.16,0.19,0.0131,0.2761,64831.02,0
2026-08-17T23:53:00Z,ETH,468,40,3,0.12,0.16,0.2,0.0082,0.4129,1919.86,0
2026-08-17T23:54:00Z,BTC,594,70,5,0.16,0.16,0.18,0.0132,0.2763,64833.57,0
2026-08-17T23:54:00Z,ETH,468,40,3,0.09,0.165,0.24,0.0054,0.4129,1919.56,0
2026-08-17T23:55:00Z,BTC,594,70,5,0.16,0.17,0.18,0.0131,0.2759,64791.72,0
2026-08-17T23:55:00Z,ETH,468,40,2,0.105,0.1125,0.12,0.0068,0.4129,1918.16,0
2026-08-17T23:56:00Z,BTC,594,70,5,0.16,0.16,0.19,0.0131,0.2763,64821.79,0
2026-08-17T23:56:00Z,ETH,468,40,3,0.1,0.11,0.12,0.0054,0.4129,1918.99,0
2026-08-17T23:57:00Z,BTC,594,70,5,0.15,0.16,0.19,0.0132,0.2747,64863.58,0
2026-08-17T23:57:00Z,ETH,468,40,3,0.12,0.15,0.18,0.0082,0.4129,1919.61,0
2026-08-17T23:58:00Z,BTC,594,70,5,0.16,0.17,0.19,0.0134,0.2757,64864.84,0
2026-08-17T23:58:00Z,ETH,468,40,3,0.09,0.11,0.13,0.0054,0.4129,1919.49,0
2026-08-17T23:59:00Z,BTC,594,70,5,0.15,0.17,0.19,0.0134,0.2765,64842.72,0
2026-08-17T23:59:00Z,ETH,468,40,3,0.1,0.11,0.12,0.0054,0.4129,1919.38,0
2026-08-16T08:00:00Z,BTC,34,0,0,,,,,,63059.82,0
2026-08-16T08:00:00Z,ETH,26,0,0,,,,,,1881.29,0
2026-08-17T08:00:00Z,BTC,32,0,0,,,,,,63550.23,0
2026-08-17T08:00:00Z,ETH,30,0,0,,,,,,1902.58,0
2026-08-17T23:59:00Z,BTC,594,70,5,0.15,0.17,0.19,0.0134,0.2765,64834.95,0
2026-08-17T23:59:00Z,ETH,468,40,3,0.09,0.105,0.12,0.0054,0.4129,1919.35,0
2026-08-18T00:00:00Z,BTC,594,70,5,0.15,0.16,0.19,0.0134,0.2751,64851.91,0
2026-08-18T00:00:00Z,ETH,468,40,3,0.1,0.11,0.12,0.0054,0.4129,1919.7,0
2026-08-18T00:01:00Z,BTC,594,70,5,0.16,0.16,0.19,0.0134,0.2769,64822.17,0
2026-08-18T00:01:00Z,ETH,468,40,3,0.1,0.11,0.12,0.0054,0.4129,1919.16,0
2026-08-18T00:02:00Z,BTC,594,70,5,0.16,0.16,0.18,0.0132,0.2762,64806.64,0
2026-08-18T00:02:00Z,ETH,468,40,2,0.11,0.115,0.12,0.0068,0.4129,1918.61,0
2026-08-18T00:03:00Z,BTC,594,70,5,0.16,0.16,0.19,0.0131,0.2758,64782.74,0
2026-08-18T00:03:00Z,ETH,468,40,2,0.11,0.115,0.12,0.0068,0.4129,1917.32,0
2026-08-18T00:04:00Z,BTC,594,70,5,0.16,0.17,0.18,0.0131,0.2747,64784.59,0
2026-08-18T00:04:00Z,ETH,468,40,2,0.115,0.1225,0.13,0.0068,0.4129,1917.53,0
2026-08-18T00:05:00Z,BTC,594,70,5,0.16,0.16,0.18,0.0131,0.2749,64786.35,0
2026-08-18T00:05:00Z,ETH,468,40,2,0.105,0.1125,0.12,0.0068,0.4129,1917.6,0
2026-08-18T00:06:00Z,BTC,594,70,4,0.16,0.165,0.18,0.0138,0.2756,64750.03,0
2026-08-18T00:06:00Z,ETH,468,40,2,0.11,0.115,0.12,0.0068,0.4129,1916.84,0
2026-08-18T00:07:00Z,BTC,594,70,4,0.16,0.165,0.18,0.0139,0.2749,64736.56,0
2026-08-18T00:07:00Z,ETH,468,40,2,0.11,0.115,0.12,0.0068,0.4129,1916.32,0
2026-08-18T00:08:00Z,BTC,594,70,4,0.165,0.175,0.19,0.0139,0.276,64733.12,0
2026-08-18T00:08:00Z,ETH,468,40,2,0.105,0.1125,0.12,0.0068,0.4129,1916.15,0
2026-08-18T00:09:00Z,BTC,594,70,4,0.16,0.165,0.18,0.014,0.2764,64729.22,0
2026-08-18T00:09:00Z,ETH,468,40,2,0.11,0.115,0.12,0.0067,0.4129,1916.4,0
2026-08-18T00:10:00Z,BTC,594,70,4,0.16,0.165,0.18,0.0139,0.2763,64727.2,0
2026-08-18T00:10:00Z,ETH,468,40,2,0.105,0.1125,0.12,0.0067,0.4129,1916.1,0
2026-08-18T00:11:00Z,BTC,594,70,4,0.165,0.175,0.19,0.0139,0.2764,64726.43,0
2026-08-18T00:11:00Z,ETH,468,40,2,0.105,0.1125,0.12,0.0067,0.4129,1915.96,0
2026-08-18T00:12:00Z,BTC,594,70,4,0.16,0.165,0.18,0.0139,0.2764,64739.04,0
2026-08-18T00:12:00Z,ETH,468,40,2,0.105,0.1125,0.12,0.0067,0.4129,1916.42,0
2026-08-18T00:13:00Z,BTC,594,70,4,0.16,0.165,0.18,0.0139,0.2762,64734.38,0
2026-08-18T00:13:00Z,ETH,468,40,2,0.105,0.1125,0.12,0.0067,0.4129,1916.39,0
2026-08-18T00:14:00Z,BTC,594,70,4,0.16,0.165,0.18,0.0139,0.2762,64743.9,0
2026-08-18T00:14:00Z,ETH,468,40,2,0.11,0.115,0.12,0.0068,0.4129,1916.43,0
2026-08-18T00:15:00Z,BTC,594,70,4,0.155,0.1675,0.19,0.0138,0.2739,64776.62,0
2026-08-18T00:15:00Z,ETH,468,40,2,0.105,0.1125,0.12,0.0067,0.4129,1917.53,0
2026-08-18T00:16:00Z,BTC,594,70,4,0.16,0.165,0.18,0.0138,0.275,64756.29,0
2026-08-18T00:16:00Z,ETH,468,40,2,0.105,0.1125,0.12,0.0068,0.4129,1916.85,0
2026-08-18T00:17:00Z,BTC,594,70,4,0.16,0.165,0.18,0.0138,0.2744,64757.13,0
2026-08-18T00:17:00Z,ETH,468,40,2,0.16,0.175,0.19,0.0095,0.4129,1917.3,0
2026-08-18T00:18:00Z,BTC,594,70,5,0.16,0.16,0.19,0.0131,0.2749,64782.07,0
2026-08-18T00:18:00Z,ETH,468,40,2,0.11,0.12,0.13,0.0068,0.4129,1918.28,0
2026-08-18T00:19:00Z,BTC,594,70,4,0.165,0.175,0.19,0.0137,0.2758,64772.89,0
2026-08-18T00:19:00Z,ETH,468,40,2,0.11,0.115,0.12,0.0068,0.4129,1917.19,0
2026-08-18T00:20:00Z,BTC,594,70,4,0.165,0.175,0.19,0.0138,0.2749,64753.32,0
2026-08-18T00:20:00Z,ETH,468,40,2,0.11,0.115,0.12,0.0067,0.4129,1916.66,0
2026-08-18T00:21:00Z,BTC,594,70,5,0.16,0.17,0.18,0.0131,0.2747,64784.35,0
2026-08-18T00:21:00Z,ETH,468,40,2,0.115,0.1225,0.13,0.0067,0.4129,1917.43,0
2026-08-18T00:22:00Z,BTC,594,70,4,0.16,0.165,0.18,0.0137,0.2752,64773.49,0
2026-08-18T00:22:00Z,ETH,468,40,2,0.11,0.115,0.12,0.0067,0.4129,1916.99,0
2026-08-18T00:23:00Z,BTC,594,70,5,0.16,0.16,0.18,0.0131,0.2749,64790.66,0
2026-08-18T00:23:00Z,ETH,468,40,2,0.11,0.115,0.12,0.0067,0.4129,1917.86,0
2026-08-18T00:24:00Z,BTC,594,70,5,0.16,0.16,0.19,0.0132,0.2751,64790.72,0
2026-08-18T00:24:00Z,ETH,468,40,2,0.105,0.1125,0.12,0.0068,0.4129,1917.38,0
2026-08-18T00:25:00Z,BTC,594,70,4,0.155,0.165,0.18,0.0137,0.2755,64776.39,0
2026-08-18T00:25:00Z,ETH,468,40,2,0.105,0.1125,0.12,0.0068,0.4129,1917.15,0
2026-08-18T00:26:00Z,BTC,594,70,4,0.16,0.165,0.18,0.0138,0.2755,64758.33,0
2026-08-18T00:26:00Z,ETH,468,40,2,0.105,0.1125,0.12,0.0067,0.4129,1916.95,0
2026-08-18T00:27:00Z,BTC,594,70,4,0.16,0.165,0.18,0.0138,0.2762,64776.24,0
2026-08-18T00:27:00Z,ETH,468,40,2,0.11,0.115,0.12,0.0067,0.4129,1917.74,0
2026-08-18T00:28:00Z,BTC,594,70,5,0.15,0.17,0.18,0.0131,0.2749,64782.99,0
2026-08-18T00:28:00Z,ETH,468,40,2,0.155,0.1725,0.19,0.0095,0.4129,1917.63,0
2026-08-18T00:29:00Z,BTC,594,70,4,0.16,0.1675,0.19,0.0138,0.2754,64767.17,0
2026-08-18T00:29:00Z,ETH,468,40,2,0.155,0.1725,0.19,0.0095,0.4129,1917.69,0
2026-08-18T00:30:00Z,BTC,594,70,4,0.16,0.165,0.18,0.0138,0.2758,64761.85,0
2026-08-18T00:30:00Z,ETH,468,40,2,0.11,0.115,0.12,0.0067,0.4129,1917.1,0
2026-08-18T00:31:00Z,BTC,594,70,4,0.16,0.165,0.18,0.0138,0.2753,64756.97,0
2026-08-18T00:31:00Z,ETH,468,40,2,0.11,0.115,0.12,0.0068,0.4129,1916.88,0
2026-08-18T00:32:00Z,BTC,594,70,4,0.16,0.1675,0.19,0.0139,0.2753,64748.63,0
2026-08-18T00:32:00Z,ETH,468,40,2,0.11,0.115,0.12,0.0068,0.4129,1917.0,0
2026-08-18T00:33:00Z,BTC,594,70,4,0.16,0.165,0.18,0.0139,0.2753,64746.45,0
2026-08-18T00:33:00Z,ETH,468,40,2,0.11,0.115,0.12,0.0067,0.4129,1917.35,0
2026-08-18T00:34:00Z,BTC,594,70,4,0.16,0.1675,0.19,0.0139,0.2743,64746.25,0
2026-08-18T00:34:00Z,ETH,468,40,2,0.115,0.1225,0.13,0.0068,0.4129,1917.0,0
2026-08-18T00:35:00Z,BTC,594,70,4,0.165,0.1725,0.18,0.0139,0.275,64747.61,0
2026-08-18T00:35:00Z,ETH,468,40,2,0.11,0.115,0.12,0.0068,0.4129,1917.0,0
2026-08-18T00:36:00Z,BTC,594,70,4,0.16,0.165,0.18,0.0138,0.2743,64766.06,0
2026-08-18T00:36:00Z,ETH,468,40,2,0.115,0.1225,0.13,0.0068,0.4129,1917.01,0
2026-08-18T00:37:00Z,BTC,594,70,4,0.16,0.165,0.18,0.0139,0.275,64750.77,0
2026-08-18T00:37:00Z,ETH,468,40,2,0.105,0.1125,0.12,0.0068,0.4129,1916.6,0
2026-08-18T00:38:00Z,BTC,594,70,4,0.16,0.165,0.18,0.0139,0.2755,64759.05,0
2026-08-18T00:38:00Z,ETH,468,40,2,0.16,0.18,0.2,0.0096,0.4129,1916.85,0
2026-08-18T00:39:00Z,BTC,594,70,4,0.17,0.215,0.32,0.0146,0.2752,64735.82,0
2026-08-18T00:39:00Z,ETH,468,40,2,0.11,0.115,0.12,0.0068,0.4129,1915.44,0
2026-08-18T00:40:00Z,BTC,594,70,4,0.16,0.165,0.18,0.0139,0.2743,64711.93,0
2026-08-18T00:40:00Z,ETH,468,40,2,0.105,0.1075,0.11,0.0067,0.4129,1914.66,0
2026-08-18T00:41:00Z,BTC,594,70,4,0.16,0.165,0.18,0.014,0.2752,64703.72,0
2026-08-18T00:41:00Z,ETH,468,40,2,0.11,0.115,0.12,0.0067,0.4129,1914.94,0
2026-08-18T00:42:00Z,BTC,594,70,4,0.16,0.165,0.18,0.014,0.2746,64700.46,0
2026-08-18T00:42:00Z,ETH,468,40,2,0.11,0.115,0.12,0.0067,0.4129,1914.78,0
2026-08-18T00:43:00Z,BTC,594,70,4,0.17,0.1725,0.18,0.0141,0.2746,64713.64,0
2026-08-18T00:43:00Z,ETH,468,40,2,0.11,0.115,0.12,0.0068,0.4129,1915.45,0
2026-08-18T00:44:00Z,BTC,594,70,4,0.16,0.165,0.18,0.014,0.2744,64709.66,0
2026-08-18T00:44:00Z,ETH,468,40,2,0.11,0.115,0.12,0.0068,0.4129,1915.62,0
2026-08-18T00:45:00Z,BTC,594,70,4,0.16,0.165,0.18,0.014,0.2746,64709.75,0
2026-08-18T00:45:00Z,ETH,468,40,2,0.11,0.115,0.12,0.0068,0.4129,1915.52,0
2026-08-18T00:46:00Z,BTC,594,70,4,0.16,0.165,0.18,0.014,0.2742,64682.53,0
2026-08-18T00:46:00Z,ETH,468,40,2,0.105,0.1125,0.12,0.0068,0.4129,1914.9,0
2026-08-18T00:47:00Z,BTC,594,70,4,0.16,0.165,0.18,0.014,0.2754,64698.01,0
2026-08-18T00:47:00Z,ETH,468,40,2,0.105,0.1125,0.12,0.0068,0.4129,1915.24,0
2026-08-18T00:48:00Z,BTC,594,70,4,0.16,0.165,0.18,0.0141,0.2742,64694.47,0
2026-08-18T00:48:00Z,ETH,468,40,2,0.11,0.115,0.12,0.0068,0.4129,1915.2,0
2026-08-18T00:49:00Z,BTC,594,70,4,0.165,0.175,0.19,0.0141,0.2738,64690.76,0
2026-08-18T00:49:00Z,ETH,468,40,2,0.11,0.115,0.12,0.0068,0.4129,1915.35,0
2026-08-18T00:50:00Z,BTC,594,70,4,0.16,0.165,0.18,0.014,0.2751,64686.15,0
2026-08-18T00:50:00Z,ETH,468,40,2,0.105,0.1125,0.12,0.0068,0.4129,1915.33,0
2026-08-18T00:51:00Z,BTC,594,70,4,0.16,0.165,0.18,0.0141,0.2745,64701.24,0
2026-08-18T00:51:00Z,ETH,468,40,2,0.11,0.115,0.12,0.0068,0.4129,1915.79,0
2026-08-18T00:52:00Z,BTC,594,70,4,0.16,0.1725,0.18,0.014,0.2749,64685.92,0
2026-08-18T00:52:00Z,ETH,468,40,2,0.16,0.18,0.2,0.0096,0.4129,1915.55,0
2026-08-18T00:53:00Z,BTC,594,70,4,0.16,0.165,0.18,0.014,0.2751,64684.46,0
2026-08-18T00:53:00Z,ETH,468,40,2,0.11,0.115,0.12,0.0068,0.4129,1915.86,0
2026-08-18T00:54:00Z,BTC,594,70,4,0.16,0.165,0.18,0.014,0.2746,64679.78,0
2026-08-18T00:54:00Z,ETH,468,40,2,0.11,0.115,0.12,0.0068,0.4129,1915.37,0
2026-08-18T00:55:00Z,BTC,594,70,4,0.165,0.1725,0.18,0.014,0.2749,64668.8,0
2026-08-18T00:55:00Z,ETH,468,40,2,0.11,0.115,0.12,0.0068,0.4129,1914.58,0
2026-08-18T00:56:00Z,BTC,594,70,4,0.16,0.165,0.18,0.014,0.2751,64669.13,0
2026-08-18T00:56:00Z,ETH,468,40,2,0.11,0.115,0.12,0.0068,0.4129,1914.78,0
2026-08-18T00:57:00Z,BTC,594,70,4,0.16,0.165,0.18,0.014,0.2756,64686.19,0
2026-08-18T00:57:00Z,ETH,468,40,2,0.11,0.115,0.12,0.0068,0.4129,1915.03,0
2026-08-18T00:58:00Z,BTC,594,70,4,0.16,0.165,0.18,0.014,0.2764,64679.1,0
2026-08-18T00:58:00Z,ETH,468,40,2,0.11,0.115,0.12,0.0068,0.4129,1914.85,0
2026-08-18T00:59:00Z,BTC,594,70,4,0.16,0.165,0.18,0.0141,0.2758,64690.29,0
2026-08-18T00:59:00Z,ETH,468,40,2,0.11,0.115,0.12,0.0068,0.4129,1915.63,0
2026-08-18T01:00:00Z,BTC,594,70,4,0.165,0.1725,0.18,0.014,0.2759,64669.19,0
2026-08-18T01:00:00Z,ETH,468,40,2,0.11,0.115,0.12,0.0068,0.4129,1915.37,0
2026-08-18T01:01:00Z,BTC,594,70,4,0.175,0.205,0.28,0.0159,0.2752,64663.93,0
2026-08-18T01:01:00Z,ETH,468,40,2,0.11,0.115,0.12,0.0068,0.4129,1914.91,0
2026-08-18T01:02:00Z,BTC,594,70,4,0.16,0.1725,0.18,0.0142,0.2749,64658.22,0
2026-08-18T01:02:00Z,ETH,468,40,2,0.11,0.115,0.12,0.0068,0.4129,1914.65,0
2026-08-18T01:03:00Z,BTC,594,70,4,0.165,0.1725,0.18,0.0142,0.2747,64659.92,0
2026-08-18T01:03:00Z,ETH,468,40,2,0.11,0.115,0.12,0.0068,0.4129,1914.62,0
2026-08-18T04:11:00Z,BTC,594,70,6,0.16,0.1775,0.19,0.0129,0.2756,64447.2,0
2026-08-18T04:11:00Z,ETH,468,40,2,0.11,0.11,0.11,0.0071,0.4127,1900.09,0
2026-08-18T04:12:00Z,BTC,594,70,6,0.16,0.1775,0.19,0.0129,0.2762,64448.28,0
2026-08-18T04:12:00Z,ETH,468,40,2,0.11,0.11,0.11,0.0071,0.4127,1900.04,0
2026-08-18T04:13:00Z,BTC,594,70,6,0.185,0.26,0.35,0.0166,0.2763,64484.72,0
2026-08-18T04:13:00Z,ETH,468,40,2,0.11,0.11,0.11,0.0071,0.4127,1900.62,0
2026-08-18T04:14:00Z,BTC,594,70,6,0.17,0.18,0.2,0.013,0.2754,64457.06,0
2026-08-18T04:14:00Z,ETH,468,40,2,0.11,0.11,0.11,0.0071,0.4127,1900.37,0
2026-08-18T04:15:00Z,BTC,594,70,6,0.16,0.1775,0.2,0.013,0.2754,64457.36,0
2026-08-18T04:15:00Z,ETH,468,40,2,0.11,0.11,0.11,0.0071,0.4127,1900.37,0
2026-08-18T04:16:00Z,BTC,594,70,6,0.165,0.18,0.2,0.013,0.2757,64465.98,0
2026-08-18T04:16:00Z,ETH,468,40,2,0.11,0.11,0.11,0.0071,0.4127,1900.11,0
2026-08-18T04:17:00Z,BTC,594,70,6,0.165,0.17,0.2,0.013,0.2757,64462.31,0
2026-08-18T04:17:00Z,ETH,468,40,2,0.11,0.11,0.11,0.0071,0.4127,1899.99,0
2026-08-18T04:18:00Z,BTC,594,70,6,0.165,0.1775,0.2,0.013,0.2763,64454.4,0
2026-08-18T04:18:00Z,ETH,468,40,2,0.11,0.11,0.11,0.0071,0.4163,1899.29,0
2026-08-18T04:19:00Z,BTC,594,70,6,0.16,0.1775,0.2,0.013,0.2763,64452.39,0
2026-08-18T04:19:00Z,ETH,468,40,2,0.175,0.2025,0.23,0.0108,0.4163,1899.15,0
2026-08-18T04:20:00Z,BTC,594,70,6,0.165,0.18,0.2,0.013,0.2763,64448.34,0
2026-08-18T04:20:00Z,ETH,468,40,2,0.165,0.1925,0.22,0.0108,0.4163,1899.14,0
2026-08-18T04:21:00Z,BTC,594,70,6,0.165,0.1775,0.19,0.013,0.2763,64449.53,0
2026-08-18T04:21:00Z,ETH,468,40,2,0.11,0.11,0.11,0.0071,0.4163,1899.56,0
2026-08-18T04:22:00Z,BTC,594,70,6,0.16,0.1775,0.19,0.013,0.2763,64453.91,0
2026-08-18T04:22:00Z,ETH,468,40,2,0.11,0.11,0.11,0.0071,0.4163,1899.75,0
2026-08-18T04:23:00Z,BTC,594,70,6,0.16,0.1775,0.19,0.0129,0.2767,64439.84,0
2026-08-18T04:23:00Z,ETH,468,40,2,0.165,0.1925,0.22,0.0108,0.4163,1899.31,0
2026-08-18T04:24:00Z,BTC,594,70,6,0.16,0.1775,0.2,0.0128,0.2761,64444.28,0
2026-08-18T04:24:00Z,ETH,468,40,2,0.11,0.11,0.11,0.0071,0.4163,1899.37,0
2026-08-18T04:25:00Z,BTC,594,70,6,0.165,0.17,0.2,0.0128,0.2761,64444.0,0
2026-08-18T04:25:00Z,ETH,468,40,2,0.11,0.11,0.11,0.0071,0.4163,1899.45,0
2026-08-18T04:26:00Z,BTC,594,70,6,0.165,0.17,0.2,0.0129,0.277,64446.44,0
2026-08-18T04:26:00Z,ETH,468,40,2,0.115,0.1175,0.12,0.0071,0.4163,1899.48,0
2026-08-18T04:27:00Z,BTC,594,70,6,0.16,0.1775,0.2,0.0129,0.277,64444.65,0
2026-08-18T04:27:00Z,ETH,468,40,2,0.11,0.11,0.11,0.0071,0.4163,1899.33,0
2026-08-18T04:28:00Z,BTC,594,70,6,0.165,0.1775,0.19,0.0129,0.2764,64459.73,0
2026-08-18T04:28:00Z,ETH,468,40,2,0.115,0.1175,0.12,0.0071,0.4127,1899.92,0
2026-08-18T04:29:00Z,BTC,594,70,6,0.16,0.1775,0.19,0.0129,0.2764,64461.01,0
2026-08-18T04:29:00Z,ETH,468,40,2,0.11,0.11,0.11,0.0071,0.4127,1899.98,0
2026-08-18T04:30:00Z,BTC,594,70,6,0.16,0.17,0.2,0.0131,0.276,64481.32,0
2026-08-18T04:30:00Z,ETH,468,40,2,0.11,0.11,0.11,0.0071,0.4127,1900.49,0
2026-08-18T04:31:00Z,BTC,594,70,6,0.175,0.195,0.28,0.0161,0.276,64483.59,0
2026-08-18T04:31:00Z,ETH,468,40,2,0.11,0.11,0.11,0.0071,0.4127,1900.59,0
2026-08-18T04:32:00Z,BTC,594,70,6,0.165,0.17,0.2,0.0133,0.2758,64503.78,0
2026-08-18T04:32:00Z,ETH,468,40,2,0.17,0.2,0.23,0.0106,0.4127,1901.25,0
2026-08-18T04:33:00Z,BTC,594,70,5,0.15,0.17,0.17,0.0117,0.2762,64514.58,0
2026-08-18T04:33:00Z,ETH,468,40,2,0.11,0.11,0.11,0.0072,0.4128,1901.66,0
2026-08-18T04:34:00Z,BTC,594,70,5,0.16,0.17,0.17,0.012,0.2768,64533.58,0
2026-08-18T04:34:00Z,ETH,468,40,2,0.225,0.2775,0.33,0.0144,0.4128,1902.07,0
2026-08-18T04:35:00Z,BTC,594,70,5,0.16,0.17,0.18,0.012,0.2768,64537.76,0
2026-08-18T04:35:00Z,ETH,468,40,2,0.165,0.1925,0.22,0.0108,0.4128,1902.39,0
2026-08-18T04:36:00Z,BTC,594,70,5,0.16,0.17,0.18,0.0121,0.2752,64553.88,0
2026-08-18T04:36:00Z,ETH,468,40,2,0.17,0.195,0.22,0.0107,0.4128,1902.41,0
2026-08-18T04:37:00Z,BTC,594,70,5,0.16,0.18,0.18,0.012,0.2767,64538.2,0
2026-08-18T04:37:00Z,ETH,468,40,2,0.17,0.195,0.22,0.0107,0.4128,1901.81,0
2026-08-18T04:38:00Z,BTC,594,70,5,0.16,0.18,0.18,0.012,0.2769,64538.56,0
2026-08-18T04:38:00Z,ETH,468,40,2,0.17,0.195,0.22,0.0107,0.4128,1901.79,0
2026-08-18T04:39:00Z,BTC,594,70,5,0.17,0.18,0.28,0.015,0.2772,64526.55,0
2026-08-18T04:39:00Z,ETH,468,40,2,0.11,0.115,0.12,0.0071,0.4128,1901.6,0
2026-08-18T04:40:00Z,BTC,594,70,5,0.16,0.18,0.18,0.0118,0.2776,64529.62,0
2026-08-18T04:40:00Z,ETH,468,40,2,0.11,0.115,0.12,0.0071,0.4128,1902.16,0
2026-08-18T04:41:00Z,BTC,594,70,5,0.15,0.18,0.18,0.0118,0.276,64536.02,0
2026-08-18T04:41:00Z,ETH,468,40,2,0.11,0.11,0.11,0.0071,0.4128,1902.33,0
2026-08-18T04:42:00Z,BTC,594,70,5,0.15,0.17,0.18,0.0118,0.2763,64545.07,0
2026-08-18T04:42:00Z,ETH,468,40,2,0.11,0.115,0.12,0.0071,0.4128,1902.6,0
2026-08-18T04:43:00Z,BTC,594,70,5,0.15,0.17,0.18,0.0118,0.2775,64537.26,0
2026-08-18T04:43:00Z,ETH,468,40,2,0.11,0.11,0.11,0.0071,0.4128,1902.11,0
2026-08-18T04:44:00Z,BTC,594,70,5,0.15,0.17,0.18,0.0118,0.2775,64536.7,0
2026-08-18T04:44:00Z,ETH,468,40,2,0.115,0.1175,0.12,0.0071,0.4128,1902.09,0
2026-08-18T04:45:00Z,BTC,594,70,5,0.16,0.17,0.17,0.0118,0.2765,64540.49,0
2026-08-18T04:45:00Z,ETH,468,40,2,0.17,0.2,0.23,0.0108,0.4128,1902.73,0
2026-08-18T04:46:00Z,BTC,594,70,5,0.15,0.17,0.17,0.0118,0.2777,64517.92,0
2026-08-18T04:46:00Z,ETH,468,40,2,0.165,0.1925,0.22,0.0106,0.4128,1902.03,0
2026-08-18T04:47:00Z,BTC,594,70,5,0.16,0.18,0.18,0.0117,0.2772,64501.99,0
2026-08-18T04:47:00Z,ETH,468,40,2,0.115,0.1175,0.12,0.0071,0.4128,1901.25,0
2026-08-18T04:48:00Z,BTC,594,70,5,0.16,0.17,0.18,0.0117,0.2766,64502.62,0
2026-08-18T04:48:00Z,ETH,468,40,2,0.11,0.11,0.11,0.0071,0.4128,1901.27,0
2026-08-18T04:49:00Z,BTC,594,70,5,0.16,0.17,0.18,0.0117,0.2765,64501.89,0
2026-08-18T04:49:00Z,ETH,468,40,2,0.11,0.11,0.11,0.0071,0.4127,1901.14,0
2026-08-18T04:50:00Z,BTC,594,70,5,0.15,0.17,0.18,0.0118,0.2769,64520.83,0
2026-08-18T04:50:00Z,ETH,468,40,2,0.11,0.11,0.11,0.0071,0.4128,1901.53,0
2026-08-18T04:51:00Z,BTC,594,70,5,0.15,0.17,0.17,0.0118,0.2772,64514.59,0
2026-08-18T04:51:00Z,ETH,468,40,2,0.115,0.1175,0.12,0.0071,0.4128,1901.41,0
2026-08-18T04:52:00Z,BTC,594,70,5,0.16,0.18,0.18,0.0118,0.2771,64517.7,0
2026-08-18T04:52:00Z,ETH,468,40,2,0.115,0.1175,0.12,0.0072,0.4128,1901.79,0
2026-08-18T04:53:00Z,BTC,594,70,5,0.15,0.18,0.18,0.0118,0.2766,64519.6,0
2026-08-18T04:53:00Z,ETH,468,40,2,0.11,0.11,0.11,0.0072,0.4128,1901.56,0
2026-08-18T04:54:00Z,BTC,594,70,5,0.16,0.17,0.18,0.0118,0.2767,64521.86,0
2026-08-18T04:54:00Z,ETH,468,40,2,0.11,0.11,0.11,0.0072,0.4128,1902.07,0
2026-08-18T04:55:00Z,BTC,594,70,5,0.15,0.17,0.18,0.0118,0.2768,64524.51,0
2026-08-18T04:55:00Z,ETH,468,40,2,0.11,0.11,0.11,0.0072,0.4128,1902.29,0
2026-08-18T04:57:00Z,BTC,594,70,5,0.16,0.18,0.18,0.0118,0.2773,64520.61,0
2026-08-18T04:57:00Z,ETH,468,40,2,0.11,0.11,0.11,0.0071,0.4128,1901.95,0
2026-08-18T04:58:00Z,BTC,594,70,5,0.15,0.18,0.18,0.0118,0.2773,64521.56,0
2026-08-18T04:58:00Z,ETH,468,40,2,0.11,0.11,0.11,0.0071,0.4128,1901.94,0
2026-08-18T04:59:00Z,BTC,594,70,5,0.16,0.17,0.18,0.0118,0.2772,64527.11,0
2026-08-18T04:59:00Z,ETH,468,40,2,0.11,0.11,0.11,0.0071,0.4128,1901.94,0
2026-08-18T05:00:00Z,BTC,594,70,5,0.16,0.17,0.18,0.0118,0.2772,64523.47,0
2026-08-18T05:00:00Z,ETH,468,40,2,0.165,0.1925,0.22,0.0107,0.4128,1901.44,0
2026-08-18T05:01:00Z,BTC,594,70,5,0.16,0.17,0.18,0.0118,0.2772,64523.43,0
2026-08-18T05:01:00Z,ETH,468,40,2,0.165,0.1925,0.22,0.0107,0.4128,1901.44,0
2026-08-18T05:02:00Z,BTC,594,70,5,0.16,0.18,0.18,0.0117,0.2772,64512.62,0
2026-08-18T05:02:00Z,ETH,468,40,2,0.115,0.1175,0.12,0.0071,0.4128,1901.44,0
2026-08-18T05:03:00Z,BTC,594,70,5,0.16,0.17,0.18,0.0117,0.2765,64497.93,0
2026-08-18T05:03:00Z,ETH,468,40,2,0.22,0.27,0.32,0.0144,0.4127,1900.94,0
2026-08-18T05:04:00Z,BTC,594,70,5,0.16,0.17,0.18,0.0117,0.2765,64497.92,0
2026-08-18T05:04:00Z,ETH,468,40,2,0.225,0.2775,0.33,0.0144,0.4127,1900.9,0
2026-08-18T05:05:00Z,BTC,594,70,5,0.15,0.17,0.18,0.0118,0.2763,64526.87,0
2026-08-18T05:05:00Z,ETH,468,40,2,0.11,0.115,0.12,0.0072,0.4128,1901.86,0
2026-08-18T05:07:00Z,BTC,594,70,5,0.16,0.17,0.17,0.0118,0.2754,64546.01,0
2026-08-18T05:07:00Z,ETH,468,40,2,0.115,0.1175,0.12,0.0072,0.4128,1902.21,0
2026-08-18T05:09:00Z,BTC,594,70,5,0.16,0.17,0.18,0.0121,0.2754,64593.15,0
2026-08-18T05:09:00Z,ETH,468,40,2,0.11,0.11,0.11,0.0072,0.4129,1904.07,0
2026-08-18T05:10:00Z,BTC,594,70,5,0.16,0.17,0.18,0.0121,0.2754,64587.92,0
2026-08-18T05:10:00Z,ETH,468,40,2,0.115,0.1175,0.12,0.0072,0.4129,1903.81,0
2026-08-18T05:11:00Z,BTC,594,70,5,0.15,0.18,0.18,0.0118,0.2763,64564.31,0
2026-08-18T05:11:00Z,ETH,468,40,2,0.115,0.1175,0.12,0.0071,0.4128,1903.02,0
2026-08-18T05:12:00Z,BTC,594,70,5,0.15,0.18,0.18,0.012,0.2763,64559.64,0
2026-08-18T05:12:00Z,ETH,468,40,2,0.115,0.1175,0.12,0.0071,0.4129,1903.28,0
2026-08-18T05:14:00Z,BTC,594,70,5,0.15,0.17,0.18,0.0118,0.2764,64541.02,0
2026-08-18T05:14:00Z,ETH,468,40,2,0.115,0.1175,0.12,0.0071,0.4128,1902.78,0
2026-08-18T05:15:00Z,BTC,594,70,5,0.15,0.17,0.18,0.0118,0.2756,64548.73,0
2026-08-18T05:15:00Z,ETH,468,40,2,0.115,0.1175,0.12,0.0071,0.4128,1902.98,0
2026-08-18T05:16:00Z,BTC,594,70,5,0.16,0.18,0.18,0.0118,0.2777,64530.57,0
2026-08-18T05:16:00Z,ETH,468,40,2,0.11,0.11,0.11,0.0071,0.4128,1902.52,0
2026-08-18T05:17:00Z,BTC,594,70,5,0.15,0.17,0.18,0.0118,0.2778,64534.28,0
2026-08-18T05:17:00Z,ETH,468,40,2,0.105,0.1075,0.11,0.0071,0.4128,1902.57,0
2026-08-18T05:18:00Z,BTC,594,70,5,0.15,0.17,0.18,0.0118,0.2776,64533.5,0
2026-08-18T05:18:00Z,ETH,468,40,2,0.115,0.1175,0.12,0.0071,0.4128,1902.71,0
2026-08-18T05:19:00Z,BTC,594,70,5,0.16,0.18,0.18,0.012,0.2779,64538.52,0
2026-08-18T05:19:00Z,ETH,468,40,2,0.105,0.1075,0.11,0.0071,0.4128,1902.77,0
2026-08-18T05:20:00Z,BTC,594,70,5,0.16,0.17,0.18,0.012,0.2765,64558.74,0
2026-08-18T05:20:00Z,ETH,468,40,2,0.115,0.1175,0.12,0.0071,0.4129,1903.22,0
2026-08-18T05:22:00Z,BTC,594,70,5,0.15,0.17,0.18,0.0118,0.2777,64535.49,0
2026-08-18T05:22:00Z,ETH,468,40,2,0.115,0.1175,0.12,0.0071,0.4128,1901.78,0
2026-08-18T05:23:00Z,BTC,594,70,5,0.16,0.18,0.18,0.0118,0.278,64525.65,0
2026-08-18T05:23:00Z,ETH,468,40,2,0.17,0.195,0.22,0.0107,0.4128,1901.24,0
2026-08-18T05:24:00Z,BTC,594,70,5,0.16,0.18,0.18,0.0118,0.278,64526.1,0
2026-08-18T05:24:00Z,ETH,468,40,2,0.165,0.1925,0.22,0.0107,0.4127,1901.17,0
2026-08-18T05:25:00Z,BTC,594,70,5,0.16,0.18,0.18,0.0118,0.2782,64532.36,0
2026-08-18T05:25:00Z,ETH,468,40,2,0.165,0.1925,0.22,0.0107,0.4127,1901.26,0
2026-08-18T05:26:00Z,BTC,594,70,5,0.16,0.18,0.18,0.0118,0.278,64538.25,0
2026-08-18T05:26:00Z,ETH,468,40,2,0.115,0.1175,0.12,0.0071,0.4128,1901.61,0
2026-08-18T05:27:00Z,BTC,594,70,5,0.15,0.17,0.18,0.0118,0.2771,64553.88,0
2026-08-18T05:27:00Z,ETH,468,40,2,0.17,0.195,0.22,0.0108,0.4128,1901.81,0
2026-08-18T05:28:00Z,BTC,594,70,5,0.15,0.17,0.18,0.0118,0.2778,64536.13,0
2026-08-18T05:28:00Z,ETH,468,40,2,0.11,0.11,0.11,0.0072,0.4127,1901.19,0
2026-08-18T05:29:00Z,BTC,594,70,5,0.16,0.17,0.18,0.0118,0.2778,64536.51,0
2026-08-18T05:29:00Z,ETH,468,40,2,0.11,0.11,0.11,0.0072,0.4128,1901.22,0
2026-08-18T05:30:00Z,BTC,594,70,5,0.16,0.17,0.18,0.012,0.2762,64549.27,0
2026-08-18T05:30:00Z,ETH,468,40,2,0.11,0.11,0.11,0.0071,0.4127,1900.66,0
2026-08-18T05:31:00Z,BTC,594,70,5,0.16,0.17,0.18,0.0118,0.2772,64529.08,0
2026-08-18T05:31:00Z,ETH,468,40,2,0.17,0.2,0.23,0.0107,0.4127,1900.65,0
2026-08-18T05:32:00Z,BTC,594,70,5,0.15,0.18,0.18,0.0118,0.2775,64525.34,0
2026-08-18T05:32:00Z,ETH,468,40,2,0.165,0.1925,0.22,0.0108,0.4127,1900.36,0
2026-08-18T05:33:00Z,BTC,29,0,0,,,,,,64786.4,0
2026-08-18T05:33:00Z,ETH,468,40,2,0.165,0.1925,0.22,0.0108,0.4127,1900.37,0
2026-08-18T05:34:00Z,BTC,594,70,5,0.15,0.17,0.17,0.0118,0.2775,64521.67,0
2026-08-18T05:34:00Z,ETH,468,40,2,0.17,0.2,0.23,0.0106,0.4127,1899.97,0
2026-08-18T05:35:00Z,BTC,594,70,5,0.16,0.17,0.18,0.0118,0.2775,64510.62,0
2026-08-18T05:35:00Z,ETH,468,40,2,0.11,0.11,0.11,0.0071,0.4163,1899.4,0
2026-08-18T05:36:00Z,BTC,594,70,5,0.15,0.17,0.18,0.0118,0.2775,64510.73,0
2026-08-18T05:36:00Z,ETH,468,40,2,0.11,0.11,0.11,0.0071,0.4163,1899.46,0
2026-08-18T05:38:00Z,BTC,594,70,6,0.16,0.1775,0.2,0.0131,0.2777,64478.47,0
2026-08-18T05:38:00Z,ETH,468,40,2,0.11,0.11,0.11,0.0072,0.4163,1899.28,0
2026-08-18T05:39:00Z,BTC,594,70,6,0.16,0.1775,0.2,0.0131,0.2776,64477.76,0
2026-08-18T05:39:00Z,ETH,468,40,2,0.11,0.11,0.11,0.0072,0.4163,1899.21,0
2026-08-18T05:40:00Z,BTC,594,70,6,0.165,0.17,0.2,0.0133,0.277,64501.74,0
2026-08-18T05:40:00Z,ETH,468,40,2,0.11,0.11,0.11,0.0072,0.4127,1900.19,0
2026-08-18T05:41:00Z,BTC,594,70,5,0.15,0.18,0.18,0.0117,0.2775,64510.69,0
2026-08-18T05:41:00Z,ETH,468,40,2,0.11,0.11,0.11,0.0072,0.4127,1900.47,0
2026-08-18T05:42:00Z,BTC,594,70,6,0.17,0.18,0.2,0.0133,0.2775,64511.12,0
2026-08-18T05:42:00Z,ETH,468,40,2,0.115,0.1175,0.12,0.0072,0.4127,1900.48,0
2026-08-18T05:43:00Z,BTC,594,70,5,0.15,0.17,0.18,0.012,0.277,64568.05,0
2026-08-18T05:43:00Z,ETH,468,40,2,0.165,0.1925,0.22,0.0108,0.4128,1901.68,0
2026-08-18T05:44:00Z,BTC,594,70,5,0.15,0.17,0.18,0.012,0.2761,64571.64,0
2026-08-18T05:44:00Z,ETH,468,40,2,0.165,0.1925,0.22,0.0108,0.4128,1902.17,0
2026-08-18T05:46:00Z,BTC,594,70,5,0.16,0.17,0.17,0.012,0.2771,64538.47,0
2026-08-18T05:46:00Z,ETH,468,40,2,0.225,0.2275,0.23,0.0142,0.4127,1900.83,0
2026-08-18T05:47:00Z,BTC,594,70,5,0.15,0.18,0.18,0.0118,0.2766,64525.36,0
2026-08-18T05:47:00Z,ETH,468,40,2,0.115,0.1175,0.12,0.0071,0.4127,1900.61,0
2026-08-18T05:48:00Z,BTC,594,70,5,0.15,0.18,0.18,0.0118,0.2771,64527.21,0
2026-08-18T05:48:00Z,ETH,468,40,2,0.11,0.11,0.11,0.0071,0.4127,1900.69,0
2026-08-18T05:49:00Z,BTC,594,70,5,0.16,0.17,0.17,0.0118,0.2754,64546.35,0
2026-08-18T05:49:00Z,ETH,468,40,2,0.17,0.2,0.23,0.0108,0.4128,1901.36,0
2026-08-18T05:50:00Z,BTC,594,70,5,0.16,0.17,0.18,0.0118,0.2768,64522.86,0
2026-08-18T05:50:00Z,ETH,468,40,2,0.11,0.11,0.11,0.0071,0.4127,1900.35,0
2026-08-18T05:51:00Z,BTC,594,70,5,0.16,0.18,0.18,0.0118,0.2767,64518.88,0
2026-08-18T05:51:00Z,ETH,468,40,2,0.11,0.11,0.11,0.0071,0.4127,1900.33,0
2026-08-18T05:52:00Z,BTC,594,70,5,0.16,0.18,0.18,0.0118,0.2772,64517.9,0
2026-08-18T05:52:00Z,ETH,468,40,2,0.11,0.11,0.11,0.0071,0.4127,1900.81,0
2026-08-18T05:53:00Z,BTC,594,70,5,0.15,0.17,0.17,0.0118,0.2772,64517.81,0
2026-08-18T05:53:00Z,ETH,468,40,2,0.11,0.11,0.11,0.0071,0.4127,1900.82,0
2026-08-18T05:54:00Z,BTC,594,70,5,0.16,0.17,0.17,0.0118,0.277,64545.13,0
2026-08-18T05:54:00Z,ETH,468,40,2,0.17,0.2,0.23,0.0108,0.4128,1901.88,0
2026-08-18T05:55:00Z,BTC,594,70,5,0.16,0.17,0.18,0.0118,0.2769,64537.05,0
2026-08-18T05:55:00Z,ETH,468,40,2,0.115,0.1175,0.12,0.0072,0.4128,1901.42,0
2026-08-18T05:56:00Z,BTC,594,70,5,0.16,0.18,0.18,0.0118,0.2772,64540.56,0
2026-08-18T05:56:00Z,ETH,468,40,2,0.11,0.11,0.11,0.0072,0.4128,1901.45,0
2026-08-18T05:57:00Z,BTC,594,70,5,0.16,0.18,0.18,0.0118,0.2771,64543.21,0
2026-08-18T05:57:00Z,ETH,468,40,2,0.115,0.1175,0.12,0.0072,0.4127,1901.03,0
2026-08-18T05:58:00Z,BTC,594,70,5,0.16,0.18,0.18,0.0118,0.2772,64534.96,0
2026-08-18T05:58:00Z,ETH,468,40,2,0.11,0.11,0.11,0.0072,0.4127,1901.04,0
2026-08-18T06:00:00Z,BTC,594,70,5,0.15,0.17,0.18,0.0118,0.2772,64521.95,0
2026-08-18T06:00:00Z,ETH,468,40,2,0.225,0.2825,0.34,0.0146,0.4127,1900.06,0
2026-08-18T06:02:00Z,BTC,594,70,6,0.165,0.1775,0.2,0.0133,0.2768,64512.91,0
2026-08-18T06:02:00Z,ETH,468,40,2,0.11,0.11,0.11,0.0072,0.4127,1900.53,0
2026-08-18T06:03:00Z,BTC,594,70,6,0.165,0.18,0.2,0.0133,0.2772,64501.71,0
2026-08-18T06:03:00Z,ETH,468,40,2,0.165,0.1925,0.22,0.0108,0.4127,1899.87,0
2026-08-18T06:04:00Z,BTC,594,70,6,0.165,0.1775,0.2,0.0133,0.2772,64504.4,0
2026-08-18T06:04:00Z,ETH,468,40,2,0.17,0.2,0.23,0.0108,0.4127,1899.71,0
2026-08-18T06:05:00Z,BTC,594,70,6,0.16,0.1775,0.2,0.0133,0.2772,64502.25,0
2026-08-18T06:05:00Z,ETH,468,40,2,0.17,0.195,0.22,0.0108,0.4163,1899.68,0
2026-08-18T06:06:00Z,BTC,594,70,6,0.165,0.1775,0.2,0.0133,0.2772,64496.36,0
2026-08-18T06:06:00Z,ETH,468,40,2,0.11,0.11,0.11,0.0071,0.4163,1899.61,0
2026-08-18T06:08:00Z,BTC,594,70,6,0.165,0.1775,0.2,0.0133,0.2768,64474.58,0
2026-08-18T06:08:00Z,ETH,468,40,2,0.115,0.1175,0.12,0.0072,0.4163,1899.21,0
2026-08-18T06:10:00Z,BTC,594,70,5,0.15,0.17,0.18,0.0118,0.2773,64518.53,0
2026-08-18T06:10:00Z,ETH,468,40,2,0.11,0.11,0.11,0.0072,0.4127,1901.0,0
2026-08-18T06:12:00Z,BTC,594,70,5,0.16,0.17,0.18,0.0123,0.2765,64586.71,0
2026-08-18T06:12:00Z,ETH,468,40,2,0.115,0.1175,0.12,0.0073,0.4128,1902.28,0
2026-08-18T06:14:00Z,BTC,594,70,5,0.16,0.17,0.18,0.0118,0.2771,64546.78,0
2026-08-18T06:14:00Z,ETH,468,40,2,0.165,0.1925,0.22,0.0109,0.4128,1901.68,0
2026-08-18T06:15:00Z,BTC,594,70,5,0.16,0.17,0.18,0.0118,0.2771,64547.46,0
2026-08-18T06:15:00Z,ETH,468,40,2,0.17,0.2,0.23,0.0109,0.4128,1901.64,0
2026-08-18T06:17:00Z,BTC,594,70,5,0.16,0.18,0.18,0.0121,0.2756,64564.65,0
2026-08-18T06:17:00Z,ETH,468,40,2,0.105,0.1075,0.11,0.0072,0.4128,1902.76,0
2026-08-18T06:18:00Z,BTC,594,70,5,0.16,0.17,0.18,0.0123,0.2748,64591.04,0
2026-08-18T06:18:00Z,ETH,468,40,2,0.115,0.1175,0.12,0.0073,0.4129,1903.4,0
2026-08-18T06:19:00Z,BTC,594,70,5,0.16,0.17,0.18,0.0123,0.2748,64591.87,0
2026-08-18T06:19:00Z,ETH,468,40,2,0.11,0.11,0.11,0.0073,0.4129,1903.43,0
2026-08-18T06:20:00Z,BTC,594,70,5,0.15,0.17,0.18,0.0123,0.2752,64593.99,0
2026-08-18T06:20:00Z,ETH,468,40,2,0.115,0.1175,0.12,0.0072,0.4128,1903.16,0
2026-08-18T06:21:00Z,BTC,594,70,5,0.16,0.17,0.18,0.0123,0.2769,64610.91,0
2026-08-18T06:21:00Z,ETH,468,40,2,0.115,0.1175,0.12,0.0072,0.4129,1903.94,0
2026-08-18T06:22:00Z,BTC,594,70,5,0.16,0.18,0.18,0.0123,0.2769,64611.51,0
2026-08-18T06:22:00Z,ETH,468,40,2,0.115,0.1175,0.12,0.0072,0.4129,1904.2,0
2026-08-18T06:23:00Z,BTC,594,70,4,0.17,0.1725,0.18,0.0143,0.2764,64655.19,0
2026-08-18T06:23:00Z,ETH,468,40,2,0.11,0.115,0.12,0.0072,0.4129,1905.38,0
2026-08-18T06:24:00Z,BTC,594,70,4,0.165,0.175,0.19,0.0143,0.2764,64655.73,0
2026-08-18T06:24:00Z,ETH,468,40,2,0.11,0.11,0.11,0.0072,0.4129,1905.51,0
2026-08-18T06:25:00Z,BTC,594,70,4,0.17,0.1725,0.18,0.0145,0.2762,64672.31,0
2026-08-18T06:25:00Z,ETH,468,40,2,0.115,0.1175,0.12,0.0072,0.4129,1906.05,0
2026-08-18T06:27:00Z,BTC,594,70,4,0.165,0.1725,0.18,0.0144,0.276,64661.05,0
2026-08-18T06:27:00Z,ETH,468,40,2,0.11,0.11,0.11,0.0072,0.4129,1905.43,0
2026-08-18T06:28:00Z,BTC,594,70,4,0.165,0.175,0.19,0.0144,0.276,64655.72,0
2026-08-18T06:28:00Z,ETH,468,40,2,0.11,0.115,0.12,0.0072,0.4129,1905.38,0
2026-08-18T06:29:00Z,BTC,594,70,4,0.165,0.1725,0.18,0.0144,0.276,64656.02,0
2026-08-18T06:29:00Z,ETH,468,40,2,0.11,0.115,0.12,0.0072,0.4129,1905.41,0
2026-08-18T06:30:00Z,BTC,594,70,4,0.16,0.165,0.18,0.0145,0.2763,64687.35,0
2026-08-18T06:30:00Z,ETH,468,40,2,0.115,0.1175,0.12,0.0072,0.4129,1906.98,0
2026-08-18T06:31:00Z,BTC,594,70,4,0.165,0.175,0.19,0.0143,0.2775,64704.42,0
2026-08-18T06:31:00Z,ETH,468,40,2,0.115,0.1175,0.12,0.0072,0.4129,1906.98,0
2026-08-18T06:32:00Z,BTC,594,70,4,0.165,0.1725,0.18,0.0143,0.2775,64711.98,0
2026-08-18T06:32:00Z,ETH,468,40,2,0.11,0.115,0.12,0.0072,0.4129,1907.56,0
2026-08-18T06:33:00Z,BTC,594,70,4,0.165,0.175,0.19,0.0142,0.2783,64707.87,0
2026-08-18T06:33:00Z,ETH,468,40,2,0.16,0.185,0.21,0.0105,0.4129,1907.12,0
2026-08-18T06:35:00Z,BTC,594,70,4,0.16,0.165,0.18,0.0143,0.2781,64688.92,0
2026-08-18T06:35:00Z,ETH,468,40,2,0.115,0.1175,0.12,0.0072,0.4129,1906.33,0
2026-08-18T06:36:00Z,BTC,594,70,4,0.16,0.165,0.18,0.0142,0.2788,64698.43,0
2026-08-18T06:36:00Z,ETH,468,40,2,0.115,0.1175,0.12,0.0072,0.4129,1906.6,0
2026-08-18T06:37:00Z,BTC,594,70,4,0.165,0.175,0.19,0.0142,0.2788,64700.17,0
2026-08-18T06:37:00Z,ETH,468,40,2,0.11,0.11,0.11,0.0072,0.4129,1906.64,0
2026-08-18T06:39:00Z,BTC,594,70,4,0.16,0.1675,0.19,0.0142,0.2788,64738.84,0
2026-08-18T06:39:00Z,ETH,468,40,2,0.115,0.1175,0.12,0.0072,0.4129,1908.43,0
2026-08-18T06:41:00Z,BTC,594,70,4,0.165,0.175,0.19,0.0143,0.279,64728.7,0
2026-08-18T06:41:00Z,ETH,468,40,2,0.115,0.1175,0.12,0.0072,0.4129,1909.18,0
2026-08-18T06:43:00Z,BTC,594,70,4,0.165,0.175,0.19,0.0141,0.2759,64743.7,0
2026-08-18T06:43:00Z,ETH,468,40,2,0.11,0.115,0.12,0.0071,0.4129,1910.97,0
2026-08-18T06:44:00Z,BTC,594,70,4,0.165,0.175,0.19,0.0141,0.2795,64745.54,0
2026-08-18T06:44:00Z,ETH,468,40,2,0.11,0.115,0.12,0.0071,0.4129,1910.79,0
2026-08-18T06:46:00Z,BTC,594,70,4,0.17,0.175,0.19,0.0143,0.2784,64695.35,0
2026-08-18T06:46:00Z,ETH,468,40,2,0.115,0.1175,0.12,0.0072,0.4129,1909.34,0
2026-08-18T06:47:00Z,BTC,594,70,4,0.17,0.1725,0.18,0.0142,0.2779,64680.39,0
2026-08-18T06:47:00Z,ETH,468,40,2,0.11,0.115,0.12,0.0072,0.4129,1909.33,0
2026-08-18T06:48:00Z,BTC,594,70,4,0.165,0.1725,0.18,0.0142,0.2774,64662.01,0
2026-08-18T06:48:00Z,ETH,468,40,2,0.11,0.115,0.12,0.0072,0.4129,1909.12,0
2026-08-18T06:49:00Z,BTC,594,70,4,0.165,0.1725,0.18,0.0143,0.2766,64640.58,0
2026-08-18T06:49:00Z,ETH,468,40,2,0.11,0.115,0.12,0.0072,0.4129,1908.54,0
2026-08-18T06:50:00Z,BTC,594,70,4,0.165,0.1725,0.18,0.0143,0.2763,64639.44,0
2026-08-18T06:50:00Z,ETH,468,40,2,0.11,0.115,0.12,0.0072,0.4129,1908.46,0
2026-08-18T06:51:00Z,BTC,594,70,5,0.16,0.17,0.18,0.0124,0.2761,64631.9,0
2026-08-18T06:51:00Z,ETH,468,40,2,0.11,0.115,0.12,0.0072,0.4129,1908.18,0
2026-08-18T06:52:00Z,BTC,594,70,5,0.16,0.17,0.18,0.0124,0.276,64632.38,0
2026-08-18T06:52:00Z,ETH,468,40,2,0.115,0.1175,0.12,0.0072,0.4129,1907.85,0
2026-08-18T06:53:00Z,BTC,594,70,5,0.15,0.17,0.18,0.0124,0.276,64625.43,0
2026-08-18T06:53:00Z,ETH,468,40,2,0.115,0.1175,0.12,0.0072,0.4129,1907.41,0
2026-08-18T06:54:00Z,BTC,594,70,5,0.16,0.17,0.18,0.0124,0.276,64618.92,0
2026-08-18T06:54:00Z,ETH,468,40,2,0.11,0.11,0.11,0.0072,0.4129,1907.32,0
2026-08-18T06:55:00Z,BTC,594,70,5,0.16,0.17,0.18,0.0124,0.2759,64612.87,0
2026-08-18T06:55:00Z,ETH,468,40,2,0.11,0.115,0.12,0.0072,0.4129,1907.2,0
2026-08-18T06:56:00Z,BTC,594,70,5,0.16,0.17,0.18,0.0123,0.2762,64593.19,0
2026-08-18T06:56:00Z,ETH,468,40,2,0.115,0.1175,0.12,0.0072,0.4129,1906.61,0
2026-08-18T06:57:00Z,BTC,594,70,5,0.16,0.17,0.18,0.0123,0.2761,64601.66,0
2026-08-18T06:57:00Z,ETH,468,40,2,0.115,0.1175,0.12,0.0072,0.4129,1907.11,0
2026-08-18T06:58:00Z,BTC,594,70,5,0.16,0.17,0.18,0.0123,0.2761,64603.83,0
2026-08-18T06:58:00Z,ETH,468,40,2,0.115,0.1175,0.12,0.0072,0.4129,1907.16,0
2026-08-18T06:59:00Z,BTC,594,70,5,0.16,0.17,0.18,0.0124,0.2759,64637.19,0
2026-08-18T06:59:00Z,ETH,468,40,2,0.115,0.1175,0.12,0.0073,0.4129,1907.86,0
2026-08-18T07:01:00Z,BTC,594,70,5,0.16,0.17,0.19,0.0126,0.2747,64637.32,0
2026-08-18T07:01:00Z,ETH,468,40,2,0.105,0.1075,0.11,0.0073,0.4129,1908.01,0
2026-08-18T07:03:00Z,BTC,594,70,5,0.16,0.17,0.19,0.0126,0.2747,64635.72,0
2026-08-18T07:03:00Z,ETH,468,40,2,0.11,0.115,0.12,0.0072,0.4129,1908.21,0
2026-08-18T07:05:00Z,BTC,594,70,5,0.16,0.17,0.18,0.0124,0.2746,64630.04,0
2026-08-18T07:05:00Z,ETH,468,40,2,0.11,0.115,0.12,0.0073,0.4129,1908.2,0
2026-08-18T07:06:00Z,BTC,594,70,5,0.16,0.17,0.19,0.0124,0.2741,64627.49,0
2026-08-18T07:06:00Z,ETH,468,40,2,0.115,0.1175,0.12,0.0073,0.4129,1907.76,0
2026-08-18T07:07:00Z,BTC,594,70,5,0.16,0.17,0.18,0.0126,0.2737,64638.37,0
2026-08-18T07:07:00Z,ETH,468,40,2,0.235,0.2975,0.36,0.0152,0.4129,1907.7,0
2026-08-18T07:08:00Z,BTC,594,70,5,0.16,0.17,0.18,0.0126,0.2737,64642.68,0
2026-08-18T07:08:00Z,ETH,468,40,2,0.115,0.1175,0.12,0.0073,0.4129,1908.03,0
2026-08-18T07:09:00Z,BTC,594,70,4,0.165,0.175,0.19,0.0143,0.2742,64653.55,0
2026-08-18T07:09:00Z,ETH,468,40,2,0.115,0.1175,0.12,0.0073,0.4129,1907.67,0
2026-08-18T07:10:00Z,BTC,594,70,4,0.165,0.175,0.19,0.0145,0.2735,64665.0,0
2026-08-18T07:10:00Z,ETH,468,40,2,0.11,0.115,0.12,0.0074,0.4129,1907.57,0
2026-08-18T07:11:00Z,BTC,594,70,4,0.165,0.175,0.19,0.0145,0.2735,64664.97,0
2026-08-18T07:11:00Z,ETH,468,40,2,0.115,0.1175,0.12,0.0074,0.4129,1907.59,0
2026-08-18T07:12:00Z,BTC,594,70,5,0.16,0.17,0.19,0.0127,0.2737,64643.58,0
2026-08-18T07:12:00Z,ETH,468,40,2,0.11,0.115,0.12,0.0074,0.4129,1907.43,0
2026-08-18T07:13:00Z,BTC,594,70,5,0.16,0.17,0.19,0.0127,0.2743,64653.47,0
2026-08-18T07:13:00Z,ETH,468,40,2,0.11,0.115,0.12,0.0074,0.4129,1907.45,0
2026-08-18T07:15:00Z,BTC,594,70,5,0.16,0.17,0.19,0.0127,0.2738,64655.4,0
2026-08-18T07:15:00Z,ETH,468,40,2,0.115,0.1175,0.12,0.0074,0.4129,1908.12,0
2026-08-18T07:16:00Z,BTC,594,70,4,0.165,0.175,0.19,0.0145,0.2741,64667.55,0
2026-08-18T07:16:00Z,ETH,468,40,2,0.11,0.115,0.12,0.0073,0.4129,1908.24,0
2026-08-18T07:17:00Z,BTC,594,70,4,0.165,0.1725,0.18,0.0145,0.2741,64667.2,0
2026-08-18T07:17:00Z,ETH,468,40,2,0.115,0.1175,0.12,0.0073,0.4129,1908.03,0
2026-08-18T07:18:00Z,BTC,594,70,4,0.165,0.1725,0.18,0.0145,0.2737,64674.64,0
2026-08-18T07:18:00Z,ETH,468,40,2,0.115,0.1175,0.12,0.0074,0.4129,1908.0,0
2026-08-18T07:19:00Z,BTC,594,70,4,0.165,0.175,0.19,0.0146,0.2736,64665.36,0
2026-08-18T07:19:00Z,ETH,468,40,2,0.11,0.115,0.12,0.0074,0.4129,1907.42,0
2026-08-18T07:20:00Z,BTC,594,70,4,0.165,0.1725,0.18,0.0146,0.2736,64665.96,0
2026-08-18T07:20:00Z,ETH,468,40,2,0.11,0.115,0.12,0.0074,0.4129,1907.43,0
2026-08-18T07:21:00Z,BTC,594,70,5,0.16,0.17,0.18,0.0127,0.2747,64638.68,0
2026-08-18T07:21:00Z,ETH,468,40,2,0.115,0.1175,0.12,0.0073,0.4129,1906.96,0
2026-08-18T07:22:00Z,BTC,594,70,5,0.16,0.17,0.19,0.0126,0.2752,64624.94,0
2026-08-18T07:22:00Z,ETH,468,40,2,0.11,0.11,0.11,0.0073,0.4129,1906.35,0
2026-08-18T07:23:00Z,BTC,594,70,5,0.16,0.17,0.19,0.0126,0.2752,64624.81,0
2026-08-18T07:23:00Z,ETH,468,40,2,0.115,0.1175,0.12,0.0073,0.4129,1906.21,0
2026-08-18T07:24:00Z,BTC,594,70,5,0.16,0.17,0.18,0.0126,0.2755,64634.73,0
2026-08-18T07:24:00Z,ETH,468,40,2,0.11,0.11,0.11,0.0073,0.4129,1906.34,0
2026-08-18T07:25:00Z,BTC,594,70,5,0.16,0.17,0.18,0.0126,0.2752,64635.76,0
2026-08-18T07:25:00Z,ETH,468,40,2,0.11,0.11,0.11,0.0073,0.4129,1906.36,0
2026-08-18T07:26:00Z,BTC,594,70,5,0.16,0.17,0.18,0.0126,0.2753,64632.74,0
2026-08-18T07:26:00Z,ETH,468,40,2,0.115,0.1175,0.12,0.0073,0.4129,1906.18,0
2026-08-18T07:27:00Z,BTC,594,70,5,0.16,0.17,0.18,0.0126,0.2753,64633.42,0
2026-08-18T07:27:00Z,ETH,468,40,2,0.115,0.1175,0.12,0.0073,0.4129,1906.15,0
2026-08-18T07:28:00Z,BTC,594,70,5,0.18,0.18,0.27,0.016,0.2753,64624.21,0
2026-08-18T07:28:00Z,ETH,468,40,2,0.11,0.11,0.11,0.0073,0.4129,1905.74,0
2026-08-18T07:29:00Z,BTC,594,70,5,0.17,0.18,0.27,0.016,0.2753,64624.22,0
2026-08-18T07:29:00Z,ETH,468,40,2,0.11,0.115,0.12,0.0073,0.4129,1905.73,0
2026-08-18T07:30:00Z,BTC,594,70,5,0.16,0.18,0.18,0.0123,0.2761,64590.09,0
2026-08-18T07:30:00Z,ETH,468,40,2,0.115,0.1175,0.12,0.0073,0.4129,1905.25,0
2026-08-18T07:32:00Z,BTC,594,70,5,0.16,0.17,0.18,0.0123,0.2754,64590.29,0
2026-08-18T07:32:00Z,ETH,468,40,2,0.165,0.1975,0.23,0.0111,0.4129,1905.97,0
2026-08-18T07:33:00Z,BTC,594,70,5,0.16,0.18,0.18,0.0123,0.2764,64570.77,0
2026-08-18T07:33:00Z,ETH,468,40,2,0.11,0.115,0.12,0.0074,0.4129,1904.84,0
2026-08-18T07:34:00Z,BTC,594,70,5,0.16,0.17,0.18,0.0123,0.2747,64556.63,0
2026-08-18T07:34:00Z,ETH,468,40,2,0.115,0.1175,0.12,0.0074,0.4129,1904.86,0
2026-08-18T07:35:00Z,BTC,594,70,5,0.16,0.18,0.18,0.0123,0.2747,64558.16,0
2026-08-18T07:35:00Z,ETH,468,40,2,0.115,0.1175,0.12,0.0074,0.4129,1904.82,0
2026-08-18T07:36:00Z,BTC,594,70,5,0.16,0.18,0.18,0.0123,0.2749,64564.79,0
2026-08-18T07:36:00Z,ETH,468,40,2,0.11,0.11,0.11,0.0074,0.4129,1905.25,0
2026-08-18T07:37:00Z,BTC,594,70,5,0.16,0.17,0.18,0.0123,0.2746,64571.2,0
2026-08-18T07:37:00Z,ETH,468,40,2,0.115,0.1175,0.12,0.0074,0.4129,1905.63,0
2026-08-18T07:38:00Z,BTC,594,70,5,0.15,0.18,0.18,0.0123,0.2746,64570.28,0
2026-08-18T07:38:00Z,ETH,468,40,2,0.11,0.11,0.11,0.0074,0.4129,1905.64,0
2026-08-18T07:39:00Z,BTC,594,70,5,0.16,0.18,0.18,0.0124,0.2746,64574.39,0
2026-08-18T07:39:00Z,ETH,468,40,2,0.115,0.1175,0.12,0.0074,0.4129,1906.3,0
2026-08-18T07:40:00Z,BTC,594,70,5,0.16,0.17,0.18,0.0124,0.2742,64576.38,0
2026-08-18T07:40:00Z,ETH,468,40,2,0.115,0.1175,0.12,0.0074,0.4129,1906.4,0
2026-08-18T07:41:00Z,BTC,594,70,5,0.15,0.17,0.18,0.0124,0.2742,64567.85,0
2026-08-18T07:41:00Z,ETH,468,40,2,0.115,0.1175,0.12,0.0074,0.4129,1906.19,0
2026-08-18T07:42:00Z,BTC,594,70,5,0.16,0.17,0.18,0.0124,0.2741,64578.4,0
2026-08-18T07:42:00Z,ETH,468,40,2,0.11,0.115,0.12,0.0074,0.4129,1906.35,0
2026-08-18T07:43:00Z,BTC,594,70,5,0.16,0.17,0.18,0.0124,0.2737,64570.74,0
2026-08-18T07:43:00Z,ETH,468,40,2,0.11,0.11,0.11,0.0074,0.4129,1905.78,0
2026-08-18T07:44:00Z,BTC,594,70,5,0.16,0.17,0.18,0.0124,0.2741,64570.17,0
2026-08-18T07:44:00Z,ETH,468,40,2,0.11,0.11,0.11,0.0074,0.4129,1905.68,0
2026-08-18T07:45:00Z,BTC,594,70,5,0.16,0.17,0.18,0.0124,0.2739,64567.78,0
2026-08-18T07:45:00Z,ETH,468,40,2,0.115,0.1175,0.12,0.0074,0.4129,1905.53,0
2026-08-18T07:47:00Z,BTC,594,70,5,0.15,0.17,0.18,0.0124,0.2727,64560.49,0
2026-08-18T07:47:00Z,ETH,468,40,2,0.11,0.115,0.12,0.0074,0.4129,1905.3,0
2026-08-18T07:49:00Z,BTC,594,70,5,0.16,0.18,0.18,0.0124,0.2738,64527.37,0
2026-08-18T07:49:00Z,ETH,468,40,2,0.11,0.11,0.11,0.0074,0.4129,1904.25,0
2026-08-18T07:50:00Z,BTC,594,70,5,0.16,0.17,0.18,0.0121,0.2741,64499.22,0
2026-08-18T07:50:00Z,ETH,468,40,2,0.115,0.1175,0.12,0.0074,0.4129,1903.81,0
2026-08-18T07:51:00Z,BTC,594,70,5,0.16,0.17,0.18,0.0121,0.2741,64499.19,0
2026-08-18T07:51:00Z,ETH,468,40,2,0.115,0.1175,0.12,0.0074,0.4129,1903.81,0
2026-08-18T07:52:00Z,BTC,594,70,5,0.16,0.18,0.18,0.0121,0.2744,64500.46,0
2026-08-18T07:52:00Z,ETH,468,40,2,0.115,0.1175,0.12,0.0074,0.4129,1903.92,0
2026-08-18T07:53:00Z,BTC,594,70,5,0.15,0.18,0.18,0.0121,0.2748,64490.99,0
2026-08-18T07:53:00Z,ETH,468,40,2,0.115,0.1175,0.12,0.0074,0.4129,1903.42,0
2026-08-18T07:55:00Z,BTC,594,70,5,0.16,0.18,0.18,0.012,0.2747,64489.92,0
2026-08-18T07:55:00Z,ETH,468,40,2,0.11,0.11,0.11,0.0074,0.4129,1903.54,0
2026-08-18T07:56:00Z,BTC,594,70,5,0.16,0.18,0.18,0.012,0.2752,64489.91,0
2026-08-18T07:56:00Z,ETH,468,40,2,0.115,0.1175,0.12,0.0074,0.4129,1903.51,0
2026-08-18T07:57:00Z,BTC,594,70,5,0.16,0.17,0.18,0.012,0.2749,64503.26,0
2026-08-18T07:57:00Z,ETH,468,40,2,0.115,0.1175,0.12,0.0074,0.4129,1904.34,0
2026-08-18T07:59:00Z,BTC,594,70,5,0.16,0.17,0.18,0.0121,0.2742,64517.82,0
2026-08-18T07:59:00Z,ETH,468,40,2,0.17,0.195,0.22,0.011,0.4129,1904.16,0
2026-08-18T08:00:00Z,BTC,594,70,5,0.28,0.32,0.35,0.0202,0.2745,64523.05,0
2026-08-18T08:00:00Z,ETH,468,40,2,0.68,0.725,0.77,0.0446,0.4129,1903.73,0
2026-08-18T08:01:00Z,BTC,564,70,5,0.16,0.18,0.18,0.012,0.2743,64528.83,0
2026-08-18T08:01:00Z,ETH,434,40,2,0.165,0.1925,0.22,0.0111,0.4129,1904.2,0
2026-08-18T08:02:00Z,BTC,564,70,5,0.15,0.18,0.18,0.0123,0.2736,64529.16,0
2026-08-18T08:02:00Z,ETH,434,40,2,0.115,0.1175,0.12,0.0074,0.4129,1904.05,0
2026-08-18T08:03:00Z,BTC,564,70,5,0.16,0.18,0.18,0.0123,0.2736,64521.88,0
2026-08-18T08:03:00Z,ETH,434,40,2,0.175,0.2075,0.24,0.0111,0.4129,1903.41,0
2026-08-18T08:04:00Z,BTC,564,70,5,0.16,0.18,0.18,0.0123,0.2735,64484.47,0
2026-08-18T08:04:00Z,ETH,434,40,2,0.11,0.11,0.11,0.0074,0.4128,1901.83,0
2026-08-18T08:05:00Z,BTC,564,70,5,0.15,0.18,0.18,0.0123,0.2699,64477.92,0
2026-08-18T08:05:00Z,ETH,434,40,2,0.115,0.1175,0.12,0.0075,0.4127,1901.26,0
2026-08-18T08:06:00Z,BTC,564,70,5,0.15,0.17,0.19,0.0123,0.2694,64438.58,0
2026-08-18T08:06:00Z,ETH,434,40,2,0.115,0.1175,0.12,0.0075,0.4127,1900.13,0
2026-08-18T08:07:00Z,BTC,564,70,5,0.16,0.18,0.18,0.0121,0.2692,64421.13,0
2026-08-18T08:07:00Z,ETH,434,40,2,0.115,0.1175,0.12,0.0074,0.4163,1899.31,0
2026-08-18T08:08:00Z,BTC,564,70,6,0.17,0.18,0.2,0.0138,0.2691,64405.79,0
2026-08-18T08:08:00Z,ETH,434,40,2,0.12,0.12,0.12,0.0074,0.4163,1899.11,0
2026-08-18T08:09:00Z,BTC,564,70,5,0.15,0.18,0.19,0.0121,0.2692,64446.55,0
2026-08-18T08:09:00Z,ETH,434,40,2,0.115,0.1175,0.12,0.0075,0.4127,1900.99,0
2026-08-18T08:10:00Z,BTC,564,70,5,0.16,0.18,0.19,0.0121,0.2689,64427.32,0
2026-08-18T08:10:00Z,ETH,434,40,2,0.11,0.11,0.11,0.0075,0.4127,1900.39,0
2026-08-18T08:11:00Z,BTC,564,70,5,0.16,0.18,0.19,0.0121,0.2689,64427.28,0
2026-08-18T08:11:00Z,ETH,434,40,2,0.11,0.11,0.11,0.0075,0.4127,1900.39,0
2026-08-18T08:12:00Z,BTC,564,70,5,0.16,0.18,0.18,0.0121,0.2694,64437.12,0
2026-08-18T08:12:00Z,ETH,434,40,2,0.11,0.11,0.11,0.0075,0.4127,1900.99,0
2026-08-18T08:13:00Z,BTC,564,70,5,0.16,0.18,0.18,0.0123,0.2683,64456.98,0
2026-08-18T08:13:00Z,ETH,434,40,2,0.11,0.11,0.11,0.0075,0.4128,1902.16,0
2026-08-18T08:14:00Z,BTC,564,70,5,0.16,0.18,0.19,0.0123,0.2683,64466.78,0
2026-08-18T08:14:00Z,ETH,434,40,2,0.11,0.11,0.11,0.0075,0.4128,1902.54,0
2026-08-18T08:15:00Z,BTC,564,70,5,0.16,0.18,0.18,0.0124,0.2684,64481.53,0
2026-08-18T08:15:00Z,ETH,434,40,2,0.11,0.11,0.11,0.0075,0.4128,1903.25,0
2026-08-18T08:16:00Z,BTC,564,70,5,0.16,0.18,0.18,0.0126,0.268,64514.57,0
2026-08-18T08:16:00Z,ETH,434,40,2,0.115,0.1175,0.12,0.0075,0.4129,1904.58,0
2026-08-18T08:17:00Z,BTC,564,70,5,0.16,0.18,0.18,0.0127,0.2678,64510.18,0
2026-08-18T08:17:00Z,ETH,434,40,2,0.11,0.11,0.11,0.0075,0.4128,1902.94,0
2026-08-18T08:18:00Z,BTC,564,70,5,0.15,0.18,0.18,0.0127,0.2678,64512.13,0
2026-08-18T08:18:00Z,ETH,434,40,2,0.12,0.12,0.12,0.0075,0.4128,1903.18,0
2026-08-18T08:19:00Z,BTC,564,70,5,0.16,0.18,0.19,0.0129,0.2678,64541.34,0
2026-08-18T08:19:00Z,ETH,434,40,2,0.11,0.115,0.12,0.0075,0.4129,1905.23,0
2026-08-18T08:20:00Z,BTC,564,70,5,0.16,0.18,0.18,0.0129,0.2682,64550.61,0
2026-08-18T08:20:00Z,ETH,434,40,2,0.115,0.1175,0.12,0.0076,0.4129,1904.56,0
2026-08-18T08:21:00Z,BTC,564,70,5,0.17,0.18,0.18,0.0129,0.2682,64550.58,0
2026-08-18T08:21:00Z,ETH,434,40,2,0.115,0.1175,0.12,0.0076,0.4129,1904.56,0
2026-08-18T08:22:00Z,BTC,564,70,5,0.16,0.17,0.18,0.0129,0.268,64539.66,0
2026-08-18T08:22:00Z,ETH,434,40,2,0.115,0.1175,0.12,0.0075,0.4129,1903.46,0
2026-08-18T08:23:00Z,BTC,564,70,5,0.16,0.18,0.18,0.0129,0.2684,64526.22,0
2026-08-18T08:23:00Z,ETH,434,40,2,0.11,0.11,0.11,0.0075,0.4128,1903.05,0
2026-08-18T08:24:00Z,BTC,564,70,5,0.16,0.18,0.18,0.0129,0.2672,64520.52,0
2026-08-18T08:24:00Z,ETH,434,40,2,0.115,0.1175,0.12,0.0075,0.4128,1902.97,0
2026-08-18T08:25:00Z,BTC,564,70,5,0.16,0.18,0.18,0.0129,0.2672,64520.31,0
2026-08-18T08:25:00Z,ETH,434,40,2,0.11,0.11,0.11,0.0075,0.4128,1902.99,0
2026-08-18T08:26:00Z,BTC,564,70,5,0.16,0.18,0.19,0.0129,0.2679,64533.79,0
2026-08-18T08:26:00Z,ETH,434,40,2,0.165,0.1925,0.22,0.0113,0.4129,1903.69,0
2026-08-18T08:27:00Z,BTC,564,70,5,0.16,0.17,0.18,0.0131,0.2684,64548.26,0
2026-08-18T08:27:00Z,ETH,434,40,2,0.115,0.1175,0.12,0.0076,0.4129,1904.44,0
2026-08-18T08:28:00Z,BTC,564,70,5,0.16,0.18,0.19,0.0129,0.2674,64515.96,0
2026-08-18T08:28:00Z,ETH,434,40,2,0.12,0.12,0.12,0.0075,0.4128,1902.97,0
2026-08-18T08:29:00Z,BTC,564,70,5,0.16,0.18,0.18,0.0129,0.2674,64515.56,0
2026-08-18T08:29:00Z,ETH,434,40,2,0.11,0.11,0.11,0.0075,0.4128,1902.91,0
2026-08-18T08:30:00Z,BTC,564,70,5,0.16,0.18,0.18,0.0129,0.2673,64519.2,0
2026-08-18T08:30:00Z,ETH,434,40,2,0.115,0.1175,0.12,0.0075,0.4128,1903.03,0
2026-08-18T08:31:00Z,BTC,564,70,5,0.16,0.18,0.18,0.0129,0.2681,64537.62,0
2026-08-18T08:31:00Z,ETH,434,40,2,0.17,0.2,0.23,0.0114,0.4129,1904.07,0
2026-08-18T08:32:00Z,BTC,564,70,5,0.16,0.18,0.19,0.0129,0.2681,64542.5,0
2026-08-18T08:32:00Z,ETH,434,40,2,0.11,0.11,0.11,0.0076,0.4129,1904.26,0
2026-08-18T08:33:00Z,BTC,564,70,5,0.16,0.17,0.19,0.0131,0.2676,64544.19,0
2026-08-18T08:33:00Z,ETH,434,40,2,0.115,0.1175,0.12,0.0076,0.4129,1904.34,0
2026-08-18T08:34:00Z,BTC,564,70,5,0.17,0.17,0.18,0.0131,0.2683,64555.96,0
2026-08-18T08:34:00Z,ETH,434,40,2,0.115,0.1175,0.12,0.0076,0.4129,1904.47,0
2026-08-18T08:35:00Z,BTC,564,70,5,0.16,0.18,0.18,0.0131,0.2683,64564.45,0
2026-08-18T08:35:00Z,ETH,434,40,2,0.115,0.1175,0.12,0.0076,0.4129,1904.74,0
2026-08-18T08:36:00Z,BTC,564,70,5,0.17,0.18,0.19,0.0134,0.2665,64618.08,0
2026-08-18T08:36:00Z,ETH,434,40,2,0.115,0.1175,0.12,0.0076,0.4129,1906.37,0
2026-08-18T08:37:00Z,BTC,564,70,5,0.16,0.17,0.18,0.0134,0.2676,64630.47,0
2026-08-18T08:37:00Z,ETH,434,40,2,0.115,0.1175,0.12,0.0076,0.4129,1906.58,0
2026-08-18T08:38:00Z,BTC,564,70,5,0.17,0.17,0.19,0.0134,0.2667,64631.31,0
2026-08-18T08:38:00Z,ETH,434,40,2,0.115,0.1175,0.12,0.0076,0.4129,1906.51,0
2026-08-18T08:39:00Z,BTC,564,70,5,0.17,0.17,0.18,0.0136,0.2667,64643.36,0
2026-08-18T08:39:00Z,ETH,434,40,2,0.115,0.1175,0.12,0.0076,0.4129,1907.06,0
2026-08-18T08:40:00Z,BTC,564,70,5,0.16,0.18,0.19,0.0134,0.2671,64612.95,0
2026-08-18T08:40:00Z,ETH,434,40,2,0.115,0.1175,0.12,0.0076,0.4129,1906.32,0
2026-08-18T08:42:00Z,BTC,564,70,5,0.16,0.17,0.19,0.0134,0.2665,64604.19,0
2026-08-18T08:42:00Z,ETH,434,40,2,0.115,0.1175,0.12,0.0076,0.4129,1906.2,0
2026-08-18T08:43:00Z,BTC,564,70,5,0.17,0.18,0.19,0.0134,0.2668,64601.89,0
2026-08-18T08:43:00Z,ETH,434,40,2,0.115,0.1175,0.12,0.0076,0.4129,1905.81,0
2026-08-18T08:44:00Z,BTC,564,70,5,0.17,0.17,0.18,0.0134,0.2667,64600.33,0
2026-08-18T08:44:00Z,ETH,434,40,2,0.285,0.3075,0.33,0.0188,0.4129,1905.57,0
2026-08-18T08:45:00Z,BTC,564,70,5,0.17,0.18,0.19,0.0134,0.2663,64589.67,0
2026-08-18T08:45:00Z,ETH,434,40,2,0.22,0.275,0.33,0.0148,0.4129,1905.26,0
2026-08-18T08:46:00Z,BTC,564,70,5,0.16,0.17,0.19,0.0132,0.2661,64589.56,0
2026-08-18T08:46:00Z,ETH,434,40,2,0.17,0.195,0.22,0.0112,0.4129,1905.27,0
2026-08-18T08:47:00Z,BTC,564,70,5,0.16,0.17,0.19,0.0132,0.2665,64584.29,0
2026-08-18T08:47:00Z,ETH,434,40,2,0.17,0.195,0.22,0.0112,0.4129,1904.81,0
2026-08-18T08:48:00Z,BTC,564,70,5,0.16,0.18,0.18,0.0131,0.2684,64562.99,0
2026-08-18T08:48:00Z,ETH,434,40,2,0.175,0.2075,0.24,0.0114,0.4129,1904.17,0
2026-08-18T08:50:00Z,BTC,564,70,5,0.18,0.18,0.33,0.0168,0.2672,64566.68,0
2026-08-18T08:50:00Z,ETH,434,40,2,0.175,0.2075,0.24,0.0114,0.4129,1904.25,0
2026-08-18T08:51:00Z,BTC,564,70,5,0.16,0.18,0.18,0.0132,0.2659,64595.53,0
2026-08-18T08:51:00Z,ETH,434,40,2,0.175,0.2075,0.24,0.0114,0.4129,1905.3,0
2026-08-18T08:52:00Z,BTC,564,70,5,0.16,0.18,0.19,0.0134,0.2658,64596.12,0
2026-08-18T08:52:00Z,ETH,434,40,2,0.175,0.2075,0.24,0.0115,0.4129,1905.33,0
2026-08-18T08:53:00Z,BTC,564,70,5,0.16,0.17,0.18,0.0134,0.2658,64593.86,0
2026-08-18T08:53:00Z,ETH,434,40,2,0.175,0.2075,0.24,0.0114,0.4129,1905.18,0
2026-08-18T08:54:00Z,BTC,564,70,5,0.17,0.18,0.18,0.0132,0.2671,64574.89,0
2026-08-18T08:54:00Z,ETH,434,40,2,0.23,0.235,0.24,0.0151,0.4129,1905.29,0
2026-08-18T08:55:00Z,BTC,564,70,5,0.16,0.18,0.19,0.0132,0.2671,64575.78,0
2026-08-18T08:55:00Z,ETH,434,40,2,0.175,0.2075,0.24,0.0115,0.4129,1905.3,0
2026-08-18T08:56:00Z,BTC,564,70,5,0.16,0.18,0.19,0.0132,0.2673,64583.4,0
2026-08-18T08:56:00Z,ETH,434,40,2,0.115,0.1175,0.12,0.0076,0.4129,1905.2,0
2026-08-18T08:57:00Z,BTC,564,70,5,0.16,0.18,0.19,0.0132,0.2673,64583.61,0
2026-08-18T08:57:00Z,ETH,434,40,2,0.175,0.2075,0.24,0.0115,0.4129,1905.28,0
2026-08-18T08:58:00Z,BTC,564,70,5,0.16,0.18,0.19,0.0134,0.2658,64609.41,0
2026-08-18T08:58:00Z,ETH,434,40,2,0.17,0.2,0.23,0.0116,0.4129,1905.86,0
2026-08-18T08:59:00Z,BTC,564,70,5,0.16,0.17,0.19,0.0134,0.2653,64608.08,0
2026-08-18T08:59:00Z,ETH,434,40,2,0.175,0.2075,0.24,0.0116,0.4129,1905.85,0
2026-08-18T09:00:00Z,BTC,564,70,5,0.16,0.18,0.19,0.0134,0.2661,64591.99,0
2026-08-18T09:00:00Z,ETH,434,40,2,0.175,0.2075,0.24,0.0116,0.4129,1905.31,0
2026-08-18T09:01:00Z,BTC,564,70,5,0.16,0.17,0.19,0.0134,0.2656,64581.86,0
2026-08-18T09:01:00Z,ETH,434,40,2,0.17,0.2,0.23,0.0116,0.4129,1905.03,0
2026-08-18T09:02:00Z,BTC,564,70,5,0.16,0.18,0.19,0.0136,0.2655,64583.8,0
2026-08-18T09:02:00Z,ETH,434,40,2,0.17,0.195,0.22,0.0113,0.4129,1905.08,0
2026-08-18T09:03:00Z,BTC,564,70,5,0.16,0.18,0.19,0.0134,0.2651,64549.65,0
2026-08-18T09:03:00Z,ETH,434,40,2,0.17,0.195,0.22,0.0113,0.4129,1904.56,0
2026-08-18T09:04:00Z,BTC,564,70,5,0.16,0.18,0.18,0.0134,0.2653,64556.36,0
2026-08-18T09:04:00Z,ETH,434,40,2,0.23,0.235,0.24,0.0153,0.4129,1904.62,0
2026-08-18T09:05:00Z,BTC,564,70,5,0.16,0.18,0.18,0.0134,0.2655,64548.91,0
2026-08-18T09:05:00Z,ETH,434,40,2,0.29,0.325,0.36,0.0194,0.4129,1904.28,0
2026-08-18T09:06:00Z,BTC,564,70,5,0.16,0.18,0.19,0.0134,0.2661,64558.9,0
2026-08-18T09:06:00Z,ETH,434,40,2,0.295,0.3875,0.48,0.0198,0.4129,1904.63,0
2026-08-18T09:07:00Z,BTC,564,70,5,0.16,0.18,0.19,0.0134,0.2663,64553.29,0
2026-08-18T09:07:00Z,ETH,434,40,2,0.35,0.415,0.48,0.0237,0.4129,1903.8,0
2026-08-18T09:08:00Z,BTC,564,70,5,0.16,0.18,0.18,0.0134,0.2657,64552.89,0
2026-08-18T09:08:00Z,ETH,434,40,2,0.35,0.47,0.59,0.0239,0.4129,1903.97,0
2026-08-18T09:09:00Z,BTC,564,70,5,0.16,0.18,0.19,0.0134,0.2651,64552.33,0
2026-08-18T09:09:00Z,ETH,434,40,2,0.47,0.535,0.6,0.0314,0.4129,1904.05,0
2026-08-18T09:10:00Z,BTC,564,70,5,0.17,0.18,0.18,0.0134,0.2652,64555.89,0
2026-08-18T09:10:00Z,ETH,434,40,2,0.29,0.325,0.36,0.0196,0.4129,1904.46,0
2026-08-18T09:11:00Z,BTC,564,70,5,0.16,0.18,0.19,0.0134,0.2655,64556.26,0
2026-08-18T09:11:00Z,ETH,434,40,2,0.29,0.38,0.47,0.0199,0.4129,1904.7,0
2026-08-18T09:12:00Z,BTC,564,70,5,0.16,0.17,0.19,0.0134,0.2656,64560.73,0
2026-08-18T09:12:00Z,ETH,434,40,2,0.295,0.3875,0.48,0.0199,0.4129,1904.7,0
2026-08-18T09:13:00Z,BTC,564,70,5,0.18,0.19,0.27,0.0171,0.2658,64561.47,0
2026-08-18T09:13:00Z,ETH,434,40,2,0.295,0.3875,0.48,0.0199,0.4129,1904.55,0
2026-08-18T09:14:00Z,BTC,564,70,5,0.17,0.18,0.18,0.0134,0.2644,64558.74,0
2026-08-18T09:14:00Z,ETH,434,40,2,0.53,0.625,0.72,0.0354,0.4129,1904.53,0
2026-08-18T09:15:00Z,BTC,564,70,5,0.16,0.18,0.18,0.0134,0.2646,64549.72,0
2026-08-18T09:15:00Z,ETH,434,40,2,1.74,2.06,2.38,0.1155,0.4129,1904.62,0
2026-08-18T09:16:00Z,BTC,564,70,5,0.17,0.18,0.18,0.0134,0.2643,64541.85,0
2026-08-18T09:16:00Z,ETH,434,40,2,1.51,1.82,2.13,0.1003,0.4129,1904.05,0
2026-08-18T09:17:00Z,BTC,564,70,5,0.17,0.18,0.18,0.0134,0.2646,64524.27,0
2026-08-18T09:17:00Z,ETH,434,40,2,1.4,1.88,2.36,0.0929,0.4128,1903.2,0
2026-08-18T09:18:00Z,BTC,564,70,5,0.18,0.19,0.28,0.0171,0.2653,64513.1,0
2026-08-18T09:18:00Z,ETH,434,40,2,1.455,1.9075,2.36,0.0967,0.4128,1903.28,0
2026-08-18T09:19:00Z,BTC,564,70,5,0.16,0.18,0.18,0.0132,0.2655,64501.25,0
2026-08-18T09:19:00Z,ETH,434,40,2,1.805,2.3125,2.82,0.1196,0.4128,1902.33,0
2026-08-18T09:20:00Z,BTC,564,70,5,0.16,0.19,0.19,0.0132,0.2649,64498.24,0
2026-08-18T09:20:00Z,ETH,434,40,2,1.34,1.73,2.12,0.0889,0.4128,1902.47,0
2026-08-18T09:21:00Z,BTC,564,70,5,0.16,0.18,0.19,0.0132,0.265,64499.15,0
2026-08-18T09:21:00Z,ETH,434,40,2,1.69,2.2,2.71,0.1124,0.4128,1902.5,0
2026-08-18T09:22:00Z,BTC,564,70,5,0.16,0.18,0.19,0.0132,0.265,64489.95,0
2026-08-18T09:22:00Z,ETH,434,40,2,1.57,2.075,2.58,0.1043,0.4128,1902.13,0
2026-08-18T09:23:00Z,BTC,564,70,5,0.16,0.18,0.19,0.0132,0.2653,64489.86,0
2026-08-18T09:23:00Z,ETH,434,40,2,1.455,1.9025,2.35,0.0965,0.4128,1902.11,0
2026-08-18T09:24:00Z,BTC,564,70,5,0.16,0.18,0.19,0.0131,0.2657,64473.01,0
2026-08-18T09:24:00Z,ETH,434,40,2,1.795,2.2425,2.69,0.1196,0.4128,1901.5,0
2026-08-18T09:25:00Z,BTC,564,70,5,0.16,0.18,0.18,0.0129,0.2663,64471.26,0
2026-08-18T09:25:00Z,ETH,434,40,2,1.39,1.695,2.0,0.0923,0.4128,1901.85,0
2026-08-18T09:26:00Z,BTC,564,70,5,0.16,0.18,0.18,0.0129,0.2666,64473.49,0
2026-08-18T09:26:00Z,ETH,434,40,2,1.56,1.775,1.99,0.1041,0.4127,1901.32,0
2026-08-18T09:27:00Z,BTC,564,70,5,0.16,0.18,0.19,0.0131,0.267,64495.05,0
2026-08-18T09:27:00Z,ETH,434,40,2,4.26,5.16,6.06,0.2742,0.4128,1902.03,0
2026-08-18T09:28:00Z,BTC,564,70,5,0.18,0.19,0.28,0.0168,0.2665,64484.22,0
2026-08-18T09:28:00Z,ETH,434,40,2,1.5,1.86,2.22,0.0994,0.4128,1902.0,0
2026-08-18T09:29:00Z,BTC,564,70,5,0.29,0.32,0.36,0.022,0.2663,64478.25,0
2026-08-18T09:29:00Z,ETH,434,40,2,1.86,2.395,2.93,0.1231,0.4128,1901.91,0
2026-08-18T09:30:00Z,BTC,564,70,5,0.32,0.85,0.9,0.0256,0.2663,64459.95,0
2026-08-18T09:30:00Z,ETH,434,40,2,1.86,2.395,2.93,0.1231,0.4128,1901.63,0
2026-08-18T09:31:00Z,BTC,564,70,5,0.71,0.72,0.79,0.0493,0.2666,64471.71,0
2026-08-18T09:31:00Z,ETH,434,40,2,1.805,2.3175,2.83,0.1196,0.4128,1902.28,0
2026-08-18T09:32:00Z,BTC,564,70,5,0.54,0.72,0.8,0.048,0.2672,64483.48,0
2026-08-18T09:32:00Z,ETH,434,40,2,1.69,2.145,2.6,0.1126,0.4128,1902.46,0
2026-08-18T09:33:00Z,BTC,564,70,5,0.55,0.57,0.63,0.048,0.2667,64492.83,0
2026-08-18T09:33:00Z,ETH,434,40,2,1.69,2.145,2.6,0.1126,0.4128,1902.77,0
2026-08-18T09:34:00Z,BTC,564,70,5,0.55,0.58,0.64,0.048,0.2661,64498.53,0
2026-08-18T09:34:00Z,ETH,434,40,2,1.575,2.0825,2.59,0.1048,0.4128,1902.97,0
2026-08-18T09:35:00Z,BTC,564,70,5,0.55,0.57,0.64,0.0396,0.2659,64501.22,0
2026-08-18T09:35:00Z,ETH,434,40,2,1.58,2.09,2.6,0.1048,0.4128,1902.9,0
2026-08-18T09:36:00Z,BTC,564,70,5,0.37,0.57,0.63,0.0392,0.2667,64482.93,0
2026-08-18T09:36:00Z,ETH,434,40,2,1.63,2.11,2.59,0.1085,0.4128,1902.21,0
2026-08-18T09:37:00Z,BTC,564,70,5,0.37,0.57,0.64,0.0392,0.267,64487.22,0
2026-08-18T09:37:00Z,ETH,434,40,2,1.63,2.11,2.59,0.1085,0.4128,1902.67,0
2026-08-18T09:38:00Z,BTC,564,70,5,0.37,0.57,0.64,0.0392,0.2661,64485.65,0
2026-08-18T09:38:00Z,ETH,434,40,2,1.63,2.11,2.59,0.1085,0.4128,1902.58,0
2026-08-18T09:39:00Z,BTC,564,70,5,0.37,0.57,0.64,0.0392,0.2669,64486.68,0
2026-08-18T09:39:00Z,ETH,434,40,2,1.63,2.11,2.59,0.1085,0.4128,1902.45,0
2026-08-18T09:40:00Z,BTC,564,70,5,0.37,0.57,0.64,0.0392,0.2661,64491.5,0
2026-08-18T09:40:00Z,ETH,434,40,2,1.635,2.1175,2.6,0.1085,0.4128,1902.82,0
2026-08-18T09:41:00Z,BTC,564,70,5,0.43,0.71,0.79,0.0392,0.266,64465.15,0
2026-08-18T09:41:00Z,ETH,434,40,2,1.92,2.37,2.82,0.1275,0.4128,1901.7,0
2026-08-18T09:42:00Z,BTC,564,70,5,0.42,0.71,0.79,0.0392,0.2673,64459.27,0
2026-08-18T09:42:00Z,ETH,434,40,2,1.565,1.8925,2.22,0.103,0.4128,1901.67,0
2026-08-18T09:43:00Z,BTC,564,70,5,0.37,0.71,0.79,0.0392,0.2677,64464.27,0
2026-08-18T09:43:00Z,ETH,434,40,2,1.45,1.835,2.22,0.0951,0.4128,1901.88,0
2026-08-18T09:44:00Z,BTC,564,70,5,0.71,0.79,0.85,0.0488,0.2681,64474.09,0
2026-08-18T09:44:00Z,ETH,434,40,2,1.445,1.8325,2.22,0.0951,0.4128,1902.02,0
2026-08-18T09:45:00Z,BTC,564,70,5,0.71,0.79,0.85,0.0488,0.2668,64468.96,0
2026-08-18T09:45:00Z,ETH,434,40,2,1.68,2.01,2.34,0.1102,0.4128,1901.59,0
2026-08-18T09:46:00Z,BTC,564,70,5,0.71,0.79,0.86,0.0488,0.2665,64473.89,0
2026-08-18T09:46:00Z,ETH,434,40,2,1.505,1.8625,2.22,0.0989,0.4128,1902.07,0
2026-08-18T09:47:00Z,BTC,564,70,5,0.71,0.71,0.79,0.0488,0.2672,64477.97,0
2026-08-18T09:47:00Z,ETH,434,40,2,1.45,1.78,2.11,0.0953,0.4128,1902.32,0
2026-08-18T09:48:00Z,BTC,564,70,5,0.57,0.63,0.71,0.0392,0.2672,64489.8,0
2026-08-18T09:48:00Z,ETH,434,40,2,1.22,1.55,1.88,0.0804,0.4128,1903.07,0
2026-08-18T09:49:00Z,BTC,564,70,5,0.57,0.63,0.71,0.0392,0.2668,64477.11,0
2026-08-18T09:49:00Z,ETH,434,40,2,1.215,1.5425,1.87,0.0804,0.4128,1902.44,0
2026-08-18T09:50:00Z,BTC,564,70,5,0.63,0.72,0.85,0.05,0.2667,64454.84,0
2026-08-18T09:50:00Z,ETH,434,40,2,1.335,1.6075,1.88,0.0882,0.4128,1901.77,0
2026-08-18T09:51:00Z,BTC,564,70,5,0.29,0.48,0.72,0.022,0.2671,64455.39,0
2026-08-18T09:51:00Z,ETH,434,40,2,1.33,1.6,1.87,0.0882,0.4128,1901.5,0
2026-08-18T09:52:00Z,BTC,564,70,5,0.16,0.18,0.18,0.0127,0.2678,64456.23,0
2026-08-18T09:52:00Z,ETH,434,40,2,1.33,1.6,1.87,0.0882,0.4128,1901.47,0
2026-08-18T09:53:00Z,BTC,564,70,5,0.16,0.18,0.18,0.0129,0.2676,64486.7,0
2026-08-18T09:53:00Z,ETH,434,40,2,1.33,1.605,1.88,0.0882,0.4128,1902.64,0
2026-08-18T09:54:00Z,BTC,564,70,5,0.16,0.18,0.19,0.0129,0.2676,64482.05,0
2026-08-18T09:54:00Z,ETH,434,40,2,1.335,1.6075,1.88,0.0882,0.4128,1902.43,0
2026-08-18T09:55:00Z,BTC,564,70,5,0.16,0.18,0.18,0.0129,0.2681,64477.05,0
2026-08-18T09:55:00Z,ETH,434,40,2,1.33,1.605,1.88,0.0882,0.4128,1902.52,0
2026-08-18T09:56:00Z,BTC,564,70,5,0.16,0.18,0.18,0.0131,0.268,64484.43,0
2026-08-18T09:56:00Z,ETH,434,40,2,1.22,1.55,1.88,0.0804,0.4128,1902.7,0
2026-08-18T09:57:00Z,BTC,564,70,5,0.16,0.18,0.19,0.0131,0.2674,64497.03,0
2026-08-18T09:57:00Z,ETH,434,40,2,1.22,1.555,1.89,0.0804,0.4128,1902.88,0
2026-08-18T09:58:00Z,BTC,564,70,5,0.16,0.18,0.19,0.0131,0.2672,64485.7,0
2026-08-18T09:58:00Z,ETH,434,40,2,1.22,1.55,1.88,0.0804,0.4128,1902.61,0
2026-08-18T09:59:00Z,BTC,564,70,5,0.16,0.18,0.18,0.0131,0.2676,64486.33,0
2026-08-18T09:59:00Z,ETH,434,40,2,1.22,1.55,1.88,0.0804,0.4128,1902.49,0
2026-08-18T10:00:00Z,BTC,564,70,5,0.16,0.19,0.19,0.0131,0.268,64470.88,0
2026-08-18T10:00:00Z,ETH,434,40,2,1.335,1.6075,1.88,0.0882,0.4128,1902.47,0
2026-08-18T10:01:00Z,BTC,564,70,5,0.16,0.19,0.37,0.0129,0.2676,64451.15,0
2026-08-18T10:01:00Z,ETH,434,40,2,1.445,1.6625,1.88,0.096,0.4128,1901.67,0
2026-08-18T10:02:00Z,BTC,564,70,5,0.16,0.18,0.37,0.0127,0.2676,64446.1,0
2026-08-18T10:02:00Z,ETH,434,40,2,1.445,1.6575,1.87,0.096,0.4127,1901.37,0
2026-08-18T10:03:00Z,BTC,564,70,5,0.55,0.57,0.58,0.0404,0.2671,64510.59,0
2026-08-18T10:03:00Z,ETH,434,40,2,1.22,1.55,1.88,0.0804,0.4128,1903.26,0
2026-08-18T10:04:00Z,BTC,564,70,5,0.42,0.43,0.49,0.0324,0.2664,64523.53,0
2026-08-18T10:04:00Z,ETH,434,40,2,1.155,1.4025,1.65,0.0765,0.4129,1903.78,0
2026-08-18T10:05:00Z,BTC,564,70,5,0.32,0.43,0.55,0.026,0.2668,64496.26,0
2026-08-18T10:05:00Z,ETH,434,40,2,1.51,1.87,2.23,0.0992,0.4128,1902.53,0
2026-08-18T10:06:00Z,BTC,564,70,5,0.29,0.33,0.43,0.0202,0.2669,64493.37,0
2026-08-18T10:06:00Z,ETH,434,40,2,1.505,1.8675,2.23,0.0992,0.4128,1902.12,0
2026-08-18T10:07:00Z,BTC,564,70,5,0.29,0.36,0.43,0.02,0.2676,64479.34,0
2026-08-18T10:07:00Z,ETH,434,40,2,1.51,1.87,2.23,0.0996,0.4128,1901.84,0
2026-08-18T10:08:00Z,BTC,564,70,5,0.19,0.28,0.29,0.0194,0.2679,64468.43,0
2026-08-18T10:08:00Z,ETH,434,40,2,1.5,1.86,2.22,0.0996,0.4128,1901.75,0
2026-08-18T10:09:00Z,BTC,564,70,5,0.28,0.28,0.37,0.02,0.268,64471.78,0
2026-08-18T10:09:00Z,ETH,434,40,2,1.51,1.87,2.23,0.0996,0.4128,1901.98,0
2026-08-18T10:10:00Z,BTC,564,70,5,0.29,0.29,0.95,0.02,0.2679,64468.87,0
2026-08-18T10:10:00Z,ETH,434,40,2,1.505,1.8675,2.23,0.0996,0.4128,1901.77,0
2026-08-18T10:11:00Z,BTC,564,70,5,0.28,0.29,0.95,0.02,0.2675,64466.5,0
2026-08-18T10:11:00Z,ETH,434,40,2,1.975,2.4025,2.83,0.1312,0.4128,1901.8,0
2026-08-18T10:12:00Z,BTC,564,70,5,0.28,0.36,0.95,0.0217,0.2675,64464.95,0
2026-08-18T10:12:00Z,ETH,434,40,2,2.03,2.54,3.05,0.1347,0.4127,1901.14,0
2026-08-18T10:13:00Z,BTC,564,70,5,0.29,0.36,0.96,0.0217,0.2676,64468.69,0
2026-08-18T10:13:00Z,ETH,434,40,2,1.975,2.4575,2.94,0.131,0.4127,1901.53,0
2026-08-18T10:14:00Z,BTC,564,70,5,0.28,0.36,0.95,0.0217,0.2676,64470.63,0
2026-08-18T10:14:00Z,ETH,434,40,2,2.035,2.4875,2.94,0.1347,0.4128,1901.82,0
2026-08-18T10:15:00Z,BTC,564,70,5,0.29,0.36,0.96,0.0217,0.2673,64472.76,0
2026-08-18T10:15:00Z,ETH,434,40,2,1.975,2.4025,2.83,0.1312,0.4128,1901.87,0
2026-08-18T10:16:00Z,BTC,564,70,5,0.29,0.36,0.95,0.0217,0.2672,64472.7,0
2026-08-18T10:16:00Z,ETH,434,40,2,1.92,2.315,2.71,0.1277,0.4128,1901.92,0
2026-08-18T10:17:00Z,BTC,564,70,5,0.29,0.55,0.96,0.0217,0.2672,64471.49,0
2026-08-18T10:17:00Z,ETH,434,40,2,1.805,2.2575,2.71,0.12,0.4128,1902.17,0
2026-08-18T10:18:00Z,BTC,564,70,5,0.42,0.55,0.96,0.0324,0.2669,64492.83,0
2026-08-18T10:18:00Z,ETH,434,40,2,1.695,2.2025,2.71,0.1122,0.4128,1902.72,0
2026-08-18T10:19:00Z,BTC,564,70,5,0.29,0.55,0.96,0.0217,0.2669,64489.92,0
2026-08-18T10:19:00Z,ETH,434,40,2,1.69,2.2,2.71,0.1122,0.4128,1902.31,0
2026-08-18T10:20:00Z,BTC,564,70,5,0.37,0.55,0.8,0.0392,0.2681,64471.24,0
2026-08-18T10:20:00Z,ETH,434,40,2,1.695,2.2025,2.71,0.1122,0.4128,1901.89,0
2026-08-18T10:21:00Z,BTC,564,70,5,0.37,0.43,0.48,0.0335,0.2673,64436.09,0
2026-08-18T10:21:00Z,ETH,434,40,2,1.975,2.4525,2.93,0.1313,0.4127,1901.03,0
2026-08-18T10:22:00Z,BTC,564,70,5,0.37,0.57,0.63,0.0392,0.2673,64461.59,0
2026-08-18T10:22:00Z,ETH,434,40,2,1.75,2.23,2.71,0.1163,0.4128,1901.93,0
2026-08-18T10:23:00Z,BTC,564,70,5,0.37,0.57,0.64,0.0392,0.2668,64474.38,0
2026-08-18T10:23:00Z,ETH,434,40,2,1.745,2.2275,2.71,0.1163,0.4128,1902.04,0
2026-08-18T10:24:00Z,BTC,564,70,5,0.37,0.43,0.63,0.0335,0.2669,64473.54,0
2026-08-18T10:24:00Z,ETH,434,40,2,1.745,2.2275,2.71,0.1163,0.4128,1901.77,0
2026-08-18T10:25:00Z,BTC,564,70,5,0.63,0.71,0.72,0.0488,0.2678,64475.17,0
2026-08-18T10:25:00Z,ETH,434,40,2,1.75,2.23,2.71,0.1163,0.4128,1901.96,0
2026-08-18T10:26:00Z,BTC,564,70,5,0.57,0.63,0.71,0.0392,0.2676,64460.27,0
2026-08-18T10:26:00Z,ETH,434,40,2,1.75,2.23,2.71,0.1163,0.4128,1901.91,0
2026-08-18T10:27:00Z,BTC,564,70,5,0.37,0.57,0.57,0.0392,0.2671,64464.66,0
2026-08-18T10:27:00Z,ETH,434,40,2,1.225,1.6725,2.12,0.0813,0.4128,1902.13,0
2026-08-18T10:28:00Z,BTC,564,70,5,0.43,0.48,0.57,0.0328,0.2667,64473.47,0
2026-08-18T10:28:00Z,ETH,434,40,2,0.515,0.5375,0.56,0.0344,0.4128,1902.51,0
2026-08-18T10:29:00Z,BTC,564,70,5,0.16,0.18,0.19,0.0129,0.2653,64474.69,0
2026-08-18T10:29:00Z,ETH,434,40,2,0.175,0.2025,0.23,0.0116,0.4128,1902.52,0
2026-08-18T10:30:00Z,BTC,564,70,5,0.16,0.18,0.19,0.0129,0.2652,64479.53,0
2026-08-18T10:30:00Z,ETH,434,40,2,0.175,0.2075,0.24,0.0116,0.4128,1902.39,0
2026-08-18T10:31:00Z,BTC,564,70,5,0.18,0.19,0.29,0.0168,0.2651,64510.47,0
2026-08-18T10:31:00Z,ETH,434,40,2,0.17,0.2,0.23,0.0117,0.4128,1903.23,0
2026-08-18T10:32:00Z,BTC,564,70,5,0.18,0.19,0.28,0.0168,0.2653,64513.85,0
2026-08-18T10:32:00Z,ETH,434,40,2,0.18,0.21,0.24,0.0117,0.4128,1903.16,0
2026-08-18T10:33:00Z,BTC,564,70,5,0.18,0.18,0.28,0.0168,0.2654,64513.93,0
2026-08-18T10:33:00Z,ETH,434,40,2,0.18,0.21,0.24,0.0117,0.4128,1903.08,0
2026-08-18T10:34:00Z,BTC,564,70,5,0.18,0.19,0.28,0.0168,0.2653,64518.61,0
2026-08-18T10:34:00Z,ETH,434,40,2,0.175,0.2075,0.24,0.0117,0.4128,1903.22,0
2026-08-18T10:35:00Z,BTC,564,70,5,0.18,0.19,0.28,0.0171,0.2651,64518.18,0
2026-08-18T10:35:00Z,ETH,434,40,2,0.175,0.2075,0.24,0.0117,0.4129,1903.43,0
2026-08-18T10:36:00Z,BTC,564,70,5,0.18,0.19,0.28,0.0171,0.2652,64514.77,0
2026-08-18T10:36:00Z,ETH,434,40,2,0.175,0.2075,0.24,0.0117,0.4129,1903.51,0
2026-08-18T10:37:00Z,BTC,564,70,5,0.16,0.18,0.19,0.0134,0.2651,64531.28,0
2026-08-18T10:37:00Z,ETH,434,40,2,0.175,0.2075,0.24,0.0117,0.4129,1904.03,0
2026-08-18T10:38:00Z,BTC,564,70,5,0.18,0.18,0.28,0.0171,0.2649,64533.99,0
2026-08-18T10:38:00Z,ETH,434,40,2,0.175,0.2075,0.24,0.0118,0.4129,1904.73,0
2026-08-18T10:39:00Z,BTC,564,70,5,0.16,0.18,0.18,0.0132,0.2652,64522.57,0
2026-08-18T10:39:00Z,ETH,434,40,2,0.115,0.1175,0.12,0.0078,0.4129,1903.88,0
2026-08-18T10:40:00Z,BTC,564,70,5,0.16,0.18,0.18,0.0132,0.2652,64510.46,0
2026-08-18T10:40:00Z,ETH,434,40,2,0.115,0.1175,0.12,0.0078,0.4129,1903.38,0
2026-08-18T10:41:00Z,BTC,564,70,5,0.18,0.19,0.28,0.0171,0.2653,64512.14,0
2026-08-18T10:41:00Z,ETH,434,40,2,0.18,0.21,0.24,0.0119,0.4129,1903.6,0
2026-08-18T10:42:00Z,BTC,564,70,5,0.18,0.18,0.28,0.0171,0.2653,64514.27,0
2026-08-18T10:42:00Z,ETH,434,40,2,0.115,0.1175,0.12,0.0078,0.4128,1903.19,0
2026-08-18T10:43:00Z,BTC,564,70,5,0.18,0.19,0.28,0.0171,0.2654,64515.79,0
2026-08-18T10:43:00Z,ETH,434,40,2,0.115,0.1175,0.12,0.0078,0.4128,1903.17,0
2026-08-18T10:44:00Z,BTC,564,70,5,0.18,0.19,0.28,0.0171,0.2654,64512.33,0
2026-08-18T10:44:00Z,ETH,434,40,2,0.17,0.2,0.23,0.0118,0.4128,1903.07,0
2026-08-18T10:45:00Z,BTC,564,70,5,0.16,0.18,0.19,0.0132,0.2651,64511.62,0
2026-08-18T10:45:00Z,ETH,434,40,2,0.175,0.2075,0.24,0.0118,0.4128,1903.15,0
2026-08-18T10:46:00Z,BTC,564,70,5,0.16,0.19,0.19,0.0132,0.2652,64512.79,0
2026-08-18T10:46:00Z,ETH,434,40,2,0.115,0.1175,0.12,0.0078,0.4128,1903.19,0
2026-08-18T10:47:00Z,BTC,564,70,5,0.16,0.19,0.19,0.0132,0.2657,64526.48,0
2026-08-18T10:47:00Z,ETH,434,40,2,0.175,0.2075,0.24,0.0119,0.4129,1903.94,0
2026-08-18T10:48:00Z,BTC,564,70,5,0.16,0.18,0.19,0.0134,0.2651,64522.81,0
2026-08-18T10:48:00Z,ETH,434,40,2,0.115,0.1175,0.12,0.0079,0.4129,1903.73,0
2026-08-18T10:49:00Z,BTC,564,70,5,0.16,0.19,0.19,0.0134,0.2646,64525.09,0
2026-08-18T10:49:00Z,ETH,434,40,2,0.12,0.12,0.12,0.0079,0.4129,1903.73,0
2026-08-18T10:50:00Z,BTC,564,70,5,0.16,0.19,0.19,0.0134,0.2639,64525.45,0
2026-08-18T10:50:00Z,ETH,434,40,2,0.115,0.1175,0.12,0.0079,0.4129,1903.65,0
2026-08-18T10:51:00Z,BTC,564,70,5,0.16,0.19,0.19,0.0134,0.2645,64530.72,0
2026-08-18T10:51:00Z,ETH,434,40,2,0.115,0.1175,0.12,0.0079,0.4129,1903.64,0
2026-08-18T10:52:00Z,BTC,564,70,5,0.16,0.18,0.19,0.0134,0.264,64515.76,0
2026-08-18T10:52:00Z,ETH,434,40,2,0.115,0.1175,0.12,0.0079,0.4129,1903.5,0
2026-08-18T10:53:00Z,BTC,564,70,5,0.16,0.19,0.19,0.0134,0.264,64517.11,0
2026-08-18T10:53:00Z,ETH,434,40,2,0.115,0.1175,0.12,0.0079,0.4129,1903.49,0
2026-08-18T10:54:00Z,BTC,564,70,5,0.16,0.18,0.19,0.0134,0.2641,64523.77,0
2026-08-18T10:54:00Z,ETH,434,40,2,0.115,0.1175,0.12,0.0079,0.4129,1903.68,0
2026-08-18T10:55:00Z,BTC,564,70,5,0.17,0.19,0.19,0.0134,0.264,64518.96,0
2026-08-18T10:55:00Z,ETH,434,40,2,0.175,0.2075,0.24,0.0119,0.4129,1904.09,0
2026-08-18T10:56:00Z,BTC,564,70,5,0.16,0.18,0.18,0.0134,0.2641,64517.86,0
2026-08-18T10:56:00Z,ETH,434,40,2,0.115,0.1175,0.12,0.0079,0.4129,1904.04,0
2026-08-18T10:57:00Z,BTC,564,70,5,0.16,0.18,0.19,0.0134,0.2641,64517.64,0
2026-08-18T10:57:00Z,ETH,434,40,2,0.18,0.21,0.24,0.0119,0.4129,1903.92,0
2026-08-18T10:58:00Z,BTC,564,70,5,0.16,0.18,0.19,0.0134,0.2643,64514.36,0
2026-08-18T10:58:00Z,ETH,434,40,2,0.115,0.1175,0.12,0.0079,0.4129,1903.67,0
2026-08-18T10:59:00Z,BTC,564,70,5,0.17,0.18,0.19,0.0134,0.2644,64516.7,0
2026-08-18T10:59:00Z,ETH,434,40,2,0.12,0.12,0.12,0.0079,0.4129,1903.67,0
2026-08-18T11:00:00Z,BTC,564,70,5,0.16,0.19,0.19,0.0134,0.2641,64513.04,0
2026-08-18T11:00:00Z,ETH,434,40,2,0.12,0.12,0.12,0.0079,0.4129,1903.81,0
2026-08-18T11:01:00Z,BTC,564,70,5,0.18,0.19,0.3,0.0174,0.2646,64545.27,0
2026-08-18T11:01:00Z,ETH,434,40,2,0.115,0.1175,0.12,0.0079,0.4129,1904.77,0
2026-08-18T11:02:00Z,BTC,564,70,5,0.17,0.18,0.19,0.0138,0.264,64584.07,0
2026-08-18T11:02:00Z,ETH,434,40,2,0.115,0.1175,0.12,0.0079,0.4129,1905.79,0
2026-08-18T11:03:00Z,BTC,564,70,5,0.16,0.18,0.19,0.0142,0.2628,64645.25,0
2026-08-18T11:03:00Z,ETH,434,40,2,0.175,0.2075,0.24,0.012,0.4129,1906.73,0
2026-08-18T11:04:00Z,BTC,564,70,5,0.17,0.17,0.19,0.014,0.2627,64616.41,0
2026-08-18T11:04:00Z,ETH,434,40,2,0.18,0.215,0.25,0.012,0.4129,1905.81,0
2026-08-18T11:05:00Z,BTC,564,70,5,0.17,0.18,0.19,0.014,0.2639,64591.55,0
2026-08-18T11:05:00Z,ETH,434,40,2,0.115,0.1175,0.12,0.0079,0.4129,1905.25,0
2026-08-18T11:06:00Z,BTC,564,70,5,0.16,0.18,0.19,0.014,0.2641,64595.29,0
2026-08-18T11:06:00Z,ETH,434,40,2,0.23,0.235,0.24,0.0157,0.4129,1905.1,0
2026-08-18T11:07:00Z,BTC,564,70,5,0.17,0.18,0.19,0.014,0.2642,64597.56,0
2026-08-18T11:07:00Z,ETH,434,40,2,0.23,0.235,0.24,0.0157,0.4129,1905.21,0
2026-08-18T11:08:00Z,BTC,564,70,5,0.16,0.18,0.19,0.014,0.2642,64596.75,0
2026-08-18T11:08:00Z,ETH,434,40,2,0.18,0.215,0.25,0.0119,0.4129,1905.73,0
2026-08-18T11:09:00Z,BTC,564,70,5,0.17,0.17,0.19,0.014,0.2628,64612.29,0
2026-08-18T11:09:00Z,ETH,434,40,2,0.115,0.1175,0.12,0.0079,0.4129,1906.16,0
2026-08-18T11:10:00Z,BTC,564,70,5,0.17,0.17,0.19,0.0142,0.2624,64628.94,0
2026-08-18T11:10:00Z,ETH,434,40,2,0.115,0.1175,0.12,0.0079,0.4129,1906.91,0
2026-08-18T11:11:00Z,BTC,564,70,5,0.17,0.18,0.19,0.0142,0.2631,64642.44,0
2026-08-18T11:11:00Z,ETH,434,40,2,0.18,0.215,0.25,0.0121,0.4129,1907.69,0
2026-08-18T11:12:00Z,BTC,564,70,5,0.18,0.19,0.3,0.0183,0.2629,64625.21,0
2026-08-18T11:12:00Z,ETH,434,40,2,0.115,0.1175,0.12,0.0079,0.4129,1906.64,0
2026-08-18T11:13:00Z,BTC,564,70,5,0.16,0.18,0.2,0.0142,0.2625,64638.34,0
2026-08-18T11:13:00Z,ETH,434,40,2,0.115,0.1175,0.12,0.0079,0.4129,1907.27,0
2026-08-18T11:14:00Z,BTC,564,70,5,0.17,0.18,0.2,0.0142,0.2631,64645.95,0
2026-08-18T11:14:00Z,ETH,434,40,2,0.115,0.1175,0.12,0.0079,0.4129,1907.81,0
2026-08-18T11:15:00Z,BTC,564,70,5,0.16,0.18,0.19,0.0144,0.2627,64679.67,0
2026-08-18T11:15:00Z,ETH,434,40,2,0.18,0.215,0.25,0.0121,0.4129,1908.74,0
2026-08-18T11:16:00Z,BTC,564,70,5,0.17,0.17,0.19,0.0144,0.2623,64675.33,0
2026-08-18T11:16:00Z,ETH,434,40,2,0.115,0.1175,0.12,0.0078,0.4129,1908.87,0
2026-08-18T11:17:00Z,BTC,564,70,5,0.17,0.18,0.19,0.0144,0.2636,64658.34,0
2026-08-18T11:17:00Z,ETH,434,40,2,0.115,0.1175,0.12,0.0078,0.4129,1908.75,0
2026-08-18T11:18:00Z,BTC,564,70,5,0.17,0.18,0.19,0.0144,0.2638,64659.59,0
2026-08-18T11:18:00Z,ETH,434,40,2,0.12,0.125,0.13,0.0078,0.4129,1908.89,0
2026-08-18T11:19:00Z,BTC,564,70,5,0.17,0.17,0.19,0.0142,0.2631,64649.7,0
2026-08-18T11:19:00Z,ETH,434,40,2,0.115,0.1225,0.13,0.0078,0.4129,1908.96,0
2026-08-18T11:20:00Z,BTC,564,70,5,0.17,0.17,0.2,0.0142,0.2631,64650.01,0
2026-08-18T11:20:00Z,ETH,434,40,2,0.12,0.125,0.13,0.0078,0.4129,1908.93,0
2026-08-18T11:21:00Z,BTC,564,70,5,0.17,0.17,0.19,0.0142,0.2632,64658.02,0
2026-08-18T11:21:00Z,ETH,434,40,2,0.115,0.1175,0.12,0.0078,0.4129,1909.32,0
2026-08-18T11:22:00Z,BTC,564,70,6,0.16,0.17,0.19,0.0129,0.2635,64693.82,0
2026-08-18T11:22:00Z,ETH,434,40,2,0.18,0.215,0.25,0.0121,0.4129,1910.86,0
2026-08-18T11:23:00Z,BTC,564,70,5,0.17,0.18,0.2,0.0144,0.2635,64679.64,0
2026-08-18T11:23:00Z,ETH,434,40,2,0.115,0.1175,0.12,0.0078,0.4129,1909.85,0
2026-08-18T11:24:00Z,BTC,564,70,6,0.16,0.17,0.19,0.0129,0.2634,64687.87,0
2026-08-18T11:24:00Z,ETH,434,40,2,0.115,0.1175,0.12,0.0078,0.4129,1910.8,0
2026-08-18T11:25:00Z,BTC,564,70,6,0.16,0.17,0.19,0.013,0.2633,64696.77,0
2026-08-18T11:25:00Z,ETH,434,40,2,0.115,0.1175,0.12,0.0078,0.4129,1910.61,0
2026-08-18T11:26:00Z,BTC,564,70,6,0.16,0.17,0.19,0.0129,0.2633,64687.62,0
2026-08-18T11:26:00Z,ETH,434,40,2,0.175,0.2075,0.24,0.0121,0.4129,1910.81,0
2026-08-18T11:27:00Z,BTC,564,70,6,0.19,0.2525,0.3,0.0176,0.2637,64689.56,0
2026-08-18T11:27:00Z,ETH,434,40,2,0.11,0.115,0.12,0.0078,0.4129,1910.92,0
2026-08-18T11:28:00Z,BTC,564,70,5,0.16,0.17,0.2,0.0144,0.2642,64688.09,0
2026-08-18T11:28:00Z,ETH,434,40,2,0.12,0.125,0.13,0.0078,0.4129,1910.78,0
2026-08-18T11:29:00Z,BTC,564,70,6,0.16,0.17,0.2,0.0129,0.2629,64690.14,0
2026-08-18T11:29:00Z,ETH,434,40,2,0.115,0.1225,0.13,0.0078,0.4129,1910.65,0
2026-08-18T11:30:00Z,BTC,564,70,5,0.17,0.17,0.19,0.0144,0.2642,64668.21,0
2026-08-18T11:30:00Z,ETH,434,40,2,0.11,0.115,0.12,0.0078,0.4129,1910.45,0
2026-08-18T11:31:00Z,BTC,564,70,5,0.17,0.18,0.19,0.0144,0.2642,64673.03,0
2026-08-18T11:31:00Z,ETH,434,40,2,0.115,0.1225,0.13,0.0078,0.4129,1910.22,0
2026-08-18T11:32:00Z,BTC,564,70,5,0.17,0.17,0.2,0.0146,0.2644,64680.18,0
2026-08-18T11:32:00Z,ETH,434,40,2,0.115,0.1175,0.12,0.0077,0.4129,1910.18,0
2026-08-18T11:33:00Z,BTC,564,70,5,0.17,0.17,0.19,0.0146,0.2658,64667.71,0
2026-08-18T11:33:00Z,ETH,434,40,2,0.12,0.125,0.13,0.0078,0.4129,1909.74,0
2026-08-18T11:34:00Z,BTC,564,70,6,0.16,0.17,0.2,0.013,0.2656,64689.82,0
2026-08-18T11:34:00Z,ETH,434,40,2,0.12,0.125,0.13,0.0078,0.4129,1910.05,0
2026-08-18T11:35:00Z,BTC,564,70,6,0.16,0.1775,0.19,0.013,0.2649,64694.55,0
2026-08-18T11:35:00Z,ETH,434,40,2,0.115,0.1175,0.12,0.0078,0.4129,1909.95,0
2026-08-18T11:36:00Z,BTC,564,70,6,0.16,0.1775,0.19,0.013,0.2642,64689.01,0
2026-08-18T11:36:00Z,ETH,434,40,2,0.11,0.115,0.12,0.0078,0.4129,1910.0,0
2026-08-18T11:37:00Z,BTC,564,70,6,0.16,0.17,0.19,0.013,0.2652,64691.58,0
2026-08-18T11:37:00Z,ETH,434,40,2,0.115,0.1175,0.12,0.0078,0.4129,1909.99,0
2026-08-18T11:38:00Z,BTC,564,70,6,0.16,0.1775,0.2,0.013,0.2652,64690.34,0
2026-08-18T11:38:00Z,ETH,434,40,2,0.12,0.125,0.13,0.0078,0.4129,1909.96,0
2026-08-18T11:39:00Z,BTC,564,70,6,0.155,0.1675,0.2,0.013,0.2655,64689.9,0
2026-08-18T11:39:00Z,ETH,434,40,2,0.115,0.1175,0.12,0.0078,0.4129,1909.96,0
2026-08-18T11:40:00Z,BTC,564,70,6,0.155,0.1675,0.19,0.013,0.2654,64690.97,0
2026-08-18T11:40:00Z,ETH,434,40,2,0.115,0.1175,0.12,0.0078,0.4129,1910.16,0
2026-08-18T11:41:00Z,BTC,564,70,6,0.16,0.1775,0.19,0.013,0.265,64691.57,0
2026-08-18T11:41:00Z,ETH,434,40,2,0.11,0.115,0.12,0.0078,0.4129,1910.33,0
2026-08-18T11:42:00Z,BTC,564,70,6,0.16,0.1775,0.19,0.013,0.2649,64693.27,0
2026-08-18T11:42:00Z,ETH,434,40,2,0.12,0.125,0.13,0.0078,0.4129,1910.57,0
2026-08-18T11:43:00Z,BTC,564,70,6,0.16,0.1775,0.2,0.013,0.2649,64711.85,0
2026-08-18T11:43:00Z,ETH,434,40,2,0.12,0.125,0.13,0.0078,0.4129,1911.03,0
2026-08-18T11:44:00Z,BTC,564,70,6,0.165,0.17,0.19,0.013,0.2642,64704.5,0
2026-08-18T11:44:00Z,ETH,434,40,2,0.12,0.125,0.13,0.0078,0.4129,1910.42,0
2026-08-18T11:45:00Z,BTC,564,70,6,0.16,0.17,0.2,0.013,0.2636,64714.62,0
2026-08-18T11:45:00Z,ETH,434,40,2,0.115,0.1175,0.12,0.0078,0.4129,1910.91,0
2026-08-18T11:46:00Z,BTC,564,70,6,0.16,0.1775,0.19,0.013,0.2639,64719.4,0
2026-08-18T11:46:00Z,ETH,434,40,2,0.12,0.125,0.13,0.0078,0.4129,1911.01,0
2026-08-18T11:47:00Z,BTC,564,70,5,0.17,0.18,0.2,0.0146,0.2636,64689.03,0
2026-08-18T11:47:00Z,ETH,434,40,2,0.115,0.1225,0.13,0.0077,0.4129,1910.2,0
2026-08-18T11:48:00Z,BTC,564,70,5,0.16,0.18,0.19,0.0144,0.2646,64671.87,0
2026-08-18T11:48:00Z,ETH,434,40,2,0.11,0.115,0.12,0.0078,0.4129,1909.54,0
2026-08-18T11:49:00Z,BTC,564,70,5,0.17,0.17,0.19,0.0144,0.2653,64675.55,0
2026-08-18T11:49:00Z,ETH,434,40,2,0.115,0.1225,0.13,0.0078,0.4129,1909.66,0
2026-08-18T11:50:00Z,BTC,564,70,5,0.17,0.18,0.19,0.0144,0.265,64672.51,0
2026-08-18T11:50:00Z,ETH,434,40,2,0.115,0.1175,0.12,0.0078,0.4129,1909.56,0
2026-08-18T11:51:00Z,BTC,564,70,5,0.17,0.17,0.19,0.0144,0.2651,64676.66,0
2026-08-18T11:51:00Z,ETH,434,40,2,0.12,0.125,0.13,0.0078,0.4129,1909.75,0
2026-08-18T11:52:00Z,BTC,564,70,5,0.17,0.18,0.19,0.0144,0.2647,64669.62,0
2026-08-18T11:52:00Z,ETH,434,40,2,0.115,0.1225,0.13,0.0078,0.4129,1909.52,0
2026-08-18T11:53:00Z,BTC,564,70,5,0.17,0.17,0.19,0.0144,0.2653,64654.13,0
2026-08-18T11:53:00Z,ETH,434,40,2,0.115,0.1225,0.13,0.0078,0.4129,1909.03,0
2026-08-18T11:54:00Z,BTC,564,70,5,0.17,0.18,0.19,0.0144,0.266,64658.71,0
2026-08-18T11:54:00Z,ETH,434,40,2,0.11,0.115,0.12,0.0078,0.4129,1908.97,0
2026-08-18T11:55:00Z,BTC,564,70,5,0.17,0.18,0.19,0.0142,0.2654,64658.24,0
2026-08-18T11:55:00Z,ETH,434,40,2,0.115,0.1175,0.12,0.0078,0.4129,1908.68,0
2026-08-18T11:56:00Z,BTC,564,70,5,0.17,0.18,0.19,0.0142,0.2649,64661.49,0
2026-08-18T11:56:00Z,ETH,434,40,2,0.12,0.125,0.13,0.0078,0.4129,1908.65,0
2026-08-18T11:57:00Z,BTC,564,70,5,0.17,0.18,0.19,0.0142,0.2648,64668.42,0
2026-08-18T11:57:00Z,ETH,434,40,2,0.11,0.115,0.12,0.0078,0.4129,1908.93,0
2026-08-18T11:58:00Z,BTC,564,70,5,0.17,0.18,0.19,0.0142,0.2646,64670.17,0
2026-08-18T11:58:00Z,ETH,434,40,2,0.12,0.125,0.13,0.0078,0.4129,1909.0,0
2026-08-18T11:59:00Z,BTC,564,70,5,0.17,0.18,0.2,0.0142,0.2646,64669.38,0
2026-08-18T11:59:00Z,ETH,434,40,2,0.12,0.125,0.13,0.0078,0.4129,1908.94,0
2026-08-18T12:00:00Z,BTC,564,70,5,0.17,0.18,0.19,0.0142,0.2642,64653.33,0
2026-08-18T12:00:00Z,ETH,434,40,2,0.115,0.1175,0.12,0.0078,0.4129,1908.41,0
2026-08-18T12:01:00Z,BTC,564,70,5,0.17,0.18,0.19,0.0142,0.2645,64649.33,0
2026-08-18T12:01:00Z,ETH,434,40,2,0.11,0.115,0.12,0.0078,0.4129,1908.45,0
2026-08-18T12:02:00Z,BTC,564,70,5,0.17,0.18,0.19,0.0142,0.2646,64645.71,0
2026-08-18T12:02:00Z,ETH,434,40,2,0.115,0.1175,0.12,0.0078,0.4129,1908.34,0
2026-08-18T12:03:00Z,BTC,564,70,5,0.17,0.18,0.19,0.014,0.2657,64620.55,0
2026-08-18T12:03:00Z,ETH,434,40,2,0.115,0.1175,0.12,0.0078,0.4129,1907.67,0
2026-08-18T12:04:00Z,BTC,564,70,5,0.17,0.17,0.2,0.0142,0.2647,64650.88,0
2026-08-18T12:04:00Z,ETH,434,40,2,0.115,0.1175,0.12,0.0078,0.4129,1908.83,0
2026-08-18T12:05:00Z,BTC,564,70,5,0.17,0.18,0.19,0.0142,0.2645,64661.26,0
2026-08-18T12:05:00Z,ETH,434,40,2,0.115,0.1175,0.12,0.0078,0.4129,1909.3,0
2026-08-18T12:06:00Z,BTC,564,70,5,0.17,0.18,0.2,0.0142,0.2644,64673.74,0
2026-08-18T12:06:00Z,ETH,434,40,2,0.115,0.1225,0.13,0.0078,0.4129,1909.54,0
2026-08-18T12:07:00Z,BTC,564,70,5,0.17,0.18,0.2,0.0142,0.2648,64664.6,0
2026-08-18T12:07:00Z,ETH,434,40,2,0.11,0.115,0.12,0.0078,0.4129,1909.2,0
2026-08-18T12:08:00Z,BTC,564,70,5,0.17,0.18,0.19,0.0142,0.2644,64633.01,0
2026-08-18T12:08:00Z,ETH,434,40,2,0.11,0.115,0.12,0.0078,0.4129,1908.08,0
2026-08-18T12:09:00Z,BTC,564,70,5,0.16,0.18,0.19,0.014,0.2644,64620.93,0
2026-08-18T12:09:00Z,ETH,434,40,2,0.115,0.1175,0.12,0.0078,0.4129,1907.67,0
2026-08-18T12:10:00Z,BTC,564,70,5,0.16,0.18,0.19,0.014,0.265,64603.81,0
2026-08-18T12:10:00Z,ETH,434,40,2,0.115,0.1175,0.12,0.0078,0.4129,1906.99,0
2026-08-18T12:11:00Z,BTC,564,70,5,0.17,0.18,0.2,0.014,0.2649,64604.83,0
2026-08-18T12:11:00Z,ETH,434,40,2,0.115,0.1175,0.12,0.0078,0.4129,1907.17,0
2026-08-18T12:12:00Z,BTC,564,70,5,0.17,0.18,0.19,0.014,0.2651,64616.87,0
2026-08-18T12:12:00Z,ETH,434,40,2,0.12,0.125,0.13,0.0078,0.4129,1907.51,0
2026-08-18T12:13:00Z,BTC,564,70,5,0.17,0.17,0.2,0.014,0.2635,64618.38,0
2026-08-18T12:13:00Z,ETH,434,40,2,0.115,0.1175,0.12,0.0078,0.4129,1907.46,0
2026-08-18T12:14:00Z,BTC,564,70,5,0.17,0.18,0.2,0.014,0.2635,64616.93,0
2026-08-18T12:14:00Z,ETH,434,40,2,0.115,0.1175,0.12,0.0078,0.4129,1907.35,0
2026-08-18T12:15:00Z,BTC,564,70,5,0.17,0.18,0.19,0.014,0.2651,64602.41,0
2026-08-18T12:15:00Z,ETH,434,40,2,0.115,0.1175,0.12,0.0078,0.4129,1906.9,0
2026-08-18T12:16:00Z,BTC,564,70,5,0.17,0.18,0.19,0.014,0.264,64614.73,0
2026-08-18T12:16:00Z,ETH,434,40,2,0.115,0.1175,0.12,0.0078,0.4129,1907.1,0
2026-08-18T12:17:00Z,BTC,564,70,5,0.16,0.18,0.19,0.014,0.265,64614.47,0
2026-08-18T12:17:00Z,ETH,434,40,2,0.115,0.1175,0.12,0.0078,0.4129,1906.66,0
2026-08-18T12:18:00Z,BTC,564,70,5,0.16,0.18,0.19,0.014,0.265,64612.71,0
2026-08-18T12:18:00Z,ETH,434,40,2,0.12,0.125,0.13,0.0078,0.4129,1906.64,0
2026-08-18T12:19:00Z,BTC,564,70,5,0.17,0.18,0.19,0.014,0.2656,64610.84,0
2026-08-18T12:19:00Z,ETH,434,40,2,0.12,0.125,0.13,0.0077,0.4129,1906.5,0
2026-08-18T12:20:00Z,BTC,564,70,5,0.16,0.18,0.19,0.0142,0.2638,64632.42,0
2026-08-18T12:20:00Z,ETH,434,40,2,0.12,0.125,0.13,0.0079,0.4129,1907.61,0
2026-08-18T12:21:00Z,BTC,564,70,5,0.17,0.18,0.19,0.0142,0.2638,64634.76,0
2026-08-18T12:21:00Z,ETH,434,40,2,0.115,0.1175,0.12,0.0079,0.4129,1907.96,0
2026-08-18T12:22:00Z,BTC,564,70,5,0.17,0.18,0.2,0.0142,0.2636,64652.35,0
2026-08-18T12:22:00Z,ETH,434,40,2,0.115,0.1175,0.12,0.0078,0.4129,1908.45,0
2026-08-18T12:23:00Z,BTC,564,70,5,0.16,0.18,0.19,0.0142,0.2643,64624.62,0
2026-08-18T12:23:00Z,ETH,434,40,2,0.115,0.1175,0.12,0.0078,0.4129,1907.61,0
2026-08-18T12:24:00Z,BTC,564,70,5,0.16,0.18,0.19,0.0142,0.2636,64614.03,0
2026-08-18T12:24:00Z,ETH,434,40,2,0.115,0.1175,0.12,0.0078,0.4129,1907.22,0
2026-08-18T12:25:00Z,BTC,564,70,5,0.16,0.18,0.19,0.0142,0.2641,64619.36,0
2026-08-18T12:25:00Z,ETH,434,40,2,0.115,0.1175,0.12,0.0078,0.4129,1907.49,0
2026-08-18T12:26:00Z,BTC,564,70,5,0.17,0.18,0.19,0.0142,0.2637,64620.95,0
2026-08-18T12:26:00Z,ETH,434,40,2,0.115,0.1175,0.12,0.0078,0.4129,1907.48,0
2026-08-18T12:27:00Z,BTC,564,70,5,0.16,0.18,0.19,0.014,0.2638,64619.88,0
2026-08-18T12:27:00Z,ETH,434,40,2,0.115,0.1225,0.13,0.0078,0.4129,1907.41,0
2026-08-18T12:28:00Z,BTC,564,70,5,0.17,0.18,0.19,0.014,0.2653,64619.83,0
2026-08-18T12:28:00Z,ETH,434,40,2,0.115,0.1175,0.12,0.0078,0.4129,1907.36,0
2026-08-18T12:29:00Z,BTC,564,70,5,0.17,0.18,0.19,0.014,0.2654,64619.95,0
2026-08-18T12:29:00Z,ETH,434,40,2,0.115,0.1175,0.12,0.0078,0.4129,1907.36,0
2026-08-18T12:30:00Z,BTC,564,70,5,0.17,0.18,0.19,0.0138,0.2645,64585.7,0
2026-08-18T12:30:00Z,ETH,434,40,2,0.115,0.1175,0.12,0.0078,0.4129,1906.36,0
2026-08-18T12:31:00Z,BTC,564,70,5,0.17,0.18,0.19,0.014,0.2651,64595.33,0
2026-08-18T12:31:00Z,ETH,434,40,2,0.115,0.1175,0.12,0.0079,0.4129,1907.08,0
2026-08-18T12:32:00Z,BTC,564,70,5,0.17,0.18,0.19,0.014,0.2634,64614.13,0
2026-08-18T12:32:00Z,ETH,434,40,2,0.12,0.125,0.13,0.0079,0.4129,1907.36,0
2026-08-18T12:33:00Z,BTC,564,70,5,0.17,0.18,0.19,0.014,0.2653,64603.23,0
2026-08-18T12:33:00Z,ETH,434,40,2,0.115,0.1175,0.12,0.0079,0.4129,1907.12,0
2026-08-18T12:34:00Z,BTC,564,70,5,0.16,0.18,0.19,0.014,0.2651,64614.54,0
2026-08-18T12:34:00Z,ETH,434,40,2,0.115,0.1175,0.12,0.0079,0.4129,1907.47,0
2026-08-18T12:35:00Z,BTC,564,70,5,0.16,0.18,0.19,0.014,0.2653,64610.61,0
2026-08-18T12:35:00Z,ETH,434,40,2,0.115,0.1175,0.12,0.0079,0.4129,1907.54,0
2026-08-18T12:36:00Z,BTC,564,70,5,0.16,0.18,0.19,0.014,0.2646,64583.27,0
2026-08-18T12:36:00Z,ETH,434,40,2,0.125,0.1275,0.13,0.0079,0.4129,1906.54,0
2026-08-18T12:37:00Z,BTC,564,70,5,0.16,0.18,0.19,0.014,0.2653,64575.37,0
2026-08-18T12:37:00Z,ETH,434,40,2,0.115,0.1175,0.12,0.0078,0.4129,1906.22,0
2026-08-18T12:38:00Z,BTC,564,70,5,0.17,0.18,0.19,0.0138,0.2647,64572.76,0
2026-08-18T12:38:00Z,ETH,434,40,2,0.115,0.1175,0.12,0.0079,0.4129,1906.13,0
2026-08-18T12:39:00Z,BTC,564,70,5,0.17,0.18,0.19,0.0138,0.2641,64574.1,0
2026-08-18T12:39:00Z,ETH,434,40,2,0.12,0.125,0.13,0.0079,0.4129,1906.33,0
2026-08-18T12:40:00Z,BTC,564,70,5,0.16,0.18,0.19,0.0138,0.2641,64574.01,0
2026-08-18T12:40:00Z,ETH,434,40,2,0.115,0.1175,0.12,0.0079,0.4129,1906.21,0
2026-08-18T12:41:00Z,BTC,564,70,5,0.17,0.18,0.19,0.0138,0.2642,64573.09,0
2026-08-18T12:41:00Z,ETH,434,40,2,0.12,0.125,0.13,0.0079,0.4129,1906.4,0
2026-08-18T12:42:00Z,BTC,564,70,5,0.16,0.18,0.18,0.014,0.2636,64577.78,0
2026-08-18T12:42:00Z,ETH,434,40,2,0.12,0.125,0.13,0.0079,0.4129,1906.54,0
2026-08-18T12:43:00Z,BTC,564,70,5,0.17,0.18,0.19,0.014,0.2641,64571.34,0
2026-08-18T12:43:00Z,ETH,434,40,2,0.115,0.1175,0.12,0.0078,0.4129,1905.48,0
2026-08-18T12:44:00Z,BTC,564,70,5,0.17,0.18,0.19,0.014,0.2641,64563.23,0
2026-08-18T12:44:00Z,ETH,434,40,2,0.115,0.1175,0.12,0.0079,0.4129,1905.4,0
2026-08-18T12:45:00Z,BTC,564,70,5,0.17,0.18,0.19,0.0138,0.2642,64557.64,0
2026-08-18T12:45:00Z,ETH,434,40,2,0.115,0.1175,0.12,0.0078,0.4129,1905.2,0
2026-08-18T12:46:00Z,BTC,564,70,5,0.17,0.18,0.19,0.0138,0.2642,64561.87,0
2026-08-18T12:46:00Z,ETH,434,40,2,0.115,0.1175,0.12,0.0079,0.4129,1905.72,0
2026-08-18T12:47:00Z,BTC,564,70,5,0.17,0.18,0.19,0.0138,0.2643,64553.96,0
2026-08-18T12:47:00Z,ETH,434,40,2,0.115,0.1175,0.12,0.0079,0.4129,1905.72,0
2026-08-18T12:48:00Z,BTC,564,70,5,0.17,0.18,0.18,0.0138,0.2645,64555.55,0
2026-08-18T12:48:00Z,ETH,434,40,2,0.115,0.1175,0.12,0.0079,0.4129,1905.86,0
2026-08-18T12:49:00Z,BTC,564,70,5,0.16,0.18,0.19,0.0138,0.2643,64555.34,0
2026-08-18T12:49:00Z,ETH,434,40,2,0.115,0.1175,0.12,0.0079,0.4129,1905.93,0
2026-08-18T12:50:00Z,BTC,564,70,5,0.17,0.18,0.19,0.0138,0.2642,64565.72,0
2026-08-18T12:50:00Z,ETH,434,40,2,0.12,0.12,0.12,0.0079,0.4129,1906.46,0
2026-08-18T12:51:00Z,BTC,564,70,5,0.17,0.19,0.19,0.0138,0.2646,64566.99,0
2026-08-18T12:51:00Z,ETH,434,40,2,0.115,0.1175,0.12,0.0079,0.4129,1906.68,0
2026-08-18T12:52:00Z,BTC,564,70,5,0.16,0.18,0.19,0.0138,0.2649,64567.6,0
2026-08-18T12:52:00Z,ETH,434,40,2,0.125,0.1275,0.13,0.0079,0.4129,1906.69,0
2026-08-18T13:11:00Z,BTC,564,70,5,0.17,0.19,0.19,0.0134,0.2636,64500.51,0
2026-08-18T13:11:00Z,ETH,434,40,2,0.115,0.1175,0.12,0.0079,0.4128,1903.39,0
2026-08-18T13:12:00Z,BTC,564,70,5,0.17,0.19,0.19,0.0134,0.2646,64499.36,0
2026-08-18T13:12:00Z,ETH,434,40,2,0.115,0.1175,0.12,0.0079,0.4128,1903.74,0
2026-08-18T13:13:00Z,BTC,564,70,5,0.16,0.18,0.19,0.0134,0.2646,64502.19,0
2026-08-18T13:13:00Z,ETH,434,40,2,0.12,0.12,0.12,0.0079,0.4128,1903.68,0
2026-08-18T13:14:00Z,BTC,564,70,5,0.16,0.18,0.19,0.0134,0.2641,64508.0,0
2026-08-18T13:14:00Z,ETH,434,40,2,0.115,0.1175,0.12,0.0079,0.4128,1903.65,0
2026-08-18T13:15:00Z,BTC,564,70,5,0.16,0.19,0.19,0.0134,0.2639,64504.99,0
2026-08-18T13:15:00Z,ETH,434,40,2,0.115,0.1175,0.12,0.0079,0.4129,1903.6,0
2026-08-18T13:16:00Z,BTC,564,70,5,0.17,0.18,0.19,0.0132,0.2642,64465.75,0
2026-08-18T13:16:00Z,ETH,434,40,2,0.115,0.1175,0.12,0.0079,0.4128,1902.68,0
2026-08-18T13:17:00Z,BTC,564,70,5,0.16,0.19,0.19,0.0131,0.264,64455.79,0
2026-08-18T13:17:00Z,ETH,434,40,2,0.12,0.12,0.12,0.0079,0.4128,1902.82,0
2026-08-18T13:18:00Z,BTC,564,70,5,0.17,0.18,0.19,0.0131,0.2641,64459.02,0
2026-08-18T13:18:00Z,ETH,434,40,2,0.12,0.12,0.12,0.0079,0.4128,1903.28,0
2026-08-18T13:19:00Z,BTC,564,70,5,0.16,0.19,0.19,0.0131,0.2636,64448.65,0
2026-08-18T13:19:00Z,ETH,434,40,2,0.12,0.12,0.12,0.0079,0.4128,1902.89,0
2026-08-18T13:20:00Z,BTC,564,70,5,0.16,0.19,0.19,0.0131,0.2645,64439.65,0
2026-08-18T13:20:00Z,ETH,434,40,2,0.115,0.1175,0.12,0.0079,0.4128,1902.77,0
2026-08-18T13:21:00Z,BTC,564,70,5,0.16,0.18,0.19,0.0131,0.2642,64436.87,0
2026-08-18T13:21:00Z,ETH,434,40,2,0.115,0.1175,0.12,0.0079,0.4128,1902.86,0
2026-08-18T13:22:00Z,BTC,564,70,5,0.18,0.19,0.29,0.0168,0.2641,64405.45,0
2026-08-18T13:22:00Z,ETH,434,40,2,0.12,0.12,0.12,0.0079,0.4128,1902.0,0
2026-08-18T13:23:00Z,BTC,564,70,5,0.16,0.18,0.19,0.0127,0.2655,64412.16,0
2026-08-18T13:23:00Z,ETH,434,40,2,0.115,0.1175,0.12,0.0079,0.4128,1902.17,0
2026-08-18T13:24:00Z,BTC,564,70,5,0.16,0.18,0.19,0.0129,0.2655,64418.72,0
2026-08-18T13:24:00Z,ETH,434,40,2,0.12,0.12,0.12,0.0079,0.4128,1902.46,0
2026-08-18T13:25:00Z,BTC,564,70,5,0.16,0.18,0.19,0.0129,0.2648,64422.22,0
2026-08-18T13:25:00Z,ETH,434,40,2,0.12,0.12,0.12,0.0079,0.4128,1902.54,0
2026-08-18T13:26:00Z,BTC,564,70,5,0.16,0.18,0.19,0.0129,0.2649,64417.46,0
2026-08-18T13:26:00Z,ETH,434,40,2,0.115,0.1175,0.12,0.0079,0.4128,1902.32,0
2026-08-18T13:27:00Z,BTC,564,70,5,0.16,0.18,0.19,0.0127,0.2641,64414.6,0
2026-08-18T13:27:00Z,ETH,434,40,2,0.115,0.1175,0.12,0.0079,0.4128,1902.06,0
2026-08-18T13:28:00Z,BTC,564,70,5,0.16,0.18,0.19,0.0127,0.2649,64401.86,0
2026-08-18T13:28:00Z,ETH,434,40,2,0.12,0.12,0.12,0.0079,0.4128,1901.82,0
2026-08-18T13:29:00Z,BTC,564,70,5,0.16,0.18,0.19,0.0127,0.2648,64391.88,0
2026-08-18T13:29:00Z,ETH,434,40,2,0.12,0.12,0.12,0.0078,0.4127,1901.43,0
2026-08-18T13:30:00Z,BTC,564,70,5,0.16,0.19,0.19,0.0129,0.2657,64441.64,0
2026-08-18T13:30:00Z,ETH,434,40,2,0.12,0.12,0.12,0.0079,0.4128,1903.01,0
2026-08-18T13:31:00Z,BTC,564,70,5,0.18,0.19,0.29,0.0165,0.2657,64469.5,0
2026-08-18T13:31:00Z,ETH,434,40,2,0.12,0.12,0.12,0.0079,0.4128,1903.71,0
2026-08-18T13:32:00Z,BTC,564,70,5,0.16,0.18,0.2,0.0124,0.2664,64396.06,0
2026-08-18T13:32:00Z,ETH,434,40,2,0.115,0.1175,0.12,0.0079,0.4127,1900.87,0
2026-08-18T13:33:00Z,BTC,564,70,5,0.16,0.18,0.19,0.0126,0.2664,64412.58,0
2026-08-18T13:33:00Z,ETH,434,40,2,0.12,0.12,0.12,0.0078,0.4127,1900.07,0
2026-08-18T13:34:00Z,BTC,564,70,5,0.16,0.18,0.19,0.0126,0.2675,64408.48,0
2026-08-18T13:34:00Z,ETH,434,40,2,0.12,0.12,0.12,0.0079,0.4127,1901.19,0
2026-08-18T13:35:00Z,BTC,564,70,5,0.19,0.3,0.32,0.0211,0.2673,64372.7,0
2026-08-18T13:35:00Z,ETH,434,40,2,0.12,0.12,0.12,0.0078,0.4127,1899.85,0
2026-08-18T13:36:00Z,BTC,564,70,5,0.16,0.18,0.19,0.0127,0.2673,64425.06,0
2026-08-18T13:36:00Z,ETH,434,40,2,0.115,0.1175,0.12,0.0079,0.4127,1900.92,0
2026-08-18T13:37:00Z,BTC,564,70,5,0.16,0.18,0.19,0.0126,0.2673,64425.72,0
2026-08-18T13:37:00Z,ETH,434,40,2,0.115,0.1175,0.12,0.0079,0.4127,1901.21,0
2026-08-18T13:38:00Z,BTC,564,70,5,0.16,0.18,0.18,0.0129,0.268,64492.11,0
2026-08-18T13:38:00Z,ETH,434,40,2,0.115,0.1175,0.12,0.0079,0.4128,1903.5,0
2026-08-18T13:39:00Z,BTC,564,70,5,0.16,0.19,0.19,0.0132,0.268,64537.73,0
2026-08-18T13:39:00Z,ETH,434,40,2,0.12,0.12,0.12,0.0079,0.4129,1904.6,0
2026-08-18T13:40:00Z,BTC,564,70,5,0.16,0.19,0.19,0.0132,0.2678,64523.52,0
2026-08-18T13:40:00Z,ETH,434,40,2,0.115,0.1175,0.12,0.0079,0.4129,1904.31,0
2026-08-18T13:41:00Z,BTC,564,70,5,0.16,0.18,0.19,0.0134,0.2684,64539.61,0
2026-08-18T13:41:00Z,ETH,434,40,2,0.115,0.1175,0.12,0.0079,0.4129,1904.41,0
2026-08-18T13:42:00Z,BTC,564,70,5,0.17,0.18,0.19,0.0132,0.2684,64526.74,0
2026-08-18T13:42:00Z,ETH,434,40,2,0.115,0.1175,0.12,0.0079,0.4129,1904.36,0
2026-08-18T13:43:00Z,BTC,564,70,5,0.16,0.18,0.19,0.0131,0.2675,64492.31,0
2026-08-18T13:43:00Z,ETH,434,40,2,0.115,0.1175,0.12,0.0079,0.4128,1903.14,0
2026-08-18T13:44:00Z,BTC,564,70,5,0.17,0.18,0.18,0.0132,0.268,64509.7,0
2026-08-18T13:44:00Z,ETH,434,40,2,0.12,0.12,0.12,0.0079,0.4128,1903.01,0
2026-08-18T13:45:00Z,BTC,564,70,5,0.16,0.19,0.19,0.0131,0.268,64481.83,0
2026-08-18T13:45:00Z,ETH,434,40,2,0.12,0.12,0.12,0.0078,0.4128,1902.09,0
2026-08-18T13:46:00Z,BTC,564,70,5,0.17,0.19,0.19,0.0131,0.2678,64507.28,0
2026-08-18T13:46:00Z,ETH,434,40,2,0.12,0.12,0.12,0.0078,0.4128,1902.57,0
2026-08-18T13:47:00Z,BTC,564,70,5,0.16,0.18,0.19,0.0132,0.2682,64536.12,0
2026-08-18T13:47:00Z,ETH,434,40,2,0.12,0.12,0.12,0.0079,0.4128,1903.24,0
2026-08-18T13:48:00Z,BTC,564,70,5,0.16,0.18,0.19,0.0132,0.2676,64502.73,0
2026-08-18T13:48:00Z,ETH,434,40,2,0.175,0.2075,0.24,0.0118,0.4128,1902.68,0
2026-08-18T13:49:00Z,BTC,564,70,5,0.16,0.18,0.19,0.0136,0.268,64559.47,0
2026-08-18T13:49:00Z,ETH,434,40,2,0.115,0.1175,0.12,0.0079,0.4129,1903.9,0
2026-08-18T13:50:00Z,BTC,564,70,5,0.17,0.17,0.19,0.0138,0.2678,64607.43,0
2026-08-18T13:50:00Z,ETH,434,40,2,0.12,0.125,0.13,0.0079,0.4129,1905.88,0
2026-08-18T13:51:00Z,BTC,564,70,5,0.16,0.18,0.19,0.0132,0.2684,64534.75,0
2026-08-18T13:51:00Z,ETH,434,40,2,0.12,0.12,0.12,0.0078,0.4128,1903.3,0
2026-08-18T13:52:00Z,BTC,564,70,5,0.16,0.18,0.19,0.0129,0.2686,64487.87,0
2026-08-18T13:52:00Z,ETH,434,40,2,0.12,0.12,0.12,0.0079,0.4128,1901.87,0
2026-08-18T13:53:00Z,BTC,564,70,5,0.17,0.19,0.19,0.0131,0.2687,64490.53,0
2026-08-18T13:53:00Z,ETH,434,40,2,0.12,0.12,0.12,0.0079,0.4128,1901.97,0
2026-08-18T13:54:00Z,BTC,564,70,5,0.16,0.18,0.18,0.0129,0.2687,64457.75,0
2026-08-18T13:54:00Z,ETH,434,40,2,0.115,0.1175,0.12,0.0078,0.4127,1901.06,0
2026-08-18T13:55:00Z,BTC,564,70,5,0.16,0.18,0.19,0.0127,0.2684,64452.86,0
2026-08-18T13:55:00Z,ETH,434,40,2,0.115,0.1175,0.12,0.0079,0.4127,1901.26,0
2026-08-18T13:56:00Z,BTC,564,70,5,0.16,0.19,0.19,0.0131,0.2685,64510.58,0
2026-08-18T13:56:00Z,ETH,434,40,2,0.115,0.1175,0.12,0.0079,0.4128,1902.57,0
2026-08-18T13:57:00Z,BTC,564,70,5,0.16,0.18,0.19,0.0132,0.268,64532.36,0
2026-08-18T13:57:00Z,ETH,434,40,2,0.115,0.1175,0.12,0.0079,0.4129,1903.6,0
2026-08-18T13:58:00Z,BTC,564,70,5,0.17,0.18,0.19,0.0132,0.2683,64525.59,0
2026-08-18T13:58:00Z,ETH,434,40,2,0.12,0.12,0.12,0.0079,0.4128,1903.4,0
2026-08-18T13:59:00Z,BTC,564,70,5,0.16,0.19,0.19,0.0134,0.268,64541.27,0
2026-08-18T13:59:00Z,ETH,434,40,2,0.18,0.21,0.24,0.0119,0.4129,1903.69,0
2026-08-18T14:00:00Z,BTC,564,70,5,0.17,0.19,0.19,0.0134,0.2676,64546.22,0
2026-08-18T14:00:00Z,ETH,434,40,2,0.175,0.2075,0.24,0.0119,0.4129,1903.74,0
2026-08-18T14:01:00Z,BTC,564,70,5,0.16,0.19,0.19,0.0134,0.2683,64568.34,0
2026-08-18T14:01:00Z,ETH,434,40,2,0.18,0.21,0.24,0.0119,0.4129,1903.99,0
2026-08-18T14:02:00Z,BTC,564,70,5,0.17,0.18,0.19,0.0136,0.2684,64592.89,0
2026-08-18T14:02:00Z,ETH,434,40,2,0.115,0.1175,0.12,0.0079,0.4129,1904.68,0
2026-08-18T14:03:00Z,BTC,564,70,5,0.17,0.18,0.19,0.014,0.267,64668.29,0
2026-08-18T14:03:00Z,ETH,434,40,2,0.175,0.2075,0.24,0.012,0.4129,1906.55,0
2026-08-18T14:04:00Z,BTC,564,70,5,0.17,0.18,0.19,0.014,0.267,64669.48,0
2026-08-18T14:04:00Z,ETH,434,40,2,0.175,0.2075,0.24,0.012,0.4129,1906.45,0
2026-08-18T14:05:00Z,BTC,564,70,5,0.16,0.18,0.19,0.014,0.2685,64649.08,0
2026-08-18T14:05:00Z,ETH,434,40,2,0.175,0.2025,0.23,0.0117,0.4129,1906.0,0
2026-08-18T14:06:00Z,BTC,564,70,5,0.17,0.17,0.19,0.014,0.2687,64662.39,0
2026-08-18T14:06:00Z,ETH,434,40,2,0.18,0.215,0.25,0.012,0.4129,1906.27,0
2026-08-18T14:07:00Z,BTC,564,70,5,0.17,0.18,0.19,0.014,0.2688,64678.5,0
2026-08-18T14:07:00Z,ETH,434,40,2,0.115,0.1175,0.12,0.0079,0.4129,1907.48,0
2026-08-18T14:08:00Z,BTC,564,70,5,0.17,0.18,0.19,0.014,0.2697,64655.53,0
2026-08-18T14:08:00Z,ETH,434,40,2,0.18,0.21,0.24,0.012,0.4129,1906.6,0
2026-08-18T14:09:00Z,BTC,564,70,5,0.17,0.18,0.19,0.014,0.2697,64645.82,0
2026-08-18T14:09:00Z,ETH,434,40,2,0.175,0.2025,0.23,0.0117,0.4129,1906.06,0
2026-08-18T14:10:00Z,BTC,564,70,5,0.17,0.18,0.19,0.0138,0.2666,64606.92,0
2026-08-18T14:10:00Z,ETH,434,40,2,0.115,0.1175,0.12,0.0079,0.4129,1904.17,0
2026-08-18T14:11:00Z,BTC,564,70,5,0.17,0.18,0.19,0.0138,0.2666,64616.61,0
2026-08-18T14:11:00Z,ETH,434,40,2,0.115,0.1175,0.12,0.0079,0.4129,1904.29,0
2026-08-18T14:12:00Z,BTC,564,70,5,0.16,0.18,0.19,0.0138,0.2685,64603.74,0
2026-08-18T14:12:00Z,ETH,434,40,2,0.115,0.1175,0.12,0.0079,0.4129,1904.26,0
2026-08-18T14:13:00Z,BTC,564,70,5,0.17,0.18,0.19,0.0136,0.2683,64574.13,0
2026-08-18T14:13:00Z,ETH,434,40,2,0.115,0.1175,0.12,0.0079,0.4128,1903.53,0
2026-08-18T14:14:00Z,BTC,564,70,5,0.17,0.18,0.19,0.0136,0.2683,64583.23,0
2026-08-18T14:14:00Z,ETH,434,40,2,0.115,0.1175,0.12,0.0079,0.4129,1903.54,0
2026-08-18T14:15:00Z,BTC,564,70,5,0.16,0.18,0.19,0.0136,0.2684,64596.87,0
2026-08-18T14:15:00Z,ETH,434,40,2,0.115,0.1175,0.12,0.0079,0.4129,1903.65,0
2026-08-18T14:16:00Z,BTC,564,70,5,0.16,0.18,0.19,0.0136,0.2686,64592.74,0
2026-08-18T14:16:00Z,ETH,434,40,2,0.115,0.1175,0.12,0.0079,0.4129,1903.64,0
2026-08-18T14:17:00Z,BTC,564,70,5,0.16,0.18,0.19,0.0138,0.2686,64608.46,0
2026-08-18T14:17:00Z,ETH,434,40,2,0.115,0.1175,0.12,0.0079,0.4129,1903.94,0
2026-08-18T14:18:00Z,BTC,564,70,5,0.17,0.18,0.19,0.0138,0.2686,64607.8,0
2026-08-18T14:18:00Z,ETH,434,40,2,0.12,0.12,0.12,0.0079,0.4129,1903.93,0
2026-08-18T14:19:00Z,BTC,564,70,5,0.17,0.17,0.19,0.0148,0.2661,64795.7,0
2026-08-18T14:19:00Z,ETH,434,40,2,0.18,0.215,0.25,0.0122,0.4129,1909.17,0
2026-08-18T14:20:00Z,BTC,564,70,5,0.17,0.18,0.2,0.015,0.2669,64815.46,0
2026-08-18T14:20:00Z,ETH,434,40,2,0.12,0.125,0.13,0.0079,0.4129,1909.49,0
2026-08-18T14:21:00Z,BTC,564,70,5,0.17,0.17,0.2,0.0153,0.2669,64804.68,0
2026-08-18T14:21:00Z,ETH,434,40,2,0.12,0.125,0.13,0.0079,0.4129,1908.67,0
2026-08-18T14:22:00Z,BTC,564,70,4,0.16,0.1625,0.17,0.0137,0.2671,64888.78,0
2026-08-18T14:22:00Z,ETH,434,40,2,0.115,0.1225,0.13,0.0079,0.4129,1910.76,0
2026-08-18T14:23:00Z,BTC,564,70,4,0.16,0.1725,0.18,0.0137,0.2671,64892.27,0
2026-08-18T14:23:00Z,ETH,434,40,2,0.12,0.125,0.13,0.0079,0.4129,1910.97,0
2026-08-18T14:24:00Z,BTC,564,70,4,0.155,0.165,0.18,0.0132,0.272,65042.66,0
2026-08-18T14:24:00Z,ETH,434,40,2,0.12,0.125,0.13,0.0079,0.4129,1914.91,0
2026-08-18T14:25:00Z,BTC,564,70,4,0.16,0.1675,0.19,0.0131,0.272,65074.24,0
2026-08-18T14:25:00Z,ETH,434,40,2,0.12,0.125,0.13,0.0079,0.4129,1916.7,0
2026-08-18T14:26:00Z,BTC,564,70,5,0.17,0.19,0.19,0.0138,0.2714,65211.42,0
2026-08-18T14:26:00Z,ETH,434,40,3,0.19,0.23,0.27,0.0101,0.4129,1919.5,0
2026-08-18T14:27:00Z,BTC,564,70,6,0.235,0.3525,0.59,0.0177,0.273,65275.53,0
2026-08-18T14:27:00Z,ETH,434,40,3,0.14,0.17,0.2,0.0099,0.4129,1920.49,0
2026-08-18T14:28:00Z,BTC,564,70,6,0.16,0.185,0.19,0.0127,0.273,65268.02,0
2026-08-18T14:28:00Z,ETH,434,40,3,0.11,0.12,0.13,0.006,0.4129,1921.3,0
2026-08-18T14:29:00Z,BTC,564,70,6,0.16,0.185,0.2,0.0126,0.2744,65319.82,0
2026-08-18T14:29:00Z,ETH,434,40,3,0.14,0.165,0.19,0.0102,0.4129,1924.69,0
2026-08-18T14:31:00Z,BTC,564,70,5,0.19,0.19,0.44,0.0171,0.2744,65231.1,0
2026-08-18T14:31:00Z,ETH,434,40,3,0.29,0.44,0.59,0.0204,0.4129,1925.41,0
2026-08-18T14:32:00Z,BTC,564,70,5,0.17,0.18,0.2,0.0127,0.2758,65108.38,0
2026-08-18T14:32:00Z,ETH,434,40,3,0.2,0.235,0.27,0.012,0.4129,1920.85,0
2026-08-18T14:33:00Z,BTC,564,70,5,0.16,0.19,0.2,0.0129,0.2744,65152.52,0
2026-08-18T14:33:00Z,ETH,434,40,3,0.1,0.12,0.14,0.006,0.4129,1921.49,0
2026-08-18T14:34:00Z,BTC,564,70,5,0.16,0.18,0.2,0.0129,0.2744,65127.75,0
2026-08-18T14:34:00Z,ETH,434,40,3,0.1,0.115,0.13,0.006,0.4129,1920.49,0
2026-08-18T14:35:00Z,BTC,564,70,5,0.16,0.18,0.2,0.0129,0.2745,65154.83,0
2026-08-18T14:35:00Z,ETH,434,40,3,0.1,0.12,0.14,0.0059,0.4129,1920.78,0
2026-08-18T14:36:00Z,BTC,564,70,5,0.16,0.19,0.2,0.0129,0.2737,65135.68,0
2026-08-18T14:36:00Z,ETH,434,40,3,0.1,0.115,0.13,0.0059,0.4129,1920.5,0
2026-08-18T14:37:00Z,BTC,564,70,5,0.16,0.18,0.2,0.0127,0.2743,65114.22,0
2026-08-18T14:37:00Z,ETH,434,40,3,0.1,0.115,0.13,0.0061,0.4129,1918.38,0
2026-08-18T14:38:00Z,BTC,564,70,5,0.16,0.18,0.21,0.0127,0.2737,65117.91,0
2026-08-18T14:38:00Z,ETH,434,40,3,0.1,0.115,0.13,0.006,0.4129,1919.77,0
2026-08-18T14:39:00Z,BTC,564,70,4,0.16,0.1675,0.19,0.0128,0.2737,65095.99,0
2026-08-18T14:39:00Z,ETH,434,40,3,0.13,0.165,0.2,0.0095,0.4129,1918.49,0
2026-08-18T14:40:00Z,BTC,564,70,4,0.16,0.1675,0.19,0.0129,0.275,65078.44,0
2026-08-18T14:40:00Z,ETH,434,40,3,0.13,0.165,0.2,0.0096,0.4129,1918.69,0
2026-08-18T14:41:00Z,BTC,564,70,5,0.17,0.19,0.2,0.0127,0.2736,65148.96,0
2026-08-18T14:41:00Z,ETH,434,40,3,0.1,0.12,0.14,0.0059,0.4129,1920.95,0
2026-08-18T14:42:00Z,BTC,564,70,5,0.16,0.19,0.2,0.0129,0.2733,65139.93,0
2026-08-18T14:42:00Z,ETH,434,40,3,0.1,0.12,0.14,0.0059,0.4129,1920.57,0
2026-08-18T14:43:00Z,BTC,564,70,5,0.16,0.18,0.2,0.0129,0.2733,65127.59,0
2026-08-18T14:43:00Z,ETH,434,40,3,0.1,0.12,0.14,0.0059,0.4129,1919.92,0
2026-08-18T14:44:00Z,BTC,564,70,4,0.16,0.165,0.18,0.0129,0.2731,65107.11,0
2026-08-18T14:44:00Z,ETH,434,40,3,0.1,0.115,0.13,0.0061,0.4129,1918.17,0
2026-08-18T14:45:00Z,BTC,564,70,4,0.155,0.165,0.18,0.0128,0.273,65081.57,0
2026-08-18T14:45:00Z,ETH,434,40,3,0.1,0.115,0.13,0.0061,0.4129,1918.18,0
2026-08-18T14:46:00Z,BTC,564,70,4,0.155,0.165,0.18,0.0128,0.2731,65112.07,0
2026-08-18T14:46:00Z,ETH,434,40,3,0.1,0.12,0.14,0.006,0.4129,1919.44,0
2026-08-18T14:47:00Z,BTC,564,70,4,0.16,0.165,0.18,0.0129,0.2731,65092.63,0
2026-08-18T14:47:00Z,ETH,434,40,3,0.11,0.12,0.13,0.006,0.4129,1919.36,0
2026-08-18T14:48:00Z,BTC,564,70,4,0.155,0.165,0.18,0.0129,0.2727,65109.96,0
2026-08-18T14:48:00Z,ETH,434,40,3,0.11,0.125,0.14,0.006,0.4129,1918.82,0
2026-08-18T14:49:00Z,BTC,564,70,4,0.155,0.1675,0.19,0.0128,0.2723,65125.1,0
2026-08-18T14:49:00Z,ETH,434,40,3,0.1,0.12,0.14,0.0059,0.4129,1920.04,0
2026-08-18T14:50:00Z,BTC,564,70,5,0.17,0.18,0.2,0.0129,0.2725,65146.35,0
2026-08-18T14:50:00Z,ETH,434,40,3,0.1,0.12,0.14,0.0058,0.4129,1920.71,0
2026-08-18T14:52:00Z,BTC,564,70,4,0.155,0.165,0.18,0.0129,0.2746,65032.71,0
2026-08-18T14:52:00Z,ETH,434,40,2,0.115,0.1225,0.13,0.0077,0.4129,1916.98,0
2026-08-18T14:53:00Z,BTC,564,70,4,0.16,0.165,0.18,0.013,0.2741,65029.88,0
2026-08-18T14:53:00Z,ETH,434,40,2,0.115,0.1225,0.13,0.0077,0.4129,1916.41,0
2026-08-18T14:54:00Z,BTC,564,70,4,0.16,0.1675,0.19,0.0129,0.2733,65070.54,0
2026-08-18T14:54:00Z,ETH,434,40,3,0.11,0.12,0.13,0.0061,0.4129,1918.22,0
2026-08-18T14:55:00Z,BTC,564,70,4,0.16,0.165,0.18,0.0129,0.2736,65051.57,0
2026-08-18T14:55:00Z,ETH,434,40,3,0.1,0.115,0.13,0.0061,0.4129,1917.43,0
2026-08-18T14:56:00Z,BTC,564,70,4,0.16,0.165,0.18,0.0129,0.2737,65042.91,0
2026-08-18T14:56:00Z,ETH,434,40,2,0.17,0.19,0.21,0.0107,0.4129,1917.23,0
2026-08-18T14:57:00Z,BTC,564,70,4,0.16,0.165,0.18,0.0129,0.2738,65044.93,0
2026-08-18T14:57:00Z,ETH,434,40,3,0.1,0.115,0.13,0.0061,0.4129,1917.79,0
2026-08-18T14:58:00Z,BTC,564,70,4,0.16,0.165,0.18,0.0129,0.2736,65064.87,0
2026-08-18T14:58:00Z,ETH,434,40,3,0.11,0.12,0.13,0.006,0.4129,1918.15,0
2026-08-18T14:59:00Z,BTC,564,70,4,0.155,0.165,0.18,0.0129,0.2737,65039.04,0
2026-08-18T14:59:00Z,ETH,434,40,2,0.115,0.1225,0.13,0.0076,0.4129,1916.81,0
2026-08-18T15:00:00Z,BTC,564,70,4,0.155,0.1675,0.19,0.0129,0.2723,65101.4,0
2026-08-18T15:00:00Z,ETH,434,40,3,0.1,0.115,0.13,0.0058,0.4129,1921.77,0
2026-08-18T15:01:00Z,BTC,564,70,4,0.16,0.165,0.18,0.0129,0.2724,65085.47,0
2026-08-18T15:01:00Z,ETH,434,40,3,0.1,0.115,0.13,0.0058,0.4129,1922.08,0
2026-08-18T15:02:00Z,BTC,564,70,4,0.16,0.165,0.18,0.013,0.2738,65070.97,0
2026-08-18T15:02:00Z,ETH,434,40,3,0.14,0.165,0.19,0.0097,0.4129,1920.59,0
2026-08-18T15:03:00Z,BTC,564,70,4,0.17,0.205,0.28,0.0146,0.2738,65051.05,0
2026-08-18T15:03:00Z,ETH,434,40,3,0.13,0.16,0.19,0.0098,0.4129,1920.32,0
2026-08-18T15:04:00Z,BTC,564,70,4,0.16,0.1675,0.19,0.0129,0.2717,65113.68,0
2026-08-18T15:04:00Z,ETH,434,40,3,0.14,0.165,0.19,0.0099,0.4129,1921.67,0
2026-08-18T15:05:00Z,BTC,564,70,4,0.165,0.1725,0.18,0.0128,0.2726,65094.17,0
2026-08-18T15:05:00Z,ETH,434,40,3,0.1,0.115,0.13,0.0059,0.4129,1921.22,0
2026-08-18T15:06:00Z,BTC,564,70,5,0.16,0.18,0.2,0.0127,0.2734,65112.22,0
2026-08-18T15:06:00Z,ETH,434,40,3,0.13,0.165,0.2,0.0098,0.4129,1921.13,0
2026-08-18T15:07:00Z,BTC,564,70,4,0.155,0.165,0.18,0.0127,0.274,65073.05,0
2026-08-18T15:07:00Z,ETH,434,40,3,0.11,0.12,0.13,0.0059,0.4129,1920.55,0
2026-08-18T15:08:00Z,BTC,564,70,4,0.155,0.1675,0.19,0.0128,0.2757,65059.83,0
2026-08-18T15:08:00Z,ETH,434,40,3,0.11,0.125,0.14,0.006,0.4129,1919.23,0
2026-08-18T15:09:00Z,BTC,564,70,4,0.16,0.1625,0.17,0.0128,0.275,65001.83,0
2026-08-18T15:09:00Z,ETH,434,40,2,0.115,0.1225,0.13,0.0077,0.4129,1916.44,0
2026-08-18T15:10:00Z,BTC,564,70,5,0.16,0.18,0.2,0.0138,0.2748,64972.64,0
2026-08-18T15:10:00Z,ETH,434,40,2,0.115,0.1225,0.13,0.0077,0.4129,1914.65,0
2026-08-18T15:11:00Z,BTC,564,70,5,0.16,0.18,0.2,0.0138,0.2748,64973.1,0
2026-08-18T15:11:00Z,ETH,434,40,2,0.175,0.2125,0.25,0.0123,0.4129,1915.5,0
2026-08-18T15:12:00Z,BTC,564,70,4,0.155,0.165,0.18,0.0128,0.275,65066.35,0
2026-08-18T15:12:00Z,ETH,434,40,3,0.1,0.115,0.13,0.006,0.4129,1918.9,0
2026-08-18T15:13:00Z,BTC,564,70,4,0.16,0.165,0.18,0.0129,0.2745,65071.01,0
2026-08-18T15:13:00Z,ETH,434,40,3,0.11,0.12,0.13,0.006,0.4129,1919.03,0
2026-08-18T15:14:00Z,BTC,564,70,4,0.16,0.1675,0.19,0.0129,0.2744,65061.2,0
2026-08-18T15:14:00Z,ETH,434,40,3,0.11,0.125,0.14,0.0061,0.4129,1918.72,0
2026-08-18T15:15:00Z,BTC,564,70,4,0.165,0.1725,0.18,0.0128,0.2719,65083.71,0
2026-08-18T15:15:00Z,ETH,434,40,3,0.1,0.12,0.14,0.0059,0.4129,1919.5,0
2026-08-18T15:16:00Z,BTC,564,70,4,0.155,0.165,0.18,0.0128,0.2719,65087.84,0
2026-08-18T15:16:00Z,ETH,434,40,3,0.1,0.12,0.14,0.0059,0.4129,1920.0,0
2026-08-18T15:17:00Z,BTC,564,70,4,0.155,0.165,0.18,0.0129,0.2726,65113.22,0
2026-08-18T15:17:00Z,ETH,434,40,3,0.11,0.12,0.13,0.0059,0.4129,1920.64,0
2026-08-18T15:18:00Z,BTC,564,70,4,0.16,0.165,0.18,0.0129,0.2727,65087.28,0
2026-08-18T15:18:00Z,ETH,434,40,3,0.1,0.115,0.13,0.0059,0.4129,1920.02,0
2026-08-18T15:19:00Z,BTC,564,70,4,0.16,0.165,0.18,0.0129,0.272,65087.59,0
2026-08-18T15:19:00Z,ETH,434,40,3,0.1,0.115,0.13,0.0059,0.4129,1920.59,0
2026-08-18T15:20:00Z,BTC,564,70,4,0.16,0.165,0.18,0.0129,0.2723,65097.57,0
2026-08-18T15:20:00Z,ETH,434,40,3,0.1,0.12,0.14,0.0059,0.4129,1921.3,0
2026-08-18T15:21:00Z,BTC,564,70,4,0.16,0.1675,0.19,0.0129,0.2719,65097.54,0
2026-08-18T15:21:00Z,ETH,434,40,3,0.1,0.12,0.14,0.0058,0.4129,1920.67,0
2026-08-18T15:22:00Z,BTC,564,70,4,0.155,0.165,0.18,0.0128,0.2726,65102.7,0
2026-08-18T15:22:00Z,ETH,434,40,3,0.1,0.115,0.13,0.0058,0.4129,1920.72,0
2026-08-18T15:23:00Z,BTC,564,70,4,0.165,0.1725,0.18,0.0129,0.2739,65077.91,0
2026-08-18T15:23:00Z,ETH,434,40,3,0.1,0.115,0.13,0.0059,0.4129,1919.49,0
2026-08-18T15:24:00Z,BTC,564,70,4,0.155,0.165,0.18,0.0129,0.2739,65085.43,0
2026-08-18T15:24:00Z,ETH,434,40,3,0.1,0.115,0.13,0.0059,0.4129,1920.12,0
2026-08-18T15:25:00Z,BTC,564,70,4,0.155,0.1675,0.19,0.0129,0.2718,65121.1,0
2026-08-18T15:25:00Z,ETH,434,40,3,0.1,0.115,0.13,0.0058,0.4129,1921.22,0
2026-08-18T15:26:00Z,BTC,564,70,4,0.155,0.165,0.18,0.0129,0.272,65130.95,0
2026-08-18T15:26:00Z,ETH,434,40,3,0.1,0.115,0.13,0.0057,0.4129,1922.48,0
2026-08-18T15:27:00Z,BTC,564,70,4,0.16,0.1725,0.18,0.0128,0.2721,65137.09,0
2026-08-18T15:27:00Z,ETH,434,40,3,0.1,0.115,0.13,0.0057,0.4129,1922.29,0
2026-08-18T15:28:00Z,BTC,564,70,5,0.16,0.19,0.2,0.0129,0.2715,65155.28,0
2026-08-18T15:28:00Z,ETH,434,40,3,0.1,0.12,0.14,0.0057,0.4129,1922.56,0
2026-08-18T15:29:00Z,BTC,564,70,4,0.155,0.1675,0.19,0.0129,0.272,65129.11,0
2026-08-18T15:29:00Z,ETH,434,40,3,0.1,0.12,0.14,0.0057,0.4129,1922.16,0
2026-08-18T15:30:00Z,BTC,564,70,4,0.155,0.1675,0.19,0.0129,0.2721,65137.1,0
2026-08-18T15:30:00Z,ETH,434,40,3,0.1,0.115,0.13,0.0057,0.4129,1922.99,0
2026-08-18T15:31:00Z,BTC,564,70,5,0.16,0.18,0.2,0.0129,0.2719,65151.98,0
2026-08-18T15:31:00Z,ETH,434,40,3,0.1,0.115,0.13,0.0057,0.4129,1922.77,0
2026-08-18T15:32:00Z,BTC,564,70,4,0.16,0.175,0.19,0.0129,0.2718,65119.25,0
2026-08-18T15:32:00Z,ETH,434,40,3,0.1,0.115,0.13,0.0058,0.4129,1921.67,0
2026-08-18T15:33:00Z,BTC,564,70,5,0.16,0.18,0.2,0.0129,0.2715,65144.98,0
2026-08-18T15:33:00Z,ETH,434,40,3,0.1,0.12,0.14,0.0057,0.4129,1922.53,0
2026-08-18T15:34:00Z,BTC,564,70,5,0.16,0.19,0.2,0.0131,0.2716,65162.32,0
2026-08-18T15:34:00Z,ETH,434,40,3,0.13,0.165,0.2,0.01,0.4129,1923.3,0
2026-08-18T15:35:00Z,BTC,564,70,5,0.16,0.19,0.2,0.0131,0.2718,65159.38,0
2026-08-18T15:35:00Z,ETH,434,40,3,0.1,0.12,0.14,0.0055,0.4129,1924.54,0
2026-08-18T15:36:00Z,BTC,564,70,5,0.16,0.19,0.2,0.0129,0.2726,65138.0,0
2026-08-18T15:36:00Z,ETH,434,40,3,0.1,0.12,0.14,0.0055,0.4129,1924.73,0
2026-08-18T15:37:00Z,BTC,564,70,5,0.16,0.19,0.2,0.0129,0.2719,65137.29,0
2026-08-18T15:37:00Z,ETH,434,40,3,0.14,0.17,0.2,0.01,0.4129,1924.0,0
2026-08-18T15:38:00Z,BTC,564,70,5,0.16,0.19,0.2,0.0131,0.2727,65164.47,0
2026-08-18T15:38:00Z,ETH,434,40,3,0.1,0.12,0.14,0.0055,0.4129,1924.36,0
2026-08-18T15:39:00Z,BTC,564,70,5,0.16,0.19,0.2,0.0131,0.272,65162.62,0
2026-08-18T15:39:00Z,ETH,434,40,3,0.13,0.165,0.2,0.01,0.4129,1924.08,0
2026-08-18T15:40:00Z,BTC,564,70,5,0.16,0.19,0.2,0.0131,0.2719,65168.75,0
2026-08-18T15:40:00Z,ETH,434,40,3,0.14,0.165,0.19,0.01,0.4129,1924.78,0
2026-08-18T15:41:00Z,BTC,564,70,5,0.17,0.18,0.2,0.0131,0.272,65164.95,0
2026-08-18T15:41:00Z,ETH,434,40,3,0.1,0.12,0.14,0.0055,0.4129,1924.23,0
2026-08-18T15:42:00Z,BTC,564,70,5,0.16,0.19,0.2,0.0131,0.2721,65179.52,0
2026-08-18T15:42:00Z,ETH,434,40,3,0.14,0.17,0.2,0.01,0.4129,1924.83,0
2026-08-18T15:43:00Z,BTC,564,70,4,0.155,0.1675,0.19,0.0129,0.2717,65138.11,0
2026-08-18T15:43:00Z,ETH,434,40,3,0.1,0.12,0.14,0.0056,0.4129,1923.45,0
2026-08-18T15:44:00Z,BTC,564,70,4,0.16,0.165,0.18,0.0129,0.2723,65139.08,0
2026-08-18T15:44:00Z,ETH,434,40,3,0.1,0.115,0.13,0.0056,0.4129,1923.16,0
2026-08-18T15:45:00Z,BTC,564,70,5,0.16,0.19,0.2,0.0129,0.2722,65153.52,0
2026-08-18T15:45:00Z,ETH,434,40,3,0.1,0.12,0.14,0.0056,0.4129,1923.31,0
2026-08-18T15:46:00Z,BTC,564,70,5,0.16,0.19,0.2,0.0131,0.2724,65194.87,0
2026-08-18T15:46:00Z,ETH,434,40,3,0.1,0.115,0.13,0.0055,0.4129,1924.41,0
2026-08-18T15:47:00Z,BTC,564,70,5,0.16,0.19,0.2,0.0131,0.2726,65193.0,0
2026-08-18T15:47:00Z,ETH,434,40,3,0.1,0.115,0.13,0.0055,0.4129,1924.52,0
2026-08-18T15:48:00Z,BTC,564,70,5,0.16,0.19,0.2,0.0132,0.2725,65180.29,0
2026-08-18T15:48:00Z,ETH,434,40,3,0.13,0.165,0.2,0.0099,0.4129,1924.1,0
2026-08-18T15:49:00Z,BTC,564,70,5,0.17,0.19,0.21,0.0131,0.2725,65150.25,0
2026-08-18T15:49:00Z,ETH,434,40,3,0.1,0.12,0.14,0.0057,0.4129,1922.02,0
2026-08-18T15:50:00Z,BTC,564,70,5,0.17,0.18,0.2,0.0129,0.272,65146.97,0
2026-08-18T15:50:00Z,ETH,434,40,3,0.1,0.12,0.14,0.0057,0.4129,1922.33,0
2026-08-18T15:51:00Z,BTC,564,70,5,0.17,0.18,0.2,0.0131,0.2724,65188.01,0
2026-08-18T15:51:00Z,ETH,434,40,3,0.1,0.12,0.14,0.0055,0.4129,1924.69,0
2026-08-18T15:52:00Z,BTC,564,70,5,0.17,0.18,0.2,0.0131,0.2725,65177.4,0
2026-08-18T15:52:00Z,ETH,434,40,3,0.1,0.12,0.14,0.0055,0.4129,1924.2,0
2026-08-18T15:53:00Z,BTC,564,70,5,0.17,0.19,0.2,0.0131,0.2722,65187.77,0
2026-08-18T15:53:00Z,ETH,434,40,3,0.1,0.12,0.14,0.0055,0.4129,1923.82,0
2026-08-18T15:54:00Z,BTC,564,70,5,0.16,0.19,0.2,0.0131,0.2724,65178.8,0
2026-08-18T15:54:00Z,ETH,434,40,3,0.1,0.12,0.14,0.0055,0.4129,1924.12,0
2026-08-18T15:55:00Z,BTC,564,70,5,0.17,0.18,0.2,0.0131,0.2725,65172.24,0
2026-08-18T15:55:00Z,ETH,434,40,3,0.14,0.165,0.19,0.0098,0.4129,1923.23,0
2026-08-18T15:56:00Z,BTC,564,70,5,0.16,0.18,0.2,0.0131,0.2731,65186.24,0
2026-08-18T15:56:00Z,ETH,434,40,3,0.1,0.115,0.13,0.0055,0.4129,1923.48,0
2026-08-18T15:57:00Z,BTC,564,70,5,0.16,0.19,0.2,0.0131,0.2726,65169.03,0
2026-08-18T15:57:00Z,ETH,434,40,3,0.1,0.12,0.14,0.0056,0.4129,1922.93,0
2026-08-18T15:58:00Z,BTC,564,70,5,0.17,0.19,0.2,0.0131,0.2727,65181.08,0
2026-08-18T15:58:00Z,ETH,434,40,3,0.1,0.12,0.14,0.0055,0.4129,1923.6,0
2026-08-18T15:59:00Z,BTC,564,70,5,0.17,0.18,0.2,0.0131,0.2729,65171.56,0
2026-08-18T15:59:00Z,ETH,434,40,3,0.14,0.17,0.2,0.0098,0.4129,1923.82,0
2026-08-18T16:00:00Z,BTC,564,70,5,0.17,0.19,0.2,0.0131,0.2732,65194.89,0
2026-08-18T16:00:00Z,ETH,434,40,3,0.1,0.12,0.14,0.0055,0.4129,1924.29,0
2026-08-18T16:01:00Z,BTC,574,72,5,0.17,0.19,0.2,0.0132,0.2734,65200.58,0
2026-08-18T16:01:00Z,ETH,434,40,3,0.14,0.17,0.2,0.0098,0.4129,1924.03,0
2026-08-18T16:02:00Z,BTC,574,72,5,0.19,0.2,0.3,0.0165,0.2732,65201.65,0
2026-08-18T16:02:00Z,ETH,434,40,3,0.1,0.115,0.13,0.0055,0.4129,1923.99,0
2026-08-18T16:03:00Z,BTC,574,72,5,0.16,0.19,0.2,0.0131,0.2744,65180.84,0
2026-08-18T16:03:00Z,ETH,434,40,3,0.1,0.12,0.14,0.0055,0.4129,1923.41,0
2026-08-18T16:04:00Z,BTC,574,72,5,0.17,0.19,0.2,0.0129,0.2741,65177.85,0
2026-08-18T16:04:00Z,ETH,434,40,3,0.1,0.115,0.13,0.0056,0.4129,1923.06,0
2026-08-18T16:05:00Z,BTC,574,72,5,0.16,0.18,0.2,0.0131,0.2737,65188.96,0
2026-08-18T16:05:00Z,ETH,434,40,3,0.13,0.16,0.19,0.01,0.4129,1925.3,0
2026-08-18T16:06:00Z,BTC,574,72,5,0.16,0.18,0.19,0.0131,0.2738,65169.42,0
2026-08-18T16:06:00Z,ETH,434,40,3,0.1,0.12,0.14,0.0054,0.4129,1924.92,0
2026-08-18T16:08:00Z,BTC,574,72,6,0.155,0.175,0.2,0.0128,0.2728,65113.78,0
2026-08-18T16:08:00Z,ETH,434,40,3,0.1,0.115,0.13,0.0056,0.4129,1922.11,0
2026-08-18T16:09:00Z,BTC,574,72,5,0.16,0.17,0.18,0.0126,0.2724,65097.77,0
2026-08-18T16:09:00Z,ETH,434,40,3,0.1,0.12,0.14,0.0056,0.4129,1922.71,0
2026-08-18T16:10:00Z,BTC,574,72,5,0.16,0.16,0.18,0.0126,0.2724,65097.71,0
2026-08-18T16:10:00Z,ETH,434,40,3,0.1,0.12,0.14,0.0056,0.4129,1922.7,0
2026-08-18T16:11:00Z,BTC,574,72,5,0.16,0.16,0.19,0.0124,0.2737,65067.79,0
2026-08-18T16:11:00Z,ETH,434,40,3,0.1,0.115,0.13,0.0057,0.4129,1921.49,0
2026-08-18T16:12:00Z,BTC,574,72,5,0.16,0.16,0.18,0.0124,0.2743,65063.11,0
2026-08-18T16:12:00Z,ETH,434,40,3,0.1,0.12,0.14,0.0057,0.4129,1920.77,0
2026-08-18T16:13:00Z,BTC,574,72,5,0.15,0.16,0.18,0.0124,0.2744,65065.92,0
2026-08-18T16:13:00Z,ETH,434,40,3,0.1,0.115,0.13,0.0057,0.4129,1921.01,0
2026-08-18T16:14:00Z,BTC,574,72,5,0.15,0.16,0.18,0.0124,0.2743,65065.37,0
2026-08-18T16:14:00Z,ETH,434,40,3,0.13,0.16,0.19,0.0093,0.4129,1920.98,0
2026-08-18T16:15:00Z,BTC,574,72,5,0.15,0.16,0.18,0.0124,0.2743,65064.54,0
2026-08-18T16:15:00Z,ETH,434,40,3,0.13,0.16,0.19,0.0092,0.4129,1920.22,0
2026-08-18T16:16:00Z,BTC,574,72,5,0.16,0.16,0.18,0.0124,0.2741,65065.91,0
2026-08-18T16:16:00Z,ETH,434,40,3,0.1,0.115,0.13,0.0058,0.4129,1920.82,0
2026-08-18T16:17:00Z,BTC,574,72,5,0.16,0.16,0.18,0.0123,0.2741,65038.34,0
2026-08-18T16:17:00Z,ETH,434,40,3,0.1,0.115,0.13,0.0058,0.4129,1920.4,0
2026-08-18T16:18:00Z,BTC,574,72,5,0.15,0.16,0.18,0.0123,0.2745,65033.91,0
2026-08-18T16:18:00Z,ETH,434,40,3,0.1,0.115,0.13,0.0058,0.4129,1920.67,0
2026-08-18T16:19:00Z,BTC,574,72,5,0.15,0.16,0.18,0.0124,0.2745,65047.76,0
2026-08-18T16:19:00Z,ETH,434,40,3,0.1,0.115,0.13,0.0058,0.4129,1920.85,0
2026-08-18T16:20:00Z,BTC,574,72,5,0.16,0.16,0.19,0.0124,0.2742,65059.26,0
2026-08-18T16:20:00Z,ETH,434,40,3,0.13,0.165,0.2,0.0094,0.4129,1921.26,0
2026-08-18T16:21:00Z,BTC,574,72,5,0.16,0.16,0.18,0.0124,0.2742,65052.68,0
2026-08-18T16:21:00Z,ETH,434,40,3,0.1,0.12,0.14,0.0057,0.4129,1921.34,0
2026-08-18T16:22:00Z,BTC,574,72,5,0.16,0.16,0.18,0.0124,0.2747,65050.19,0
2026-08-18T16:22:00Z,ETH,434,40,3,0.1,0.12,0.14,0.0057,0.4129,1921.33,0
2026-08-18T16:23:00Z,BTC,574,72,5,0.16,0.16,0.18,0.0124,0.2746,65053.8,0
2026-08-18T16:23:00Z,ETH,434,40,3,0.1,0.115,0.13,0.0057,0.4129,1921.25,0
2026-08-18T16:24:00Z,BTC,574,72,5,0.16,0.18,0.28,0.0136,0.2742,65046.33,0
2026-08-18T16:24:00Z,ETH,434,40,3,0.14,0.165,0.19,0.0095,0.4129,1921.6,0
2026-08-18T16:25:00Z,BTC,574,72,5,0.15,0.16,0.19,0.0124,0.2742,65047.61,0
2026-08-18T16:25:00Z,ETH,434,40,3,0.13,0.165,0.2,0.0095,0.4129,1921.55,0
2026-08-18T16:26:00Z,BTC,574,72,5,0.15,0.16,0.18,0.0124,0.2742,65042.7,0
2026-08-18T16:26:00Z,ETH,434,40,3,0.1,0.115,0.13,0.0057,0.4129,1921.65,0
2026-08-18T16:27:00Z,BTC,574,72,5,0.15,0.16,0.18,0.0123,0.274,65014.42,0
2026-08-18T16:27:00Z,ETH,434,40,3,0.1,0.115,0.13,0.0058,0.4129,1919.69,0
2026-08-18T16:28:00Z,BTC,574,72,5,0.16,0.16,0.18,0.0123,0.274,65015.76,0
2026-08-18T16:28:00Z,ETH,434,40,3,0.1,0.115,0.13,0.0058,0.4129,1919.66,0
2026-08-18T16:29:00Z,BTC,574,72,5,0.15,0.16,0.18,0.0123,0.2739,65023.18,0
2026-08-18T16:29:00Z,ETH,434,40,3,0.1,0.115,0.13,0.0058,0.4129,1919.58,0
2026-08-18T16:30:00Z,BTC,574,72,5,0.16,0.16,0.18,0.0123,0.2738,65008.55,0
2026-08-18T16:30:00Z,ETH,434,40,3,0.1,0.115,0.13,0.0059,0.4129,1919.33,0
2026-08-18T16:31:00Z,BTC,574,72,5,0.16,0.16,0.18,0.0121,0.2736,64993.3,0
2026-08-18T16:31:00Z,ETH,434,40,3,0.1,0.115,0.13,0.0059,0.4129,1918.85,0
2026-08-18T16:32:00Z,BTC,574,72,5,0.16,0.16,0.18,0.0121,0.274,65003.68,0
2026-08-18T16:32:00Z,ETH,434,40,3,0.1,0.115,0.13,0.0059,0.4129,1919.16,0
2026-08-18T16:33:00Z,BTC,574,72,5,0.15,0.16,0.18,0.0124,0.274,65051.68,0
2026-08-18T16:33:00Z,ETH,434,40,3,0.14,0.17,0.2,0.0094,0.4129,1920.74,0
2026-08-18T16:34:00Z,BTC,574,72,5,0.15,0.16,0.18,0.0124,0.274,65056.11,0
2026-08-18T16:34:00Z,ETH,434,40,3,0.1,0.12,0.14,0.0058,0.4129,1921.05,0
2026-08-18T16:35:00Z,BTC,574,72,5,0.16,0.16,0.19,0.0126,0.2737,65062.92,0
2026-08-18T16:35:00Z,ETH,434,40,3,0.1,0.115,0.13,0.0057,0.4129,1921.28,0
2026-08-18T16:36:00Z,BTC,574,72,5,0.16,0.16,0.18,0.0126,0.2734,65068.88,0
2026-08-18T16:36:00Z,ETH,434,40,3,0.14,0.17,0.2,0.0094,0.4129,1921.75,0
2026-08-18T16:37:00Z,BTC,574,72,5,0.15,0.16,0.18,0.0126,0.2734,65075.2,0
2026-08-18T16:37:00Z,ETH,434,40,3,0.1,0.12,0.14,0.0057,0.4129,1921.77,0
2026-08-18T16:38:00Z,BTC,574,72,5,0.16,0.16,0.19,0.0127,0.2708,65108.54,0
2026-08-18T16:38:00Z,ETH,434,40,3,0.1,0.115,0.13,0.0057,0.4129,1922.22,0
2026-08-18T16:39:00Z,BTC,574,72,5,0.16,0.16,0.19,0.0127,0.2709,65107.43,0
2026-08-18T16:39:00Z,ETH,434,40,3,0.1,0.115,0.13,0.0057,0.4129,1922.31,0
2026-08-18T16:40:00Z,BTC,574,72,5,0.16,0.16,0.19,0.0127,0.2719,65122.78,0
2026-08-18T16:40:00Z,ETH,434,40,3,0.1,0.115,0.13,0.0056,0.4129,1923.36,0
2026-08-18T16:41:00Z,BTC,574,72,5,0.15,0.16,0.18,0.0127,0.2726,65116.74,0
2026-08-18T16:41:00Z,ETH,434,40,3,0.13,0.165,0.2,0.0096,0.4129,1923.53,0
2026-08-18T16:42:00Z,BTC,574,72,5,0.15,0.17,0.18,0.0127,0.2727,65134.56,0
2026-08-18T16:42:00Z,ETH,434,40,3,0.1,0.115,0.13,0.0055,0.4129,1924.71,0
2026-08-18T16:43:00Z,BTC,574,72,5,0.15,0.17,0.19,0.0127,0.2728,65114.25,0
2026-08-18T16:43:00Z,ETH,434,40,3,0.1,0.115,0.13,0.0055,0.4129,1924.05,0
2026-08-18T16:44:00Z,BTC,574,72,5,0.15,0.16,0.18,0.0127,0.2725,65098.88,0
2026-08-18T16:44:00Z,ETH,434,40,3,0.14,0.165,0.19,0.0095,0.4129,1924.07,0
2026-08-18T16:45:00Z,BTC,574,72,5,0.16,0.16,0.19,0.0127,0.2724,65095.67,0
2026-08-18T16:45:00Z,ETH,434,40,3,0.1,0.115,0.13,0.0055,0.4129,1923.63,0
2026-08-18T16:46:00Z,BTC,574,72,6,0.16,0.185,0.2,0.0128,0.2723,65151.88,0
2026-08-18T16:46:00Z,ETH,434,40,3,0.1,0.115,0.13,0.0054,0.4129,1925.17,0
2026-08-18T16:47:00Z,BTC,574,72,6,0.16,0.185,0.2,0.0129,0.2728,65127.31,0
2026-08-18T16:47:00Z,ETH,434,40,3,0.13,0.16,0.19,0.0096,0.4129,1924.19,0
2026-08-18T16:48:00Z,BTC,574,72,6,0.16,0.1775,0.21,0.0129,0.2728,65142.29,0
2026-08-18T16:48:00Z,ETH,434,40,3,0.13,0.16,0.19,0.0096,0.4129,1924.79,0
2026-08-18T16:49:00Z,BTC,574,72,6,0.16,0.1775,0.2,0.0129,0.2723,65123.64,0
2026-08-18T16:49:00Z,ETH,434,40,3,0.1,0.12,0.14,0.0054,0.4129,1925.4,0
2026-08-18T16:50:00Z,BTC,574,72,5,0.15,0.16,0.18,0.0129,0.2727,65121.69,0
2026-08-18T16:50:00Z,ETH,434,40,3,0.14,0.17,0.2,0.0098,0.4129,1924.86,0
2026-08-18T16:51:00Z,BTC,574,72,5,0.15,0.17,0.19,0.0129,0.2726,65114.16,0
2026-08-18T16:51:00Z,ETH,434,40,3,0.1,0.12,0.14,0.0055,0.4129,1924.14,0
2026-08-18T16:52:00Z,BTC,574,72,5,0.16,0.16,0.18,0.0129,0.2722,65114.47,0
2026-08-18T16:52:00Z,ETH,434,40,3,0.1,0.12,0.14,0.0055,0.4129,1924.23,0
2026-08-18T16:53:00Z,BTC,574,72,5,0.15,0.17,0.18,0.0129,0.2719,65136.12,0
2026-08-18T16:53:00Z,ETH,434,40,3,0.1,0.12,0.14,0.0055,0.4129,1924.51,0
2026-08-18T16:54:00Z,BTC,574,72,5,0.16,0.16,0.18,0.0129,0.272,65127.96,0
2026-08-18T16:54:00Z,ETH,434,40,3,0.1,0.12,0.14,0.0055,0.4129,1924.25,0
2026-08-18T16:55:00Z,BTC,574,72,5,0.15,0.17,0.19,0.0129,0.2727,65128.07,0
2026-08-18T16:55:00Z,ETH,434,40,3,0.1,0.12,0.14,0.0055,0.4129,1924.21,0
2026-08-18T16:56:00Z,BTC,574,72,6,0.155,0.175,0.2,0.0129,0.2721,65155.31,0
2026-08-18T16:56:00Z,ETH,434,40,3,0.1,0.12,0.14,0.0055,0.4129,1924.72,0
2026-08-18T16:57:00Z,BTC,574,72,6,0.155,0.175,0.21,0.0129,0.272,65155.31,0
2026-08-18T16:57:00Z,ETH,434,40,3,0.1,0.115,0.13,0.0055,0.4129,1924.9,0
2026-08-18T16:58:00Z,BTC,574,72,5,0.15,0.17,0.18,0.0129,0.2714,65149.24,0
2026-08-18T16:58:00Z,ETH,434,40,3,0.1,0.115,0.13,0.0055,0.4129,1924.24,0
2026-08-18T16:59:00Z,BTC,574,72,6,0.165,0.185,0.2,0.0129,0.2719,65155.98,0
2026-08-18T16:59:00Z,ETH,434,40,3,0.1,0.115,0.13,0.0055,0.4129,1924.26,0
2026-08-18T17:00:00Z,BTC,574,72,5,0.16,0.16,0.19,0.0129,0.2714,65115.6,0
2026-08-18T17:00:00Z,ETH,434,40,3,0.1,0.115,0.13,0.0056,0.4129,1923.0,0
2026-08-18T17:01:00Z,BTC,574,72,5,0.16,0.16,0.18,0.0127,0.2714,65093.56,0
2026-08-18T17:01:00Z,ETH,434,40,3,0.1,0.115,0.13,0.0057,0.4129,1921.58,0
2026-08-18T17:02:00Z,BTC,574,72,5,0.16,0.16,0.18,0.0127,0.2714,65091.95,0
2026-08-18T17:02:00Z,ETH,434,40,3,0.1,0.12,0.14,0.0057,0.4129,1921.57,0
2026-08-18T17:03:00Z,BTC,574,72,5,0.15,0.16,0.18,0.0127,0.2711,65110.16,0
2026-08-18T17:03:00Z,ETH,434,40,3,0.1,0.115,0.13,0.0057,0.4129,1921.83,0
2026-08-18T17:04:00Z,BTC,574,72,5,0.15,0.17,0.19,0.0129,0.2707,65124.96,0
2026-08-18T17:04:00Z,ETH,434,40,3,0.14,0.17,0.2,0.0095,0.4129,1922.55,0
2026-08-18T17:05:00Z,BTC,574,72,5,0.15,0.16,0.19,0.0129,0.2718,65124.74,0
2026-08-18T17:05:00Z,ETH,434,40,3,0.1,0.12,0.14,0.0057,0.4129,1922.0,0
2026-08-18T17:06:00Z,BTC,574,72,5,0.15,0.17,0.18,0.0129,0.2721,65104.35,0
2026-08-18T17:06:00Z,ETH,434,40,3,0.1,0.115,0.13,0.0058,0.4129,1920.73,0
2026-08-18T17:07:00Z,BTC,574,72,5,0.15,0.17,0.18,0.0129,0.2717,65101.79,0
2026-08-18T17:07:00Z,ETH,434,40,3,0.1,0.115,0.13,0.0058,0.4129,1921.11,0
2026-08-18T17:08:00Z,BTC,574,72,5,0.16,0.17,0.18,0.0127,0.2717,65088.08,0
2026-08-18T17:08:00Z,ETH,434,40,3,0.1,0.115,0.13,0.0058,0.4129,1920.93,0
2026-08-18T17:09:00Z,BTC,574,72,5,0.16,0.17,0.19,0.0127,0.2716,65098.0,0
2026-08-18T17:09:00Z,ETH,434,40,3,0.1,0.115,0.13,0.0057,0.4129,1921.59,0
2026-08-18T17:10:00Z,BTC,574,72,5,0.15,0.16,0.18,0.0127,0.2716,65096.62,0
2026-08-18T17:10:00Z,ETH,434,40,3,0.1,0.115,0.13,0.0057,0.4129,1921.61,0
2026-08-18T17:11:00Z,BTC,574,72,5,0.15,0.17,0.19,0.0127,0.2717,65090.17,0
2026-08-18T17:11:00Z,ETH,434,40,3,0.1,0.115,0.13,0.0058,0.4129,1921.0,0
2026-08-18T17:12:00Z,BTC,574,72,5,0.16,0.16,0.18,0.0127,0.2713,65098.52,0
2026-08-18T17:12:00Z,ETH,434,40,3,0.1,0.12,0.14,0.0058,0.4129,1920.97,0
2026-08-18T17:13:00Z,BTC,574,72,5,0.16,0.16,0.18,0.0127,0.2713,65109.99,0
2026-08-18T17:13:00Z,ETH,434,40,3,0.1,0.115,0.13,0.0058,0.4129,1921.17,0
2026-08-18T17:14:00Z,BTC,574,72,5,0.16,0.16,0.19,0.0127,0.2717,65120.06,0
2026-08-18T17:14:00Z,ETH,434,40,3,0.1,0.115,0.13,0.0057,0.4129,1921.83,0
2026-08-18T17:15:00Z,BTC,574,72,5,0.16,0.16,0.18,0.0129,0.2716,65110.81,0
2026-08-18T17:15:00Z,ETH,434,40,3,0.1,0.12,0.14,0.0058,0.4129,1921.38,0
2026-08-18T17:16:00Z,BTC,574,72,5,0.15,0.16,0.19,0.0129,0.273,65075.78,0
2026-08-18T17:16:00Z,ETH,434,40,3,0.13,0.165,0.2,0.0094,0.4129,1920.53,0
2026-08-18T17:17:00Z,BTC,574,72,5,0.16,0.17,0.18,0.0129,0.2715,65092.25,0
2026-08-18T17:17:00Z,ETH,434,40,3,0.1,0.115,0.13,0.0058,0.4129,1921.1,0
2026-08-18T17:18:00Z,BTC,574,72,5,0.16,0.16,0.18,0.0129,0.2723,65090.99,0
2026-08-18T17:18:00Z,ETH,434,40,3,0.1,0.115,0.13,0.0058,0.4129,1920.95,0
2026-08-18T17:19:00Z,BTC,574,72,5,0.16,0.17,0.18,0.0129,0.2711,65105.02,0
2026-08-18T17:19:00Z,ETH,434,40,3,0.1,0.12,0.14,0.0058,0.4129,1921.58,0
2026-08-18T17:20:00Z,BTC,574,72,5,0.16,0.16,0.19,0.0129,0.2708,65099.9,0
2026-08-18T17:20:00Z,ETH,434,40,3,0.1,0.12,0.14,0.0058,0.4129,1921.67,0
2026-08-18T17:21:00Z,BTC,574,72,5,0.16,0.17,0.19,0.0129,0.2713,65126.44,0
2026-08-18T17:21:00Z,ETH,434,40,3,0.1,0.115,0.13,0.0057,0.4129,1922.54,0
2026-08-18T17:22:00Z,BTC,574,72,5,0.16,0.16,0.19,0.0129,0.2717,65120.37,0
2026-08-18T17:22:00Z,ETH,434,40,3,0.14,0.17,0.2,0.0095,0.4129,1921.85,0
2026-08-18T17:23:00Z,BTC,574,72,5,0.15,0.16,0.18,0.0129,0.2722,65120.69,0
2026-08-18T17:23:00Z,ETH,434,40,3,0.1,0.115,0.13,0.0057,0.4129,1921.95,0
2026-08-18T17:24:00Z,BTC,574,72,5,0.16,0.17,0.18,0.0129,0.2727,65115.41,0
2026-08-18T17:24:00Z,ETH,434,40,3,0.13,0.165,0.2,0.0094,0.4129,1921.73,0
2026-08-18T17:25:00Z,BTC,574,72,5,0.15,0.16,0.19,0.0129,0.2726,65109.48,0
2026-08-18T17:25:00Z,ETH,434,40,3,0.13,0.16,0.19,0.0095,0.4129,1921.86,0
2026-08-18T17:26:00Z,BTC,574,72,5,0.15,0.16,0.18,0.0129,0.2722,65110.72,0
2026-08-18T17:26:00Z,ETH,434,40,3,0.1,0.115,0.13,0.0057,0.4129,1921.47,0
2026-08-18T17:27:00Z,BTC,574,72,5,0.15,0.16,0.19,0.0129,0.2722,65117.64,0
2026-08-18T17:27:00Z,ETH,434,40,3,0.1,0.115,0.13,0.0057,0.4129,1921.55,0
2026-08-18T17:28:00Z,BTC,574,72,5,0.16,0.16,0.19,0.0129,0.2718,65135.31,0
2026-08-18T17:28:00Z,ETH,434,40,3,0.1,0.115,0.13,0.0057,0.4129,1921.91,0
2026-08-18T17:29:00Z,BTC,574,72,6,0.16,0.1825,0.21,0.0129,0.2721,65143.09,0
2026-08-18T17:29:00Z,ETH,434,40,3,0.13,0.16,0.19,0.0096,0.4129,1922.19,0
2026-08-18T17:30:00Z,BTC,574,72,5,0.15,0.16,0.18,0.0129,0.2725,65118.24,0
2026-08-18T17:30:00Z,ETH,434,40,3,0.31,0.355,0.4,0.0175,0.4129,1920.24,0
2026-08-18T17:31:00Z,BTC,574,72,5,0.15,0.16,0.18,0.0129,0.2717,65146.8,0
2026-08-18T17:31:00Z,ETH,434,40,3,0.1,0.115,0.13,0.0058,0.4129,1921.13,0
2026-08-18T17:32:00Z,BTC,574,72,5,0.15,0.17,0.18,0.0129,0.2715,65128.62,0
2026-08-18T17:32:00Z,ETH,434,40,3,0.1,0.115,0.13,0.0058,0.4129,1920.7,0
2026-08-18T17:33:00Z,BTC,574,72,5,0.15,0.16,0.19,0.0129,0.2713,65121.04,0
2026-08-18T17:33:00Z,ETH,434,40,3,0.13,0.165,0.2,0.0094,0.4129,1920.74,0
2026-08-18T17:34:00Z,BTC,574,72,5,0.15,0.16,0.18,0.0129,0.2716,65099.58,0
2026-08-18T17:34:00Z,ETH,434,40,3,0.11,0.12,0.13,0.0059,0.4129,1919.87,0
2026-08-18T17:35:00Z,BTC,574,72,5,0.16,0.16,0.19,0.0129,0.2727,65088.14,0
2026-08-18T17:35:00Z,ETH,434,40,3,0.1,0.115,0.13,0.0059,0.4129,1919.64,0
2026-08-18T17:36:00Z,BTC,574,72,5,0.16,0.16,0.18,0.0127,0.2728,65061.35,0
2026-08-18T17:36:00Z,ETH,434,40,3,0.1,0.115,0.13,0.0059,0.4129,1919.64,0
2026-08-18T17:37:00Z,BTC,574,72,5,0.16,0.16,0.19,0.0127,0.2726,65056.73,0
2026-08-18T17:37:00Z,ETH,434,40,3,0.1,0.115,0.13,0.0059,0.4129,1919.71,0
2026-08-18T17:38:00Z,BTC,574,72,5,0.15,0.16,0.18,0.0127,0.2725,65073.28,0
2026-08-18T17:38:00Z,ETH,434,40,3,0.1,0.115,0.13,0.0058,0.4129,1920.57,0
2026-08-18T17:39:00Z,BTC,574,72,5,0.16,0.16,0.18,0.0127,0.273,65080.98,0
2026-08-18T17:39:00Z,ETH,434,40,3,0.1,0.115,0.13,0.0058,0.4129,1920.97,0
2026-08-18T17:40:00Z,BTC,574,72,5,0.15,0.16,0.18,0.0127,0.2728,65065.35,0
2026-08-18T17:40:00Z,ETH,434,40,3,0.1,0.115,0.13,0.0058,0.4129,1920.33,0
2026-08-18T17:41:00Z,BTC,574,72,5,0.15,0.17,0.18,0.0126,0.2727,65024.56,0
2026-08-18T17:41:00Z,ETH,434,40,3,0.1,0.115,0.13,0.0059,0.4129,1919.26,0
2026-08-18T17:42:00Z,BTC,574,72,5,0.16,0.16,0.19,0.0126,0.2724,65044.26,0
2026-08-18T17:42:00Z,ETH,434,40,3,0.11,0.12,0.13,0.0059,0.4129,1920.17,0
2026-08-18T17:43:00Z,BTC,574,72,5,0.15,0.16,0.18,0.0126,0.2725,65041.01,0
2026-08-18T17:43:00Z,ETH,434,40,3,0.1,0.115,0.13,0.0059,0.4129,1920.05,0
2026-08-18T17:44:00Z,BTC,574,72,5,0.16,0.16,0.18,0.0126,0.2727,65035.05,0
2026-08-18T17:44:00Z,ETH,434,40,3,0.1,0.12,0.14,0.0059,0.4129,1919.82,0
2026-08-18T17:45:00Z,BTC,574,72,5,0.15,0.16,0.18,0.0126,0.2724,65035.31,0
2026-08-18T17:45:00Z,ETH,434,40,3,0.11,0.12,0.13,0.0058,0.4129,1920.05,0
2026-08-18T17:46:00Z,BTC,574,72,5,0.16,0.16,0.18,0.0126,0.2721,65027.51,0
2026-08-18T17:46:00Z,ETH,434,40,3,0.1,0.12,0.14,0.0059,0.4129,1919.57,0
2026-08-18T17:47:00Z,BTC,574,72,5,0.16,0.16,0.19,0.0124,0.273,65015.34,0
2026-08-18T17:47:00Z,ETH,434,40,3,0.1,0.115,0.13,0.0059,0.4129,1918.99,0
2026-08-18T17:48:00Z,BTC,574,72,5,0.16,0.16,0.19,0.0124,0.2726,65007.5,0
2026-08-18T17:48:00Z,ETH,434,40,3,0.1,0.115,0.13,0.0059,0.4129,1918.89,0
2026-08-18T17:49:00Z,BTC,574,72,5,0.16,0.16,0.18,0.0124,0.2726,65008.76,0
2026-08-18T17:49:00Z,ETH,434,40,3,0.1,0.115,0.13,0.0059,0.4129,1918.92,0
2026-08-18T17:50:00Z,BTC,574,72,5,0.16,0.16,0.18,0.0124,0.2725,65008.34,0
2026-08-18T17:50:00Z,ETH,434,40,3,0.1,0.115,0.13,0.0059,0.4129,1918.96,0
2026-08-18T17:51:00Z,BTC,574,72,5,0.16,0.17,0.19,0.0124,0.2726,65015.73,0
2026-08-18T17:51:00Z,ETH,434,40,3,0.11,0.12,0.13,0.0059,0.4129,1919.12,0
2026-08-18T17:52:00Z,BTC,574,72,5,0.16,0.16,0.18,0.0124,0.2721,65017.08,0
2026-08-18T17:52:00Z,ETH,434,40,3,0.1,0.12,0.14,0.0059,0.4129,1919.13,0
2026-08-18T17:53:00Z,BTC,574,72,5,0.16,0.16,0.19,0.0124,0.2722,65022.28,0
2026-08-18T17:53:00Z,ETH,434,40,3,0.1,0.115,0.13,0.0059,0.4129,1919.11,0
2026-08-18T17:54:00Z,BTC,574,72,5,0.16,0.17,0.19,0.0124,0.2722,65019.53,0
2026-08-18T17:54:00Z,ETH,434,40,3,0.11,0.12,0.13,0.0059,0.4129,1918.78,0
2026-08-18T17:55:00Z,BTC,574,72,5,0.16,0.17,0.19,0.0124,0.2724,65020.47,0
2026-08-18T17:55:00Z,ETH,434,40,3,0.1,0.115,0.13,0.0059,0.4129,1918.66,0
2026-08-18T17:56:00Z,BTC,574,72,5,0.16,0.17,0.19,0.0124,0.2722,65020.98,0
2026-08-18T17:56:00Z,ETH,434,40,3,0.1,0.115,0.13,0.0059,0.4129,1918.53,0
2026-08-18T17:57:00Z,BTC,574,72,5,0.16,0.16,0.18,0.0124,0.2722,65002.18,0
2026-08-18T17:57:00Z,ETH,434,40,3,0.13,0.165,0.2,0.009,0.4129,1917.71,0
2026-08-18T17:58:00Z,BTC,574,72,5,0.16,0.16,0.18,0.0123,0.2725,64989.25,0
2026-08-18T17:58:00Z,ETH,434,40,3,0.13,0.16,0.19,0.009,0.4129,1917.12,0
2026-08-18T17:59:00Z,BTC,574,72,5,0.16,0.16,0.19,0.0123,0.2726,64982.14,0
2026-08-18T17:59:00Z,ETH,434,40,3,0.1,0.11,0.12,0.0061,0.4129,1917.08,0
2026-08-18T18:00:00Z,BTC,574,72,5,0.16,0.16,0.18,0.0123,0.2715,64978.8,0
2026-08-18T18:00:00Z,ETH,434,40,2,0.11,0.115,0.12,0.0075,0.4129,1916.72,0
2026-08-18T18:01:00Z,BTC,574,72,5,0.16,0.16,0.18,0.0123,0.2718,64981.88,0
2026-08-18T18:01:00Z,ETH,434,40,3,0.1,0.115,0.13,0.0061,0.4129,1917.32,0
2026-08-18T18:02:00Z,BTC,574,72,5,0.16,0.16,0.18,0.0123,0.2714,64983.79,0
2026-08-18T18:02:00Z,ETH,434,40,3,0.1,0.115,0.13,0.0061,0.4129,1917.47,0
2026-08-18T18:03:00Z,BTC,574,72,5,0.16,0.16,0.18,0.0123,0.2711,64975.48,0
2026-08-18T18:03:00Z,ETH,434,40,3,0.1,0.115,0.13,0.006,0.4129,1917.5,0
2026-08-18T18:04:00Z,BTC,574,72,5,0.16,0.16,0.18,0.0123,0.2709,64991.46,0
2026-08-18T18:04:00Z,ETH,434,40,3,0.1,0.115,0.13,0.006,0.4129,1917.98,0
2026-08-18T18:05:00Z,BTC,574,72,5,0.16,0.16,0.18,0.0124,0.2709,64993.35,0
2026-08-18T18:05:00Z,ETH,434,40,3,0.11,0.12,0.13,0.006,0.4129,1918.24,0
2026-08-18T18:06:00Z,BTC,574,72,5,0.16,0.16,0.18,0.0124,0.2709,64990.17,0
2026-08-18T18:06:00Z,ETH,434,40,3,0.11,0.12,0.13,0.006,0.4129,1918.53,0
2026-08-18T18:07:00Z,BTC,574,72,5,0.16,0.16,0.18,0.0124,0.2712,65002.3,0
2026-08-18T18:07:00Z,ETH,434,40,3,0.11,0.12,0.13,0.006,0.4129,1918.71,0
2026-08-18T18:08:00Z,BTC,574,72,5,0.16,0.16,0.18,0.0126,0.2709,65016.27,0
2026-08-18T18:08:00Z,ETH,434,40,3,0.1,0.115,0.13,0.006,0.4129,1918.8,0
2026-08-18T18:09:00Z,BTC,574,72,5,0.16,0.16,0.19,0.0126,0.2709,65010.84,0
2026-08-18T18:09:00Z,ETH,434,40,3,0.1,0.115,0.13,0.006,0.4129,1919.01,0
2026-08-18T18:10:00Z,BTC,574,72,5,0.16,0.16,0.18,0.0126,0.271,65021.79,0
2026-08-18T18:10:00Z,ETH,434,40,3,0.11,0.12,0.13,0.006,0.4129,1919.02,0
2026-08-18T18:11:00Z,BTC,574,72,5,0.16,0.16,0.18,0.0126,0.271,65018.0,0
2026-08-18T18:11:00Z,ETH,434,40,3,0.13,0.165,0.2,0.0089,0.4129,1918.63,0
2026-08-18T18:12:00Z,BTC,574,72,5,0.16,0.16,0.18,0.0126,0.271,65014.88,0
2026-08-18T18:12:00Z,ETH,434,40,3,0.13,0.16,0.19,0.0089,0.4129,1918.43,0
2026-08-18T18:13:00Z,BTC,574,72,5,0.16,0.17,0.18,0.0127,0.2712,65052.02,0
2026-08-18T18:13:00Z,ETH,434,40,3,0.1,0.115,0.13,0.006,0.4129,1919.71,0
2026-08-18T18:14:00Z,BTC,574,72,5,0.16,0.16,0.18,0.0127,0.2708,65052.82,0
2026-08-18T18:14:00Z,ETH,434,40,3,0.1,0.115,0.13,0.0059,0.4129,1919.95,0
2026-08-18T18:15:00Z,BTC,574,72,5,0.16,0.16,0.19,0.0127,0.2708,65053.65,0
2026-08-18T18:15:00Z,ETH,434,40,3,0.1,0.12,0.14,0.0059,0.4129,1919.88,0
2026-08-18T18:16:00Z,BTC,574,72,5,0.16,0.16,0.19,0.0127,0.2709,65052.98,0
2026-08-18T18:16:00Z,ETH,434,40,3,0.1,0.115,0.13,0.0059,0.4129,1920.01,0
2026-08-18T18:17:00Z,BTC,574,72,5,0.16,0.16,0.18,0.0127,0.2708,65056.21,0
2026-08-18T18:17:00Z,ETH,434,40,3,0.1,0.115,0.13,0.0058,0.4129,1920.69,0
2026-08-18T18:18:00Z,BTC,574,72,5,0.16,0.16,0.18,0.0129,0.2704,65076.86,0
2026-08-18T18:18:00Z,ETH,434,40,3,0.13,0.165,0.2,0.0095,0.4129,1921.17,0
2026-08-18T18:19:00Z,BTC,574,72,5,0.16,0.16,0.19,0.0129,0.2708,65083.28,0
2026-08-18T18:19:00Z,ETH,434,40,3,0.1,0.115,0.13,0.0058,0.4129,1921.44,0
2026-08-18T18:20:00Z,BTC,574,72,5,0.16,0.16,0.19,0.0129,0.2708,65082.97,0
2026-08-18T18:20:00Z,ETH,434,40,3,0.1,0.115,0.13,0.0057,0.4129,1921.6,0
2026-08-18T18:21:00Z,BTC,574,72,5,0.16,0.16,0.19,0.0131,0.2688,65109.3,0
2026-08-18T18:21:00Z,ETH,434,40,3,0.13,0.16,0.19,0.0095,0.4129,1921.92,0
2026-08-18T18:22:00Z,BTC,574,72,5,0.16,0.16,0.18,0.0131,0.2676,65111.79,0
2026-08-18T18:22:00Z,ETH,434,40,3,0.1,0.115,0.13,0.0058,0.4129,1921.53,0
2026-08-18T18:23:00Z,BTC,574,72,5,0.16,0.16,0.18,0.0131,0.27,65101.49,0
2026-08-18T18:23:00Z,ETH,434,40,3,0.1,0.12,0.14,0.0058,0.4129,1921.17,0
2026-08-18T18:24:00Z,BTC,574,72,5,0.16,0.17,0.18,0.0131,0.2699,65107.62,0
2026-08-18T18:24:00Z,ETH,434,40,3,0.1,0.115,0.13,0.0058,0.4129,1921.67,0
2026-08-18T18:25:00Z,BTC,574,72,5,0.15,0.17,0.19,0.0131,0.2698,65100.5,0
2026-08-18T18:25:00Z,ETH,434,40,3,0.13,0.165,0.2,0.0095,0.4129,1921.26,0
2026-08-18T18:26:00Z,BTC,574,72,5,0.15,0.17,0.18,0.0131,0.2697,65105.17,0
2026-08-18T18:26:00Z,ETH,434,40,3,0.1,0.115,0.13,0.0058,0.4129,1921.73,0
2026-08-18T18:27:00Z,BTC,574,72,5,0.15,0.16,0.19,0.0132,0.2677,65121.93,0
2026-08-18T18:27:00Z,ETH,434,40,3,0.1,0.115,0.13,0.0058,0.4129,1921.87,0
2026-08-18T18:28:00Z,BTC,574,72,5,0.15,0.17,0.18,0.0134,0.2678,65124.72,0
2026-08-18T18:28:00Z,ETH,434,40,3,0.1,0.12,0.14,0.0058,0.4129,1922.05,0
2026-08-18T18:29:00Z,BTC,574,72,5,0.16,0.17,0.19,0.0134,0.2663,65118.34,0
2026-08-18T18:29:00Z,ETH,434,40,3,0.13,0.165,0.2,0.0095,0.4129,1921.99,0
2026-08-18T18:30:00Z,BTC,574,72,5,0.16,0.16,0.18,0.0134,0.2669,65120.56,0
2026-08-18T18:30:00Z,ETH,434,40,3,0.13,0.165,0.2,0.0095,0.4129,1921.98,0
2026-08-18T18:31:00Z,BTC,574,72,5,0.15,0.17,0.19,0.0134,0.2669,65124.55,0
2026-08-18T18:31:00Z,ETH,434,40,3,0.1,0.115,0.13,0.0058,0.4129,1922.32,0
2026-08-18T18:32:00Z,BTC,574,72,5,0.16,0.17,0.19,0.0132,0.2687,65098.64,0
2026-08-18T18:32:00Z,ETH,434,40,3,0.1,0.12,0.14,0.0058,0.4129,1922.03,0
2026-08-18T18:33:00Z,BTC,574,72,5,0.16,0.16,0.18,0.0132,0.2692,65096.72,0
2026-08-18T18:33:00Z,ETH,434,40,3,0.14,0.17,0.2,0.0095,0.4129,1921.74,0
2026-08-18T18:34:00Z,BTC,574,72,5,0.15,0.16,0.19,0.0132,0.2689,65104.86,0
2026-08-18T18:34:00Z,ETH,434,40,3,0.14,0.17,0.2,0.0096,0.4129,1922.24,0
2026-08-18T18:35:00Z,BTC,574,72,5,0.16,0.17,0.19,0.0132,0.2692,65102.33,0
2026-08-18T18:35:00Z,ETH,434,40,3,0.13,0.165,0.2,0.0095,0.4129,1921.67,0
2026-08-18T18:36:00Z,BTC,574,72,5,0.16,0.17,0.18,0.0132,0.2674,65111.37,0
2026-08-18T18:36:00Z,ETH,434,40,3,0.19,0.195,0.2,0.0101,0.4129,1922.43,0
2026-08-18T18:37:00Z,BTC,574,72,5,0.16,0.17,0.18,0.0134,0.2671,65123.91,0
2026-08-18T18:37:00Z,ETH,434,40,3,0.1,0.115,0.13,0.0057,0.4129,1922.71,0
2026-08-18T18:38:00Z,BTC,574,72,5,0.16,0.17,0.18,0.0134,0.2681,65107.03,0
2026-08-18T18:38:00Z,ETH,434,40,3,0.1,0.115,0.13,0.0057,0.4129,1922.55,0
2026-08-18T18:39:00Z,BTC,574,72,5,0.16,0.17,0.19,0.0132,0.2684,65115.05,0
2026-08-18T18:39:00Z,ETH,434,40,3,0.1,0.115,0.13,0.0057,0.4129,1922.88,0
2026-08-18T18:40:00Z,BTC,574,72,5,0.16,0.16,0.18,0.0132,0.2681,65114.61,0
2026-08-18T18:40:00Z,ETH,434,40,3,0.1,0.115,0.13,0.0057,0.4129,1922.8,0
2026-08-18T18:41:00Z,BTC,574,72,5,0.16,0.16,0.18,0.0132,0.2685,65112.4,0
2026-08-18T18:41:00Z,ETH,434,40,3,0.1,0.115,0.13,0.0057,0.4129,1922.48,0
2026-08-18T18:42:00Z,BTC,574,72,5,0.15,0.16,0.18,0.0131,0.2684,65092.37,0
2026-08-18T18:42:00Z,ETH,434,40,3,0.1,0.115,0.13,0.0057,0.4129,1921.81,0
2026-08-18T18:43:00Z,BTC,574,72,5,0.15,0.16,0.18,0.0131,0.2691,65072.9,0
2026-08-18T18:43:00Z,ETH,434,40,3,0.1,0.115,0.13,0.0057,0.4129,1921.61,0
2026-08-18T18:44:00Z,BTC,574,72,5,0.16,0.17,0.18,0.0131,0.269,65071.58,0
2026-08-18T18:44:00Z,ETH,434,40,3,0.1,0.12,0.14,0.0057,0.4129,1921.62,0
2026-08-18T18:45:00Z,BTC,574,72,5,0.16,0.16,0.18,0.0131,0.269,65088.39,0
2026-08-18T18:45:00Z,ETH,434,40,3,0.1,0.115,0.13,0.0057,0.4129,1922.09,0
2026-08-18T18:46:00Z,BTC,574,72,5,0.16,0.17,0.19,0.0131,0.2695,65101.36,0
2026-08-18T18:46:00Z,ETH,434,40,3,0.1,0.115,0.13,0.0057,0.4129,1922.45,0
2026-08-18T18:47:00Z,BTC,574,72,5,0.16,0.17,0.19,0.0131,0.2689,65108.67,0
2026-08-18T18:47:00Z,ETH,434,40,3,0.13,0.165,0.2,0.0093,0.4129,1922.74,0
2026-08-18T18:48:00Z,BTC,574,72,5,0.16,0.17,0.18,0.0132,0.2684,65109.91,0
2026-08-18T18:48:00Z,ETH,434,40,3,0.13,0.16,0.19,0.0093,0.4129,1922.68,0
2026-08-18T18:49:00Z,BTC,574,72,5,0.16,0.17,0.19,0.0132,0.2685,65108.09,0
2026-08-18T18:49:00Z,ETH,434,40,3,0.1,0.115,0.13,0.0057,0.4129,1922.77,0
2026-08-18T18:50:00Z,BTC,574,72,5,0.16,0.16,0.19,0.0132,0.2684,65094.23,0
2026-08-18T18:50:00Z,ETH,434,40,3,0.1,0.12,0.14,0.0057,0.4129,1922.21,0
2026-08-18T18:51:00Z,BTC,574,72,5,0.16,0.17,0.19,0.0132,0.2672,65113.07,0
2026-08-18T18:51:00Z,ETH,434,40,3,0.14,0.165,0.19,0.0095,0.4129,1922.58,0
2026-08-18T18:52:00Z,BTC,574,72,5,0.16,0.16,0.18,0.0131,0.2687,65098.46,0
2026-08-18T18:52:00Z,ETH,434,40,3,0.1,0.12,0.14,0.0057,0.4129,1922.5,0
2026-08-18T18:53:00Z,BTC,574,72,5,0.16,0.17,0.19,0.0131,0.2692,65100.49,0
2026-08-18T18:53:00Z,ETH,434,40,3,0.11,0.12,0.13,0.0057,0.4129,1922.08,0
2026-08-18T18:54:00Z,BTC,574,72,5,0.16,0.16,0.18,0.0131,0.2692,65100.06,0
2026-08-18T18:54:00Z,ETH,434,40,3,0.1,0.115,0.13,0.0057,0.4129,1922.08,0
2026-08-18T18:55:00Z,BTC,574,72,5,0.16,0.16,0.19,0.0131,0.2694,65082.09,0
2026-08-18T18:55:00Z,ETH,434,40,3,0.1,0.115,0.13,0.0057,0.4129,1921.71,0
2026-08-18T18:56:00Z,BTC,574,72,5,0.16,0.16,0.18,0.0131,0.2697,65081.43,0
2026-08-18T18:56:00Z,ETH,434,40,3,0.1,0.115,0.13,0.0057,0.4129,1921.89,0
2026-08-18T18:57:00Z,BTC,574,72,5,0.16,0.16,0.18,0.0131,0.2694,65084.27,0
2026-08-18T18:57:00Z,ETH,434,40,3,0.1,0.12,0.14,0.0057,0.4129,1922.39,0
2026-08-18T18:58:00Z,BTC,574,72,5,0.16,0.17,0.19,0.0131,0.2692,65080.97,0
2026-08-18T18:58:00Z,ETH,434,40,3,0.1,0.115,0.13,0.0057,0.4129,1922.29,0
2026-08-18T18:59:00Z,BTC,574,72,5,0.16,0.16,0.18,0.0131,0.2692,65079.63,0
2026-08-18T18:59:00Z,ETH,434,40,3,0.1,0.115,0.13,0.0057,0.4129,1922.27,0
2026-08-18T19:00:00Z,BTC,574,72,5,0.15,0.16,0.18,0.0131,0.269,65076.99,0
2026-08-18T19:00:00Z,ETH,434,40,3,0.1,0.115,0.13,0.0057,0.4129,1921.91,0
2026-08-18T19:01:00Z,BTC,574,72,5,0.15,0.17,0.19,0.0131,0.2692,65070.37,0
2026-08-18T19:01:00Z,ETH,434,40,3,0.1,0.12,0.14,0.0057,0.4129,1921.68,0
2026-08-18T19:02:00Z,BTC,574,72,5,0.16,0.16,0.19,0.0131,0.2694,65052.89,0
2026-08-18T19:02:00Z,ETH,434,40,3,0.1,0.12,0.14,0.0058,0.4129,1921.12,0
2026-08-18T19:03:00Z,BTC,574,72,5,0.16,0.16,0.19,0.0131,0.2689,65065.54,0
2026-08-18T19:03:00Z,ETH,434,40,3,0.1,0.12,0.14,0.0057,0.4129,1921.72,0
2026-08-18T19:04:00Z,BTC,574,72,5,0.16,0.17,0.18,0.0131,0.2692,65070.97,0
2026-08-18T19:04:00Z,ETH,434,40,3,0.1,0.115,0.13,0.0057,0.4129,1921.82,0
2026-08-18T19:05:00Z,BTC,574,72,5,0.16,0.17,0.18,0.0129,0.2688,65067.14,0
2026-08-18T19:05:00Z,ETH,434,40,3,0.1,0.12,0.14,0.0057,0.4129,1921.94,0
2026-08-18T19:06:00Z,BTC,574,72,5,0.16,0.16,0.19,0.0129,0.2684,65066.75,0
2026-08-18T19:06:00Z,ETH,434,40,3,0.13,0.16,0.19,0.0094,0.4129,1922.09,0
2026-08-18T19:07:00Z,BTC,574,72,5,0.16,0.16,0.19,0.0129,0.2682,65058.18,0
2026-08-18T19:07:00Z,ETH,434,40,3,0.1,0.115,0.13,0.0057,0.4129,1921.63,0
2026-08-18T19:08:00Z,BTC,574,72,5,0.16,0.16,0.19,0.0129,0.2684,65054.02,0
2026-08-18T19:08:00Z,ETH,434,40,3,0.1,0.12,0.14,0.0057,0.4129,1921.27,0
2026-08-18T19:09:00Z,BTC,574,72,5,0.16,0.16,0.18,0.0127,0.2689,65030.16,0
2026-08-18T19:09:00Z,ETH,434,40,3,0.14,0.165,0.19,0.0092,0.4129,1920.37,0
2026-08-18T19:10:00Z,BTC,574,72,5,0.16,0.16,0.18,0.0127,0.269,65042.8,0
2026-08-18T19:10:00Z,ETH,434,40,3,0.1,0.115,0.13,0.0058,0.4129,1920.85,0
2026-08-18T19:11:00Z,BTC,574,72,5,0.16,0.17,0.19,0.0127,0.2689,65041.38,0
2026-08-18T19:11:00Z,ETH,434,40,3,0.1,0.115,0.13,0.0058,0.4129,1920.56,0
2026-08-18T19:12:00Z,BTC,574,72,5,0.16,0.17,0.19,0.0127,0.2689,65037.29,0
2026-08-18T19:12:00Z,ETH,434,40,3,0.1,0.115,0.13,0.0058,0.4129,1920.17,0
2026-08-18T19:13:00Z,BTC,574,72,5,0.16,0.17,0.18,0.0127,0.2689,65030.9,0
2026-08-18T19:13:00Z,ETH,434,40,3,0.1,0.115,0.13,0.0059,0.4129,1920.09,0
2026-08-18T19:14:00Z,BTC,574,72,5,0.16,0.16,0.18,0.0127,0.2691,65032.41,0
2026-08-18T19:14:00Z,ETH,434,40,3,0.1,0.115,0.13,0.0059,0.4129,1919.9,0
2026-08-18T19:15:00Z,BTC,574,72,5,0.16,0.17,0.19,0.0127,0.2692,65025.84,0
2026-08-18T19:15:00Z,ETH,434,40,3,0.1,0.115,0.13,0.0059,0.4129,1919.97,0
2026-08-18T19:16:00Z,BTC,574,72,5,0.16,0.16,0.18,0.0127,0.2686,65025.53,0
2026-08-18T19:16:00Z,ETH,434,40,3,0.1,0.12,0.14,0.0059,0.4129,1919.99,0
2026-08-18T19:17:00Z,BTC,574,72,5,0.16,0.16,0.18,0.0127,0.2688,65025.09,0
2026-08-18T19:17:00Z,ETH,434,40,3,0.11,0.12,0.13,0.0059,0.4129,1920.03,0
2026-08-18T19:18:00Z,BTC,574,72,5,0.16,0.16,0.18,0.0127,0.2688,65024.49,0
2026-08-18T19:18:00Z,ETH,434,40,3,0.13,0.165,0.2,0.0091,0.4129,1919.4,0
2026-08-18T19:19:00Z,BTC,574,72,5,0.16,0.16,0.18,0.0127,0.2689,65024.83,0
2026-08-18T19:19:00Z,ETH,434,40,3,0.1,0.115,0.13,0.0059,0.4129,1919.46,0
2026-08-18T19:20:00Z,BTC,574,72,5,0.16,0.16,0.18,0.0127,0.269,65036.03,0
2026-08-18T19:20:00Z,ETH,434,40,3,0.1,0.115,0.13,0.0059,0.4129,1920.28,0
2026-08-18T19:21:00Z,BTC,574,72,5,0.16,0.16,0.18,0.0127,0.2691,65035.9,0
2026-08-18T19:21:00Z,ETH,434,40,3,0.1,0.115,0.13,0.0059,0.4129,1920.23,0
2026-08-18T19:22:00Z,BTC,574,72,5,0.16,0.17,0.19,0.0127,0.2692,65035.89,0
2026-08-18T19:22:00Z,ETH,434,40,3,0.1,0.115,0.13,0.0058,0.4129,1920.69,0
2026-08-18T19:23:00Z,BTC,574,72,5,0.16,0.16,0.18,0.0127,0.2691,65043.62,0
2026-08-18T19:23:00Z,ETH,434,40,3,0.1,0.115,0.13,0.0058,0.4129,1920.86,0
2026-08-18T19:24:00Z,BTC,574,72,5,0.16,0.16,0.18,0.0127,0.2691,65046.02,0
2026-08-18T19:24:00Z,ETH,434,40,3,0.1,0.12,0.14,0.0058,0.4129,1921.03,0
2026-08-18T19:25:00Z,BTC,574,72,5,0.16,0.17,0.19,0.0127,0.2696,65061.51,0
2026-08-18T19:25:00Z,ETH,434,40,3,0.1,0.115,0.13,0.0057,0.4129,1921.68,0
2026-08-18T19:26:00Z,BTC,574,72,5,0.16,0.17,0.18,0.0129,0.2695,65073.78,0
2026-08-18T19:26:00Z,ETH,434,40,3,0.1,0.12,0.14,0.0057,0.4129,1921.99,0
2026-08-18T19:27:00Z,BTC,574,72,5,0.16,0.16,0.18,0.0129,0.2694,65075.04,0
2026-08-18T19:27:00Z,ETH,434,40,3,0.1,0.115,0.13,0.0057,0.4129,1922.05,0
2026-08-18T19:28:00Z,BTC,574,72,5,0.16,0.17,0.19,0.0131,0.2697,65109.36,0
2026-08-18T19:28:00Z,ETH,434,40,3,0.13,0.165,0.2,0.0096,0.4129,1923.48,0
2026-08-18T19:29:00Z,BTC,574,72,5,0.16,0.16,0.18,0.0131,0.2686,65095.94,0
2026-08-18T19:29:00Z,ETH,434,40,3,0.1,0.12,0.14,0.0057,0.4129,1922.65,0
2026-08-18T19:30:00Z,BTC,574,72,5,0.16,0.16,0.18,0.0131,0.2691,65084.45,0
2026-08-18T19:30:00Z,ETH,434,40,3,0.1,0.12,0.14,0.0057,0.4129,1922.3,0
2026-08-18T19:31:00Z,BTC,574,72,5,0.16,0.17,0.19,0.0131,0.2691,65081.41,0
2026-08-18T19:31:00Z,ETH,434,40,3,0.1,0.12,0.14,0.0057,0.4129,1922.61,0
2026-08-18T19:32:00Z,BTC,574,72,5,0.16,0.16,0.19,0.0129,0.2687,65055.83,0
2026-08-18T19:32:00Z,ETH,434,40,3,0.1,0.115,0.13,0.0057,0.4129,1921.99,0
2026-08-18T19:33:00Z,BTC,574,72,5,0.16,0.16,0.19,0.0129,0.2685,65052.12,0
2026-08-18T19:33:00Z,ETH,434,40,3,0.1,0.12,0.14,0.0058,0.4129,1922.04,0
2026-08-18T19:34:00Z,BTC,574,72,5,0.16,0.16,0.19,0.0129,0.2684,65038.87,0
2026-08-18T19:34:00Z,ETH,434,40,3,0.14,0.17,0.2,0.0096,0.4129,1921.95,0
2026-08-18T19:35:00Z,BTC,574,72,5,0.16,0.17,0.19,0.0129,0.268,65038.07,0
2026-08-18T19:35:00Z,ETH,434,40,3,0.14,0.17,0.2,0.0096,0.4129,1921.58,0
2026-08-18T19:36:00Z,BTC,574,72,5,0.16,0.16,0.19,0.0129,0.268,65037.65,0
2026-08-18T19:36:00Z,ETH,434,40,3,0.14,0.17,0.2,0.0095,0.4129,1921.65,0
2026-08-18T19:37:00Z,BTC,574,72,5,0.16,0.16,0.18,0.0129,0.268,65039.2,0
2026-08-18T19:37:00Z,ETH,434,40,3,0.14,0.225,0.31,0.0095,0.4129,1920.99,0
2026-08-18T19:38:00Z,BTC,574,72,5,0.16,0.17,0.18,0.0129,0.2678,65047.0,0
2026-08-18T19:38:00Z,ETH,434,40,3,0.13,0.17,0.21,0.0095,0.4129,1921.12,0
2026-08-18T19:39:00Z,BTC,574,72,5,0.16,0.16,0.19,0.0129,0.2679,65040.17,0
2026-08-18T19:39:00Z,ETH,434,40,3,0.14,0.17,0.2,0.0095,0.4129,1920.94,0
2026-08-18T19:40:00Z,BTC,574,72,5,0.16,0.18,0.32,0.0129,0.2679,65021.03,0
2026-08-18T19:40:00Z,ETH,434,40,3,0.13,0.165,0.2,0.0095,0.4129,1920.83,0
2026-08-18T19:41:00Z,BTC,574,72,5,0.17,0.17,0.18,0.0127,0.2675,64989.02,0
2026-08-18T19:41:00Z,ETH,434,40,3,0.19,0.195,0.2,0.0098,0.4129,1920.3,0
2026-08-18T19:42:00Z,BTC,574,72,5,0.16,0.17,0.18,0.0127,0.2677,64980.99,0
2026-08-18T19:42:00Z,ETH,434,40,3,0.1,0.185,0.27,0.0059,0.4129,1920.34,0
2026-08-18T19:43:00Z,BTC,574,72,5,0.16,0.17,0.18,0.0127,0.2677,64982.27,0
2026-08-18T19:43:00Z,ETH,434,40,3,0.13,0.165,0.2,0.0094,0.4129,1920.28,0
2026-08-18T19:44:00Z,BTC,574,72,5,0.16,0.17,0.18,0.0127,0.268,64978.04,0
2026-08-18T19:44:00Z,ETH,434,40,3,0.14,0.17,0.2,0.0094,0.4129,1920.26,0
2026-08-18T19:45:00Z,BTC,574,72,5,0.16,0.16,0.18,0.0126,0.2682,64984.23,0
2026-08-18T19:45:00Z,ETH,434,40,3,0.11,0.125,0.14,0.0059,0.4129,1920.29,0
2026-08-18T19:46:00Z,BTC,574,72,5,0.16,0.16,0.18,0.0126,0.2684,64991.7,0
2026-08-18T19:46:00Z,ETH,434,40,3,0.1,0.115,0.13,0.0059,0.4129,1921.0,0
2026-08-18T19:47:00Z,BTC,574,72,5,0.16,0.17,0.18,0.0126,0.2686,64992.46,0
2026-08-18T19:47:00Z,ETH,434,40,3,0.1,0.12,0.14,0.0059,0.4129,1920.85,0
2026-08-18T19:48:00Z,BTC,574,72,5,0.16,0.16,0.18,0.0126,0.2686,64973.34,0
2026-08-18T19:48:00Z,ETH,434,40,3,0.11,0.12,0.13,0.0059,0.4129,1920.25,0
2026-08-18T19:49:00Z,BTC,574,72,5,0.16,0.16,0.18,0.0126,0.2686,64981.62,0
2026-08-18T19:49:00Z,ETH,434,40,3,0.1,0.12,0.14,0.0059,0.4129,1920.31,0
2026-08-18T19:50:00Z,BTC,574,72,5,0.16,0.17,0.18,0.0126,0.2686,64975.78,0
2026-08-18T19:50:00Z,ETH,434,40,3,0.14,0.165,0.19,0.0093,0.4129,1920.07,0
2026-08-18T19:51:00Z,BTC,574,72,5,0.16,0.17,0.18,0.0126,0.2687,64977.35,0
2026-08-18T19:51:00Z,ETH,434,40,3,0.13,0.165,0.2,0.0093,0.4129,1920.3,0
2026-08-18T19:52:00Z,BTC,574,72,5,0.16,0.17,0.18,0.0126,0.2688,64991.22,0
2026-08-18T19:52:00Z,ETH,434,40,3,0.1,0.12,0.14,0.0059,0.4129,1920.6,0
2026-08-18T19:53:00Z,BTC,574,72,5,0.16,0.16,0.19,0.0126,0.2681,64985.33,0
2026-08-18T19:53:00Z,ETH,434,40,3,0.1,0.115,0.13,0.0059,0.4129,1920.28,0
2026-08-18T19:54:00Z,BTC,574,72,5,0.16,0.17,0.18,0.0126,0.2675,64969.29,0
2026-08-18T19:54:00Z,ETH,434,40,3,0.1,0.18,0.26,0.006,0.4129,1919.63,0
2026-08-18T19:55:00Z,BTC,574,72,5,0.16,0.16,0.18,0.0126,0.2681,64957.68,0
2026-08-18T19:55:00Z,ETH,434,40,3,0.19,0.225,0.26,0.0097,0.4129,1919.57,0
2026-08-18T19:56:00Z,BTC,574,72,5,0.16,0.16,0.19,0.0126,0.2673,64962.02,0
2026-08-18T19:56:00Z,ETH,434,40,3,0.27,0.28,0.29,0.0145,0.4129,1919.56,0
2026-08-18T19:57:00Z,BTC,574,72,5,0.16,0.16,0.19,0.0126,0.2673,64959.83,0
2026-08-18T19:57:00Z,ETH,434,40,3,0.13,0.165,0.2,0.0092,0.4129,1919.49,0
2026-08-18T19:58:00Z,BTC,574,72,5,0.16,0.16,0.18,0.0126,0.2671,64948.31,0
2026-08-18T19:58:00Z,ETH,434,40,3,0.13,0.165,0.2,0.0091,0.4129,1918.99,0
2026-08-18T19:59:00Z,BTC,574,72,5,0.16,0.17,0.18,0.0126,0.267,64948.8,0
2026-08-18T19:59:00Z,ETH,434,40,3,0.14,0.215,0.29,0.0091,0.4129,1919.08,0
2026-08-18T20:00:00Z,BTC,574,72,5,0.16,0.17,0.19,0.0126,0.2667,64961.18,0
2026-08-18T20:00:00Z,ETH,434,40,3,0.13,0.165,0.2,0.0091,0.4129,1919.44,0
2026-08-18T20:01:00Z,BTC,574,72,5,0.17,0.17,0.18,0.0126,0.2675,64956.24,0
2026-08-18T20:01:00Z,ETH,434,40,3,0.13,0.165,0.2,0.0091,0.4129,1919.4,0
2026-08-18T20:02:00Z,BTC,574,72,5,0.16,0.17,0.18,0.0124,0.2678,64948.51,0
2026-08-18T20:02:00Z,ETH,434,40,3,0.13,0.21,0.29,0.0091,0.4129,1919.45,0
2026-08-18T20:03:00Z,BTC,574,72,5,0.16,0.17,0.18,0.0123,0.2672,64923.96,0
2026-08-18T20:03:00Z,ETH,434,40,3,0.13,0.16,0.19,0.0091,0.4129,1919.01,0
2026-08-18T20:04:00Z,BTC,574,72,6,0.165,0.1775,0.21,0.0139,0.267,64903.42,0
2026-08-18T20:04:00Z,ETH,434,40,3,0.19,0.225,0.26,0.0095,0.4129,1918.09,0
2026-08-18T20:05:00Z,BTC,574,72,6,0.165,0.1775,0.21,0.0138,0.267,64900.87,0
2026-08-18T20:05:00Z,ETH,434,40,3,0.1,0.115,0.13,0.0061,0.4129,1917.75,0
2026-08-18T20:06:00Z,BTC,574,72,5,0.16,0.17,0.18,0.0121,0.2676,64912.48,0
2026-08-18T20:06:00Z,ETH,434,40,3,0.1,0.115,0.13,0.0061,0.4129,1917.95,0
2026-08-18T20:07:00Z,BTC,574,72,5,0.16,0.17,0.18,0.0123,0.2671,64926.08,0
2026-08-18T20:07:00Z,ETH,434,40,3,0.1,0.115,0.13,0.0061,0.4129,1918.39,0
2026-08-18T20:08:00Z,BTC,574,72,5,0.16,0.17,0.18,0.0123,0.2676,64931.96,0
2026-08-18T20:08:00Z,ETH,434,40,3,0.13,0.16,0.19,0.009,0.4129,1918.73,0
2026-08-18T20:09:00Z,BTC,574,72,5,0.16,0.16,0.18,0.0124,0.2672,64951.6,0
2026-08-18T20:09:00Z,ETH,434,40,3,0.19,0.2,0.21,0.0097,0.4129,1919.67,0
2026-08-18T20:10:00Z,BTC,574,72,5,0.16,0.16,0.18,0.0124,0.2675,64949.97,0
2026-08-18T20:10:00Z,ETH,434,40,3,0.13,0.165,0.2,0.0092,0.4129,1919.74,0
2026-08-18T20:11:00Z,BTC,574,72,5,0.16,0.16,0.18,0.0124,0.2673,64938.56,0
2026-08-18T20:11:00Z,ETH,434,40,3,0.11,0.12,0.13,0.0061,0.4129,1919.1,0
2026-08-18T20:12:00Z,BTC,574,72,5,0.16,0.16,0.18,0.0124,0.267,64938.44,0
2026-08-18T20:12:00Z,ETH,434,40,3,0.11,0.12,0.13,0.0061,0.4129,1919.4,0
2026-08-18T20:13:00Z,BTC,574,72,5,0.16,0.16,0.18,0.0126,0.2671,64956.33,0
2026-08-18T20:13:00Z,ETH,434,40,3,0.1,0.12,0.14,0.006,0.4129,1920.07,0
2026-08-18T20:14:00Z,BTC,574,72,5,0.16,0.17,0.18,0.0126,0.2672,64959.73,0
2026-08-18T20:14:00Z,ETH,434,40,3,0.1,0.12,0.14,0.006,0.4129,1920.23,0
2026-08-18T20:15:00Z,BTC,574,72,5,0.16,0.17,0.18,0.0124,0.2673,64954.56,0
2026-08-18T20:15:00Z,ETH,434,40,3,0.1,0.115,0.13,0.006,0.4129,1920.08,0
2026-08-18T20:16:00Z,BTC,574,72,5,0.16,0.17,0.18,0.0124,0.2676,64956.13,0
2026-08-18T20:16:00Z,ETH,434,40,3,0.14,0.165,0.19,0.0093,0.4129,1920.22,0
2026-08-18T20:17:00Z,BTC,574,72,5,0.16,0.17,0.19,0.0124,0.2674,64942.79,0
2026-08-18T20:17:00Z,ETH,434,40,3,0.13,0.16,0.19,0.0093,0.4129,1919.53,0
2026-08-18T20:18:00Z,BTC,574,72,5,0.16,0.16,0.19,0.0124,0.2669,64935.06,0
2026-08-18T20:18:00Z,ETH,434,40,3,0.1,0.115,0.13,0.006,0.4129,1919.09,0
2026-08-18T20:19:00Z,BTC,574,72,5,0.16,0.16,0.18,0.0124,0.2669,64932.03,0
2026-08-18T20:19:00Z,ETH,434,40,3,0.1,0.115,0.13,0.006,0.4129,1918.57,0
2026-08-18T20:20:00Z,BTC,574,72,5,0.16,0.16,0.18,0.0124,0.267,64923.76,0
2026-08-18T20:20:00Z,ETH,434,40,3,0.1,0.115,0.13,0.0061,0.4129,1918.01,0
2026-08-18T20:21:00Z,BTC,574,72,5,0.16,0.17,0.18,0.0124,0.2668,64914.95,0
2026-08-18T20:21:00Z,ETH,434,40,3,0.11,0.12,0.13,0.0061,0.4129,1918.06,0
2026-08-18T20:22:00Z,BTC,574,72,5,0.16,0.16,0.18,0.0124,0.2672,64935.5,0
2026-08-18T20:22:00Z,ETH,434,40,3,0.11,0.12,0.13,0.0061,0.4129,1919.31,0
2026-08-18T20:23:00Z,BTC,574,72,5,0.16,0.17,0.18,0.0124,0.267,64933.98,0
2026-08-18T20:23:00Z,ETH,434,40,3,0.1,0.115,0.13,0.0061,0.4129,1919.23,0
2026-08-18T20:24:00Z,BTC,574,72,5,0.16,0.16,0.18,0.0124,0.2671,64931.5,0
2026-08-18T20:24:00Z,ETH,434,40,3,0.11,0.125,0.14,0.0061,0.4129,1919.18,0
2026-08-18T20:25:00Z,BTC,574,72,5,0.16,0.17,0.19,0.0124,0.2672,64931.36,0
2026-08-18T20:25:00Z,ETH,434,40,3,0.1,0.12,0.14,0.0061,0.4129,1919.13,0
2026-08-18T20:26:00Z,BTC,574,72,5,0.16,0.17,0.18,0.0124,0.2672,64931.56,0
2026-08-18T20:26:00Z,ETH,434,40,3,0.11,0.12,0.13,0.0061,0.4129,1919.18,0
2026-08-18T20:27:00Z,BTC,574,72,5,0.16,0.17,0.18,0.0124,0.2672,64932.99,0
2026-08-18T20:27:00Z,ETH,434,40,3,0.1,0.115,0.13,0.0061,0.4129,1919.28,0
2026-08-18T20:28:00Z,BTC,574,72,5,0.16,0.17,0.18,0.0123,0.2671,64915.75,0
2026-08-18T20:28:00Z,ETH,434,40,3,0.1,0.115,0.13,0.0061,0.4129,1918.46,0
2026-08-18T20:29:00Z,BTC,574,72,5,0.16,0.17,0.18,0.0123,0.2671,64916.43,0
2026-08-18T20:29:00Z,ETH,434,40,3,0.14,0.175,0.21,0.0091,0.4129,1918.49,0
2026-08-18T20:30:00Z,BTC,574,72,5,0.16,0.17,0.18,0.0123,0.2675,64909.42,0
2026-08-18T20:30:00Z,ETH,434,40,3,0.1,0.115,0.13,0.0062,0.4129,1918.49,0
2026-08-18T20:31:00Z,BTC,574,72,5,0.16,0.17,0.18,0.0123,0.2674,64907.4,0
2026-08-18T20:31:00Z,ETH,434,40,3,0.1,0.115,0.13,0.0061,0.4129,1918.63,0
2026-08-18T20:32:00Z,BTC,574,72,5,0.16,0.17,0.18,0.0123,0.2672,64928.06,0
2026-08-18T20:32:00Z,ETH,434,40,3,0.14,0.175,0.21,0.0092,0.4129,1919.49,0
2026-08-18T20:33:00Z,BTC,574,72,5,0.16,0.17,0.18,0.0124,0.2671,64942.91,0
2026-08-18T20:33:00Z,ETH,434,40,3,0.1,0.12,0.14,0.006,0.4129,1920.55,0
2026-08-18T20:34:00Z,BTC,574,72,5,0.16,0.17,0.18,0.0124,0.2671,64940.79,0
2026-08-18T20:34:00Z,ETH,434,40,3,0.1,0.12,0.14,0.006,0.4129,1920.72,0
2026-08-18T20:35:00Z,BTC,574,72,5,0.16,0.17,0.19,0.0124,0.2669,64935.99,0
2026-08-18T20:35:00Z,ETH,434,40,3,0.14,0.17,0.2,0.0094,0.4129,1920.02,0
2026-08-18T20:36:00Z,BTC,574,72,5,0.16,0.16,0.18,0.0124,0.267,64940.99,0
2026-08-18T20:36:00Z,ETH,434,40,3,0.1,0.115,0.13,0.006,0.4129,1920.42,0
2026-08-18T20:37:00Z,BTC,574,72,5,0.16,0.17,0.19,0.0124,0.2674,64946.36,0
2026-08-18T20:37:00Z,ETH,434,40,3,0.1,0.115,0.13,0.0059,0.4129,1920.91,0
2026-08-18T20:38:00Z,BTC,574,72,5,0.16,0.17,0.18,0.0124,0.2669,64944.9,0
2026-08-18T20:38:00Z,ETH,434,40,3,0.1,0.115,0.13,0.006,0.4129,1920.47,0
2026-08-18T20:39:00Z,BTC,574,72,5,0.16,0.17,0.18,0.0124,0.2671,64944.44,0
2026-08-18T20:39:00Z,ETH,434,40,3,0.14,0.17,0.2,0.0094,0.4129,1920.26,0
2026-08-18T20:40:00Z,BTC,574,72,5,0.16,0.16,0.18,0.0124,0.2671,64933.23,0
2026-08-18T20:40:00Z,ETH,434,40,3,0.1,0.12,0.14,0.006,0.4129,1919.68,0
2026-08-18T20:41:00Z,BTC,574,72,5,0.16,0.16,0.18,0.0124,0.2671,64927.8,0
2026-08-18T20:41:00Z,ETH,434,40,3,0.1,0.115,0.13,0.006,0.4129,1919.56,0
2026-08-18T20:42:00Z,BTC,574,72,5,0.16,0.17,0.19,0.0124,0.2671,64928.22,0
2026-08-18T20:42:00Z,ETH,434,40,3,0.1,0.115,0.13,0.006,0.4129,1919.59,0
2026-08-18T20:43:00Z,BTC,574,72,5,0.16,0.17,0.19,0.0124,0.2671,64930.03,0
2026-08-18T20:43:00Z,ETH,434,40,3,0.14,0.17,0.2,0.0094,0.4129,1919.6,0
2026-08-18T20:44:00Z,BTC,574,72,5,0.16,0.17,0.18,0.0124,0.267,64913.74,0
2026-08-18T20:44:00Z,ETH,434,40,3,0.1,0.12,0.14,0.006,0.4129,1919.14,0
2026-08-18T20:45:00Z,BTC,574,72,5,0.16,0.17,0.18,0.0124,0.267,64920.49,0
2026-08-18T20:45:00Z,ETH,434,40,3,0.11,0.12,0.13,0.006,0.4129,1919.5,0
2026-08-18T20:46:00Z,BTC,574,72,5,0.16,0.16,0.18,0.0124,0.267,64918.15,0
2026-08-18T20:46:00Z,ETH,434,40,3,0.1,0.115,0.13,0.006,0.4129,1919.33,0
2026-08-18T20:47:00Z,BTC,574,72,5,0.16,0.16,0.18,0.0124,0.2662,64897.11,0
2026-08-18T20:47:00Z,ETH,434,40,3,0.13,0.165,0.2,0.0092,0.4129,1918.97,0
2026-08-18T20:48:00Z,BTC,574,72,5,0.16,0.17,0.18,0.0123,0.2673,64917.28,0
2026-08-18T20:48:00Z,ETH,434,40,3,0.13,0.17,0.21,0.0093,0.4129,1919.33,0
2026-08-18T20:49:00Z,BTC,574,72,6,0.165,0.1775,0.21,0.0139,0.2671,64887.69,0
2026-08-18T20:49:00Z,ETH,434,40,3,0.11,0.12,0.13,0.0062,0.4129,1918.18,0
2026-08-18T20:50:00Z,BTC,574,72,5,0.16,0.17,0.18,0.0123,0.2675,64896.08,0
2026-08-18T20:50:00Z,ETH,434,40,3,0.1,0.115,0.13,0.0062,0.4129,1918.3,0
2026-08-18T20:51:00Z,BTC,574,72,5,0.16,0.17,0.18,0.0121,0.2678,64878.77,0
2026-08-18T20:51:00Z,ETH,434,40,3,0.1,0.115,0.13,0.0062,0.4129,1917.58,0
2026-08-18T20:52:00Z,BTC,574,72,5,0.16,0.17,0.18,0.0121,0.268,64907.12,0
2026-08-18T20:52:00Z,ETH,434,40,3,0.21,0.25,0.29,0.0122,0.4129,1918.98,0
2026-08-18T20:53:00Z,BTC,574,72,5,0.16,0.17,0.18,0.0121,0.2676,64905.59,0
2026-08-18T20:53:00Z,ETH,434,40,3,0.19,0.195,0.2,0.0098,0.4129,1919.24,0
2026-08-18T20:54:00Z,BTC,574,72,5,0.16,0.17,0.18,0.0121,0.2677,64906.59,0
2026-08-18T20:54:00Z,ETH,434,40,3,0.11,0.12,0.13,0.0061,0.4129,1919.22,0
2026-08-18T20:55:00Z,BTC,574,72,5,0.16,0.17,0.18,0.0121,0.2679,64914.43,0
2026-08-18T20:55:00Z,ETH,434,40,3,0.1,0.115,0.13,0.0061,0.4129,1919.2,0
2026-08-18T20:56:00Z,BTC,574,72,5,0.16,0.17,0.18,0.0121,0.2674,64915.63,0
2026-08-18T20:56:00Z,ETH,434,40,3,0.2,0.205,0.21,0.0098,0.4129,1919.31,0
2026-08-18T20:57:00Z,BTC,574,72,6,0.165,0.1775,0.2,0.0138,0.2674,64905.21,0
2026-08-18T20:57:00Z,ETH,434,40,3,0.1,0.12,0.14,0.0061,0.4129,1919.11,0
2026-08-18T20:58:00Z,BTC,574,72,6,0.165,0.1775,0.2,0.0139,0.2679,64896.38,0
2026-08-18T20:58:00Z,ETH,434,40,3,0.11,0.12,0.13,0.0061,0.4129,1918.86,0
2026-08-18T20:59:00Z,BTC,574,72,6,0.165,0.1775,0.2,0.0138,0.2682,64887.34,0
2026-08-18T20:59:00Z,ETH,434,40,3,0.14,0.17,0.2,0.0093,0.4129,1918.41,0
2026-08-18T21:00:00Z,BTC,574,72,5,0.16,0.17,0.18,0.0121,0.2679,64900.95,0
2026-08-18T21:00:00Z,ETH,434,40,3,0.13,0.165,0.2,0.0093,0.4129,1918.88,0
2026-08-18T21:01:00Z,BTC,574,72,5,0.16,0.17,0.18,0.0121,0.268,64909.05,0
2026-08-18T21:01:00Z,ETH,434,40,3,0.14,0.165,0.19,0.0093,0.4129,1919.03,0
2026-08-18T21:02:00Z,BTC,574,72,5,0.16,0.17,0.18,0.0123,0.2681,64909.39,0
2026-08-18T21:02:00Z,ETH,434,40,3,0.13,0.16,0.19,0.0094,0.4129,1919.15,0
2026-08-18T21:03:00Z,BTC,574,72,5,0.16,0.16,0.18,0.0123,0.2673,64908.93,0
2026-08-18T21:03:00Z,ETH,434,40,3,0.13,0.165,0.2,0.0094,0.4129,1919.36,0
2026-08-18T21:04:00Z,BTC,574,72,5,0.16,0.17,0.18,0.0123,0.2675,64909.95,0
2026-08-18T21:04:00Z,ETH,434,40,3,0.14,0.215,0.29,0.0094,0.4129,1919.45,0
2026-08-18T21:05:00Z,BTC,574,72,5,0.16,0.17,0.18,0.0123,0.2678,64914.82,0
2026-08-18T21:05:00Z,ETH,434,40,3,0.14,0.215,0.29,0.0094,0.4129,1919.62,0
2026-08-18T21:06:00Z,BTC,574,72,5,0.16,0.17,0.18,0.0123,0.2675,64915.47,0
2026-08-18T21:06:00Z,ETH,434,40,3,0.13,0.21,0.29,0.0094,0.4129,1919.46,0
2026-08-18T21:07:00Z,BTC,574,72,5,0.16,0.17,0.18,0.0123,0.2674,64911.61,0
2026-08-18T21:07:00Z,ETH,434,40,3,0.13,0.255,0.38,0.0094,0.4129,1919.49,0
2026-08-18T21:08:00Z,BTC,574,72,5,0.16,0.17,0.18,0.0124,0.2674,64921.31,0
2026-08-18T21:08:00Z,ETH,434,40,3,0.13,0.26,0.39,0.0094,0.4129,1919.56,0
2026-08-18T21:09:00Z,BTC,574,72,5,0.16,0.16,0.18,0.0124,0.2672,64929.37,0
2026-08-18T21:09:00Z,ETH,434,40,3,0.13,0.26,0.39,0.0094,0.4129,1919.56,0
2026-08-18T21:10:00Z,BTC,574,72,5,0.16,0.17,0.18,0.0124,0.2673,64935.38,0
2026-08-18T21:10:00Z,ETH,434,40,3,0.13,0.26,0.39,0.0094,0.4129,1920.0,0
2026-08-18T21:11:00Z,BTC,574,72,5,0.16,0.17,0.18,0.0124,0.2667,64947.08,0
2026-08-18T21:11:00Z,ETH,434,40,3,0.14,0.315,0.49,0.0095,0.4129,1920.41,0
2026-08-18T21:12:00Z,BTC,574,72,5,0.17,0.17,0.18,0.0126,0.2663,64961.98,0
2026-08-18T21:12:00Z,ETH,434,40,3,0.21,0.3,0.39,0.012,0.4129,1920.68,0
2026-08-18T21:13:00Z,BTC,574,72,5,0.17,0.17,0.18,0.0126,0.2666,64951.57,0
2026-08-18T21:13:00Z,ETH,434,40,3,0.1,0.12,0.14,0.006,0.4129,1919.91,0
2026-08-18T21:14:00Z,BTC,574,72,5,0.16,0.17,0.19,0.0124,0.2665,64930.18,0
2026-08-18T21:14:00Z,ETH,434,40,3,0.13,0.16,0.19,0.0095,0.4129,1919.18,0
2026-08-18T21:15:00Z,BTC,574,72,5,0.16,0.17,0.19,0.0124,0.2666,64930.6,0
2026-08-18T21:15:00Z,ETH,434,40,3,0.14,0.17,0.2,0.0095,0.4129,1919.58,0
2026-08-18T21:16:00Z,BTC,574,72,5,0.16,0.17,0.19,0.0124,0.2667,64919.4,0
2026-08-18T21:16:00Z,ETH,434,40,3,0.1,0.115,0.13,0.006,0.4129,1919.43,0
2026-08-18T21:17:00Z,BTC,574,72,5,0.16,0.16,0.18,0.0124,0.2671,64914.39,0
2026-08-18T21:17:00Z,ETH,434,40,3,0.13,0.165,0.2,0.0095,0.4129,1919.17,0
2026-08-18T21:18:00Z,BTC,574,72,5,0.16,0.16,0.18,0.0124,0.2668,64906.99,0
2026-08-18T21:18:00Z,ETH,434,40,3,0.13,0.17,0.21,0.0094,0.4129,1918.67,0
2026-08-18T21:19:00Z,BTC,574,72,5,0.16,0.16,0.18,0.0124,0.2667,64908.16,0
2026-08-18T21:19:00Z,ETH,434,40,3,0.11,0.12,0.13,0.0061,0.4129,1918.89,0
2026-08-18T21:20:00Z,BTC,574,72,5,0.16,0.17,0.18,0.0124,0.2671,64905.96,0
2026-08-18T21:20:00Z,ETH,434,40,3,0.1,0.115,0.13,0.0061,0.4129,1918.98,0
2026-08-18T21:21:00Z,BTC,574,72,5,0.16,0.17,0.18,0.0124,0.2672,64912.73,0
2026-08-18T21:21:00Z,ETH,434,40,3,0.13,0.16,0.19,0.0094,0.4129,1919.26,0
2026-08-18T21:22:00Z,BTC,574,72,5,0.16,0.16,0.18,0.0124,0.2666,64921.42,0
2026-08-18T21:22:00Z,ETH,434,40,3,0.13,0.16,0.19,0.0094,0.4129,1919.12,0
2026-08-18T21:23:00Z,BTC,574,72,5,0.16,0.17,0.18,0.0124,0.2667,64926.55,0
2026-08-18T21:23:00Z,ETH,434,40,3,0.1,0.12,0.14,0.0061,0.4129,1919.07,0
2026-08-18T21:24:00Z,BTC,574,72,5,0.17,0.17,0.18,0.0124,0.2667,64926.3,0
2026-08-18T21:24:00Z,ETH,434,40,3,0.13,0.16,0.19,0.0094,0.4129,1919.13,0
2026-08-18T21:25:00Z,BTC,574,72,5,0.16,0.16,0.18,0.0124,0.2668,64939.46,0
2026-08-18T21:25:00Z,ETH,434,40,3,0.13,0.16,0.19,0.0094,0.4129,1919.31,0
2026-08-18T21:26:00Z,BTC,574,72,5,0.16,0.17,0.19,0.0124,0.2667,64939.89,0
2026-08-18T21:26:00Z,ETH,434,40,3,0.2,0.205,0.21,0.0098,0.4129,1919.01,0
2026-08-18T21:27:00Z,BTC,574,72,5,0.16,0.17,0.18,0.0124,0.2668,64940.66,0
2026-08-18T21:27:00Z,ETH,434,40,3,0.19,0.195,0.2,0.0098,0.4129,1918.91,0
2026-08-18T21:28:00Z,BTC,574,72,5,0.16,0.17,0.19,0.0124,0.2666,64940.75,0
2026-08-18T21:28:00Z,ETH,434,40,3,0.1,0.115,0.13,0.0061,0.4129,1918.89,0
2026-08-18T21:29:00Z,BTC,574,72,5,0.16,0.17,0.18,0.0124,0.2666,64941.58,0
2026-08-18T21:29:00Z,ETH,434,40,3,0.1,0.12,0.14,0.0061,0.4129,1918.99,0
2026-08-18T21:30:00Z,BTC,574,72,5,0.16,0.17,0.18,0.0124,0.2666,64940.99,0
2026-08-18T21:30:00Z,ETH,434,40,3,0.13,0.16,0.19,0.0094,0.4129,1919.15,0
2026-08-18T21:31:00Z,BTC,574,72,5,0.16,0.17,0.18,0.0124,0.2675,64926.6,0
2026-08-18T21:31:00Z,ETH,434,40,3,0.2,0.205,0.21,0.0098,0.4129,1919.06,0
2026-08-18T21:32:00Z,BTC,574,72,5,0.16,0.17,0.18,0.0124,0.2676,64919.1,0
2026-08-18T21:32:00Z,ETH,434,40,3,0.2,0.2,0.2,0.0098,0.4129,1919.05,0
2026-08-18T21:33:00Z,BTC,574,72,5,0.16,0.17,0.18,0.0124,0.2676,64914.07,0
2026-08-18T21:33:00Z,ETH,434,40,3,0.19,0.195,0.2,0.0098,0.4129,1918.89,0
2026-08-18T21:34:00Z,BTC,574,72,5,0.16,0.17,0.18,0.0124,0.2676,64908.66,0
2026-08-18T21:34:00Z,ETH,434,40,3,0.11,0.12,0.13,0.0062,0.4129,1918.62,0
2026-08-18T21:35:00Z,BTC,574,72,5,0.16,0.16,0.19,0.0124,0.2669,64908.08,0
2026-08-18T21:35:00Z,ETH,434,40,3,0.14,0.165,0.19,0.0093,0.4129,1918.67,0
2026-08-18T21:36:00Z,BTC,574,72,5,0.16,0.17,0.19,0.0124,0.2668,64907.98,0
2026-08-18T21:36:00Z,ETH,434,40,3,0.13,0.16,0.19,0.0094,0.4129,1918.82,0
2026-08-18T21:37:00Z,BTC,574,72,5,0.16,0.17,0.18,0.0124,0.2671,64907.07,0
2026-08-18T21:37:00Z,ETH,434,40,3,0.1,0.12,0.14,0.0061,0.4129,1918.73,0
2026-08-18T21:38:00Z,BTC,574,72,5,0.16,0.17,0.18,0.0123,0.268,64885.2,0
2026-08-18T21:38:00Z,ETH,434,40,3,0.1,0.115,0.13,0.0062,0.4129,1917.52,0
2026-08-18T21:39:00Z,BTC,574,72,5,0.15,0.17,0.18,0.0123,0.2681,64888.93,0
2026-08-18T21:39:00Z,ETH,434,40,3,0.11,0.12,0.13,0.0062,0.4129,1917.52,0
2026-08-18T21:40:00Z,BTC,574,72,5,0.16,0.17,0.18,0.0123,0.2684,64885.43,0
2026-08-18T21:40:00Z,ETH,434,40,3,0.13,0.16,0.19,0.0092,0.4129,1917.71,0
2026-08-18T21:41:00Z,BTC,574,72,5,0.16,0.17,0.18,0.0123,0.2684,64892.01,0
2026-08-18T21:41:00Z,ETH,434,40,3,0.13,0.16,0.19,0.0092,0.4129,1918.13,0
2026-08-18T21:42:00Z,BTC,574,72,6,0.165,0.1775,0.21,0.0138,0.269,64882.29,0
2026-08-18T21:42:00Z,ETH,434,40,3,0.11,0.12,0.13,0.0062,0.4129,1917.6,0
2026-08-18T21:43:00Z,BTC,574,72,5,0.15,0.17,0.18,0.0121,0.2694,64885.93,0
2026-08-18T21:43:00Z,ETH,434,40,3,0.11,0.12,0.13,0.0063,0.4129,1917.1,0
2026-08-18T21:44:00Z,BTC,574,72,6,0.165,0.1775,0.21,0.0138,0.2682,64887.4,0
2026-08-18T21:44:00Z,ETH,434,40,3,0.1,0.115,0.13,0.0062,0.4129,1917.42,0
2026-08-18T21:45:00Z,BTC,574,72,5,0.16,0.17,0.18,0.0123,0.2682,64904.84,0
2026-08-18T21:45:00Z,ETH,434,40,3,0.13,0.16,0.19,0.0092,0.4129,1917.82,0
2026-08-18T21:46:00Z,BTC,574,72,5,0.16,0.17,0.18,0.0123,0.2683,64905.87,0
2026-08-18T21:46:00Z,ETH,434,40,3,0.13,0.16,0.19,0.0092,0.4129,1917.81,0
2026-08-18T21:47:00Z,BTC,574,72,5,0.16,0.17,0.18,0.0123,0.2681,64897.06,0
2026-08-18T21:47:00Z,ETH,434,40,3,0.11,0.12,0.13,0.0062,0.4129,1917.24,0
2026-08-18T21:48:00Z,BTC,574,72,5,0.16,0.17,0.18,0.0123,0.268,64911.7,0
2026-08-18T21:48:00Z,ETH,434,40,3,0.1,0.115,0.13,0.0063,0.4129,1917.17,0
2026-08-18T21:49:00Z,BTC,574,72,5,0.16,0.17,0.18,0.0123,0.2677,64916.72,0
2026-08-18T21:49:00Z,ETH,434,40,3,0.11,0.12,0.13,0.0062,0.4129,1917.31,0
2026-08-18T21:50:00Z,BTC,574,72,5,0.16,0.17,0.18,0.0123,0.268,64916.3,0
2026-08-18T21:50:00Z,ETH,434,40,3,0.1,0.115,0.13,0.0062,0.4129,1917.91,0
2026-08-18T21:51:00Z,BTC,574,72,5,0.16,0.16,0.18,0.0123,0.2678,64913.22,0
2026-08-18T21:51:00Z,ETH,434,40,3,0.1,0.12,0.14,0.0062,0.4129,1917.97,0
2026-08-18T21:52:00Z,BTC,574,72,5,0.16,0.17,0.18,0.0123,0.2679,64909.36,0
2026-08-18T21:52:00Z,ETH,434,40,3,0.1,0.115,0.13,0.0062,0.4129,1917.98,0
2026-08-18T21:53:00Z,BTC,574,72,6,0.165,0.185,0.21,0.0138,0.2679,64900.2,0
2026-08-18T21:53:00Z,ETH,434,40,3,0.11,0.125,0.14,0.0062,0.4129,1917.86,0
2026-08-18T21:54:00Z,BTC,574,72,6,0.165,0.1775,0.21,0.0138,0.2681,64898.75,0
2026-08-18T21:54:00Z,ETH,434,40,3,0.11,0.12,0.13,0.0062,0.4129,1917.72,0
2026-08-18T21:55:00Z,BTC,574,72,6,0.165,0.1775,0.21,0.0138,0.2681,64884.66,0
2026-08-18T21:55:00Z,ETH,434,40,3,0.14,0.165,0.19,0.0091,0.4129,1917.21,0
2026-08-18T21:56:00Z,BTC,574,72,6,0.16,0.1775,0.21,0.0138,0.2689,64879.02,0
2026-08-18T21:56:00Z,ETH,434,40,3,0.11,0.12,0.13,0.0062,0.4129,1917.11,0
2026-08-18T21:57:00Z,BTC,574,72,5,0.15,0.17,0.18,0.0121,0.269,64880.99,0
2026-08-18T21:57:00Z,ETH,434,40,3,0.1,0.115,0.13,0.0062,0.4129,1917.43,0
2026-08-18T21:58:00Z,BTC,574,72,5,0.16,0.17,0.18,0.0123,0.2693,64906.13,0
2026-08-18T21:58:00Z,ETH,434,40,3,0.13,0.16,0.19,0.0092,0.4129,1918.14,0
2026-08-18T21:59:00Z,BTC,574,72,5,0.16,0.17,0.18,0.0123,0.2682,64904.23,0
2026-08-18T21:59:00Z,ETH,434,40,3,0.11,0.125,0.14,0.0062,0.4129,1917.95,0
2026-08-18T22:00:00Z,BTC,574,72,5,0.16,0.17,0.18,0.0123,0.2681,64893.79,0
2026-08-18T22:00:00Z,ETH,434,40,3,0.14,0.17,0.2,0.0092,0.4129,1917.87,0
2026-08-18T22:01:00Z,BTC,574,72,6,0.16,0.1775,0.21,0.0138,0.2685,64872.16,0
2026-08-18T22:01:00Z,ETH,434,40,3,0.11,0.125,0.14,0.0062,0.4129,1917.53,0
2026-08-18T22:02:00Z,BTC,574,72,5,0.15,0.17,0.18,0.0121,0.2684,64891.6,0
2026-08-18T22:02:00Z,ETH,434,40,3,0.11,0.12,0.13,0.0062,0.4129,1918.35,0
2026-08-18T22:03:00Z,BTC,574,72,5,0.16,0.17,0.18,0.0123,0.2684,64896.41,0
2026-08-18T22:03:00Z,ETH,434,40,3,0.13,0.22,0.31,0.0094,0.4129,1919.09,0
2026-08-18T22:04:00Z,BTC,574,72,6,0.165,0.1775,0.21,0.0139,0.2662,64888.7,0
2026-08-18T22:04:00Z,ETH,434,40,3,0.1,0.115,0.13,0.0062,0.4129,1918.71,0
2026-08-18T22:05:00Z,BTC,574,72,6,0.165,0.1775,0.2,0.014,0.2675,64872.87,0
2026-08-18T22:05:00Z,ETH,434,40,3,0.13,0.16,0.19,0.0093,0.4129,1918.48,0
2026-08-18T22:06:00Z,BTC,574,72,6,0.16,0.1775,0.2,0.014,0.2669,64878.1,0
2026-08-18T22:06:00Z,ETH,434,40,3,0.14,0.17,0.2,0.0093,0.4129,1918.65,0
2026-08-18T22:07:00Z,BTC,574,72,6,0.165,0.1775,0.2,0.014,0.2668,64877.92,0
2026-08-18T22:07:00Z,ETH,434,40,3,0.14,0.17,0.2,0.0093,0.4129,1918.42,0
2026-08-18T22:08:00Z,BTC,574,72,6,0.165,0.1775,0.21,0.014,0.2671,64869.13,0
2026-08-18T22:08:00Z,ETH,434,40,3,0.14,0.165,0.19,0.0092,0.4129,1918.14,0
2026-08-18T22:09:00Z,BTC,574,72,5,0.16,0.17,0.18,0.0124,0.2671,64889.1,0
2026-08-18T22:09:00Z,ETH,434,40,3,0.19,0.2,0.21,0.0099,0.4129,1919.23,0
2026-08-18T22:10:00Z,BTC,574,72,5,0.16,0.17,0.18,0.0124,0.2661,64895.12,0
2026-08-18T22:10:00Z,ETH,434,40,3,0.13,0.16,0.19,0.0094,0.4129,1919.47,0
2026-08-18T22:11:00Z,BTC,574,72,5,0.16,0.17,0.18,0.0124,0.2656,64904.2,0
2026-08-18T22:11:00Z,ETH,434,40,3,0.1,0.12,0.14,0.0061,0.4129,1919.59,0
2026-08-18T22:12:00Z,BTC,574,72,5,0.16,0.17,0.19,0.0124,0.2663,64908.87,0
2026-08-18T22:12:00Z,ETH,434,40,3,0.13,0.17,0.21,0.0096,0.4129,1920.11,0
2026-08-18T22:13:00Z,BTC,574,72,6,0.165,0.1775,0.21,0.0141,0.266,64892.47,0
2026-08-18T22:13:00Z,ETH,434,40,3,0.1,0.115,0.13,0.006,0.4129,1920.4,0
2026-08-18T22:14:00Z,BTC,574,72,6,0.17,0.18,0.21,0.014,0.2662,64871.28,0
2026-08-18T22:14:00Z,ETH,434,40,3,0.1,0.12,0.14,0.006,0.4129,1919.63,0
2026-08-18T22:15:00Z,BTC,574,72,6,0.165,0.1775,0.21,0.014,0.2673,64869.38,0
2026-08-18T22:15:00Z,ETH,434,40,3,0.11,0.12,0.13,0.0061,0.4129,1919.62,0
2026-08-18T22:16:00Z,BTC,574,72,6,0.165,0.1775,0.2,0.014,0.2676,64871.79,0
2026-08-18T22:16:00Z,ETH,434,40,3,0.1,0.12,0.14,0.0061,0.4129,1919.42,0
2026-08-18T22:17:00Z,BTC,574,72,6,0.165,0.1775,0.21,0.014,0.2673,64872.87,0
2026-08-18T22:17:00Z,ETH,434,40,3,0.1,0.12,0.14,0.0061,0.4129,1919.72,0
2026-08-18T22:18:00Z,BTC,574,72,6,0.165,0.1775,0.21,0.014,0.2667,64879.52,0
2026-08-18T22:18:00Z,ETH,434,40,3,0.1,0.115,0.13,0.0061,0.4129,1920.21,0
2026-08-18T22:19:00Z,BTC,574,72,6,0.165,0.1775,0.21,0.014,0.2663,64882.9,0
2026-08-18T22:19:00Z,ETH,434,40,3,0.1,0.115,0.13,0.006,0.4129,1920.48,0
2026-08-18T22:20:00Z,BTC,574,72,5,0.16,0.17,0.18,0.0124,0.2665,64892.01,0
2026-08-18T22:20:00Z,ETH,434,40,3,0.1,0.12,0.14,0.006,0.4129,1920.57,0
2026-08-18T22:21:00Z,BTC,574,72,5,0.16,0.17,0.18,0.0124,0.2656,64909.17,0
2026-08-18T22:21:00Z,ETH,434,40,3,0.1,0.12,0.14,0.006,0.4129,1920.96,0
2026-08-18T22:22:00Z,BTC,574,72,5,0.16,0.17,0.18,0.0124,0.2657,64899.42,0
2026-08-18T22:22:00Z,ETH,434,40,3,0.11,0.12,0.13,0.006,0.4129,1920.37,0
2026-08-18T22:23:00Z,BTC,574,72,5,0.16,0.17,0.18,0.0124,0.2658,64896.68,0
2026-08-18T22:23:00Z,ETH,434,40,3,0.11,0.12,0.13,0.006,0.4129,1920.13,0
2026-08-18T22:24:00Z,BTC,574,72,5,0.16,0.17,0.18,0.0124,0.2656,64878.47,0
2026-08-18T22:24:00Z,ETH,434,40,3,0.13,0.17,0.21,0.0094,0.4129,1919.35,0
2026-08-18T22:25:00Z,BTC,574,72,6,0.17,0.18,0.21,0.014,0.2679,64858.58,0
2026-08-18T22:25:00Z,ETH,434,40,3,0.14,0.225,0.31,0.0094,0.4129,1918.86,0
2026-08-18T22:26:00Z,BTC,574,72,5,0.16,0.17,0.18,0.0124,0.2662,64885.22,0
2026-08-18T22:26:00Z,ETH,434,40,3,0.14,0.175,0.21,0.0096,0.4129,1920.11,0
2026-08-18T22:27:00Z,BTC,574,72,5,0.16,0.17,0.18,0.0124,0.2654,64880.79,0
2026-08-18T22:27:00Z,ETH,434,40,3,0.1,0.115,0.13,0.0061,0.4129,1919.98,0
2026-08-18T22:28:00Z,BTC,574,72,6,0.165,0.1775,0.21,0.014,0.2656,64877.75,0
2026-08-18T22:28:00Z,ETH,434,40,3,0.1,0.115,0.13,0.0061,0.4129,1919.88,0
2026-08-18T22:29:00Z,BTC,574,72,6,0.165,0.1775,0.21,0.014,0.2655,64890.26,0
2026-08-18T22:29:00Z,ETH,434,40,3,0.1,0.115,0.13,0.006,0.4129,1920.31,0
2026-08-18T22:30:00Z,BTC,574,72,6,0.165,0.185,0.2,0.014,0.2653,64892.69,0
2026-08-18T22:30:00Z,ETH,434,40,3,0.13,0.165,0.2,0.0096,0.4129,1920.59,0
2026-08-18T22:31:00Z,BTC,574,72,5,0.16,0.17,0.18,0.0124,0.2651,64902.67,0
2026-08-18T22:31:00Z,ETH,434,40,3,0.1,0.12,0.14,0.006,0.4129,1920.62,0
2026-08-18T22:32:00Z,BTC,574,72,5,0.16,0.17,0.18,0.0124,0.2648,64899.7,0
2026-08-18T22:32:00Z,ETH,434,40,3,0.11,0.12,0.13,0.006,0.4129,1920.57,0
2026-08-18T22:33:00Z,BTC,574,72,5,0.16,0.17,0.18,0.0124,0.2652,64897.78,0
2026-08-18T22:33:00Z,ETH,434,40,3,0.1,0.115,0.13,0.0061,0.4129,1920.4,0
2026-08-18T22:34:00Z,BTC,574,72,5,0.16,0.17,0.18,0.0124,0.2654,64911.46,0
2026-08-18T22:34:00Z,ETH,434,40,3,0.1,0.115,0.13,0.006,0.4129,1920.68,0
2026-08-18T22:35:00Z,BTC,574,72,5,0.16,0.17,0.18,0.0126,0.2656,64925.37,0
2026-08-18T22:35:00Z,ETH,434,40,3,0.11,0.125,0.14,0.006,0.4129,1921.16,0
2026-08-18T22:36:00Z,BTC,574,72,5,0.16,0.17,0.18,0.0126,0.2656,64906.27,0
2026-08-18T22:36:00Z,ETH,434,40,3,0.11,0.125,0.14,0.0061,0.4129,1919.59,0
2026-08-18T22:37:00Z,BTC,574,72,5,0.16,0.17,0.18,0.0126,0.2653,64909.16,0
2026-08-18T22:37:00Z,ETH,434,40,3,0.11,0.12,0.13,0.0061,0.4129,1919.8,0
2026-08-18T22:38:00Z,BTC,574,72,5,0.16,0.17,0.18,0.0126,0.2651,64919.54,0
2026-08-18T22:38:00Z,ETH,434,40,3,0.1,0.115,0.13,0.0061,0.4129,1919.79,0
2026-08-18T22:39:00Z,BTC,574,72,5,0.16,0.16,0.19,0.0127,0.2641,64951.82,0
2026-08-18T22:39:00Z,ETH,434,40,3,0.11,0.125,0.14,0.006,0.4129,1920.67,0
2026-08-18T22:40:00Z,BTC,574,72,5,0.16,0.17,0.19,0.0127,0.2648,64936.34,0
2026-08-18T22:40:00Z,ETH,434,40,3,0.14,0.175,0.21,0.0096,0.4129,1919.94,0
2026-08-18T22:41:00Z,BTC,574,72,5,0.17,0.17,0.18,0.0127,0.2646,64933.76,0
2026-08-18T22:41:00Z,ETH,434,40,3,0.1,0.12,0.14,0.0061,0.4129,1919.79,0
2026-08-18T22:42:00Z,BTC,574,72,5,0.16,0.17,0.19,0.0127,0.2643,64934.66,0
2026-08-18T22:42:00Z,ETH,434,40,3,0.11,0.125,0.14,0.0061,0.4129,1919.69,0
2026-08-18T22:43:00Z,BTC,574,72,5,0.17,0.17,0.18,0.0127,0.2646,64938.95,0
2026-08-18T22:43:00Z,ETH,434,40,3,0.11,0.125,0.14,0.0061,0.4129,1919.84,0
2026-08-18T22:44:00Z,BTC,574,72,5,0.16,0.17,0.18,0.0127,0.2647,64936.33,0
2026-08-18T22:44:00Z,ETH,434,40,3,0.1,0.12,0.14,0.0062,0.4129,1919.48,0
2026-08-18T22:45:00Z,BTC,574,72,5,0.16,0.17,0.19,0.0127,0.2652,64934.37,0
2026-08-18T22:45:00Z,ETH,434,40,3,0.1,0.12,0.14,0.0062,0.4129,1919.45,0
2026-08-18T22:46:00Z,BTC,574,72,5,0.16,0.17,0.18,0.0127,0.2651,64922.37,0
2026-08-18T22:46:00Z,ETH,434,40,3,0.1,0.12,0.14,0.0062,0.4129,1919.07,0
2026-08-18T22:47:00Z,BTC,574,72,5,0.16,0.17,0.18,0.0127,0.2651,64923.31,0
2026-08-18T22:47:00Z,ETH,434,40,3,0.11,0.125,0.14,0.0062,0.4129,1919.46,0
2026-08-18T22:48:00Z,BTC,574,72,5,0.16,0.17,0.18,0.0127,0.2651,64924.45,0
2026-08-18T22:48:00Z,ETH,434,40,3,0.1,0.12,0.14,0.0062,0.4129,1919.41,0
2026-08-18T22:49:00Z,BTC,574,72,5,0.16,0.17,0.19,0.0127,0.2651,64922.63,0
2026-08-18T22:49:00Z,ETH,434,40,3,0.11,0.125,0.14,0.0062,0.4129,1919.32,0
2026-08-18T22:50:00Z,BTC,574,72,5,0.16,0.17,0.18,0.0127,0.2653,64922.28,0
2026-08-18T22:50:00Z,ETH,434,40,3,0.1,0.12,0.14,0.0062,0.4129,1919.28,0
2026-08-18T22:51:00Z,BTC,574,72,5,0.17,0.17,0.18,0.0127,0.2652,64922.83,0
2026-08-18T22:51:00Z,ETH,434,40,3,0.11,0.12,0.13,0.0062,0.4129,1919.21,0
2026-08-18T22:52:00Z,BTC,574,72,5,0.16,0.17,0.18,0.0127,0.2651,64924.18,0
2026-08-18T22:52:00Z,ETH,434,40,3,0.1,0.115,0.13,0.0062,0.4129,1919.19,0
2026-08-18T22:53:00Z,BTC,574,72,5,0.16,0.16,0.18,0.0127,0.265,64916.22,0
2026-08-18T22:53:00Z,ETH,434,40,3,0.11,0.12,0.13,0.0062,0.4129,1918.75,0
2026-08-18T22:54:00Z,BTC,574,72,5,0.16,0.17,0.18,0.0126,0.2649,64907.02,0
2026-08-18T22:54:00Z,ETH,434,40,3,0.11,0.125,0.14,0.0062,0.4129,1918.58,0
2026-08-18T22:55:00Z,BTC,574,72,5,0.16,0.17,0.19,0.0126,0.2648,64903.28,0
2026-08-18T22:55:00Z,ETH,434,40,3,0.13,0.17,0.21,0.0094,0.4129,1918.18,0
2026-08-18T22:56:00Z,BTC,574,72,5,0.16,0.17,0.19,0.0126,0.2651,64929.81,0
2026-08-18T22:56:00Z,ETH,434,40,3,0.1,0.12,0.14,0.0062,0.4129,1919.42,0
2026-08-18T22:57:00Z,BTC,574,72,5,0.16,0.17,0.18,0.0126,0.2653,64932.06,0
2026-08-18T22:57:00Z,ETH,434,40,3,0.11,0.125,0.14,0.0062,0.4129,1919.57,0
2026-08-18T22:58:00Z,BTC,574,72,5,0.16,0.17,0.18,0.0126,0.2652,64932.88,0
2026-08-18T22:58:00Z,ETH,434,40,3,0.14,0.17,0.2,0.0096,0.4129,1919.39,0
2026-08-18T22:59:00Z,BTC,574,72,5,0.16,0.17,0.18,0.0126,0.2655,64939.46,0
2026-08-18T22:59:00Z,ETH,434,40,3,0.2,0.205,0.21,0.01,0.4129,1919.25,0
2026-08-18T23:00:00Z,BTC,574,72,5,0.16,0.17,0.19,0.0126,0.2646,64937.0,0
2026-08-18T23:00:00Z,ETH,434,40,3,0.1,0.12,0.14,0.0062,0.4129,1918.77,0
2026-08-18T23:01:00Z,BTC,574,72,5,0.16,0.17,0.18,0.0127,0.2649,64959.5,0
2026-08-18T23:01:00Z,ETH,434,40,3,0.1,0.12,0.14,0.0062,0.4129,1919.34,0
2026-08-18T23:02:00Z,BTC,574,72,5,0.16,0.16,0.19,0.0127,0.2651,64977.29,0
2026-08-18T23:02:00Z,ETH,434,40,3,0.1,0.12,0.14,0.0061,0.4129,1920.75,0
2026-08-18T23:03:00Z,BTC,574,72,5,0.17,0.17,0.19,0.0129,0.2648,64990.89,0
2026-08-18T23:03:00Z,ETH,434,40,3,0.1,0.12,0.14,0.006,0.4129,1921.57,0
2026-08-18T23:04:00Z,BTC,574,72,5,0.16,0.16,0.19,0.0129,0.2651,64984.2,0
2026-08-18T23:04:00Z,ETH,434,40,3,0.1,0.115,0.13,0.006,0.4129,1921.61,0
2026-08-18T23:05:00Z,BTC,574,72,5,0.16,0.17,0.18,0.0131,0.2653,65013.66,0
2026-08-18T23:05:00Z,ETH,434,40,3,0.1,0.12,0.14,0.0059,0.4129,1922.5,0
2026-08-18T23:06:00Z,BTC,574,72,5,0.16,0.16,0.19,0.0129,0.2657,64965.36,0
2026-08-18T23:06:00Z,ETH,434,40,3,0.11,0.125,0.14,0.006,0.4129,1920.82,0
2026-08-18T23:07:00Z,BTC,574,72,5,0.16,0.17,0.19,0.0129,0.2655,64962.83,0
2026-08-18T23:07:00Z,ETH,434,40,3,0.1,0.12,0.14,0.006,0.4129,1920.83,0
2026-08-18T23:08:00Z,BTC,574,72,5,0.16,0.17,0.19,0.0129,0.266,64964.44,0
2026-08-18T23:08:00Z,ETH,434,40,3,0.13,0.165,0.2,0.0097,0.4129,1920.9,0
2026-08-18T23:09:00Z,BTC,574,72,5,0.17,0.17,0.19,0.0129,0.266,64965.86,0
2026-08-18T23:09:00Z,ETH,434,40,3,0.11,0.195,0.28,0.006,0.4129,1921.24,0
2026-08-18T23:10:00Z,BTC,574,72,5,0.16,0.17,0.19,0.0129,0.2659,64973.61,0
2026-08-18T23:10:00Z,ETH,434,40,3,0.1,0.115,0.13,0.006,0.4129,1921.6,0
2026-08-18T23:11:00Z,BTC,574,72,5,0.16,0.17,0.19,0.0129,0.2655,64976.0,0
2026-08-18T23:11:00Z,ETH,434,40,3,0.1,0.12,0.14,0.006,0.4129,1921.92,0
2026-08-18T23:12:00Z,BTC,574,72,5,0.17,0.17,0.18,0.0129,0.266,64999.43,0
2026-08-18T23:12:00Z,ETH,434,40,3,0.1,0.12,0.14,0.0059,0.4129,1922.76,0
2026-08-18T23:13:00Z,BTC,574,72,5,0.16,0.17,0.19,0.0129,0.2664,64998.8,0
2026-08-18T23:13:00Z,ETH,434,40,3,0.1,0.12,0.14,0.0059,0.4129,1922.72,0
2026-08-18T23:14:00Z,BTC,574,72,5,0.16,0.17,0.19,0.0129,0.2666,64995.39,0
2026-08-18T23:14:00Z,ETH,434,40,3,0.1,0.12,0.14,0.0059,0.4129,1922.53,0
2026-08-18T23:15:00Z,BTC,574,72,5,0.17,0.17,0.18,0.0129,0.2665,64999.17,0
2026-08-18T23:15:00Z,ETH,434,40,3,0.1,0.12,0.14,0.0059,0.4129,1922.88,0
2026-08-18T23:16:00Z,BTC,574,72,5,0.17,0.17,0.18,0.0129,0.2662,64998.7,0
2026-08-18T23:16:00Z,ETH,434,40,3,0.1,0.12,0.14,0.0059,0.4129,1922.55,0
2026-08-18T23:17:00Z,BTC,574,72,5,0.16,0.17,0.19,0.0129,0.2663,65004.08,0
2026-08-18T23:17:00Z,ETH,434,40,3,0.1,0.12,0.14,0.0059,0.4129,1923.03,0
2026-08-18T23:18:00Z,BTC,574,72,5,0.16,0.17,0.19,0.0129,0.2666,64996.67,0
2026-08-18T23:18:00Z,ETH,434,40,3,0.1,0.12,0.14,0.0059,0.4129,1922.96,0
2026-08-18T23:19:00Z,BTC,574,72,5,0.16,0.16,0.19,0.0129,0.2669,65002.82,0
2026-08-18T23:19:00Z,ETH,434,40,3,0.14,0.17,0.2,0.01,0.4129,1923.16,0
2026-08-18T23:20:00Z,BTC,574,72,5,0.16,0.16,0.19,0.0129,0.2666,65000.18,0
2026-08-18T23:20:00Z,ETH,434,40,3,0.11,0.125,0.14,0.0059,0.4129,1923.05,0
2026-08-18T23:21:00Z,BTC,574,72,5,0.16,0.17,0.19,0.0129,0.266,65000.07,0
2026-08-18T23:21:00Z,ETH,434,40,3,0.1,0.12,0.14,0.0058,0.4129,1923.16,0
2026-08-18T23:22:00Z,BTC,574,72,5,0.17,0.17,0.19,0.0131,0.2661,65015.76,0
2026-08-18T23:22:00Z,ETH,434,40,3,0.28,0.34,0.4,0.02,0.4129,1924.41,0
2026-08-18T23:23:00Z,BTC,574,72,5,0.16,0.17,0.19,0.0131,0.2656,65021.9,0
2026-08-18T23:23:00Z,ETH,434,40,3,0.14,0.17,0.2,0.0102,0.4129,1924.82,0
2026-08-18T23:24:00Z,BTC,574,72,5,0.16,0.17,0.19,0.0132,0.2657,65035.5,0
2026-08-18T23:24:00Z,ETH,434,40,3,0.1,0.12,0.14,0.0057,0.4129,1924.49,0
2026-08-18T23:25:00Z,BTC,574,72,5,0.16,0.17,0.18,0.0132,0.2651,65037.96,0
2026-08-18T23:25:00Z,ETH,434,40,3,0.1,0.12,0.14,0.0057,0.4129,1924.76,0
2026-08-18T23:26:00Z,BTC,574,72,5,0.16,0.16,0.18,0.0132,0.265,65041.39,0
2026-08-18T23:26:00Z,ETH,434,40,3,0.1,0.12,0.14,0.0057,0.4129,1925.16,0
2026-08-18T23:27:00Z,BTC,574,72,5,0.16,0.16,0.19,0.0132,0.2651,65038.01,0
2026-08-18T23:27:00Z,ETH,434,40,3,0.14,0.17,0.2,0.0102,0.4129,1924.95,0
2026-08-18T23:28:00Z,BTC,574,72,5,0.16,0.17,0.19,0.0132,0.2648,65040.6,0
2026-08-18T23:28:00Z,ETH,434,40,3,0.1,0.12,0.14,0.0057,0.4129,1924.79,0
2026-08-18T23:29:00Z,BTC,574,72,5,0.16,0.17,0.19,0.0132,0.2647,65033.15,0
2026-08-18T23:29:00Z,ETH,434,40,3,0.13,0.165,0.2,0.0102,0.4129,1924.36,0
2026-08-18T23:30:00Z,BTC,574,72,5,0.17,0.17,0.19,0.0132,0.2646,65024.79,0
2026-08-18T23:30:00Z,ETH,434,40,3,0.14,0.17,0.2,0.0102,0.4129,1924.7,0
2026-08-18T23:31:00Z,BTC,574,72,5,0.17,0.17,0.19,0.0132,0.2646,65018.59,0
2026-08-18T23:31:00Z,ETH,434,40,3,0.14,0.175,0.21,0.0102,0.4129,1924.78,0
2026-08-18T23:32:00Z,BTC,574,72,5,0.16,0.17,0.18,0.0132,0.2647,65032.39,0
2026-08-18T23:32:00Z,ETH,434,40,3,0.1,0.12,0.14,0.0057,0.4129,1924.87,0
2026-08-18T23:33:00Z,BTC,574,72,5,0.16,0.17,0.18,0.0132,0.2647,65033.7,0
2026-08-18T23:33:00Z,ETH,434,40,3,0.1,0.12,0.14,0.0057,0.4129,1924.92,0
2026-08-18T23:34:00Z,BTC,574,72,5,0.17,0.17,0.19,0.0134,0.2657,65053.22,0
2026-08-18T23:34:00Z,ETH,434,40,3,0.14,0.17,0.2,0.0104,0.4129,1925.53,0
2026-08-18T23:35:00Z,BTC,574,72,5,0.16,0.16,0.19,0.0134,0.266,65058.15,0
2026-08-18T23:35:00Z,ETH,434,40,3,0.11,0.125,0.14,0.0056,0.4129,1925.76,0
2026-08-18T23:36:00Z,BTC,574,72,5,0.16,0.17,0.18,0.0134,0.2661,65054.46,0
2026-08-18T23:36:00Z,ETH,434,40,3,0.14,0.17,0.2,0.0103,0.4129,1925.41,0
2026-08-18T23:37:00Z,BTC,574,72,5,0.17,0.17,0.19,0.0134,0.2663,65055.8,0
2026-08-18T23:37:00Z,ETH,434,40,3,0.14,0.17,0.2,0.0102,0.4129,1924.99,0
2026-08-18T23:38:00Z,BTC,574,72,5,0.17,0.17,0.19,0.0134,0.2665,65056.11,0
2026-08-18T23:38:00Z,ETH,434,40,3,0.1,0.12,0.14,0.0057,0.4129,1924.9,0
2026-08-18T23:39:00Z,BTC,574,72,5,0.16,0.16,0.19,0.0134,0.2665,65054.99,0
2026-08-18T23:39:00Z,ETH,434,40,3,0.1,0.12,0.14,0.0057,0.4129,1924.8,0
2026-08-18T23:40:00Z,BTC,574,72,5,0.16,0.16,0.19,0.0134,0.2665,65054.48,0
2026-08-18T23:40:00Z,ETH,434,40,3,0.1,0.12,0.14,0.0057,0.4129,1924.79,0
2026-08-18T23:41:00Z,BTC,574,72,5,0.16,0.16,0.18,0.0134,0.2665,65053.57,0
2026-08-18T23:41:00Z,ETH,434,40,3,0.1,0.12,0.14,0.0057,0.4129,1924.78,0
2026-08-18T23:42:00Z,BTC,574,72,5,0.16,0.16,0.19,0.0134,0.2663,65059.57,0
2026-08-18T23:42:00Z,ETH,434,40,3,0.1,0.12,0.14,0.0057,0.4129,1924.93,0
2026-08-18T23:43:00Z,BTC,574,72,5,0.17,0.17,0.19,0.0134,0.2673,65076.56,0
2026-08-18T23:43:00Z,ETH,434,40,3,0.1,0.12,0.14,0.0057,0.4129,1925.39,0
2026-08-18T23:44:00Z,BTC,574,72,5,0.16,0.17,0.19,0.0134,0.267,65069.86,0
2026-08-18T23:44:00Z,ETH,434,40,3,0.15,0.225,0.3,0.0103,0.4129,1925.12,0
2026-08-18T23:45:00Z,BTC,574,72,5,0.16,0.17,0.19,0.0134,0.2661,65050.74,0
2026-08-18T23:45:00Z,ETH,434,40,3,0.1,0.12,0.14,0.0057,0.4129,1924.82,0
2026-08-18T23:46:00Z,BTC,574,72,5,0.17,0.17,0.19,0.0134,0.266,65077.44,0
2026-08-18T23:46:00Z,ETH,434,40,3,0.1,0.12,0.14,0.0057,0.4129,1925.48,0
2026-08-18T23:47:00Z,BTC,574,72,5,0.16,0.17,0.19,0.0134,0.2654,65040.23,0
2026-08-18T23:47:00Z,ETH,434,40,3,0.1,0.12,0.14,0.0057,0.4129,1924.36,0
2026-08-18T23:48:00Z,BTC,574,72,5,0.16,0.17,0.19,0.0134,0.2654,65042.05,0
2026-08-18T23:48:00Z,ETH,434,40,3,0.1,0.12,0.14,0.0057,0.4129,1925.39,0
2026-08-18T23:49:00Z,BTC,574,72,5,0.16,0.17,0.19,0.0134,0.2661,65052.46,0
2026-08-18T23:49:00Z,ETH,434,40,3,0.1,0.125,0.15,0.0057,0.4129,1925.53,0
2026-08-18T23:50:00Z,BTC,574,72,5,0.17,0.17,0.19,0.0134,0.2662,65059.93,0
2026-08-18T23:50:00Z,ETH,434,40,3,0.14,0.17,0.2,0.0104,0.4129,1925.62,0
2026-08-18T23:51:00Z,BTC,574,72,5,0.16,0.17,0.18,0.0134,0.2659,65035.27,0
2026-08-18T23:51:00Z,ETH,434,40,3,0.14,0.22,0.3,0.0104,0.4129,1925.28,0
2026-08-18T23:52:00Z,BTC,574,72,5,0.17,0.17,0.19,0.0134,0.2661,65038.62,0
2026-08-18T23:52:00Z,ETH,434,40,3,0.14,0.22,0.3,0.0103,0.4129,1925.36,0
2026-08-18T23:53:00Z,BTC,574,72,5,0.16,0.17,0.18,0.0134,0.2663,65043.96,0
2026-08-18T23:53:00Z,ETH,434,40,3,0.2,0.205,0.21,0.0108,0.4129,1925.36,0
2026-08-18T23:54:00Z,BTC,574,72,5,0.16,0.16,0.19,0.0134,0.2661,65035.32,0
2026-08-18T23:54:00Z,ETH,434,40,3,0.1,0.125,0.15,0.0057,0.4129,1925.08,0
2026-08-18T23:55:00Z,BTC,574,72,5,0.16,0.16,0.19,0.0134,0.2661,65032.43,0
2026-08-18T23:55:00Z,ETH,434,40,3,0.1,0.12,0.14,0.0057,0.4129,1924.78,0
2026-08-18T23:56:00Z,BTC,574,72,5,0.17,0.17,0.18,0.0134,0.2657,65023.05,0
2026-08-18T23:56:00Z,ETH,434,40,3,0.1,0.12,0.14,0.0058,0.4129,1923.91,0
2026-08-18T23:57:00Z,BTC,574,72,5,0.16,0.16,0.19,0.0134,0.2651,65028.61,0
2026-08-18T23:57:00Z,ETH,434,40,3,0.1,0.12,0.14,0.0058,0.4129,1924.02,0
2026-08-18T23:58:00Z,BTC,574,72,5,0.16,0.16,0.19,0.0134,0.2652,65026.39,0
2026-08-18T23:58:00Z,ETH,434,40,3,0.14,0.17,0.2,0.01,0.4129,1922.87,0
2026-08-18T23:59:00Z,BTC,574,72,5,0.17,0.17,0.19,0.0134,0.265,65024.74,0
2026-08-18T23:59:00Z,ETH,434,40,3,0.1,0.115,0.13,0.0058,0.4129,1923.49,0
2026-08-18T23:59:00Z,BTC,538,72,5,0.16,0.17,0.19,0.0134,0.265,65024.83,0
2026-08-18T23:59:00Z,ETH,412,40,3,0.1,0.12,0.14,0.0058,0.4129,1923.51,0
2026-08-19T00:00:00Z,BTC,538,72,5,0.17,0.17,0.19,0.0134,0.2655,65036.61,0
2026-08-19T00:00:00Z,ETH,412,40,3,0.11,0.125,0.14,0.0058,0.4129,1923.97,0
2026-08-19T00:01:00Z,BTC,538,72,5,0.16,0.17,0.19,0.0131,0.2652,64996.34,0
2026-08-19T00:01:00Z,ETH,412,40,3,0.1,0.12,0.14,0.0059,0.4129,1922.03,0
2026-08-19T00:02:00Z,BTC,538,72,5,0.17,0.17,0.19,0.0131,0.2659,64989.32,0
2026-08-19T00:02:00Z,ETH,412,40,3,0.1,0.12,0.14,0.006,0.4129,1921.37,0
2026-08-19T00:03:00Z,BTC,538,72,5,0.17,0.17,0.19,0.0129,0.2659,64957.05,0
2026-08-19T00:03:00Z,ETH,412,40,3,0.1,0.115,0.13,0.006,0.4129,1920.35,0
2026-08-19T00:05:00Z,BTC,538,72,5,0.16,0.17,0.18,0.0127,0.2661,64909.77,0
2026-08-19T00:05:00Z,ETH,412,40,3,0.11,0.12,0.13,0.0062,0.4129,1917.87,0
2026-08-19T00:06:00Z,BTC,538,72,5,0.16,0.17,0.19,0.0126,0.2666,64903.58,0
2026-08-19T00:06:00Z,ETH,412,40,3,0.1,0.115,0.13,0.0062,0.4129,1919.62,0
2026-08-19T00:07:00Z,BTC,538,72,5,0.16,0.17,0.18,0.0126,0.2653,64922.28,0
2026-08-19T00:07:00Z,ETH,412,40,3,0.11,0.12,0.13,0.0062,0.4129,1919.97,0
2026-08-19T00:08:00Z,BTC,538,72,5,0.17,0.17,0.19,0.0129,0.2659,64950.86,0
2026-08-19T00:08:00Z,ETH,412,40,3,0.13,0.16,0.19,0.0099,0.4129,1921.12,0
2026-08-19T00:09:00Z,BTC,538,72,5,0.16,0.17,0.19,0.0129,0.2654,64931.98,0
2026-08-19T00:09:00Z,ETH,412,40,3,0.1,0.115,0.13,0.0061,0.4129,1920.09,0
2026-08-19T00:10:00Z,BTC,538,72,5,0.16,0.17,0.18,0.0127,0.265,64909.96,0
2026-08-19T00:10:00Z,ETH,412,40,3,0.1,0.12,0.14,0.0062,0.4129,1919.66,0
2026-08-19T00:11:00Z,BTC,538,72,5,0.16,0.17,0.18,0.0126,0.2654,64887.86,0
2026-08-19T00:11:00Z,ETH,412,40,3,0.13,0.165,0.2,0.0094,0.4129,1918.56,0
2026-08-19T00:12:00Z,BTC,538,72,5,0.16,0.17,0.18,0.0126,0.2652,64883.28,0
2026-08-19T00:12:00Z,ETH,412,40,3,0.11,0.125,0.14,0.0062,0.4129,1919.31,0
2026-08-19T00:13:00Z,BTC,538,72,5,0.16,0.17,0.18,0.0126,0.2653,64887.39,0
2026-08-19T00:13:00Z,ETH,412,40,3,0.14,0.17,0.2,0.0097,0.4129,1919.72,0
2026-08-19T00:14:00Z,BTC,538,72,5,0.16,0.17,0.19,0.0126,0.2652,64876.76,0
2026-08-19T00:14:00Z,ETH,412,40,3,0.13,0.165,0.2,0.0097,0.4129,1919.18,0
2026-08-19T00:15:00Z,BTC,538,72,5,0.16,0.17,0.18,0.0126,0.265,64841.56,0
2026-08-19T00:15:00Z,ETH,412,40,3,0.11,0.125,0.14,0.0062,0.4129,1918.14,0
2026-08-19T00:16:00Z,BTC,538,72,5,0.16,0.17,0.18,0.0124,0.2661,64874.33,0
2026-08-19T00:16:00Z,ETH,412,40,3,0.11,0.12,0.13,0.0062,0.4129,1919.72,0
2026-08-19T00:17:00Z,BTC,538,72,5,0.16,0.17,0.18,0.0124,0.2659,64880.56,0
2026-08-19T00:17:00Z,ETH,412,40,3,0.13,0.17,0.21,0.0097,0.4129,1919.87,0
2026-08-19T00:18:00Z,BTC,538,72,5,0.16,0.17,0.18,0.0126,0.2655,64887.21,0
2026-08-19T00:18:00Z,ETH,412,40,3,0.11,0.125,0.14,0.0061,0.4129,1919.88,0
2026-08-19T00:19:00Z,BTC,538,72,5,0.16,0.17,0.19,0.0126,0.2655,64884.71,0
2026-08-19T00:19:00Z,ETH,412,40,3,0.1,0.12,0.14,0.0061,0.4129,1920.28,0
2026-08-19T00:20:00Z,BTC,538,72,5,0.16,0.17,0.19,0.0127,0.2649,64919.39,0
2026-08-19T00:20:00Z,ETH,412,40,3,0.11,0.125,0.14,0.0061,0.4129,1920.92,0
2026-08-19T00:21:00Z,BTC,538,72,5,0.16,0.17,0.19,0.0127,0.2651,64922.67,0
2026-08-19T00:21:00Z,ETH,412,40,3,0.13,0.165,0.2,0.01,0.4129,1921.87,0
2026-08-19T00:22:00Z,BTC,538,72,5,0.16,0.17,0.19,0.0131,0.2655,64964.41,0
2026-08-19T00:22:00Z,ETH,412,40,3,0.14,0.22,0.3,0.0102,0.4129,1924.01,0
2026-08-19T00:23:00Z,BTC,538,72,5,0.17,0.17,0.19,0.0129,0.2651,64925.59,0
2026-08-19T00:23:00Z,ETH,412,40,3,0.14,0.17,0.2,0.01,0.4129,1922.81,0
2026-08-19T00:24:00Z,BTC,538,72,5,0.16,0.17,0.18,0.0127,0.265,64908.48,0
2026-08-19T00:24:00Z,ETH,412,40,3,0.1,0.12,0.14,0.0058,0.4129,1922.88,0
2026-08-19T00:25:00Z,BTC,538,72,5,0.16,0.17,0.18,0.0126,0.2649,64876.81,0
2026-08-19T00:25:00Z,ETH,412,40,3,0.1,0.12,0.14,0.0059,0.4129,1922.02,0
2026-08-19T00:26:00Z,BTC,538,72,5,0.17,0.17,0.18,0.0126,0.265,64889.42,0
2026-08-19T00:26:00Z,ETH,412,40,3,0.1,0.12,0.14,0.0059,0.4129,1922.02,0
2026-08-19T00:27:00Z,BTC,538,72,5,0.16,0.17,0.18,0.0127,0.265,64887.72,0
2026-08-19T00:27:00Z,ETH,412,40,3,0.14,0.22,0.3,0.01,0.4129,1922.03,0
2026-08-19T00:28:00Z,BTC,538,72,5,0.16,0.17,0.18,0.0127,0.265,64887.32,0
2026-08-19T00:28:00Z,ETH,412,40,3,0.14,0.225,0.31,0.01,0.4129,1921.9,0
2026-08-19T00:29:00Z,BTC,538,72,5,0.16,0.17,0.18,0.0127,0.2649,64898.44,0
2026-08-19T00:29:00Z,ETH,412,40,3,0.14,0.22,0.3,0.01,0.4129,1922.08,0
2026-08-19T00:30:00Z,BTC,538,72,5,0.16,0.17,0.18,0.0127,0.2646,64908.27,0
2026-08-19T00:30:00Z,ETH,412,40,3,0.14,0.17,0.2,0.01,0.4129,1922.76,0
2026-08-19T00:31:00Z,BTC,538,72,5,0.16,0.17,0.18,0.0127,0.2656,64918.34,0
2026-08-19T00:31:00Z,ETH,412,40,3,0.1,0.12,0.14,0.0058,0.4129,1923.5,0
2026-08-19T00:32:00Z,BTC,538,72,5,0.16,0.17,0.18,0.0127,0.2662,64936.82,0
2026-08-19T00:32:00Z,ETH,412,40,3,0.1,0.12,0.14,0.0059,0.4129,1922.88,0
2026-08-19T00:33:00Z,BTC,538,72,5,0.16,0.17,0.18,0.0129,0.2656,64940.21,0
2026-08-19T00:33:00Z,ETH,412,40,3,0.1,0.12,0.14,0.0059,0.4129,1922.71,0
2026-08-19T00:34:00Z,BTC,538,72,5,0.17,0.17,0.18,0.0129,0.2652,64939.76,0
2026-08-19T00:34:00Z,ETH,412,40,3,0.1,0.12,0.14,0.0059,0.4129,1922.66,0
2026-08-19T00:35:00Z,BTC,538,72,5,0.16,0.16,0.18,0.0129,0.2656,64946.44,0
2026-08-19T00:35:00Z,ETH,412,40,3,0.11,0.125,0.14,0.0059,0.4129,1922.73,0
2026-08-19T00:36:00Z,BTC,538,72,5,0.16,0.17,0.19,0.0129,0.2656,64942.16,0
2026-08-19T00:36:00Z,ETH,412,40,3,0.1,0.12,0.14,0.0059,0.4129,1922.76,0
2026-08-19T00:37:00Z,BTC,538,72,5,0.16,0.17,0.18,0.0129,0.265,64931.6,0
2026-08-19T00:37:00Z,ETH,412,40,3,0.1,0.12,0.14,0.0059,0.4129,1922.32,0
2026-08-19T00:38:00Z,BTC,538,72,5,0.16,0.16,0.19,0.0129,0.2658,64951.1,0
2026-08-19T00:38:00Z,ETH,412,40,3,0.1,0.115,0.13,0.0059,0.4129,1922.75,0
2026-08-19T00:39:00Z,BTC,538,72,5,0.17,0.17,0.18,0.0129,0.2651,64937.08,0
2026-08-19T00:39:00Z,ETH,412,40,3,0.1,0.12,0.14,0.0059,0.4129,1922.43,0
2026-08-19T00:40:00Z,BTC,538,72,5,0.16,0.17,0.18,0.0127,0.2653,64907.32,0
2026-08-19T00:40:00Z,ETH,412,40,3,0.1,0.115,0.13,0.0059,0.4129,1921.77,0
2026-08-19T00:41:00Z,BTC,538,72,5,0.17,0.17,0.18,0.0126,0.2645,64866.18,0
2026-08-19T00:41:00Z,ETH,412,40,3,0.1,0.12,0.14,0.006,0.4129,1920.51,0
2026-08-19T00:42:00Z,BTC,538,72,5,0.16,0.17,0.18,0.0126,0.2651,64848.06,0
2026-08-19T00:42:00Z,ETH,412,40,3,0.11,0.125,0.14,0.0061,0.4129,1919.61,0
2026-08-19T00:43:00Z,BTC,538,72,5,0.16,0.17,0.18,0.0126,0.2656,64846.1,0
2026-08-19T00:43:00Z,ETH,412,40,3,0.1,0.12,0.14,0.0061,0.4129,1920.27,0
2026-08-19T00:44:00Z,BTC,538,72,5,0.16,0.17,0.18,0.0126,0.2656,64855.47,0
2026-08-19T00:44:00Z,ETH,412,40,3,0.13,0.165,0.2,0.0097,0.4129,1920.43,0
2026-08-19T00:45:00Z,BTC,538,72,6,0.165,0.185,0.21,0.0142,0.2656,64841.72,0
2026-08-19T00:45:00Z,ETH,412,40,3,0.1,0.115,0.13,0.0061,0.4129,1919.85,0
2026-08-19T00:46:00Z,BTC,538,72,5,0.16,0.18,0.18,0.0126,0.2656,64854.1,0
2026-08-19T00:46:00Z,ETH,412,40,3,0.1,0.12,0.14,0.0061,0.4129,1920.09,0
2026-08-19T00:47:00Z,BTC,538,72,5,0.16,0.18,0.18,0.0126,0.2654,64850.77,0
2026-08-19T00:47:00Z,ETH,412,40,3,0.13,0.17,0.21,0.0097,0.4129,1920.09,0
2026-08-19T00:48:00Z,BTC,538,72,5,0.16,0.17,0.18,0.0126,0.2651,64874.92,0
2026-08-19T00:48:00Z,ETH,412,40,3,0.14,0.17,0.2,0.0098,0.4129,1921.0,0
2026-08-19T00:49:00Z,BTC,538,72,5,0.16,0.17,0.18,0.0126,0.2646,64864.71,0
2026-08-19T00:49:00Z,ETH,412,40,3,0.11,0.12,0.13,0.006,0.4129,1920.61,0
2026-08-19T00:50:00Z,BTC,538,72,5,0.16,0.17,0.18,0.0127,0.2646,64847.55,0
2026-08-19T00:50:00Z,ETH,412,40,3,0.1,0.12,0.14,0.0061,0.4129,1920.07,0
2026-08-19T00:51:00Z,BTC,538,72,6,0.165,0.1775,0.21,0.0142,0.2651,64827.59,0
2026-08-19T00:51:00Z,ETH,412,40,3,0.14,0.17,0.2,0.0097,0.4129,1920.38,0
2026-08-19T00:52:00Z,BTC,538,72,6,0.17,0.18,0.21,0.0142,0.2651,64820.66,0
2026-08-19T00:52:00Z,ETH,412,40,3,0.14,0.17,0.2,0.0098,0.4129,1920.44,0
2026-08-19T00:53:00Z,BTC,538,72,6,0.165,0.1775,0.2,0.0142,0.2644,64829.62,0
2026-08-19T00:53:00Z,ETH,412,40,3,0.14,0.165,0.19,0.0099,0.4129,1920.56,0
2026-08-19T00:54:00Z,BTC,538,72,6,0.165,0.1775,0.21,0.0142,0.2651,64831.28,0
2026-08-19T00:54:00Z,ETH,412,40,3,0.14,0.17,0.2,0.0099,0.4129,1921.08,0
2026-08-19T00:55:00Z,BTC,538,72,6,0.17,0.18,0.21,0.0142,0.2645,64829.03,0
2026-08-19T00:55:00Z,ETH,412,40,3,0.11,0.12,0.13,0.006,0.4129,1920.54,0
2026-08-19T00:56:00Z,BTC,538,72,6,0.17,0.18,0.21,0.0142,0.2645,64818.2,0
2026-08-19T00:56:00Z,ETH,412,40,3,0.11,0.125,0.14,0.0061,0.4129,1919.98,0
2026-08-19T00:57:00Z,BTC,538,72,6,0.165,0.1775,0.21,0.0142,0.2644,64812.82,0
2026-08-19T00:57:00Z,ETH,412,40,3,0.1,0.12,0.14,0.0061,0.4129,1919.68,0
2026-08-19T00:58:00Z,BTC,538,72,6,0.165,0.1775,0.2,0.0142,0.2651,64808.72,0
2026-08-19T00:58:00Z,ETH,412,40,3,0.1,0.12,0.14,0.0062,0.4129,1919.47,0
2026-08-19T00:59:00Z,BTC,538,72,6,0.17,0.18,0.2,0.0144,0.2648,64783.6,0
2026-08-19T00:59:00Z,ETH,412,40,3,0.11,0.125,0.14,0.0062,0.4129,1919.1,0
2026-08-19T01:00:00Z,BTC,538,72,6,0.17,0.18,0.2,0.0143,0.2646,64762.22,0
2026-08-19T01:00:00Z,ETH,412,40,3,0.1,0.115,0.13,0.0062,0.4129,1918.93,0
2026-08-19T01:01:00Z,BTC,538,72,7,0.16,0.18,0.21,0.0134,0.2661,64747.55,0
2026-08-19T01:01:00Z,ETH,412,40,3,0.1,0.115,0.13,0.0061,0.4129,1919.15,0
2026-08-19T01:02:00Z,BTC,538,72,7,0.16,0.18,0.21,0.0136,0.2661,64741.85,0
2026-08-19T01:02:00Z,ETH,412,40,3,0.1,0.115,0.13,0.0062,0.4129,1919.3,0
2026-08-19T01:03:00Z,BTC,538,72,7,0.16,0.18,0.21,0.0136,0.2648,64746.99,0
2026-08-19T01:03:00Z,ETH,412,40,3,0.28,0.285,0.29,0.015,0.4129,1920.3,0
2026-08-19T01:04:00Z,BTC,538,72,7,0.16,0.18,0.21,0.0136,0.2647,64742.64,0
2026-08-19T01:04:00Z,ETH,412,40,3,0.13,0.165,0.2,0.0098,0.4129,1920.24,0
2026-08-19T01:05:00Z,BTC,538,72,7,0.16,0.18,0.2,0.0136,0.2659,64738.63,0
2026-08-19T01:05:00Z,ETH,412,40,3,0.13,0.16,0.19,0.0099,0.4129,1920.71,0
2026-08-19T01:06:00Z,BTC,538,72,6,0.165,0.1775,0.21,0.0142,0.2647,64755.17,0
2026-08-19T01:06:00Z,ETH,412,40,3,0.13,0.21,0.29,0.0099,0.4129,1922.0,0
2026-08-19T01:07:00Z,BTC,538,72,6,0.17,0.18,0.21,0.0144,0.264,64825.53,0
2026-08-19T01:07:00Z,ETH,412,40,3,0.1,0.12,0.14,0.0058,0.4129,1923.31,0
2026-08-19T01:08:00Z,BTC,538,72,6,0.165,0.1775,0.21,0.0143,0.2641,64809.28,0
2026-08-19T01:08:00Z,ETH,412,40,3,0.13,0.165,0.2,0.0101,0.4129,1923.02,0
2026-08-19T01:09:00Z,BTC,538,72,5,0.16,0.18,0.18,0.0129,0.2647,64845.51,0
2026-08-19T01:09:00Z,ETH,412,40,3,0.1,0.12,0.14,0.0058,0.4129,1923.71,0
2026-08-19T01:10:00Z,BTC,538,72,5,0.17,0.18,0.18,0.0129,0.2643,64842.44,0
2026-08-19T01:10:00Z,ETH,412,40,3,0.14,0.17,0.2,0.0101,0.4129,1923.35,0
2026-08-19T01:12:00Z,BTC,538,72,6,0.165,0.1775,0.21,0.0143,0.2649,64815.67,0
2026-08-19T01:12:00Z,ETH,412,40,3,0.14,0.17,0.2,0.01,0.4129,1922.22,0
2026-08-19T01:13:00Z,BTC,538,72,6,0.17,0.18,0.2,0.0143,0.2644,64820.2,0
2026-08-19T01:13:00Z,ETH,412,40,3,0.14,0.17,0.2,0.01,0.4129,1922.66,0
2026-08-19T01:14:00Z,BTC,538,72,6,0.165,0.1775,0.21,0.0143,0.2644,64820.62,0
2026-08-19T01:14:00Z,ETH,412,40,3,0.14,0.17,0.2,0.0099,0.4129,1922.05,0
2026-08-19T01:15:00Z,BTC,538,72,6,0.17,0.18,0.21,0.0144,0.2644,64815.13,0
2026-08-19T01:15:00Z,ETH,412,40,3,0.14,0.17,0.2,0.0098,0.4129,1921.39,0
2026-08-19T01:16:00Z,BTC,538,72,6,0.17,0.18,0.21,0.0143,0.2644,64801.33,0
2026-08-19T01:16:00Z,ETH,412,40,3,0.1,0.115,0.13,0.006,0.4129,1920.79,0
2026-08-19T01:17:00Z,BTC,538,72,6,0.165,0.1775,0.2,0.0143,0.2646,64793.26,0
2026-08-19T01:17:00Z,ETH,412,40,3,0.14,0.22,0.3,0.0097,0.4129,1920.66,0
2026-08-19T01:18:00Z,BTC,538,72,6,0.17,0.18,0.21,0.0143,0.2644,64755.43,0
2026-08-19T01:18:00Z,ETH,412,40,3,0.1,0.12,0.14,0.0061,0.4129,1919.22,0
2026-08-19T01:19:00Z,BTC,538,72,6,0.17,0.18,0.21,0.0143,0.2643,64809.77,0
2026-08-19T01:19:00Z,ETH,412,40,3,0.14,0.17,0.2,0.0099,0.4129,1921.09,0
2026-08-19T01:20:00Z,BTC,538,72,6,0.165,0.1775,0.21,0.0143,0.2641,64831.5,0
2026-08-19T01:20:00Z,ETH,412,40,3,0.14,0.17,0.2,0.01,0.4129,1921.91,0
2026-08-19T01:21:00Z,BTC,538,72,6,0.17,0.18,0.2,0.0143,0.264,64818.45,0
2026-08-19T01:21:00Z,ETH,412,40,3,0.1,0.12,0.14,0.006,0.4129,1921.26,0
2026-08-19T01:22:00Z,BTC,538,72,6,0.165,0.1775,0.21,0.0143,0.2643,64836.69,0
2026-08-19T01:22:00Z,ETH,412,40,3,0.13,0.21,0.29,0.0099,0.4129,1921.69,0
2026-08-19T01:23:00Z,BTC,538,72,6,0.17,0.18,0.2,0.0144,0.2641,64792.08,0
2026-08-19T01:23:00Z,ETH,412,40,3,0.1,0.115,0.13,0.0061,0.4129,1920.38,0
2026-08-19T01:24:00Z,BTC,538,72,6,0.17,0.18,0.2,0.0144,0.2642,64801.02,0
2026-08-19T01:24:00Z,ETH,412,40,3,0.11,0.12,0.13,0.0061,0.4129,1920.28,0
2026-08-19T01:25:00Z,BTC,538,72,7,0.16,0.18,0.2,0.0134,0.2658,64749.59,0
2026-08-19T01:25:00Z,ETH,412,40,3,0.1,0.12,0.14,0.0062,0.4129,1918.34,0
2026-08-19T01:26:00Z,BTC,538,72,7,0.15,0.18,0.21,0.0134,0.2658,64744.39,0
2026-08-19T01:26:00Z,ETH,412,40,3,0.2,0.235,0.27,0.0098,0.4129,1918.13,0
2026-08-19T01:27:00Z,BTC,538,72,5,0.16,0.18,0.18,0.0131,0.2646,64824.33,0
2026-08-19T01:27:00Z,ETH,412,40,3,0.1,0.115,0.13,0.0059,0.4129,1922.16,0
2026-08-19T01:28:00Z,BTC,538,72,6,0.165,0.1775,0.21,0.0144,0.2641,64780.56,0
2026-08-19T01:28:00Z,ETH,412,40,3,0.1,0.12,0.14,0.006,0.4129,1920.53,0
2026-08-19T01:30:00Z,BTC,538,72,6,0.17,0.18,0.21,0.0144,0.2641,64789.78,0
2026-08-19T01:30:00Z,ETH,412,40,3,0.1,0.115,0.13,0.006,0.4129,1921.28,0
2026-08-19T01:31:00Z,BTC,538,72,6,0.17,0.18,0.21,0.0145,0.2641,64772.01,0
2026-08-19T01:31:00Z,ETH,412,40,3,0.11,0.125,0.14,0.006,0.4129,1920.2,0
2026-08-19T01:33:00Z,BTC,538,72,6,0.165,0.18,0.21,0.0143,0.2639,64761.71,0
2026-08-19T01:33:00Z,ETH,412,40,3,0.13,0.215,0.3,0.0098,0.4129,1920.51,0
2026-08-19T01:34:00Z,BTC,538,72,6,0.17,0.18,0.2,0.0145,0.264,64792.43,0
2026-08-19T01:34:00Z,ETH,412,40,3,0.1,0.12,0.14,0.006,0.4129,1921.28,0
2026-08-19T01:35:00Z,BTC,538,72,6,0.17,0.18,0.2,0.0145,0.2636,64762.82,0
2026-08-19T01:35:00Z,ETH,412,40,3,0.14,0.17,0.2,0.0097,0.4129,1919.83,0
2026-08-19T01:36:00Z,BTC,538,72,6,0.17,0.18,0.2,0.0145,0.2636,64762.66,0
2026-08-19T01:36:00Z,ETH,412,40,3,0.11,0.12,0.13,0.0061,0.4129,1919.87,0
2026-08-19T01:37:00Z,BTC,538,72,7,0.16,0.18,0.21,0.0134,0.264,64759.69,0
2026-08-19T01:37:00Z,ETH,412,40,3,0.11,0.12,0.13,0.0061,0.4129,1920.39,0
2026-08-19T01:38:00Z,BTC,538,72,7,0.16,0.18,0.21,0.0134,0.264,64759.79,0
2026-08-19T01:38:00Z,ETH,412,40,3,0.11,0.125,0.14,0.0061,0.4129,1920.4,0
2026-08-19T01:40:00Z,BTC,538,72,6,0.17,0.18,0.2,0.0145,0.2641,64765.22,0
2026-08-19T01:40:00Z,ETH,412,40,3,0.1,0.12,0.14,0.0062,0.4129,1919.8,0
2026-08-19T01:41:00Z,BTC,538,72,6,0.17,0.18,0.21,0.0145,0.2641,64765.25,0
2026-08-19T01:41:00Z,ETH,412,40,3,0.1,0.12,0.14,0.0062,0.4129,1919.76,0
2026-08-19T01:42:00Z,BTC,538,72,7,0.16,0.18,0.21,0.0138,0.265,64722.53,0
2026-08-19T01:42:00Z,ETH,412,40,3,0.1,0.12,0.14,0.0062,0.4129,1919.1,0
2026-08-19T01:43:00Z,BTC,538,72,7,0.16,0.185,0.2,0.0138,0.265,64719.72,0
2026-08-19T01:43:00Z,ETH,412,40,3,0.1,0.115,0.13,0.0062,0.4129,1918.99,0
2026-08-19T01:44:00Z,BTC,538,72,7,0.16,0.18,0.2,0.014,0.2657,64717.18,0
2026-08-19T01:44:00Z,ETH,412,40,3,0.1,0.115,0.13,0.0062,0.4129,1919.67,0
2026-08-19T01:45:00Z,BTC,538,72,7,0.16,0.185,0.2,0.014,0.2666,64712.36,0
2026-08-19T01:45:00Z,ETH,412,40,3,0.1,0.12,0.14,0.0062,0.4129,1919.35,0
2026-08-19T01:47:00Z,BTC,538,72,7,0.16,0.175,0.2,0.0138,0.2667,64714.67,0
2026-08-19T01:47:00Z,ETH,412,40,3,0.1,0.115,0.13,0.0062,0.4129,1919.69,0
2026-08-19T01:48:00Z,BTC,538,72,7,0.16,0.185,0.2,0.0138,0.2677,64690.08,0
2026-08-19T01:48:00Z,ETH,412,40,3,0.1,0.12,0.14,0.0062,0.4129,1918.87,0
2026-08-19T01:50:00Z,BTC,538,72,7,0.16,0.185,0.2,0.0138,0.2667,64709.08,0
2026-08-19T01:50:00Z,ETH,412,40,3,0.1,0.12,0.14,0.0062,0.4129,1919.57,0
2026-08-19T01:51:00Z,BTC,538,72,7,0.16,0.18,0.21,0.0138,0.2673,64706.17,0
2026-08-19T01:51:00Z,ETH,412,40,3,0.11,0.12,0.13,0.0062,0.4129,1919.49,0
2026-08-19T01:53:00Z,BTC,538,72,7,0.16,0.18,0.2,0.0138,0.2661,64734.51,0
2026-08-19T01:53:00Z,ETH,412,40,3,0.14,0.17,0.2,0.0098,0.4129,1920.8,0
2026-08-19T01:54:00Z,BTC,538,72,7,0.16,0.175,0.2,0.0138,0.2661,64730.22,0
2026-08-19T01:54:00Z,ETH,412,40,3,0.1,0.12,0.14,0.0061,0.4129,1920.23,0
2026-08-19T01:55:00Z,BTC,538,72,7,0.16,0.185,0.2,0.0138,0.2661,64729.72,0
2026-08-19T01:55:00Z,ETH,412,40,3,0.1,0.12,0.14,0.0061,0.4129,1920.23,0
2026-08-19T01:56:00Z,BTC,538,72,7,0.16,0.18,0.2,0.0138,0.266,64728.31,0
2026-08-19T01:56:00Z,ETH,412,40,3,0.11,0.12,0.13,0.0061,0.4129,1920.29,0
2026-08-19T01:57:00Z,BTC,538,72,7,0.16,0.185,0.2,0.0138,0.2664,64706.67,0
2026-08-19T01:57:00Z,ETH,412,40,3,0.11,0.125,0.14,0.0062,0.4129,1919.74,0
2026-08-19T01:59:00Z,BTC,538,72,7,0.16,0.18,0.2,0.0138,0.2679,64693.33,0
2026-08-19T01:59:00Z,ETH,412,40,3,0.11,0.12,0.13,0.0062,0.4129,1918.8,0
2026-08-19T02:00:00Z,BTC,538,72,7,0.16,0.185,0.2,0.014,0.2676,64683.3,0
2026-08-19T02:00:00Z,ETH,412,40,3,0.11,0.125,0.14,0.0062,0.4129,1918.59,0
2026-08-19T02:01:00Z,BTC,538,72,7,0.16,0.18,0.2,0.0142,0.2669,64673.16,0
2026-08-19T02:01:00Z,ETH,412,40,3,0.11,0.12,0.13,0.0063,0.4129,1917.92,0
2026-08-19T02:03:00Z,BTC,538,72,7,0.16,0.185,0.2,0.014,0.2667,64685.57,0
2026-08-19T02:03:00Z,ETH,412,40,3,0.11,0.12,0.13,0.0063,0.4129,1918.09,0
2026-08-19T02:04:00Z,BTC,538,72,7,0.16,0.18,0.21,0.014,0.2664,64685.77,0
2026-08-19T02:04:00Z,ETH,412,40,3,0.11,0.12,0.13,0.0063,0.4129,1917.9,0
2026-08-19T02:05:00Z,BTC,538,72,7,0.16,0.175,0.2,0.0142,0.2661,64675.51,0
2026-08-19T02:05:00Z,ETH,412,40,3,0.1,0.115,0.13,0.0063,0.4129,1917.54,0
2026-08-19T02:06:00Z,BTC,538,72,7,0.16,0.18,0.2,0.0142,0.2661,64688.53,0
2026-08-19T02:06:00Z,ETH,412,40,3,0.11,0.125,0.14,0.0063,0.4129,1917.85,0
2026-08-19T02:08:00Z,BTC,538,72,7,0.16,0.18,0.2,0.0142,0.2658,64665.24,0
2026-08-19T02:08:00Z,ETH,412,40,3,0.11,0.12,0.13,0.0063,0.4129,1917.37,0
2026-08-19T02:09:00Z,BTC,538,72,7,0.16,0.18,0.2,0.0142,0.2662,64664.27,0
2026-08-19T02:09:00Z,ETH,412,40,3,0.1,0.12,0.14,0.0063,0.4129,1917.09,0
2026-08-19T02:10:00Z,BTC,538,72,7,0.16,0.185,0.2,0.0142,0.2664,64670.11,0
2026-08-19T02:10:00Z,ETH,412,40,3,0.13,0.16,0.19,0.0095,0.4129,1917.7,0
2026-08-19T02:11:00Z,BTC,538,72,7,0.16,0.185,0.2,0.0142,0.2664,64669.46,0
2026-08-19T02:11:00Z,ETH,412,40,3,0.13,0.165,0.2,0.0096,0.4129,1918.0,0
2026-08-19T02:12:00Z,BTC,538,72,7,0.16,0.185,0.2,0.014,0.2665,64703.45,0
2026-08-19T02:12:00Z,ETH,412,40,3,0.1,0.115,0.13,0.0063,0.4129,1919.04,0
2026-08-19T02:13:00Z,BTC,538,72,7,0.16,0.175,0.2,0.014,0.2661,64705.99,0
2026-08-19T02:13:00Z,ETH,412,40,3,0.1,0.115,0.13,0.0063,0.4129,1918.7,0
2026-08-19T02:14:00Z,BTC,538,72,7,0.16,0.185,0.21,0.014,0.2661,64705.56,0
2026-08-19T02:14:00Z,ETH,412,40,3,0.11,0.125,0.14,0.0063,0.4129,1918.68,0
2026-08-19T02:15:00Z,BTC,538,72,7,0.16,0.18,0.2,0.014,0.2667,64687.34,0
2026-08-19T02:15:00Z,ETH,412,40,3,0.1,0.12,0.14,0.0063,0.4129,1917.54,0
2026-08-19T02:16:00Z,BTC,538,72,7,0.16,0.18,0.2,0.0142,0.2667,64689.42,0
2026-08-19T02:16:00Z,ETH,412,40,3,0.1,0.115,0.13,0.0063,0.4129,1917.63,0
2026-08-19T02:17:00Z,BTC,538,72,7,0.16,0.18,0.2,0.0142,0.2667,64677.37,0
2026-08-19T02:17:00Z,ETH,412,40,3,0.1,0.115,0.13,0.0064,0.4129,1916.98,0
2026-08-19T02:18:00Z,BTC,538,72,7,0.16,0.18,0.2,0.0142,0.2669,64667.81,0
2026-08-19T02:18:00Z,ETH,412,40,2,0.12,0.125,0.13,0.0079,0.4129,1915.68,0
2026-08-19T02:19:00Z,BTC,538,72,7,0.16,0.18,0.2,0.0142,0.2664,64664.57,0
2026-08-19T02:19:00Z,ETH,412,40,2,0.12,0.125,0.13,0.0078,0.4129,1915.1,0
2026-08-19T02:20:00Z,BTC,538,72,6,0.175,0.18,0.21,0.0145,0.2664,64656.6,0
2026-08-19T02:20:00Z,ETH,412,40,2,0.125,0.1325,0.14,0.0078,0.4129,1913.48,0
2026-08-19T02:21:00Z,BTC,538,72,6,0.165,0.1775,0.21,0.0145,0.2664,64663.92,0
2026-08-19T02:21:00Z,ETH,412,40,2,0.12,0.125,0.13,0.0078,0.4129,1913.82,0
2026-08-19T02:22:00Z,BTC,538,72,7,0.17,0.175,0.2,0.0142,0.2668,64687.11,0
2026-08-19T02:22:00Z,ETH,412,40,2,0.125,0.1325,0.14,0.008,0.4129,1915.35,0
2026-08-19T02:23:00Z,BTC,538,72,7,0.16,0.185,0.2,0.0142,0.2665,64691.54,0
2026-08-19T02:23:00Z,ETH,412,40,3,0.11,0.12,0.13,0.0066,0.4129,1915.74,0
2026-08-19T02:25:00Z,BTC,538,72,7,0.16,0.18,0.2,0.0142,0.2663,64694.81,0
2026-08-19T02:25:00Z,ETH,412,40,3,0.1,0.12,0.14,0.0065,0.4129,1915.8,0
2026-08-19T02:26:00Z,BTC,538,72,7,0.16,0.175,0.2,0.014,0.2661,64715.83,0
2026-08-19T02:26:00Z,ETH,412,40,3,0.11,0.125,0.14,0.0065,0.4129,1916.36,0
2026-08-19T02:28:00Z,BTC,538,72,7,0.16,0.185,0.2,0.0142,0.2664,64692.36,0
2026-08-19T02:28:00Z,ETH,412,40,3,0.1,0.115,0.13,0.0065,0.4129,1915.75,0
2026-08-19T02:29:00Z,BTC,538,72,7,0.18,0.195,0.29,0.0148,0.2658,64685.75,0
2026-08-19T02:29:00Z,ETH,412,40,3,0.13,0.165,0.2,0.0093,0.4129,1915.92,0
2026-08-19T02:30:00Z,BTC,538,72,7,0.16,0.185,0.2,0.014,0.2662,64706.47,0
2026-08-19T02:30:00Z,ETH,412,40,3,0.13,0.16,0.19,0.0093,0.4129,1915.91,0
2026-08-19T02:31:00Z,BTC,538,72,7,0.16,0.185,0.2,0.014,0.2662,64706.81,0
2026-08-19T02:31:00Z,ETH,412,40,3,0.11,0.12,0.13,0.0065,0.4129,1916.02,0
2026-08-19T02:32:00Z,BTC,538,72,7,0.16,0.185,0.2,0.0142,0.2668,64686.3,0
2026-08-19T02:32:00Z,ETH,412,40,2,0.115,0.1225,0.13,0.0079,0.4129,1915.26,0
2026-08-19T02:33:00Z,BTC,538,72,7,0.16,0.185,0.21,0.0142,0.2668,64685.15,0
2026-08-19T02:33:00Z,ETH,412,40,2,0.125,0.1325,0.14,0.0079,0.4129,1915.14,0
2026-08-19T02:34:00Z,BTC,538,72,7,0.16,0.185,0.2,0.0142,0.266,64675.34,0
2026-08-19T02:34:00Z,ETH,412,40,2,0.115,0.1225,0.13,0.0078,0.4129,1914.21,0
2026-08-19T02:35:00Z,BTC,538,72,7,0.16,0.18,0.2,0.0142,0.266,64680.27,0
2026-08-19T02:35:00Z,ETH,412,40,2,0.12,0.125,0.13,0.0078,0.4129,1914.25,0
2026-08-19T02:36:00Z,BTC,538,72,7,0.16,0.18,0.2,0.014,0.2664,64711.59,0
2026-08-19T02:36:00Z,ETH,412,40,2,0.12,0.125,0.13,0.0079,0.4129,1915.22,0
2026-08-19T02:37:00Z,BTC,538,72,7,0.16,0.185,0.21,0.014,0.2661,64715.48,0
2026-08-19T02:37:00Z,ETH,412,40,3,0.11,0.12,0.13,0.0066,0.4129,1915.85,0
2026-08-19T02:39:00Z,BTC,538,72,7,0.16,0.175,0.2,0.014,0.2664,64709.75,0
2026-08-19T02:39:00Z,ETH,412,40,2,0.12,0.125,0.13,0.0079,0.4129,1915.15,0
2026-08-19T02:40:00Z,ETH,178,40,2,0.125,0.1325,0.14,0.008,0.4129,1915.27,0
2026-08-19T02:41:00Z,BTC,538,72,7,0.16,0.18,0.2,0.0142,0.266,64688.53,0
2026-08-19T02:41:00Z,ETH,412,40,2,0.12,0.125,0.13,0.0079,0.4129,1914.48,0
2026-08-19T02:42:00Z,BTC,538,72,7,0.16,0.185,0.2,0.0142,0.2661,64685.38,0
2026-08-19T02:42:00Z,ETH,412,40,2,0.12,0.125,0.13,0.0079,0.4129,1915.07,0
2026-08-19T02:43:00Z,BTC,538,72,7,0.16,0.185,0.2,0.0142,0.2665,64692.24,0
2026-08-19T02:43:00Z,ETH,412,40,2,0.12,0.125,0.13,0.0079,0.4129,1914.71,0
2026-08-19T02:44:00Z,BTC,538,72,7,0.16,0.18,0.2,0.0142,0.2665,64690.19,0
2026-08-19T02:44:00Z,ETH,412,40,2,0.12,0.125,0.13,0.0079,0.4129,1914.69,0
2026-08-19T02:45:00Z,BTC,538,72,7,0.16,0.18,0.2,0.0142,0.2666,64692.07,0
2026-08-19T02:45:00Z,ETH,412,40,2,0.12,0.125,0.13,0.0079,0.4129,1914.64,0
2026-08-19T02:46:00Z,BTC,538,72,7,0.16,0.18,0.2,0.014,0.2666,64714.34,0
2026-08-19T02:46:00Z,ETH,412,40,3,0.13,0.16,0.19,0.0094,0.4129,1915.53,0
2026-08-19T02:48:00Z,BTC,538,72,7,0.16,0.18,0.2,0.0142,0.2671,64685.37,0
2026-08-19T02:48:00Z,ETH,412,40,2,0.115,0.1225,0.13,0.0079,0.4129,1915.52,0
2026-08-19T02:49:00Z,BTC,538,72,7,0.16,0.185,0.2,0.0142,0.2672,64676.08,0
2026-08-19T02:49:00Z,ETH,412,40,2,0.12,0.125,0.13,0.0079,0.4129,1914.8,0
2026-08-19T02:51:00Z,BTC,538,72,7,0.16,0.18,0.2,0.0142,0.2673,64676.27,0
2026-08-19T02:51:00Z,ETH,412,40,2,0.12,0.125,0.13,0.0079,0.4129,1914.59,0
2026-08-19T02:52:00Z,BTC,538,72,7,0.16,0.18,0.2,0.0144,0.267,64658.41,0
2026-08-19T02:52:00Z,ETH,412,40,2,0.12,0.125,0.13,0.0079,0.4129,1913.75,0
2026-08-19T02:53:00Z,BTC,538,72,7,0.16,0.18,0.2,0.0144,0.267,64658.42,0
2026-08-19T02:53:00Z,ETH,412,40,2,0.12,0.125,0.13,0.0079,0.4129,1913.78,0
2026-08-19T02:55:00Z,BTC,538,72,7,0.16,0.18,0.2,0.0144,0.2667,64670.41,0
2026-08-19T02:55:00Z,ETH,412,40,2,0.125,0.1325,0.14,0.0079,0.4129,1914.1,0
2026-08-19T02:57:00Z,BTC,538,72,7,0.17,0.18,0.2,0.0144,0.267,64664.64,0
2026-08-19T02:57:00Z,ETH,412,40,2,0.125,0.1325,0.14,0.0079,0.4129,1913.88,0
2026-08-19T02:58:00Z,BTC,538,72,6,0.17,0.18,0.2,0.0146,0.2679,64658.2,0
2026-08-19T02:58:00Z,ETH,412,40,2,0.12,0.125,0.13,0.0079,0.4129,1913.65,0
2026-08-19T03:00:00Z,BTC,538,72,6,0.165,0.185,0.2,0.0146,0.2682,64650.98,0
2026-08-19T03:00:00Z,ETH,412,40,2,0.12,0.125,0.13,0.0079,0.4129,1913.7,0
2026-08-19T03:01:00Z,BTC,538,72,6,0.165,0.1775,0.2,0.0146,0.2684,64651.07,0
2026-08-19T03:01:00Z,ETH,412,40,2,0.125,0.1325,0.14,0.0079,0.4129,1913.96,0
2026-08-19T03:03:00Z,BTC,538,72,7,0.16,0.18,0.21,0.0144,0.2675,64657.1,0
2026-08-19T03:03:00Z,ETH,412,40,2,0.115,0.1225,0.13,0.0079,0.4129,1914.61,0
2026-08-19T03:04:00Z,BTC,538,72,7,0.16,0.185,0.2,0.0144,0.2666,64664.66,0
2026-08-19T03:04:00Z,ETH,412,40,2,0.12,0.125,0.13,0.0079,0.4129,1915.12,0
2026-08-19T03:37:00Z,BTC,538,72,6,0.165,0.185,0.2,0.0147,0.2655,64644.81,0
2026-08-19T03:37:00Z,ETH,412,40,3,0.14,0.165,0.19,0.0093,0.4129,1916.42,0
2026-08-19T03:38:00Z,BTC,538,72,6,0.175,0.1875,0.2,0.0147,0.2649,64644.06,0
2026-08-19T03:38:00Z,ETH,412,40,3,0.1,0.115,0.13,0.0065,0.4129,1916.61,0
2026-08-19T03:39:00Z,BTC,538,72,6,0.165,0.185,0.2,0.0147,0.2649,64641.55,0
2026-08-19T03:39:00Z,ETH,412,40,3,0.11,0.125,0.14,0.0065,0.4129,1916.61,0
2026-08-19T03:40:00Z,BTC,538,72,6,0.17,0.1875,0.2,0.0147,0.2653,64638.95,0
2026-08-19T03:40:00Z,ETH,412,40,3,0.1,0.115,0.13,0.0065,0.4129,1917.05,0
2026-08-19T03:41:00Z,BTC,538,72,7,0.16,0.185,0.2,0.0146,0.2654,64646.4,0
2026-08-19T03:41:00Z,ETH,412,40,3,0.1,0.12,0.14,0.0064,0.4129,1917.45,0
2026-08-19T03:42:00Z,BTC,538,72,7,0.16,0.185,0.2,0.0146,0.2652,64657.44,0
2026-08-19T03:42:00Z,ETH,412,40,3,0.11,0.125,0.14,0.0064,0.4129,1917.95,0
2026-08-19T03:43:00Z,BTC,538,72,7,0.17,0.185,0.2,0.0146,0.2649,64648.59,0
2026-08-19T03:43:00Z,ETH,412,40,3,0.11,0.125,0.14,0.0064,0.4129,1917.65,0
2026-08-19T03:44:00Z,BTC,538,72,7,0.16,0.185,0.2,0.0146,0.2649,64646.72,0
2026-08-19T03:44:00Z,ETH,412,40,3,0.11,0.12,0.13,0.0064,0.4129,1917.41,0
2026-08-19T03:45:00Z,BTC,538,72,6,0.17,0.1775,0.2,0.0147,0.2653,64642.09,0
2026-08-19T03:45:00Z,ETH,412,40,3,0.11,0.12,0.13,0.0065,0.4129,1916.74,0
2026-08-19T03:46:00Z,BTC,538,72,7,0.16,0.185,0.2,0.0146,0.2643,64662.16,0
2026-08-19T03:46:00Z,ETH,412,40,3,0.14,0.165,0.19,0.0095,0.4129,1917.61,0
2026-08-19T03:47:00Z,BTC,538,72,7,0.16,0.18,0.2,0.0146,0.2641,64665.03,0
2026-08-19T03:47:00Z,ETH,412,40,3,0.11,0.125,0.14,0.0064,0.4129,1917.61,0
2026-08-19T03:48:00Z,BTC,538,72,7,0.16,0.185,0.2,0.0146,0.2646,64646.57,0
2026-08-19T03:48:00Z,ETH,412,40,3,0.11,0.12,0.13,0.0064,0.4129,1917.23,0
2026-08-19T03:49:00Z,BTC,538,72,7,0.16,0.18,0.2,0.0144,0.2646,64664.44,0
2026-08-19T03:49:00Z,ETH,412,40,3,0.1,0.12,0.14,0.0063,0.4129,1918.26,0
2026-08-19T03:50:00Z,BTC,538,72,7,0.16,0.185,0.2,0.0144,0.2644,64680.87,0
2026-08-19T03:50:00Z,ETH,412,40,3,0.11,0.125,0.14,0.0063,0.4129,1919.25,0
2026-08-19T03:51:00Z,BTC,538,72,7,0.17,0.18,0.2,0.0144,0.2644,64674.7,0
2026-08-19T03:51:00Z,ETH,412,40,3,0.1,0.12,0.14,0.0063,0.4129,1919.34,0
2026-08-19T03:52:00Z,BTC,538,72,7,0.16,0.185,0.2,0.0146,0.2647,64654.67,0
2026-08-19T03:52:00Z,ETH,412,40,3,0.13,0.21,0.29,0.0096,0.4129,1918.62,0
2026-08-19T03:53:00Z,BTC,538,72,7,0.17,0.18,0.2,0.0146,0.2648,64658.07,0
2026-08-19T03:53:00Z,ETH,412,40,3,0.1,0.12,0.14,0.0064,0.4129,1918.19,0
2026-08-19T03:54:00Z,BTC,538,72,7,0.16,0.185,0.2,0.0146,0.2647,64643.63,0
2026-08-19T03:54:00Z,ETH,412,40,3,0.1,0.115,0.13,0.0064,0.4129,1917.64,0
2026-08-19T03:55:00Z,BTC,538,72,6,0.165,0.185,0.2,0.0147,0.2664,64631.51,0
2026-08-19T03:55:00Z,ETH,412,40,3,0.1,0.115,0.13,0.0064,0.4129,1917.86,0
2026-08-19T03:56:00Z,BTC,538,72,6,0.165,0.185,0.2,0.0147,0.2662,64641.13,0
2026-08-19T03:56:00Z,ETH,412,40,3,0.1,0.12,0.14,0.0064,0.4129,1918.32,0
2026-08-19T03:57:00Z,BTC,538,72,6,0.17,0.1875,0.2,0.0147,0.2666,64636.46,0
2026-08-19T03:57:00Z,ETH,412,40,3,0.11,0.12,0.13,0.0064,0.4129,1918.11,0
2026-08-19T03:58:00Z,BTC,538,72,6,0.17,0.185,0.2,0.0147,0.2664,64634.38,0
2026-08-19T03:58:00Z,ETH,412,40,3,0.11,0.12,0.13,0.0064,0.4129,1917.87,0
2026-08-19T03:59:00Z,BTC,538,72,6,0.165,0.185,0.2,0.0148,0.2664,64628.07,0
2026-08-19T03:59:00Z,ETH,412,40,3,0.1,0.12,0.14,0.0064,0.4129,1917.53,0
2026-08-19T04:00:00Z,BTC,538,72,6,0.165,0.185,0.2,0.0148,0.2659,64625.98,0
2026-08-19T04:00:00Z,ETH,412,40,3,0.1,0.12,0.14,0.0065,0.4129,1917.49,0
2026-08-19T04:01:00Z,BTC,538,72,6,0.175,0.1875,0.2,0.0148,0.2661,64630.11,0
2026-08-19T04:01:00Z,ETH,412,40,3,0.14,0.17,0.2,0.0095,0.4129,1917.46,0
2026-08-19T04:02:00Z,BTC,538,72,6,0.17,0.1875,0.2,0.0148,0.2658,64624.52,0
2026-08-19T04:02:00Z,ETH,412,40,3,0.11,0.125,0.14,0.0065,0.4129,1916.99,0
2026-08-19T04:03:00Z,BTC,538,72,6,0.17,0.185,0.2,0.0148,0.2663,64609.3,0
2026-08-19T04:03:00Z,ETH,412,40,3,0.14,0.165,0.19,0.0095,0.4129,1916.52,0
2026-08-19T04:04:00Z,BTC,538,72,6,0.17,0.1875,0.2,0.0149,0.2658,64600.46,0
2026-08-19T04:04:00Z,ETH,412,40,3,0.13,0.215,0.3,0.0095,0.4129,1916.44,0
2026-08-19T04:05:00Z,BTC,538,72,6,0.17,0.185,0.2,0.0149,0.2656,64607.77,0
2026-08-19T04:05:00Z,ETH,412,40,3,0.11,0.125,0.14,0.0065,0.4129,1916.39,0
2026-08-19T04:06:00Z,BTC,538,72,6,0.165,0.185,0.2,0.0149,0.2653,64598.59,0
2026-08-19T04:06:00Z,ETH,412,40,3,0.11,0.125,0.14,0.0066,0.4129,1915.84,0
2026-08-19T04:07:00Z,BTC,538,72,6,0.175,0.1875,0.2,0.0149,0.2652,64600.63,0
2026-08-19T04:07:00Z,ETH,412,40,3,0.1,0.12,0.14,0.0066,0.4129,1916.13,0
2026-08-19T04:08:00Z,BTC,538,72,6,0.175,0.1875,0.2,0.0149,0.2656,64600.52,0
2026-08-19T04:08:00Z,ETH,412,40,3,0.11,0.125,0.14,0.0066,0.4129,1916.05,0
2026-08-19T04:09:00Z,BTC,538,72,6,0.17,0.185,0.21,0.0149,0.2656,64601.06,0
2026-08-19T04:09:00Z,ETH,412,40,3,0.11,0.125,0.14,0.0066,0.4129,1916.13,0
2026-08-19T04:10:00Z,BTC,538,72,6,0.17,0.1875,0.2,0.0148,0.266,64626.22,0
2026-08-19T04:10:00Z,ETH,412,40,3,0.11,0.125,0.14,0.0065,0.4129,1916.68,0
2026-08-19T04:11:00Z,BTC,538,72,6,0.17,0.1875,0.2,0.0148,0.2656,64627.8,0
2026-08-19T04:11:00Z,ETH,412,40,3,0.11,0.125,0.14,0.0065,0.4129,1916.52,0
2026-08-19T04:12:00Z,BTC,538,72,6,0.17,0.185,0.2,0.0148,0.2655,64628.83,0
2026-08-19T04:12:00Z,ETH,412,40,3,0.11,0.125,0.14,0.0065,0.4129,1916.62,0
2026-08-19T04:13:00Z,BTC,538,72,6,0.17,0.1875,0.2,0.0149,0.2653,64618.11,0
2026-08-19T04:13:00Z,ETH,412,40,3,0.11,0.12,0.13,0.0066,0.4129,1916.31,0
2026-08-19T04:14:00Z,BTC,538,72,6,0.165,0.185,0.2,0.0149,0.2654,64617.07,0
2026-08-19T04:14:00Z,ETH,412,40,3,0.11,0.12,0.13,0.0066,0.4129,1916.42,0
2026-08-19T04:15:00Z,BTC,538,72,7,0.16,0.185,0.2,0.0148,0.2657,64643.16,0
2026-08-19T04:15:00Z,ETH,412,40,3,0.1,0.12,0.14,0.0065,0.4129,1917.45,0
2026-08-19T04:16:00Z,BTC,538,72,7,0.16,0.185,0.21,0.0148,0.2646,64650.6,0
2026-08-19T04:16:00Z,ETH,412,40,3,0.11,0.125,0.14,0.0064,0.4129,1917.76,0
2026-08-19T04:17:00Z,BTC,538,72,7,0.16,0.18,0.21,0.0148,0.2661,64647.05,0
2026-08-19T04:17:00Z,ETH,412,40,3,0.11,0.125,0.14,0.0065,0.4129,1917.3,0
2026-08-19T04:18:00Z,BTC,538,72,6,0.165,0.185,0.2,0.0148,0.2666,64648.1,0
2026-08-19T04:18:00Z,ETH,412,40,3,0.11,0.12,0.13,0.0065,0.4129,1917.4,0
2026-08-19T04:19:00Z,BTC,538,72,7,0.16,0.18,0.2,0.0146,0.2657,64661.48,0
2026-08-19T04:19:00Z,ETH,412,40,3,0.1,0.115,0.13,0.0064,0.4129,1917.68,0
2026-08-19T04:20:00Z,BTC,538,72,7,0.16,0.185,0.2,0.0144,0.2655,64682.31,0
2026-08-19T04:20:00Z,ETH,412,40,3,0.1,0.115,0.13,0.0063,0.4129,1918.75,0
2026-08-19T04:21:00Z,BTC,538,72,7,0.16,0.185,0.21,0.0144,0.2655,64697.34,0
2026-08-19T04:21:00Z,ETH,412,40,3,0.11,0.125,0.14,0.0063,0.4129,1919.25,0
2026-08-19T04:22:00Z,BTC,538,72,7,0.17,0.18,0.2,0.0146,0.2652,64672.76,0
2026-08-19T04:22:00Z,ETH,412,40,3,0.1,0.115,0.13,0.0063,0.4129,1918.72,0
2026-08-19T04:23:00Z,BTC,538,72,7,0.17,0.185,0.21,0.0146,0.2656,64673.19,0
2026-08-19T04:23:00Z,ETH,412,40,3,0.13,0.165,0.2,0.0096,0.4129,1918.65,0
2026-08-19T04:24:00Z,BTC,538,72,7,0.16,0.185,0.21,0.0144,0.2657,64678.93,0
2026-08-19T04:24:00Z,ETH,412,40,3,0.11,0.125,0.14,0.0063,0.4129,1918.6,0
2026-08-19T04:25:00Z,BTC,538,72,7,0.17,0.185,0.2,0.0144,0.2654,64676.5,0
2026-08-19T04:25:00Z,ETH,412,40,3,0.1,0.12,0.14,0.0063,0.4129,1918.6,0
2026-08-19T04:26:00Z,BTC,538,72,7,0.17,0.18,0.2,0.0144,0.2656,64675.07,0
2026-08-19T04:26:00Z,ETH,412,40,3,0.11,0.125,0.14,0.0063,0.4129,1918.52,0
2026-08-19T04:27:00Z,BTC,538,72,7,0.17,0.18,0.21,0.0144,0.2656,64673.59,0
2026-08-19T04:27:00Z,ETH,412,40,3,0.1,0.115,0.13,0.0063,0.4129,1918.37,0
2026-08-19T04:28:00Z,BTC,538,72,7,0.16,0.18,0.2,0.0146,0.2651,64660.01,0
2026-08-19T04:28:00Z,ETH,412,40,3,0.1,0.185,0.27,0.0064,0.4129,1917.81,0
2026-08-19T04:29:00Z,BTC,538,72,7,0.16,0.185,0.2,0.0146,0.2655,64659.17,0
2026-08-19T04:29:00Z,ETH,412,40,3,0.11,0.195,0.28,0.0064,0.4129,1917.87,0
2026-08-19T04:30:00Z,BTC,538,72,7,0.17,0.18,0.21,0.0146,0.2657,64647.54,0
2026-08-19T04:30:00Z,ETH,412,40,3,0.21,0.25,0.29,0.0127,0.4129,1917.64,0
2026-08-19T04:31:00Z,BTC,538,72,6,0.17,0.185,0.2,0.0148,0.2674,64627.83,0
2026-08-19T04:31:00Z,ETH,412,40,3,0.27,0.285,0.3,0.0145,0.4129,1916.78,0
2026-08-19T04:32:00Z,BTC,538,72,6,0.17,0.185,0.2,0.0148,0.2666,64631.84,0
2026-08-19T04:32:00Z,ETH,412,40,3,0.11,0.19,0.27,0.0064,0.4129,1917.11,0
2026-08-19T04:33:00Z,BTC,538,72,6,0.175,0.1875,0.2,0.0148,0.2669,64635.85,0
2026-08-19T04:33:00Z,ETH,412,40,3,0.11,0.12,0.13,0.0064,0.4129,1917.17,0
2026-08-19T04:34:00Z,BTC,538,72,7,0.16,0.18,0.2,0.0146,0.2652,64658.08,0
2026-08-19T04:34:00Z,ETH,412,40,3,0.11,0.12,0.13,0.0063,0.4129,1918.79,0
2026-08-19T04:35:00Z,BTC,538,72,7,0.17,0.18,0.2,0.0146,0.2654,64676.46,0
2026-08-19T04:35:00Z,ETH,412,40,3,0.13,0.165,0.2,0.0097,0.4129,1920.1,0
2026-08-19T04:36:00Z,BTC,538,72,7,0.17,0.185,0.2,0.0146,0.2661,64659.98,0
2026-08-19T04:36:00Z,ETH,412,40,3,0.11,0.125,0.14,0.0062,0.4129,1919.1,0
2026-08-19T04:37:00Z,BTC,538,72,7,0.16,0.185,0.2,0.0146,0.2665,64656.09,0
2026-08-19T04:37:00Z,ETH,412,40,3,0.11,0.125,0.14,0.0062,0.4129,1918.74,0
2026-08-19T04:38:00Z,BTC,538,72,7,0.16,0.185,0.2,0.0146,0.2656,64646.11,0
2026-08-19T04:38:00Z,ETH,412,40,3,0.14,0.175,0.21,0.0094,0.4129,1917.16,0
2026-08-19T04:39:00Z,BTC,538,72,7,0.16,0.18,0.2,0.0146,0.265,64646.86,0
2026-08-19T04:39:00Z,ETH,412,40,3,0.14,0.17,0.2,0.0095,0.4129,1917.92,0
2026-08-19T04:40:00Z,BTC,538,72,7,0.16,0.185,0.21,0.0146,0.2649,64648.59,0
2026-08-19T04:40:00Z,ETH,412,40,3,0.11,0.125,0.14,0.0063,0.4129,1918.17,0
2026-08-19T04:41:00Z,BTC,538,72,7,0.16,0.175,0.2,0.0146,0.265,64648.56,0
2026-08-19T04:41:00Z,ETH,412,40,3,0.2,0.205,0.21,0.0098,0.4129,1917.61,0
2026-08-19T04:42:00Z,BTC,538,72,6,0.165,0.185,0.2,0.0148,0.2669,64648.88,0
2026-08-19T04:42:00Z,ETH,412,40,3,0.13,0.175,0.22,0.0094,0.4129,1917.55,0
2026-08-19T04:43:00Z,BTC,538,72,7,0.17,0.185,0.2,0.0148,0.2659,64648.0,0
2026-08-19T04:43:00Z,ETH,412,40,3,0.11,0.125,0.14,0.0064,0.4129,1917.23,0
2026-08-19T04:44:00Z,BTC,538,72,7,0.16,0.185,0.21,0.0148,0.2659,64646.0,0
2026-08-19T04:44:00Z,ETH,412,40,3,0.13,0.165,0.2,0.0094,0.4129,1917.03,0
2026-08-19T04:45:00Z,BTC,538,72,7,0.16,0.185,0.2,0.0148,0.2637,64667.99,0
2026-08-19T04:45:00Z,ETH,412,40,3,0.11,0.12,0.13,0.0064,0.4129,1918.05,0
2026-08-19T04:46:00Z,BTC,538,72,7,0.16,0.185,0.2,0.0148,0.2637,64674.7,0
2026-08-19T04:46:00Z,ETH,412,40,3,0.11,0.125,0.14,0.0064,0.4129,1918.06,0
2026-08-19T04:47:00Z,BTC,538,72,7,0.16,0.185,0.21,0.0148,0.2642,64667.38,0
2026-08-19T04:47:00Z,ETH,412,40,3,0.1,0.115,0.13,0.0065,0.4129,1917.5,0
2026-08-19T04:48:00Z,BTC,538,72,7,0.16,0.185,0.21,0.0148,0.2644,64661.63,0
2026-08-19T04:48:00Z,ETH,412,40,3,0.14,0.17,0.2,0.0095,0.4129,1917.23,0
2026-08-19T04:49:00Z,BTC,538,72,7,0.16,0.18,0.2,0.0148,0.2661,64649.05,0
2026-08-19T04:49:00Z,ETH,412,40,3,0.13,0.165,0.2,0.0094,0.4129,1916.71,0
2026-08-19T04:50:00Z,BTC,538,72,6,0.17,0.1875,0.2,0.0149,0.266,64635.46,0
2026-08-19T04:50:00Z,ETH,412,40,3,0.11,0.12,0.13,0.0065,0.4129,1916.29,0
2026-08-19T04:51:00Z,BTC,538,72,6,0.17,0.1875,0.2,0.015,0.2657,64630.51,0
2026-08-19T04:51:00Z,ETH,412,40,3,0.13,0.21,0.29,0.0093,0.4129,1915.81,0
2026-08-19T04:52:00Z,BTC,538,72,7,0.16,0.185,0.2,0.015,0.2651,64641.22,0
2026-08-19T04:52:00Z,ETH,412,40,3,0.14,0.17,0.2,0.0094,0.4129,1916.72,0
2026-08-19T04:53:00Z,BTC,538,72,7,0.16,0.185,0.21,0.015,0.2651,64640.89,0
2026-08-19T04:53:00Z,ETH,412,40,3,0.13,0.165,0.2,0.0094,0.4129,1916.19,0
2026-08-19T04:54:00Z,BTC,538,72,6,0.165,0.185,0.21,0.015,0.2653,64630.05,0
2026-08-19T04:54:00Z,ETH,412,40,3,0.14,0.22,0.3,0.0094,0.4129,1916.22,0
2026-08-19T04:55:00Z,BTC,538,72,6,0.175,0.195,0.2,0.015,0.2649,64609.68,0
2026-08-19T04:55:00Z,ETH,412,40,3,0.14,0.17,0.2,0.0093,0.4129,1915.6,0
2026-08-19T04:56:00Z,BTC,538,72,6,0.17,0.185,0.2,0.015,0.2654,64607.62,0
2026-08-19T04:56:00Z,ETH,412,40,3,0.19,0.23,0.27,0.0097,0.4129,1915.6,0
2026-08-19T04:57:00Z,BTC,538,72,6,0.17,0.185,0.2,0.015,0.2647,64617.34,0
2026-08-19T04:57:00Z,ETH,412,40,3,0.14,0.17,0.2,0.0093,0.4129,1916.05,0
2026-08-19T04:58:00Z,BTC,538,72,6,0.17,0.1875,0.2,0.015,0.2649,64623.3,0
2026-08-19T04:58:00Z,ETH,412,40,3,0.13,0.16,0.19,0.0093,0.4129,1916.23,0
2026-08-19T04:59:00Z,BTC,538,72,6,0.165,0.185,0.2,0.015,0.2649,64624.31,0
2026-08-19T04:59:00Z,ETH,412,40,3,0.14,0.165,0.19,0.0093,0.4129,1916.26,0
2026-08-19T05:00:00Z,BTC,538,72,6,0.17,0.185,0.2,0.015,0.2649,64620.8,0
2026-08-19T05:00:00Z,ETH,412,40,3,0.13,0.215,0.3,0.0093,0.4129,1915.88,0
2026-08-19T05:01:00Z,BTC,538,72,6,0.175,0.1875,0.2,0.015,0.2649,64624.1,0
2026-08-19T05:01:00Z,ETH,412,40,3,0.14,0.17,0.2,0.0093,0.4129,1916.54,0
2026-08-19T05:02:00Z,BTC,538,72,6,0.175,0.195,0.21,0.015,0.2646,64635.09,0
2026-08-19T05:02:00Z,ETH,412,40,3,0.14,0.27,0.4,0.0093,0.4129,1916.87,0
2026-08-19T05:03:00Z,BTC,538,72,7,0.16,0.185,0.21,0.0148,0.2651,64648.2,0
2026-08-19T05:03:00Z,ETH,412,40,3,0.14,0.165,0.19,0.0094,0.4129,1917.15,0
2026-08-19T05:04:00Z,BTC,538,72,7,0.17,0.185,0.2,0.015,0.263,64658.26,0
2026-08-19T05:04:00Z,ETH,412,40,3,0.11,0.125,0.14,0.0064,0.4129,1917.46,0
2026-08-19T05:05:00Z,BTC,538,72,7,0.16,0.185,0.21,0.0148,0.2629,64683.88,0
2026-08-19T05:05:00Z,ETH,412,40,3,0.14,0.215,0.29,0.0096,0.4129,1918.23,0
2026-08-19T05:06:00Z,BTC,538,72,7,0.16,0.185,0.21,0.0148,0.2628,64659.55,0
2026-08-19T05:06:00Z,ETH,412,40,3,0.11,0.12,0.13,0.0064,0.4129,1917.56,0
2026-08-19T05:07:00Z,BTC,538,72,7,0.17,0.185,0.2,0.0148,0.2633,64668.06,0
2026-08-19T05:07:00Z,ETH,412,40,3,0.14,0.17,0.2,0.0096,0.4129,1918.02,0
2026-08-19T05:08:00Z,BTC,538,72,7,0.16,0.18,0.2,0.0148,0.2633,64678.26,0
2026-08-19T05:08:00Z,ETH,412,40,3,0.11,0.12,0.13,0.0064,0.4129,1918.08,0
2026-08-19T05:09:00Z,BTC,538,72,7,0.16,0.185,0.2,0.0148,0.2628,64690.63,0
2026-08-19T05:09:00Z,ETH,412,40,3,0.13,0.215,0.3,0.0096,0.4129,1918.27,0
2026-08-19T05:10:00Z,BTC,538,72,7,0.17,0.18,0.2,0.0148,0.2634,64702.85,0
2026-08-19T05:10:00Z,ETH,412,40,3,0.11,0.125,0.14,0.0063,0.4129,1918.42,0
2026-08-19T05:11:00Z,BTC,538,72,7,0.16,0.185,0.21,0.0146,0.2627,64718.83,0
2026-08-19T05:11:00Z,ETH,412,40,3,0.14,0.22,0.3,0.0097,0.4129,1918.89,0
2026-08-19T05:12:00Z,BTC,538,72,7,0.16,0.18,0.21,0.0146,0.2626,64716.62,0
2026-08-19T05:12:00Z,ETH,412,40,3,0.14,0.17,0.2,0.0096,0.4129,1918.89,0
2026-08-19T05:13:00Z,BTC,538,72,7,0.16,0.18,0.21,0.0146,0.2629,64710.39,0
2026-08-19T05:13:00Z,ETH,412,40,3,0.1,0.12,0.14,0.0063,0.4129,1919.18,0
2026-08-19T05:14:00Z,BTC,538,72,7,0.16,0.18,0.21,0.0146,0.2631,64708.59,0
2026-08-19T05:14:00Z,ETH,412,40,3,0.14,0.17,0.2,0.0096,0.4129,1918.8,0
2026-08-19T05:15:00Z,BTC,538,72,7,0.16,0.185,0.2,0.0146,0.2631,64691.05,0
2026-08-19T05:15:00Z,ETH,412,40,3,0.14,0.165,0.19,0.0096,0.4129,1918.47,0
2026-08-19T05:16:00Z,BTC,538,72,7,0.16,0.185,0.2,0.0146,0.2644,64686.0,0
2026-08-19T05:16:00Z,ETH,412,40,3,0.1,0.115,0.13,0.0063,0.4129,1918.25,0
2026-08-19T05:17:00Z,BTC,538,72,7,0.16,0.185,0.2,0.0146,0.2641,64687.33,0
2026-08-19T05:17:00Z,ETH,412,40,3,0.11,0.125,0.14,0.0063,0.4129,1918.48,0
2026-08-19T05:18:00Z,BTC,538,72,7,0.17,0.185,0.21,0.0146,0.2638,64657.77,0
2026-08-19T05:18:00Z,ETH,412,40,3,0.11,0.195,0.28,0.0064,0.4129,1917.55,0
2026-08-19T05:19:00Z,BTC,538,72,7,0.17,0.185,0.2,0.0148,0.2661,64645.82,0
2026-08-19T05:19:00Z,ETH,412,40,3,0.11,0.12,0.13,0.0064,0.4129,1917.22,0
2026-08-19T05:20:00Z,BTC,538,72,7,0.17,0.18,0.2,0.0148,0.266,64644.43,0
2026-08-19T05:20:00Z,ETH,412,40,3,0.13,0.215,0.3,0.0095,0.4129,1917.18,0
2026-08-19T05:21:00Z,BTC,538,72,7,0.17,0.185,0.2,0.0148,0.2638,64656.16,0
2026-08-19T05:21:00Z,ETH,412,40,3,0.1,0.12,0.14,0.0064,0.4129,1917.45,0
2026-08-19T05:22:00Z,BTC,538,72,6,0.17,0.1875,0.2,0.0149,0.2655,64634.54,0
2026-08-19T05:22:00Z,ETH,412,40,3,0.13,0.165,0.2,0.0094,0.4129,1916.83,0
2026-08-19T05:23:00Z,BTC,538,72,7,0.17,0.18,0.2,0.0148,0.2656,64635.53,0
2026-08-19T05:23:00Z,ETH,412,40,3,0.27,0.28,0.29,0.0147,0.4129,1917.23,0
2026-08-19T05:24:00Z,BTC,538,72,6,0.175,0.1875,0.2,0.0149,0.2656,64638.87,0
2026-08-19T05:24:00Z,ETH,412,40,3,0.13,0.165,0.2,0.0094,0.4129,1917.5,0
2026-08-19T05:25:00Z,BTC,538,72,7,0.16,0.18,0.21,0.0148,0.2657,64647.76,0
2026-08-19T05:25:00Z,ETH,412,40,3,0.14,0.215,0.29,0.0095,0.4129,1917.62,0
2026-08-19T05:26:00Z,BTC,538,72,7,0.16,0.185,0.21,0.0148,0.264,64669.61,0
2026-08-19T05:26:00Z,ETH,412,40,3,0.11,0.125,0.14,0.0063,0.4129,1918.57,0
2026-08-19T05:27:00Z,BTC,538,72,7,0.17,0.185,0.2,0.0148,0.264,64669.61,0
2026-08-19T05:27:00Z,ETH,412,40,3,0.13,0.16,0.19,0.0096,0.4129,1918.58,0
2026-08-19T05:28:00Z,BTC,538,72,7,0.16,0.185,0.2,0.0148,0.2633,64674.79,0
2026-08-19T05:28:00Z,ETH,412,40,3,0.2,0.24,0.28,0.0101,0.4129,1919.15,0
2026-08-19T05:29:00Z,BTC,538,72,7,0.17,0.18,0.21,0.0148,0.2635,64672.12,0
2026-08-19T05:29:00Z,ETH,412,40,3,0.14,0.17,0.2,0.0097,0.4129,1919.08,0
2026-08-19T05:30:00Z,BTC,538,72,7,0.17,0.18,0.2,0.0148,0.2631,64662.48,0
2026-08-19T05:30:00Z,ETH,412,40,3,0.1,0.12,0.14,0.0063,0.4129,1919.05,0
2026-08-19T05:31:00Z,BTC,538,72,7,0.16,0.185,0.21,0.0148,0.2658,64653.41,0
2026-08-19T05:31:00Z,ETH,412,40,3,0.14,0.17,0.2,0.0097,0.4129,1918.33,0
2026-08-19T05:32:00Z,BTC,538,72,7,0.16,0.185,0.2,0.0148,0.2642,64653.67,0
2026-08-19T05:32:00Z,ETH,412,40,3,0.14,0.165,0.19,0.0097,0.4129,1918.43,0
2026-08-19T05:33:00Z,BTC,538,72,7,0.16,0.185,0.2,0.0148,0.264,64656.34,0
2026-08-19T05:33:00Z,ETH,412,40,3,0.11,0.125,0.14,0.0063,0.4129,1918.54,0
2026-08-19T05:34:00Z,BTC,538,72,7,0.17,0.185,0.21,0.0148,0.2638,64655.34,0
2026-08-19T05:34:00Z,ETH,412,40,3,0.14,0.17,0.2,0.0097,0.4129,1918.39,0
2026-08-19T05:35:00Z,BTC,538,72,7,0.16,0.18,0.2,0.0148,0.266,64646.32,0
2026-08-19T05:35:00Z,ETH,412,40,3,0.13,0.165,0.2,0.0097,0.4129,1918.34,0
2026-08-19T05:36:00Z,BTC,538,72,6,0.165,0.185,0.21,0.0149,0.266,64637.17,0
2026-08-19T05:36:00Z,ETH,412,40,3,0.11,0.125,0.14,0.0064,0.4129,1918.0,0
2026-08-19T05:37:00Z,BTC,538,72,7,0.16,0.185,0.21,0.0148,0.2654,64637.51,0
2026-08-19T05:37:00Z,ETH,412,40,3,0.11,0.125,0.14,0.0064,0.4129,1917.95,0
2026-08-19T05:38:00Z,BTC,538,72,6,0.17,0.1875,0.2,0.015,0.2657,64634.52,0
2026-08-19T05:38:00Z,ETH,412,40,3,0.1,0.12,0.14,0.0064,0.4129,1918.01,0
2026-08-19T05:39:00Z,BTC,538,72,7,0.17,0.185,0.2,0.015,0.2656,64638.62,0
2026-08-19T05:39:00Z,ETH,412,40,3,0.11,0.12,0.13,0.0064,0.4129,1918.29,0
2026-08-19T05:40:00Z,BTC,538,72,7,0.17,0.18,0.2,0.015,0.2653,64646.96,0
2026-08-19T05:40:00Z,ETH,412,40,3,0.11,0.125,0.14,0.0064,0.4129,1918.44,0
2026-08-19T05:41:00Z,BTC,538,72,6,0.165,0.185,0.2,0.015,0.265,64630.36,0
2026-08-19T05:41:00Z,ETH,412,40,3,0.11,0.125,0.14,0.0064,0.4129,1918.13,0
2026-08-19T05:42:00Z,BTC,538,72,6,0.175,0.195,0.21,0.015,0.266,64623.27,0
2026-08-19T05:42:00Z,ETH,412,40,3,0.1,0.115,0.13,0.0064,0.4129,1917.79,0
2026-08-19T05:43:00Z,BTC,538,72,6,0.17,0.1875,0.2,0.015,0.2656,64623.92,0
2026-08-19T05:43:00Z,ETH,412,40,3,0.11,0.12,0.13,0.0064,0.4129,1917.64,0
2026-08-19T05:44:00Z,BTC,538,72,6,0.165,0.185,0.2,0.015,0.2656,64625.33,0
2026-08-19T05:44:00Z,ETH,412,40,3,0.11,0.125,0.14,0.0064,0.4129,1917.98,0
2026-08-19T05:45:00Z,BTC,538,72,6,0.175,0.195,0.2,0.015,0.2656,64617.87,0
2026-08-19T05:45:00Z,ETH,412,40,3,0.1,0.115,0.13,0.0064,0.4129,1917.56,0
2026-08-19T05:46:00Z,BTC,538,72,6,0.17,0.185,0.21,0.015,0.2657,64615.83,0
2026-08-19T05:46:00Z,ETH,412,40,3,0.11,0.125,0.14,0.0064,0.4129,1917.54,0
2026-08-19T05:47:00Z,BTC,538,72,6,0.17,0.1875,0.2,0.0152,0.2652,64604.84,0
2026-08-19T05:47:00Z,ETH,412,40,3,0.14,0.17,0.2,0.0094,0.4129,1917.01,0
2026-08-19T05:48:00Z,BTC,538,72,6,0.17,0.1875,0.2,0.0152,0.2651,64604.38,0
2026-08-19T05:48:00Z,ETH,412,40,3,0.11,0.125,0.14,0.0064,0.4129,1917.17,0
2026-08-19T05:49:00Z,BTC,538,72,6,0.175,0.1875,0.21,0.0152,0.2651,64605.96,0
2026-08-19T05:49:00Z,ETH,412,40,3,0.11,0.12,0.13,0.0064,0.4129,1917.15,0
2026-08-19T05:50:00Z,BTC,538,72,6,0.175,0.1875,0.21,0.0153,0.2646,64607.28,0
2026-08-19T05:50:00Z,ETH,412,40,3,0.11,0.12,0.13,0.0064,0.4129,1917.13,0
2026-08-19T05:51:00Z,BTC,538,72,6,0.175,0.195,0.21,0.0152,0.2643,64606.01,0
2026-08-19T05:51:00Z,ETH,412,40,3,0.11,0.125,0.14,0.0064,0.4129,1917.56,0
2026-08-19T05:52:00Z,BTC,538,72,6,0.17,0.185,0.2,0.0153,0.2641,64603.3,0
2026-08-19T05:52:00Z,ETH,412,40,3,0.19,0.23,0.27,0.01,0.4129,1917.69,0
2026-08-19T05:53:00Z,BTC,538,72,6,0.165,0.185,0.2,0.0153,0.2639,64575.51,0
2026-08-19T05:53:00Z,ETH,412,40,3,0.11,0.125,0.14,0.0065,0.4129,1916.84,0
2026-08-19T05:54:00Z,BTC,538,72,6,0.175,0.195,0.2,0.0153,0.2635,64566.54,0
2026-08-19T05:54:00Z,ETH,412,40,3,0.11,0.12,0.13,0.0065,0.4129,1916.72,0
2026-08-19T05:55:00Z,BTC,538,72,6,0.17,0.1925,0.2,0.0153,0.2638,64563.67,0
2026-08-19T05:55:00Z,ETH,412,40,3,0.11,0.12,0.13,0.0065,0.4129,1916.59,0
2026-08-19T05:56:00Z,BTC,538,72,6,0.175,0.195,0.2,0.0154,0.2632,64570.93,0
2026-08-19T05:56:00Z,ETH,412,40,3,0.14,0.17,0.2,0.0094,0.4129,1916.63,0
2026-08-19T05:57:00Z,BTC,538,72,6,0.17,0.1925,0.2,0.0154,0.2632,64571.62,0
2026-08-19T05:57:00Z,ETH,412,40,3,0.11,0.12,0.13,0.0065,0.4129,1916.09,0
2026-08-19T05:58:00Z,BTC,538,72,6,0.175,0.195,0.2,0.0153,0.2638,64544.55,0
2026-08-19T05:58:00Z,ETH,412,40,3,0.11,0.125,0.14,0.0066,0.4129,1915.65,0
2026-08-19T05:59:00Z,BTC,538,72,6,0.175,0.195,0.2,0.0153,0.2641,64542.13,0
2026-08-19T05:59:00Z,ETH,412,40,3,0.11,0.12,0.13,0.0066,0.4129,1915.78,0
2026-08-19T06:00:00Z,BTC,538,72,6,0.175,0.195,0.2,0.0153,0.2638,64559.08,0
2026-08-19T06:00:00Z,ETH,412,40,3,0.1,0.12,0.14,0.0066,0.4129,1916.39,0
2026-08-19T06:01:00Z,BTC,538,72,6,0.175,0.195,0.2,0.0153,0.2636,64525.87,0
2026-08-19T06:01:00Z,ETH,412,40,2,0.12,0.125,0.13,0.0079,0.4129,1914.79,0
2026-08-19T06:02:00Z,BTC,538,72,6,0.17,0.1925,0.2,0.0153,0.2641,64528.92,0
2026-08-19T06:02:00Z,ETH,412,40,3,0.11,0.12,0.13,0.0066,0.4129,1915.24,0
2026-08-19T06:03:00Z,BTC,538,72,6,0.17,0.1925,0.2,0.0153,0.2641,64511.61,0
2026-08-19T06:03:00Z,ETH,412,40,2,0.12,0.125,0.13,0.008,0.4129,1914.54,0
2026-08-19T06:04:00Z,BTC,538,72,6,0.175,0.195,0.2,0.0153,0.2635,64517.33,0
2026-08-19T06:04:00Z,ETH,412,40,2,0.185,0.2225,0.26,0.0125,0.4129,1914.44,0
2026-08-19T06:05:00Z,BTC,538,72,6,0.17,0.185,0.2,0.0153,0.2638,64529.85,0
2026-08-19T06:05:00Z,ETH,412,40,2,0.125,0.1325,0.14,0.008,0.4129,1914.96,0
2026-08-19T06:06:00Z,BTC,538,72,6,0.175,0.195,0.2,0.0153,0.2639,64531.44,0
2026-08-19T06:06:00Z,ETH,412,40,2,0.12,0.125,0.13,0.0079,0.4129,1914.9,0
2026-08-19T06:07:00Z,BTC,538,72,6,0.175,0.195,0.2,0.0155,0.2641,64514.49,0
2026-08-19T06:07:00Z,ETH,412,40,2,0.19,0.23,0.27,0.0124,0.4129,1913.63,0
2026-08-19T06:08:00Z,BTC,538,72,6,0.17,0.1925,0.2,0.0155,0.263,64505.81,0
2026-08-19T06:08:00Z,ETH,412,40,2,0.175,0.1975,0.22,0.0114,0.4129,1912.76,0
2026-08-19T06:09:00Z,BTC,538,72,6,0.17,0.185,0.21,0.0155,0.2632,64496.31,0
2026-08-19T06:09:00Z,ETH,412,40,2,0.175,0.1975,0.22,0.0114,0.4129,1912.78,0
2026-08-19T06:10:00Z,BTC,538,72,6,0.175,0.195,0.2,0.0155,0.2632,64485.97,0
2026-08-19T06:10:00Z,ETH,412,40,2,0.185,0.2225,0.26,0.0124,0.4129,1912.37,0
2026-08-19T06:11:00Z,BTC,538,72,6,0.175,0.195,0.2,0.0155,0.2629,64482.35,0
2026-08-19T06:11:00Z,ETH,412,40,2,0.12,0.125,0.13,0.0079,0.4129,1911.92,0
2026-08-19T06:12:00Z,BTC,538,72,6,0.17,0.1925,0.2,0.0156,0.2628,64470.38,0
2026-08-19T06:12:00Z,ETH,412,40,2,0.12,0.125,0.13,0.0079,0.4129,1912.27,0
2026-08-19T06:13:00Z,BTC,538,72,6,0.175,0.1875,0.2,0.0156,0.2638,64482.06,0
2026-08-19T06:13:00Z,ETH,412,40,2,0.125,0.1275,0.13,0.0079,0.4129,1912.34,0
2026-08-19T06:14:00Z,BTC,538,72,6,0.17,0.1925,0.21,0.0156,0.2636,64482.73,0
2026-08-19T06:14:00Z,ETH,412,40,2,0.12,0.125,0.13,0.0079,0.4129,1912.5,0
2026-08-19T06:15:00Z,BTC,538,72,6,0.17,0.1925,0.2,0.0155,0.2635,64509.51,0
2026-08-19T06:15:00Z,ETH,412,40,2,0.125,0.1325,0.14,0.0079,0.4129,1914.38,0
2026-08-19T06:16:00Z,BTC,538,72,6,0.175,0.195,0.21,0.0155,0.2637,64515.7,0
2026-08-19T06:16:00Z,ETH,412,40,2,0.125,0.1325,0.14,0.008,0.4129,1914.78,0
2026-08-19T06:17:00Z,BTC,538,72,6,0.17,0.1925,0.2,0.0156,0.2638,64540.46,0
2026-08-19T06:17:00Z,ETH,412,40,3,0.11,0.12,0.13,0.0066,0.4129,1915.95,0
2026-08-19T06:18:00Z,BTC,538,72,6,0.175,0.195,0.21,0.0156,0.2634,64541.05,0
2026-08-19T06:18:00Z,ETH,412,40,3,0.1,0.115,0.13,0.0066,0.4129,1916.0,0
2026-08-19T06:19:00Z,BTC,538,72,6,0.175,0.195,0.2,0.0156,0.2642,64551.12,0
2026-08-19T06:19:00Z,ETH,412,40,3,0.13,0.21,0.29,0.0094,0.4129,1916.16,0
2026-08-19T06:20:00Z,BTC,538,72,6,0.17,0.1925,0.2,0.0156,0.2646,64571.41,0
2026-08-19T06:20:00Z,ETH,412,40,3,0.13,0.215,0.3,0.0095,0.4129,1916.72,0
2026-08-19T06:21:00Z,BTC,538,72,6,0.175,0.195,0.2,0.0155,0.2631,64580.08,0
2026-08-19T06:21:00Z,ETH,412,40,3,0.13,0.21,0.29,0.0095,0.4129,1917.12,0
2026-08-19T06:22:00Z,BTC,538,72,6,0.17,0.1925,0.21,0.0155,0.2631,64587.78,0
2026-08-19T06:22:00Z,ETH,412,40,3,0.13,0.17,0.21,0.0096,0.4129,1917.86,0
2026-08-19T06:23:00Z,BTC,538,72,6,0.165,0.1925,0.2,0.0155,0.263,64590.26,0
2026-08-19T06:23:00Z,ETH,412,40,3,0.28,0.3,0.32,0.019,0.4129,1917.63,0
2026-08-19T06:24:00Z,BTC,538,72,6,0.175,0.195,0.2,0.0156,0.2632,64611.58,0
2026-08-19T06:24:00Z,ETH,412,40,3,0.14,0.22,0.3,0.0096,0.4129,1918.03,0
2026-08-19T06:25:00Z,BTC,538,72,6,0.175,0.1875,0.2,0.0156,0.2631,64600.44,0
2026-08-19T06:25:00Z,ETH,412,40,3,0.27,0.285,0.3,0.0147,0.4129,1917.22,0
2026-08-19T06:26:00Z,BTC,538,72,6,0.17,0.1925,0.2,0.0156,0.2628,64592.9,0
2026-08-19T06:26:00Z,ETH,412,40,3,0.27,0.28,0.29,0.0147,0.4129,1916.71,0
2026-08-19T06:27:00Z,BTC,538,72,6,0.175,0.195,0.2,0.0156,0.2623,64577.95,0
2026-08-19T06:27:00Z,ETH,412,40,3,0.19,0.23,0.27,0.0098,0.4129,1916.27,0
2026-08-19T06:28:00Z,BTC,538,72,6,0.17,0.1925,0.2,0.0156,0.2623,64569.62,0
2026-08-19T06:28:00Z,ETH,412,40,3,0.27,0.285,0.3,0.0146,0.4129,1916.11,0
2026-08-19T06:29:00Z,BTC,538,72,6,0.175,0.195,0.2,0.0156,0.2627,64569.68,0
2026-08-19T06:29:00Z,ETH,412,40,3,0.27,0.33,0.39,0.0189,0.4129,1916.31,0
2026-08-19T06:30:00Z,BTC,538,72,6,0.165,0.1925,0.2,0.0156,0.2629,64575.61,0
2026-08-19T06:30:00Z,ETH,412,40,3,0.2,0.235,0.27,0.0098,0.4129,1916.32,0
2026-08-19T06:31:00Z,BTC,538,72,6,0.17,0.1925,0.2,0.0156,0.2627,64576.54,0
2026-08-19T06:31:00Z,ETH,412,40,3,0.27,0.285,0.3,0.0147,0.4129,1916.29,0
2026-08-19T06:32:00Z,BTC,538,72,6,0.175,0.195,0.21,0.0156,0.2626,64574.81,0
2026-08-19T06:32:00Z,ETH,412,40,3,0.27,0.335,0.4,0.0189,0.4129,1916.25,0
2026-08-19T06:33:00Z,BTC,538,72,6,0.17,0.1925,0.21,0.0156,0.2624,64569.66,0
2026-08-19T06:33:00Z,ETH,412,40,3,0.22,0.245,0.27,0.0132,0.4129,1916.33,0
2026-08-19T06:34:00Z,BTC,538,72,6,0.175,0.195,0.21,0.0156,0.2624,64572.61,0
2026-08-19T06:34:00Z,ETH,412,40,3,0.13,0.21,0.29,0.0095,0.4129,1916.37,0
2026-08-19T06:35:00Z,BTC,538,72,6,0.17,0.1925,0.2,0.0156,0.2626,64571.72,0
2026-08-19T06:35:00Z,ETH,412,40,3,0.14,0.215,0.29,0.0095,0.4129,1916.16,0
2026-08-19T06:36:00Z,BTC,538,72,6,0.175,0.195,0.2,0.0156,0.2627,64584.03,0
2026-08-19T06:36:00Z,ETH,412,40,3,0.2,0.235,0.27,0.0099,0.4129,1916.88,0
2026-08-19T06:37:00Z,BTC,538,72,6,0.175,0.195,0.2,0.0156,0.2628,64586.64,0
2026-08-19T06:37:00Z,ETH,412,40,3,0.1,0.185,0.27,0.0065,0.4129,1917.16,0
2026-08-19T06:38:00Z,BTC,538,72,6,0.175,0.195,0.21,0.0156,0.2625,64584.79,0
2026-08-19T06:38:00Z,ETH,412,40,3,0.2,0.21,0.22,0.0099,0.4129,1917.18,0
2026-08-19T06:39:00Z,BTC,538,72,6,0.17,0.1925,0.21,0.0156,0.263,64589.49,0
2026-08-19T06:39:00Z,ETH,412,40,3,0.13,0.165,0.2,0.0096,0.4129,1917.54,0
2026-08-19T06:40:00Z,BTC,538,72,6,0.17,0.1925,0.21,0.0156,0.2627,64584.74,0
2026-08-19T06:40:00Z,ETH,412,40,3,0.14,0.165,0.19,0.0096,0.4129,1917.31,0
2026-08-19T06:41:00Z,BTC,538,72,6,0.17,0.1925,0.21,0.0156,0.2623,64575.35,0
2026-08-19T06:41:00Z,ETH,412,40,3,0.11,0.125,0.14,0.0065,0.4129,1916.84,0
2026-08-19T06:42:00Z,BTC,538,72,6,0.175,0.195,0.2,0.0156,0.2619,64572.01,0
2026-08-19T06:42:00Z,ETH,412,40,3,0.1,0.12,0.14,0.0066,0.4129,1916.63,0
2026-08-19T06:43:00Z,BTC,538,72,6,0.175,0.1875,0.2,0.0156,0.2621,64574.29,0
2026-08-19T06:43:00Z,ETH,412,40,3,0.2,0.205,0.21,0.01,0.4129,1917.46,0
2026-08-19T06:44:00Z,BTC,538,72,6,0.175,0.195,0.21,0.0156,0.2623,64572.88,0
2026-08-19T06:44:00Z,ETH,412,40,3,0.11,0.125,0.14,0.0065,0.4129,1917.61,0
2026-08-19T06:45:00Z,BTC,538,72,6,0.175,0.195,0.2,0.0156,0.2625,64589.68,0
2026-08-19T06:45:00Z,ETH,412,40,3,0.1,0.12,0.14,0.0065,0.4129,1918.38,0
2026-08-19T06:46:00Z,BTC,538,72,6,0.175,0.195,0.2,0.0156,0.2621,64579.43,0
2026-08-19T06:46:00Z,ETH,412,40,3,0.11,0.125,0.14,0.0064,0.4129,1918.19,0
2026-08-19T06:47:00Z,BTC,538,72,6,0.175,0.195,0.21,0.0156,0.2624,64585.28,0
2026-08-19T06:47:00Z,ETH,412,40,3,0.11,0.125,0.14,0.0063,0.4129,1919.33,0
2026-08-19T06:48:00Z,BTC,538,72,7,0.17,0.185,0.21,0.0153,0.2623,64637.51,0
2026-08-19T06:48:00Z,ETH,412,40,3,0.1,0.12,0.14,0.0062,0.4129,1920.92,0
2026-08-19T06:49:00Z,BTC,538,72,7,0.17,0.185,0.2,0.0155,0.2624,64646.93,0
2026-08-19T06:49:00Z,ETH,412,40,3,0.1,0.12,0.14,0.0062,0.4129,1921.44,0
2026-08-19T06:50:00Z,BTC,538,72,6,0.175,0.1875,0.21,0.0156,0.2626,64601.71,0
2026-08-19T06:50:00Z,ETH,412,40,3,0.21,0.255,0.3,0.0125,0.4129,1920.0,0
2026-08-19T06:51:00Z,BTC,538,72,6,0.175,0.1875,0.21,0.0155,0.2625,64591.11,0
2026-08-19T06:51:00Z,ETH,412,40,3,0.11,0.12,0.13,0.0063,0.4129,1919.86,0
2026-08-19T06:52:00Z,BTC,538,72,6,0.17,0.185,0.21,0.0155,0.2625,64601.38,0
2026-08-19T06:52:00Z,ETH,412,40,3,0.1,0.12,0.14,0.0063,0.4129,1920.05,0
2026-08-19T06:53:00Z,BTC,538,72,6,0.17,0.1925,0.2,0.0156,0.2628,64620.96,0
2026-08-19T06:53:00Z,ETH,412,40,3,0.1,0.12,0.14,0.0062,0.4129,1920.7,0
2026-08-19T06:54:00Z,BTC,538,72,7,0.17,0.19,0.2,0.0153,0.2629,64634.68,0
2026-08-19T06:54:00Z,ETH,412,40,3,0.11,0.125,0.14,0.0062,0.4129,1920.94,0
2026-08-19T06:55:00Z,BTC,538,72,7,0.17,0.19,0.21,0.0153,0.2631,64633.76,0
2026-08-19T06:55:00Z,ETH,412,40,3,0.11,0.125,0.14,0.0062,0.4129,1921.46,0
2026-08-19T06:56:00Z,BTC,538,72,7,0.17,0.185,0.2,0.0155,0.263,64653.45,0
2026-08-19T06:56:00Z,ETH,412,40,3,0.1,0.125,0.15,0.006,0.4129,1922.5,0
2026-08-19T06:57:00Z,BTC,538,72,7,0.16,0.185,0.2,0.0155,0.2624,64644.01,0
2026-08-19T06:57:00Z,ETH,412,40,3,0.11,0.125,0.14,0.0061,0.4129,1921.61,0
2026-08-19T06:58:00Z,BTC,538,72,7,0.17,0.185,0.2,0.0155,0.2624,64641.47,0
2026-08-19T06:58:00Z,ETH,412,40,3,0.11,0.125,0.14,0.0061,0.4129,1921.9,0
2026-08-19T06:59:00Z,BTC,538,72,7,0.16,0.185,0.2,0.0155,0.2622,64650.46,0
2026-08-19T06:59:00Z,ETH,412,40,3,0.11,0.125,0.14,0.006,0.4129,1923.15,0
2026-08-19T07:00:00Z,BTC,538,72,7,0.17,0.185,0.21,0.0155,0.2622,64635.75,0
2026-08-19T07:00:00Z,ETH,412,40,3,0.14,0.17,0.2,0.0102,0.4129,1922.31,0
2026-08-19T07:01:00Z,BTC,538,72,7,0.17,0.185,0.2,0.0155,0.2624,64625.35,0
2026-08-19T07:01:00Z,ETH,412,40,3,0.21,0.255,0.3,0.0121,0.4129,1922.15,0
2026-08-19T07:02:00Z,BTC,538,72,6,0.17,0.185,0.2,0.0156,0.2624,64619.16,0
2026-08-19T07:02:00Z,ETH,412,40,3,0.1,0.12,0.14,0.0061,0.4129,1921.77,0
2026-08-19T07:03:00Z,BTC,538,72,6,0.17,0.185,0.21,0.0158,0.2625,64619.82,0
2026-08-19T07:03:00Z,ETH,412,40,3,0.11,0.125,0.14,0.0061,0.4129,1921.23,0
2026-08-19T07:04:00Z,BTC,538,72,6,0.175,0.195,0.21,0.0156,0.2628,64607.35,0
2026-08-19T07:04:00Z,ETH,412,40,3,0.11,0.125,0.14,0.0061,0.4129,1921.36,0
2026-08-19T07:05:00Z,BTC,538,72,6,0.175,0.195,0.21,0.0158,0.2626,64602.76,0
2026-08-19T07:05:00Z,ETH,412,40,3,0.1,0.12,0.14,0.0061,0.4129,1921.78,0
2026-08-19T07:06:00Z,BTC,538,72,6,0.175,0.195,0.2,0.0158,0.2623,64578.86,0
2026-08-19T07:06:00Z,ETH,412,40,3,0.1,0.12,0.14,0.0062,0.4129,1921.35,0
2026-08-19T07:07:00Z,BTC,538,72,6,0.17,0.1925,0.2,0.0158,0.2623,64572.03,0
2026-08-19T07:07:00Z,ETH,412,40,3,0.11,0.125,0.14,0.0062,0.4129,1921.05,0
2026-08-19T07:08:00Z,BTC,538,72,6,0.175,0.195,0.2,0.0158,0.2621,64590.87,0
2026-08-19T07:08:00Z,ETH,412,40,3,0.1,0.12,0.14,0.0062,0.4129,1921.54,0
2026-08-19T07:09:00Z,BTC,538,72,6,0.175,0.195,0.21,0.0158,0.2616,64607.78,0
2026-08-19T07:09:00Z,ETH,412,40,3,0.1,0.12,0.14,0.0062,0.4129,1921.8,0
2026-08-19T07:10:00Z,BTC,538,72,7,0.17,0.185,0.2,0.0155,0.2612,64627.31,0
2026-08-19T07:10:00Z,ETH,412,40,3,0.15,0.23,0.31,0.0103,0.4129,1922.64,0
2026-08-19T07:11:00Z,BTC,538,72,7,0.17,0.19,0.2,0.0155,0.2622,64668.39,0
2026-08-19T07:11:00Z,ETH,412,40,3,0.11,0.125,0.14,0.006,0.4129,1924.4,0
2026-08-19T07:12:00Z,BTC,538,72,7,0.16,0.19,0.21,0.0155,0.2624,64664.13,0
2026-08-19T07:12:00Z,ETH,412,40,3,0.11,0.125,0.14,0.006,0.4129,1924.01,0
2026-08-19T07:13:00Z,BTC,538,72,7,0.18,0.2,0.32,0.0157,0.2628,64643.56,0
2026-08-19T07:13:00Z,ETH,412,40,3,0.14,0.17,0.2,0.0105,0.4129,1924.79,0
2026-08-19T07:14:00Z,BTC,538,72,7,0.17,0.19,0.21,0.0155,0.2629,64675.88,0
2026-08-19T07:14:00Z,ETH,412,40,3,0.11,0.13,0.15,0.0058,0.4129,1926.32,0
2026-08-19T07:15:00Z,BTC,538,72,7,0.17,0.185,0.21,0.0157,0.2617,64663.32,0
2026-08-19T07:15:00Z,ETH,412,40,3,0.11,0.13,0.15,0.0059,0.4129,1925.0,0
2026-08-19T07:16:00Z,BTC,538,72,7,0.17,0.185,0.21,0.0157,0.2617,64663.04,0
2026-08-19T07:16:00Z,ETH,412,40,3,0.11,0.125,0.14,0.0059,0.4129,1924.93,0
2026-08-19T07:17:00Z,BTC,538,72,6,0.175,0.195,0.2,0.0158,0.2617,64613.34,0
2026-08-19T07:17:00Z,ETH,412,40,3,0.11,0.195,0.28,0.006,0.4129,1923.35,0
2026-08-19T07:18:00Z,BTC,538,72,6,0.17,0.1925,0.21,0.0158,0.2616,64616.73,0
2026-08-19T07:18:00Z,ETH,412,40,3,0.11,0.13,0.15,0.006,0.4129,1923.47,0
2026-08-19T07:19:00Z,BTC,538,72,6,0.175,0.195,0.2,0.0158,0.2619,64620.4,0
2026-08-19T07:19:00Z,ETH,412,40,3,0.1,0.12,0.14,0.006,0.4129,1923.4,0
2026-08-19T07:20:00Z,BTC,538,72,7,0.17,0.19,0.2,0.0155,0.2617,64633.76,0
2026-08-19T07:20:00Z,ETH,412,40,3,0.11,0.2,0.29,0.006,0.4129,1923.87,0
2026-08-19T07:21:00Z,BTC,538,72,7,0.16,0.185,0.21,0.0155,0.2616,64639.77,0
2026-08-19T07:21:00Z,ETH,412,40,3,0.11,0.125,0.14,0.006,0.4129,1923.55,0
2026-08-19T07:22:00Z,BTC,538,72,7,0.17,0.19,0.2,0.0157,0.2616,64653.7,0
2026-08-19T07:22:00Z,ETH,412,40,3,0.11,0.13,0.15,0.006,0.4129,1924.34,0
2026-08-19T07:23:00Z,BTC,538,72,7,0.17,0.185,0.21,0.0157,0.262,64655.46,0
2026-08-19T07:23:00Z,ETH,412,40,3,0.15,0.18,0.21,0.0105,0.4129,1924.46,0
2026-08-19T07:24:00Z,BTC,538,72,7,0.16,0.19,0.2,0.0157,0.2615,64660.01,0
2026-08-19T07:24:00Z,ETH,412,40,3,0.14,0.17,0.2,0.0105,0.4129,1924.5,0
2026-08-19T07:25:00Z,BTC,538,72,7,0.16,0.19,0.21,0.0157,0.2618,64672.37,0
2026-08-19T07:25:00Z,ETH,412,40,3,0.15,0.175,0.2,0.0105,0.4129,1924.46,0
2026-08-19T07:26:00Z,BTC,538,72,7,0.17,0.19,0.21,0.0157,0.2619,64669.89,0
2026-08-19T07:26:00Z,ETH,412,40,3,0.15,0.18,0.21,0.0105,0.4129,1924.38,0
2026-08-19T07:27:00Z,BTC,538,72,7,0.17,0.19,0.2,0.0157,0.2618,64666.57,0
2026-08-19T07:27:00Z,ETH,412,40,3,0.14,0.175,0.21,0.0105,0.4129,1923.91,0
2026-08-19T07:28:00Z,BTC,538,72,7,0.17,0.19,0.21,0.0157,0.2623,64664.45,0
2026-08-19T07:28:00Z,ETH,412,40,3,0.1,0.12,0.14,0.006,0.4129,1923.72,0
2026-08-19T07:29:00Z,BTC,538,72,7,0.17,0.19,0.21,0.0157,0.2621,64649.77,0
2026-08-19T07:29:00Z,ETH,412,40,3,0.15,0.18,0.21,0.0104,0.4129,1923.37,0
2026-08-19T07:30:00Z,BTC,538,72,7,0.17,0.19,0.21,0.0157,0.2621,64653.18,0
2026-08-19T07:30:00Z,ETH,412,40,3,0.1,0.125,0.15,0.0061,0.4129,1923.84,0
2026-08-19T07:31:00Z,BTC,538,72,7,0.17,0.19,0.2,0.0157,0.262,64649.13,0
2026-08-19T07:31:00Z,ETH,412,40,3,0.14,0.17,0.2,0.0105,0.4129,1923.67,0
2026-08-19T07:32:00Z,BTC,538,72,7,0.16,0.19,0.21,0.0157,0.2615,64652.67,0
2026-08-19T07:32:00Z,ETH,412,40,3,0.14,0.17,0.2,0.0105,0.4129,1924.17,0
2026-08-19T07:33:00Z,BTC,538,72,7,0.17,0.19,0.21,0.0157,0.262,64674.24,0
2026-08-19T07:33:00Z,ETH,412,40,3,0.14,0.225,0.31,0.0105,0.4129,1924.62,0
2026-08-19T07:34:00Z,BTC,538,72,7,0.16,0.185,0.21,0.0155,0.2623,64694.99,0
2026-08-19T07:34:00Z,ETH,412,40,3,0.15,0.18,0.21,0.0106,0.4129,1925.43,0
2026-08-19T07:35:00Z,BTC,538,72,7,0.17,0.19,0.21,0.0155,0.2623,64689.07,0
2026-08-19T07:35:00Z,ETH,412,40,3,0.2,0.2,0.2,0.011,0.4129,1925.39,0
2026-08-19T07:36:00Z,BTC,538,72,7,0.17,0.185,0.21,0.0155,0.2613,64699.3,0
2026-08-19T07:36:00Z,ETH,412,40,3,0.15,0.18,0.21,0.0107,0.4129,1926.11,0
2026-08-19T07:37:00Z,BTC,538,72,7,0.16,0.19,0.2,0.0155,0.2608,64696.29,0
2026-08-19T07:37:00Z,ETH,412,40,3,0.14,0.175,0.21,0.0107,0.4129,1925.8,0
2026-08-19T07:38:00Z,BTC,538,72,7,0.16,0.185,0.21,0.0155,0.2606,64700.64,0
2026-08-19T07:38:00Z,ETH,412,40,3,0.1,0.125,0.15,0.0059,0.4129,1926.41,0
2026-08-19T07:39:00Z,BTC,538,72,7,0.16,0.19,0.21,0.0155,0.2604,64698.09,0
2026-08-19T07:39:00Z,ETH,412,40,3,0.15,0.18,0.21,0.0107,0.4129,1926.43,0
2026-08-19T07:40:00Z,BTC,538,72,7,0.16,0.185,0.21,0.0155,0.2604,64705.56,0
2026-08-19T07:40:00Z,ETH,412,40,3,0.14,0.175,0.21,0.0107,0.4129,1926.64,0
2026-08-19T07:41:00Z,BTC,538,72,7,0.17,0.195,0.21,0.0155,0.2603,64705.7,0
2026-08-19T07:41:00Z,ETH,412,40,3,0.11,0.13,0.15,0.0058,0.4129,1926.53,0
2026-08-19T07:42:00Z,BTC,538,72,7,0.16,0.185,0.21,0.0155,0.2622,64679.05,0
2026-08-19T07:42:00Z,ETH,412,40,3,0.15,0.175,0.2,0.0107,0.4129,1925.66,0
2026-08-19T07:43:00Z,BTC,538,72,7,0.16,0.19,0.21,0.0155,0.263,64670.43,0
2026-08-19T07:43:00Z,ETH,412,40,3,0.14,0.17,0.2,0.0107,0.4129,1925.25,0
2026-08-19T07:44:00Z,BTC,538,72,7,0.17,0.185,0.21,0.0155,0.263,64670.71,0
2026-08-19T07:44:00Z,ETH,412,40,3,0.21,0.25,0.29,0.0119,0.4129,1925.08,0
2026-08-19T07:45:00Z,BTC,538,72,7,0.17,0.185,0.21,0.0155,0.2629,64673.43,0
2026-08-19T07:45:00Z,ETH,412,40,3,0.29,0.3,0.31,0.0165,0.4129,1925.48,0
2026-08-19T07:46:00Z,BTC,538,72,7,0.16,0.19,0.21,0.0155,0.2611,64683.59,0
2026-08-19T07:46:00Z,ETH,412,40,3,0.15,0.18,0.21,0.0106,0.4129,1925.6,0
2026-08-19T07:47:00Z,BTC,538,72,7,0.17,0.19,0.21,0.0155,0.2631,64677.89,0
2026-08-19T07:47:00Z,ETH,412,40,3,0.1,0.12,0.14,0.006,0.4129,1924.97,0
2026-08-19T07:48:00Z,BTC,538,72,7,0.17,0.19,0.2,0.0155,0.2637,64664.35,0
2026-08-19T07:48:00Z,ETH,412,40,3,0.14,0.17,0.2,0.0105,0.4129,1924.46,0
2026-08-19T07:49:00Z,BTC,538,72,7,0.16,0.19,0.21,0.0155,0.2631,64676.15,0
2026-08-19T07:49:00Z,ETH,412,40,3,0.15,0.18,0.21,0.0105,0.4129,1924.46,0
2026-08-19T07:50:00Z,BTC,538,72,7,0.17,0.185,0.21,0.0155,0.2631,64671.31,0
2026-08-19T07:50:00Z,ETH,412,40,3,0.11,0.125,0.14,0.006,0.4129,1924.14,0
2026-08-19T07:51:00Z,BTC,538,72,7,0.17,0.19,0.21,0.0155,0.2631,64666.62,0
2026-08-19T07:51:00Z,ETH,412,40,3,0.11,0.125,0.14,0.006,0.4129,1924.13,0
2026-08-19T07:52:00Z,BTC,538,72,7,0.17,0.19,0.21,0.0157,0.2623,64650.53,0
2026-08-19T07:52:00Z,ETH,412,40,3,0.29,0.3,0.31,0.0162,0.4129,1923.48,0
2026-08-19T07:53:00Z,BTC,538,72,7,0.17,0.19,0.21,0.0157,0.2619,64641.68,0
2026-08-19T07:53:00Z,ETH,412,40,3,0.21,0.21,0.21,0.0108,0.4129,1923.11,0
2026-08-19T07:54:00Z,BTC,538,72,7,0.17,0.19,0.2,0.0157,0.2616,64634.94,0
2026-08-19T07:54:00Z,ETH,412,40,3,0.11,0.125,0.14,0.0062,0.4129,1922.57,0
2026-08-19T07:55:00Z,BTC,538,72,7,0.17,0.185,0.21,0.0155,0.2616,64620.09,0
2026-08-19T07:55:00Z,ETH,412,40,3,0.11,0.125,0.14,0.0063,0.4129,1921.28,0
2026-08-19T07:56:00Z,BTC,538,72,7,0.17,0.185,0.21,0.0155,0.2612,64621.51,0
2026-08-19T07:56:00Z,ETH,412,40,3,0.21,0.245,0.28,0.0125,0.4129,1921.69,0
2026-08-19T07:57:00Z,BTC,538,72,6,0.175,0.1875,0.2,0.0158,0.2626,64613.53,0
2026-08-19T07:57:00Z,ETH,412,40,3,0.2,0.24,0.28,0.0106,0.4129,1921.74,0
2026-08-19T07:58:00Z,BTC,538,72,6,0.175,0.195,0.21,0.0158,0.2619,64616.1,0
2026-08-19T07:58:00Z,ETH,412,40,3,0.21,0.25,0.29,0.0124,0.4129,1922.0,0
2026-08-19T07:59:00Z,BTC,538,72,6,0.175,0.195,0.21,0.0159,0.2616,64616.56,0
2026-08-19T07:59:00Z,ETH,412,40,3,0.4,0.41,0.42,0.0212,0.4129,1921.51,0
2026-08-19T08:00:00Z,BTC,538,72,6,0.17,0.195,0.21,0.0158,0.2623,64616.9,0
2026-08-19T08:00:00Z,ETH,412,40,3,0.4,0.41,0.42,0.0212,0.4129,1921.71,0
2026-08-19T08:01:00Z,BTC,538,72,6,0.175,0.1875,0.2,0.0159,0.2622,64607.3,0
2026-08-19T08:01:00Z,ETH,412,40,3,0.2,0.31,0.42,0.0106,0.4129,1921.41,0
2026-08-19T08:02:00Z,BTC,538,72,6,0.175,0.195,0.21,0.0159,0.2615,64615.26,0
2026-08-19T08:02:00Z,ETH,412,40,3,0.1,0.125,0.15,0.0062,0.4129,1921.83,0
2026-08-19T08:03:00Z,BTC,538,72,6,0.175,0.195,0.2,0.0159,0.2615,64620.26,0
2026-08-19T08:03:00Z,ETH,412,40,3,0.11,0.125,0.14,0.0063,0.4129,1921.65,0
2026-08-19T08:04:00Z,BTC,538,72,7,0.17,0.19,0.21,0.0155,0.2614,64629.42,0
2026-08-19T08:04:00Z,ETH,412,40,3,0.15,0.18,0.21,0.0104,0.4129,1922.73,0
2026-08-19T08:05:00Z,BTC,538,72,7,0.17,0.19,0.21,0.0155,0.2613,64627.28,0
2026-08-19T08:05:00Z,ETH,412,40,3,0.14,0.175,0.21,0.0105,0.4129,1923.46,0
2026-08-19T08:06:00Z,BTC,538,72,7,0.17,0.19,0.2,0.0155,0.2609,64627.86,0
2026-08-19T08:06:00Z,ETH,412,40,3,0.11,0.125,0.14,0.0062,0.4129,1922.76,0
2026-08-19T08:07:00Z,BTC,538,72,7,0.17,0.19,0.2,0.0155,0.2611,64627.54,0
2026-08-19T08:07:00Z,ETH,412,40,3,0.14,0.175,0.21,0.0105,0.4129,1923.28,0
2026-08-19T08:08:00Z,BTC,538,72,6,0.175,0.195,0.2,0.0159,0.2611,64618.02,0
2026-08-19T08:08:00Z,ETH,412,40,3,0.11,0.125,0.14,0.0062,0.4129,1923.03,0
2026-08-19T08:09:00Z,BTC,538,72,6,0.175,0.195,0.2,0.0159,0.2606,64608.34,0
2026-08-19T08:09:00Z,ETH,412,40,3,0.1,0.19,0.28,0.0062,0.4129,1922.16,0
2026-08-19T08:10:00Z,BTC,538,72,6,0.175,0.195,0.21,0.0159,0.2611,64607.61,0
2026-08-19T08:10:00Z,ETH,412,40,3,0.14,0.175,0.21,0.0105,0.4129,1922.53,0
2026-08-19T08:11:00Z,BTC,538,72,6,0.175,0.195,0.2,0.0159,0.2608,64592.75,0
2026-08-19T08:11:00Z,ETH,412,40,3,0.11,0.195,0.28,0.0062,0.4129,1922.51,0
2026-08-19T08:12:00Z,BTC,538,72,6,0.175,0.195,0.2,0.0159,0.2619,64587.71,0
2026-08-19T08:12:00Z,ETH,412,40,3,0.1,0.125,0.15,0.0063,0.4129,1921.73,0
2026-08-19T08:13:00Z,BTC,538,72,6,0.175,0.195,0.2,0.0159,0.262,64572.25,0
2026-08-19T08:13:00Z,ETH,412,40,3,0.11,0.13,0.15,0.0063,0.4129,1921.55,0
2026-08-19T08:14:00Z,BTC,538,72,6,0.175,0.195,0.2,0.0159,0.2613,64569.26,0
2026-08-19T08:14:00Z,ETH,412,40,3,0.1,0.125,0.15,0.0063,0.4129,1921.34,0
2026-08-19T08:15:00Z,BTC,538,72,6,0.18,0.195,0.2,0.0159,0.2611,64569.52,0
2026-08-19T08:15:00Z,ETH,412,40,3,0.11,0.125,0.14,0.0063,0.4129,1921.17,0
2026-08-19T08:16:00Z,BTC,538,72,6,0.18,0.195,0.21,0.0159,0.261,64560.61,0
2026-08-19T08:16:00Z,ETH,412,40,3,0.1,0.12,0.14,0.0063,0.4129,1920.73,0
2026-08-19T08:17:00Z,BTC,538,72,6,0.175,0.195,0.2,0.016,0.2614,64583.52,0
2026-08-19T08:17:00Z,ETH,412,40,3,0.1,0.12,0.14,0.0063,0.4129,1921.28,0
2026-08-19T08:18:00Z,BTC,538,72,6,0.17,0.1925,0.2,0.0159,0.2616,64601.11,0
2026-08-19T08:18:00Z,ETH,412,40,3,0.14,0.17,0.2,0.0104,0.4129,1922.13,0
2026-08-19T08:19:00Z,BTC,538,72,6,0.175,0.195,0.21,0.0159,0.2608,64606.13,0
2026-08-19T08:19:00Z,ETH,412,40,3,0.14,0.175,0.21,0.0105,0.4129,1922.43,0
2026-08-19T08:20:00Z,BTC,538,72,6,0.175,0.195,0.21,0.0159,0.2606,64605.03,0
2026-08-19T08:20:00Z,ETH,412,40,3,0.11,0.13,0.15,0.0062,0.4129,1922.45,0
2026-08-19T08:21:00Z,BTC,538,72,6,0.17,0.2,0.21,0.0159,0.2612,64590.16,0
2026-08-19T08:21:00Z,ETH,412,40,3,0.11,0.13,0.15,0.0063,0.4129,1921.81,0
2026-08-19T08:22:00Z,BTC,538,72,6,0.175,0.195,0.21,0.016,0.2612,64597.5,0
2026-08-19T08:22:00Z,ETH,412,40,3,0.11,0.125,0.14,0.0062,0.4129,1922.48,0
2026-08-19T08:23:00Z,BTC,538,72,6,0.175,0.195,0.21,0.0162,0.2603,64586.76,0
2026-08-19T08:23:00Z,ETH,412,40,3,0.1,0.12,0.14,0.0063,0.4129,1921.85,0
2026-08-19T08:24:00Z,BTC,538,72,6,0.175,0.195,0.2,0.0162,0.2606,64581.97,0
2026-08-19T08:24:00Z,ETH,412,40,3,0.21,0.21,0.21,0.0106,0.4129,1921.66,0
2026-08-19T08:25:00Z,BTC,538,72,6,0.17,0.2,0.21,0.0162,0.2605,64586.87,0
2026-08-19T08:25:00Z,ETH,412,40,3,0.14,0.175,0.21,0.0105,0.4129,1921.88,0
2026-08-19T08:26:00Z,BTC,538,72,6,0.175,0.195,0.21,0.0162,0.2607,64598.95,0
2026-08-19T08:26:00Z,ETH,412,40,3,0.11,0.13,0.15,0.0063,0.4129,1922.5,0
2026-08-19T08:27:00Z,BTC,538,72,6,0.19,0.2,0.32,0.0185,0.2607,64605.4,0
2026-08-19T08:27:00Z,ETH,412,40,3,0.15,0.18,0.21,0.0105,0.4129,1922.8,0
2026-08-19T08:28:00Z,BTC,538,72,6,0.18,0.195,0.2,0.0162,0.2599,64592.66,0
2026-08-19T08:28:00Z,ETH,412,40,3,0.1,0.12,0.14,0.0062,0.4129,1922.35,0
2026-08-19T08:29:00Z,BTC,538,72,6,0.19,0.2,0.32,0.0185,0.2602,64604.21,0
2026-08-19T08:29:00Z,ETH,412,40,3,0.11,0.125,0.14,0.0062,0.4129,1922.77,0
2026-08-19T08:30:00Z,BTC,538,72,7,0.18,0.205,0.3,0.0165,0.26,64616.23,0
2026-08-19T08:30:00Z,ETH,412,40,3,0.1,0.12,0.14,0.0062,0.4129,1923.34,0
2026-08-19T08:31:00Z,BTC,538,72,7,0.17,0.185,0.21,0.0157,0.2602,64666.48,0
2026-08-19T08:31:00Z,ETH,412,40,3,0.21,0.21,0.21,0.0111,0.4129,1924.36,0
2026-08-19T08:32:00Z,BTC,538,72,7,0.17,0.185,0.21,0.016,0.2603,64686.38,0
2026-08-19T08:32:00Z,ETH,412,40,3,0.11,0.13,0.15,0.0061,0.4129,1924.2,0
2026-08-19T08:33:00Z,BTC,538,72,7,0.17,0.19,0.21,0.016,0.2601,64681.08,0
2026-08-19T08:33:00Z,ETH,412,40,3,0.11,0.13,0.15,0.0062,0.4129,1924.01,0
2026-08-19T08:34:00Z,BTC,538,72,7,0.17,0.19,0.21,0.016,0.2602,64697.36,0
2026-08-19T08:34:00Z,ETH,412,40,3,0.11,0.125,0.14,0.0061,0.4129,1924.76,0
2026-08-19T08:35:00Z,BTC,538,72,7,0.16,0.19,0.21,0.016,0.2594,64693.81,0
2026-08-19T08:35:00Z,ETH,412,40,3,0.14,0.175,0.21,0.0108,0.4129,1924.39,0
2026-08-19T08:36:00Z,BTC,538,72,7,0.17,0.19,0.21,0.016,0.2573,64708.12,0
2026-08-19T08:36:00Z,ETH,412,40,3,0.11,0.13,0.15,0.0061,0.4129,1925.13,0
2026-08-19T08:37:00Z,BTC,538,72,6,0.165,0.185,0.19,0.0142,0.2556,64751.54,0
2026-08-19T08:37:00Z,ETH,412,40,3,0.11,0.13,0.15,0.006,0.4129,1926.83,0
2026-08-19T08:38:00Z,BTC,538,72,6,0.16,0.1825,0.19,0.0141,0.2548,64808.5,0
2026-08-19T08:38:00Z,ETH,412,40,3,0.16,0.405,0.65,0.0123,0.4129,1932.59,0
2026-08-19T08:39:00Z,BTC,538,72,6,0.165,0.185,0.19,0.014,0.2548,64800.58,0
2026-08-19T08:39:00Z,ETH,412,40,2,0.26,0.28,0.3,0.0145,0.4129,1933.2,0
2026-08-19T08:40:00Z,BTC,538,72,6,0.16,0.1825,0.19,0.0141,0.256,64772.69,0
2026-08-19T08:40:00Z,ETH,412,40,3,0.15,0.18,0.21,0.0118,0.4129,1930.69,0
2026-08-19T08:41:00Z,BTC,538,72,6,0.165,0.185,0.19,0.0143,0.2554,64749.05,0
2026-08-19T08:41:00Z,ETH,412,40,3,0.15,0.175,0.2,0.0116,0.4129,1929.87,0
2026-08-19T08:42:00Z,BTC,538,72,6,0.16,0.1825,0.19,0.0143,0.255,64768.13,0
2026-08-19T08:42:00Z,ETH,412,40,3,0.16,0.23,0.3,0.0118,0.4129,1930.05,0
2026-08-19T08:43:00Z,BTC,538,72,6,0.165,0.185,0.19,0.0143,0.2553,64773.13,0
2026-08-19T08:43:00Z,ETH,412,40,3,0.11,0.135,0.16,0.006,0.4129,1929.54,0
2026-08-19T08:44:00Z,BTC,538,72,6,0.165,0.185,0.19,0.0142,0.2554,64761.6,0
2026-08-19T08:44:00Z,ETH,412,40,3,0.16,0.185,0.21,0.0118,0.4129,1929.83,0
2026-08-19T08:45:00Z,BTC,538,72,6,0.165,0.185,0.19,0.0141,0.2558,64789.39,0
2026-08-19T08:45:00Z,ETH,412,40,3,0.15,0.175,0.2,0.0114,0.4129,1930.47,0
2026-08-19T08:46:00Z,BTC,538,72,6,0.165,0.185,0.19,0.0141,0.256,64776.83,0
2026-08-19T08:46:00Z,ETH,412,40,3,0.1,0.125,0.15,0.0061,0.4129,1930.1,0
2026-08-19T08:47:00Z,BTC,538,72,6,0.16,0.1825,0.19,0.0141,0.2556,64784.37,0
2026-08-19T08:47:00Z,ETH,412,40,3,0.11,0.13,0.15,0.0062,0.4129,1931.19,0
2026-08-19T08:48:00Z,BTC,538,72,6,0.16,0.1825,0.19,0.0141,0.2553,64782.51,0
2026-08-19T08:48:00Z,ETH,412,40,3,0.16,0.18,0.2,0.0113,0.4129,1931.03,0
2026-08-19T08:49:00Z,BTC,538,72,6,0.165,0.1775,0.19,0.0141,0.2557,64770.28,0
2026-08-19T08:49:00Z,ETH,412,40,3,0.1,0.125,0.15,0.0061,0.4129,1930.2,0
2026-08-19T08:50:00Z,BTC,538,72,6,0.16,0.1825,0.19,0.0141,0.2559,64770.43,0
2026-08-19T08:50:00Z,ETH,412,40,3,0.1,0.2,0.3,0.006,0.4129,1929.66,0
2026-08-19T08:51:00Z,BTC,538,72,6,0.165,0.185,0.19,0.0142,0.2561,64762.07,0
2026-08-19T08:51:00Z,ETH,412,40,3,0.11,0.13,0.15,0.006,0.4129,1929.04,0
2026-08-19T08:52:00Z,BTC,538,72,6,0.16,0.1825,0.19,0.0142,0.256,64767.57,0
2026-08-19T08:52:00Z,ETH,412,40,3,0.11,0.13,0.15,0.006,0.4129,1929.55,0
2026-08-19T08:53:00Z,BTC,538,72,6,0.16,0.1825,0.19,0.0142,0.2561,64770.38,0
2026-08-19T08:53:00Z,ETH,412,40,3,0.11,0.135,0.16,0.006,0.4129,1929.6,0
2026-08-19T08:54:00Z,BTC,538,72,6,0.17,0.1775,0.19,0.0143,0.2555,64761.68,0
2026-08-19T08:54:00Z,ETH,412,40,3,0.11,0.13,0.15,0.006,0.4129,1928.72,0
2026-08-19T08:55:00Z,BTC,538,72,6,0.16,0.1825,0.19,0.0143,0.2545,64762.73,0
2026-08-19T08:55:00Z,ETH,412,40,3,0.11,0.13,0.15,0.006,0.4129,1928.69,0
2026-08-19T08:56:00Z,BTC,538,72,6,0.17,0.185,0.2,0.0144,0.2545,64746.15,0
2026-08-19T08:56:00Z,ETH,412,40,3,0.11,0.13,0.15,0.0059,0.4129,1928.37,0
2026-08-19T08:57:00Z,BTC,538,72,6,0.165,0.185,0.2,0.0144,0.2547,64735.31,0
2026-08-19T08:57:00Z,ETH,412,40,3,0.11,0.13,0.15,0.006,0.4129,1927.44,0
2026-08-19T08:58:00Z,BTC,538,72,6,0.165,0.185,0.19,0.0143,0.2546,64736.56,0
2026-08-19T08:58:00Z,ETH,412,40,3,0.11,0.13,0.15,0.006,0.4129,1927.61,0
2026-08-19T08:59:00Z,BTC,538,72,6,0.16,0.175,0.2,0.0143,0.2548,64728.24,0
2026-08-19T08:59:00Z,ETH,412,40,3,0.2,0.205,0.21,0.0117,0.4129,1927.18,0
2026-08-19T09:00:00Z,BTC,538,72,6,0.16,0.1825,0.19,0.0143,0.255,64736.98,0
2026-08-19T09:00:00Z,ETH,412,40,3,0.11,0.13,0.15,0.006,0.4129,1928.16,0
2026-08-19T09:01:00Z,BTC,538,72,6,0.16,0.175,0.19,0.0142,0.2556,64762.08,0
2026-08-19T09:01:00Z,ETH,412,40,3,0.11,0.13,0.15,0.006,0.4129,1928.98,0
2026-08-19T09:02:00Z,BTC,538,72,6,0.165,0.185,0.19,0.0143,0.255,64759.19,0
2026-08-19T09:02:00Z,ETH,412,40,3,0.1,0.13,0.16,0.0061,0.4129,1929.38,0
2026-08-19T09:03:00Z,BTC,538,72,6,0.16,0.1825,0.19,0.0143,0.2552,64767.27,0
2026-08-19T09:03:00Z,ETH,412,40,3,0.15,0.175,0.2,0.0117,0.4129,1929.73,0
2026-08-19T09:04:00Z,BTC,538,72,6,0.17,0.185,0.19,0.0143,0.2553,64787.74,0
2026-08-19T09:04:00Z,ETH,412,40,3,0.15,0.28,0.41,0.0117,0.4129,1929.53,0
2026-08-19T09:05:00Z,BTC,538,72,6,0.165,0.1775,0.2,0.0143,0.2549,64774.19,0
2026-08-19T09:05:00Z,ETH,412,40,3,0.15,0.18,0.21,0.0116,0.4129,1929.08,0
2026-08-19T09:06:00Z,BTC,538,72,6,0.165,0.1775,0.19,0.0143,0.2555,64740.67,0
2026-08-19T09:06:00Z,ETH,412,40,3,0.11,0.13,0.15,0.0059,0.4129,1927.85,0
2026-08-19T09:07:00Z,BTC,538,72,6,0.165,0.1775,0.2,0.0143,0.2553,64741.38,0
2026-08-19T09:07:00Z,ETH,412,40,3,0.21,0.21,0.21,0.0118,0.4129,1928.33,0
2026-08-19T09:08:00Z,BTC,538,72,6,0.165,0.1775,0.2,0.0142,0.2555,64725.53,0
2026-08-19T09:08:00Z,ETH,412,40,3,0.15,0.175,0.2,0.0114,0.4129,1927.63,0
2026-08-19T09:09:00Z,BTC,538,72,6,0.165,0.185,0.19,0.0142,0.2562,64715.83,0
2026-08-19T09:09:00Z,ETH,412,40,3,0.21,0.21,0.21,0.0117,0.4129,1927.13,0
2026-08-19T09:10:00Z,BTC,538,72,6,0.165,0.185,0.19,0.0142,0.2563,64738.21,0
2026-08-19T09:10:00Z,ETH,412,40,3,0.15,0.18,0.21,0.0114,0.4129,1928.29,0
2026-08-19T09:11:00Z,BTC,538,72,6,0.16,0.1825,0.19,0.0142,0.2555,64747.86,0
2026-08-19T09:11:00Z,ETH,412,40,3,0.15,0.185,0.22,0.0114,0.4129,1928.4,0
2026-08-19T09:12:00Z,BTC,538,72,6,0.16,0.1825,0.19,0.0142,0.2552,64753.41,0
2026-08-19T09:12:00Z,ETH,412,40,3,0.21,0.26,0.31,0.0119,0.4129,1928.78,0
2026-08-19T09:13:00Z,BTC,538,72,6,0.165,0.185,0.2,0.0142,0.2553,64736.47,0
2026-08-19T09:13:00Z,ETH,412,40,3,0.15,0.225,0.3,0.0114,0.4129,1928.67,0
2026-08-19T09:14:00Z,BTC,538,72,6,0.165,0.1775,0.2,0.0142,0.2584,64705.72,0
2026-08-19T09:14:00Z,ETH,412,40,3,0.11,0.13,0.15,0.0059,0.4129,1927.99,0
2026-08-19T09:15:00Z,BTC,538,72,6,0.16,0.1825,0.19,0.0142,0.2606,64690.0,0
2026-08-19T09:15:00Z,ETH,412,40,3,0.15,0.175,0.2,0.0114,0.4129,1927.83,0
2026-08-19T09:16:00Z,BTC,538,72,6,0.16,0.175,0.19,0.0142,0.2584,64697.98,0
2026-08-19T09:16:00Z,ETH,412,40,3,0.1,0.125,0.15,0.006,0.4129,1928.08,0
2026-08-19T09:17:00Z,BTC,538,72,6,0.16,0.175,0.2,0.0142,0.2559,64715.71,0
2026-08-19T09:17:00Z,ETH,412,40,3,0.11,0.13,0.15,0.006,0.4129,1928.56,0
2026-08-19T09:18:00Z,BTC,538,72,6,0.16,0.1825,0.19,0.0142,0.2568,64732.77,0
2026-08-19T09:18:00Z,ETH,412,40,3,0.1,0.2,0.3,0.006,0.4129,1928.9,0
2026-08-19T09:19:00Z,BTC,538,72,6,0.165,0.1775,0.2,0.0142,0.2563,64734.15,0
2026-08-19T09:19:00Z,ETH,412,40,3,0.11,0.28,0.45,0.006,0.4129,1929.03,0
2026-08-19T09:20:00Z,BTC,538,72,6,0.165,0.185,0.19,0.0142,0.2566,64727.26,0
2026-08-19T09:20:00Z,ETH,412,40,2,0.1,0.1,0.1,0.0059,0.3624,1928.86,0
2026-08-19T09:21:00Z,BTC,538,72,6,0.16,0.1825,0.19,0.0142,0.2565,64728.57,0
2026-08-19T09:21:00Z,ETH,412,40,2,0.2,0.25,0.3,0.0118,0.3638,1928.62,0
2026-08-19T09:22:00Z,BTC,538,72,6,0.17,0.185,0.19,0.0142,0.2562,64723.42,0
2026-08-19T09:22:00Z,ETH,412,40,2,0.155,0.1775,0.2,0.0089,0.3644,1928.1,0
2026-08-19T09:23:00Z,BTC,538,72,6,0.17,0.1775,0.2,0.0142,0.2587,64711.53,0
2026-08-19T09:23:00Z,ETH,412,40,2,0.1,0.1,0.1,0.0059,0.3643,1927.91,0
2026-08-19T09:24:00Z,BTC,538,72,6,0.165,0.1775,0.19,0.0143,0.2586,64708.51,0
2026-08-19T09:24:00Z,ETH,412,40,2,0.1,0.1,0.1,0.0059,0.3639,1927.88,0
2026-08-19T09:25:00Z,BTC,538,72,6,0.165,0.1775,0.19,0.0143,0.2587,64706.42,0
2026-08-19T09:25:00Z,ETH,412,40,2,0.105,0.1075,0.11,0.0059,0.364,1927.82,0
2026-08-19T09:26:00Z,BTC,538,72,6,0.165,0.1775,0.19,0.0142,0.2601,64688.71,0
2026-08-19T09:26:00Z,ETH,412,40,2,0.1,0.1,0.1,0.006,0.3638,1926.68,0
2026-08-19T09:27:00Z,BTC,538,72,6,0.16,0.1825,0.2,0.0142,0.2603,64695.98,0
2026-08-19T09:27:00Z,ETH,412,40,2,0.105,0.1075,0.11,0.006,0.3625,1926.97,0
2026-08-19T09:28:00Z,BTC,538,72,6,0.17,0.1775,0.2,0.0142,0.2607,64698.72,0
2026-08-19T09:28:00Z,ETH,412,40,2,0.105,0.1075,0.11,0.006,0.3626,1926.73,0
2026-08-19T09:29:00Z,BTC,538,72,6,0.165,0.185,0.2,0.0142,0.2592,64700.29,0
2026-08-19T09:29:00Z,ETH,412,40,2,0.155,0.1825,0.21,0.0089,0.3631,1926.73,0
2026-08-19T09:30:00Z,BTC,538,72,6,0.165,0.185,0.19,0.0142,0.2598,64696.46,0
2026-08-19T09:30:00Z,ETH,412,40,2,0.37,0.4,0.43,0.0209,0.3628,1926.8,0
2026-08-19T09:31:00Z,BTC,538,72,6,0.165,0.185,0.19,0.0142,0.2596,64699.09,0
2026-08-19T09:31:00Z,ETH,412,40,2,0.155,0.1825,0.21,0.0089,0.3632,1926.81,0
2026-08-19T09:32:00Z,BTC,538,72,6,0.17,0.185,0.2,0.0142,0.2582,64703.89,0
2026-08-19T09:32:00Z,ETH,412,40,2,0.1,0.1,0.1,0.006,0.3632,1926.59,0
2026-08-19T09:33:00Z,BTC,538,72,6,0.165,0.185,0.19,0.0142,0.2577,64712.91,0
2026-08-19T09:33:00Z,ETH,412,40,2,0.155,0.1825,0.21,0.0089,0.3624,1926.62,0
2026-08-19T09:34:00Z,BTC,538,72,6,0.165,0.185,0.19,0.0142,0.2572,64713.3,0
2026-08-19T09:34:00Z,ETH,412,40,2,0.105,0.1075,0.11,0.006,0.3632,1926.4,0
2026-08-19T09:35:00Z,BTC,538,72,6,0.17,0.1775,0.19,0.0143,0.2571,64712.43,0
2026-08-19T09:35:00Z,ETH,412,40,2,0.155,0.1825,0.21,0.0089,0.363,1926.42,0
2026-08-19T09:36:00Z,BTC,538,72,6,0.16,0.1825,0.2,0.0145,0.2592,64702.75,0
2026-08-19T09:36:00Z,ETH,412,40,2,0.105,0.1075,0.11,0.006,0.3628,1926.2,0
2026-08-19T09:37:00Z,BTC,538,72,6,0.17,0.1775,0.2,0.0144,0.2591,64695.05,0
2026-08-19T09:37:00Z,ETH,412,40,2,0.1,0.1,0.1,0.006,0.3623,1925.51,0
2026-08-19T09:38:00Z,BTC,538,72,6,0.165,0.185,0.2,0.0144,0.2591,64695.57,0
2026-08-19T09:38:00Z,ETH,412,40,2,0.155,0.1825,0.21,0.0091,0.3615,1925.46,0
2026-08-19T09:39:00Z,BTC,538,72,6,0.165,0.185,0.2,0.0144,0.2591,64700.74,0
2026-08-19T09:39:00Z,ETH,412,40,2,0.155,0.1825,0.21,0.0091,0.3606,1925.37,0
2026-08-19T09:40:00Z,BTC,538,72,6,0.17,0.185,0.19,0.0144,0.2596,64692.07,0
2026-08-19T09:40:00Z,ETH,412,40,2,0.105,0.1075,0.11,0.006,0.3602,1924.88,0
2026-08-19T09:41:00Z,BTC,538,72,6,0.16,0.175,0.2,0.0144,0.2591,64688.67,0
2026-08-19T09:41:00Z,ETH,412,40,2,0.1,0.1,0.1,0.006,0.3617,1924.96,0
2026-08-19T09:42:00Z,BTC,538,72,6,0.165,0.1775,0.19,0.0144,0.2592,64679.2,0
2026-08-19T09:42:00Z,ETH,412,40,2,0.11,0.11,0.11,0.006,0.3631,1924.06,0
2026-08-19T09:43:00Z,BTC,538,72,7,0.16,0.19,0.21,0.016,0.2592,64667.7,0
2026-08-19T09:43:00Z,ETH,412,40,2,0.105,0.1075,0.11,0.006,0.3633,1923.94,0
2026-08-19T09:44:00Z,BTC,538,72,6,0.16,0.175,0.2,0.0144,0.2593,64675.62,0
2026-08-19T09:44:00Z,ETH,412,40,2,0.105,0.1075,0.11,0.006,0.3636,1924.03,0
2026-08-19T09:45:00Z,BTC,538,72,6,0.165,0.185,0.2,0.0144,0.2593,64675.92,0
2026-08-19T09:45:00Z,ETH,412,40,2,0.155,0.1775,0.2,0.0088,0.3635,1924.41,0
2026-08-19T09:46:00Z,BTC,538,72,6,0.165,0.1775,0.2,0.0144,0.2593,64680.11,0
2026-08-19T09:46:00Z,ETH,412,40,2,0.105,0.1075,0.11,0.006,0.3636,1923.85,0
2026-08-19T09:47:00Z,BTC,538,72,6,0.165,0.185,0.2,0.0144,0.2597,64686.94,0
2026-08-19T09:47:00Z,ETH,412,40,2,0.105,0.1075,0.11,0.006,0.3632,1923.81,0
2026-08-19T09:48:00Z,BTC,538,72,6,0.165,0.185,0.2,0.0144,0.2596,64688.87,0
2026-08-19T09:48:00Z,ETH,412,40,2,0.105,0.1075,0.11,0.006,0.3636,1924.07,0
2026-08-19T09:49:00Z,BTC,538,72,6,0.165,0.1775,0.19,0.0144,0.2591,64701.82,0
2026-08-19T09:49:00Z,ETH,412,40,2,0.105,0.1075,0.11,0.006,0.3639,1924.26,0
2026-08-19T09:50:00Z,BTC,538,72,6,0.16,0.1825,0.2,0.0144,0.2594,64701.97,0
2026-08-19T09:50:00Z,ETH,412,40,2,0.1,0.1,0.1,0.006,0.3634,1923.99,0
2026-08-19T09:51:00Z,BTC,538,72,6,0.165,0.1775,0.2,0.0144,0.2595,64702.71,0
2026-08-19T09:51:00Z,ETH,412,40,2,0.105,0.1075,0.11,0.006,0.3636,1924.4,0
2026-08-19T09:52:00Z,BTC,538,72,6,0.16,0.1825,0.19,0.0144,0.2595,64703.33,0
2026-08-19T09:52:00Z,ETH,412,40,2,0.1,0.1,0.1,0.006,0.3632,1924.08,0
2026-08-19T09:53:00Z,BTC,538,72,6,0.16,0.175,0.2,0.0144,0.2593,64702.1,0
2026-08-19T09:53:00Z,ETH,412,40,2,0.16,0.185,0.21,0.0088,0.3636,1923.82,0
2026-08-19T09:54:00Z,BTC,538,72,6,0.165,0.185,0.2,0.0143,0.2556,64733.06,0
2026-08-19T09:54:00Z,ETH,412,40,2,0.155,0.1825,0.21,0.0091,0.3641,1924.55,0
2026-08-19T09:55:00Z,BTC,538,72,6,0.17,0.185,0.19,0.0143,0.2554,64728.48,0
2026-08-19T09:55:00Z,ETH,412,40,2,0.1,0.1,0.1,0.006,0.3639,1924.37,0
2026-08-19T09:56:00Z,BTC,538,72,6,0.16,0.1825,0.2,0.0143,0.2557,64728.2,0
2026-08-19T09:56:00Z,ETH,412,40,2,0.1,0.1,0.1,0.006,0.3633,1924.68,0
2026-08-19T09:57:00Z,BTC,538,72,6,0.165,0.1775,0.2,0.0143,0.2555,64725.34,0
2026-08-19T09:57:00Z,ETH,412,40,2,0.1,0.1,0.1,0.0059,0.3639,1924.69,0
2026-08-19T09:58:00Z,BTC,538,72,6,0.16,0.1825,0.2,0.0143,0.2552,64739.46,0
2026-08-19T09:58:00Z,ETH,412,40,2,0.11,0.11,0.11,0.006,0.3636,1925.09,0
2026-08-19T09:59:00Z,BTC,538,72,6,0.17,0.1775,0.19,0.0143,0.2546,64739.76,0
2026-08-19T09:59:00Z,ETH,412,40,2,0.155,0.1825,0.21,0.0091,0.3639,1924.95,0
2026-08-19T10:00:00Z,BTC,538,72,6,0.165,0.185,0.2,0.0143,0.255,64734.54,0
2026-08-19T10:00:00Z,ETH,412,40,2,0.155,0.1825,0.21,0.0091,0.3636,1924.76,0
2026-08-19T10:01:00Z,BTC,538,72,6,0.165,0.185,0.2,0.0145,0.2555,64716.25,0
2026-08-19T10:01:00Z,ETH,412,40,2,0.155,0.1825,0.21,0.0091,0.3632,1923.75,0
2026-08-19T10:02:00Z,BTC,538,72,6,0.17,0.1775,0.19,0.0145,0.2554,64718.45,0
2026-08-19T10:02:00Z,ETH,412,40,2,0.11,0.11,0.11,0.006,0.3631,1923.94,0
2026-08-19T10:03:00Z,BTC,538,72,6,0.165,0.185,0.2,0.0145,0.2552,64723.07,0
2026-08-19T10:03:00Z,ETH,412,40,2,0.215,0.2175,0.22,0.012,0.3632,1923.94,0
2026-08-19T10:04:00Z,BTC,538,72,6,0.17,0.185,0.19,0.0145,0.2551,64724.66,0
2026-08-19T10:04:00Z,ETH,412,40,2,0.155,0.1825,0.21,0.0091,0.3633,1923.96,0
2026-08-19T10:05:00Z,BTC,538,72,6,0.165,0.1775,0.19,0.0145,0.2551,64714.95,0
2026-08-19T10:05:00Z,ETH,412,40,2,0.11,0.11,0.11,0.006,0.3639,1924.14,0
2026-08-19T10:06:00Z,BTC,538,72,6,0.17,0.185,0.19,0.0145,0.2574,64712.53,0
2026-08-19T10:06:00Z,ETH,412,40,2,0.105,0.1075,0.11,0.006,0.3627,1924.2,0
2026-08-19T10:07:00Z,BTC,538,72,6,0.17,0.1775,0.2,0.0145,0.2555,64716.15,0
2026-08-19T10:07:00Z,ETH,412,40,2,0.105,0.1075,0.11,0.006,0.3634,1924.35,0
2026-08-19T10:08:00Z,BTC,538,72,6,0.17,0.185,0.19,0.0145,0.259,64703.56,0
2026-08-19T10:08:00Z,ETH,412,40,2,0.155,0.1825,0.21,0.0092,0.3634,1923.92,0
2026-08-19T10:09:00Z,BTC,538,72,6,0.165,0.1775,0.2,0.0145,0.259,64704.61,0
2026-08-19T10:09:00Z,ETH,412,40,2,0.1,0.1,0.1,0.006,0.3634,1923.96,0
2026-08-19T10:10:00Z,BTC,538,72,6,0.165,0.185,0.2,0.0145,0.2586,64688.83,0
2026-08-19T10:10:00Z,ETH,412,40,2,0.1,0.1,0.1,0.006,0.3631,1923.78,0
2026-08-19T10:11:00Z,BTC,538,72,6,0.165,0.185,0.19,0.0145,0.2593,64694.44,0
2026-08-19T10:11:00Z,ETH,412,40,2,0.155,0.1825,0.21,0.0091,0.3633,1924.36,0
2026-08-19T10:12:00Z,BTC,538,72,6,0.17,0.185,0.2,0.0145,0.2593,64688.59,0
2026-08-19T10:12:00Z,ETH,412,40,2,0.16,0.185,0.21,0.0092,0.3634,1923.88,0
2026-08-19T10:13:00Z,BTC,538,72,6,0.17,0.185,0.19,0.0144,0.2596,64705.47,0
2026-08-19T10:13:00Z,ETH,412,40,2,0.16,0.185,0.21,0.0091,0.3636,1924.44,0
2026-08-19T10:14:00Z,BTC,538,72,6,0.165,0.185,0.2,0.0144,0.2584,64708.46,0
2026-08-19T10:14:00Z,ETH,412,40,2,0.105,0.1075,0.11,0.006,0.3633,1924.54,0
2026-08-19T10:15:00Z,BTC,538,72,6,0.165,0.1775,0.19,0.0144,0.2605,64703.29,0
2026-08-19T10:15:00Z,ETH,412,40,2,0.11,0.11,0.11,0.006,0.3625,1924.02,0
2026-08-19T10:16:00Z,BTC,538,72,6,0.165,0.185,0.2,0.0144,0.2601,64703.17,0
2026-08-19T10:16:00Z,ETH,412,40,2,0.105,0.1075,0.11,0.006,0.3629,1924.36,0
2026-08-19T10:17:00Z,BTC,538,72,6,0.165,0.185,0.19,0.0144,0.259,64707.83,0
2026-08-19T10:17:00Z,ETH,412,40,2,0.105,0.1075,0.11,0.006,0.363,1924.52,0
2026-08-19T10:18:00Z,BTC,538,72,6,0.16,0.175,0.2,0.0144,0.2579,64707.85,0
2026-08-19T10:18:00Z,ETH,412,40,2,0.11,0.11,0.11,0.006,0.3626,1924.71,0
2026-08-19T10:19:00Z,BTC,538,72,6,0.16,0.1825,0.2,0.0144,0.2579,64707.37,0
2026-08-19T10:19:00Z,ETH,412,40,2,0.1,0.1,0.1,0.006,0.3628,1924.92,0
2026-08-19T10:20:00Z,BTC,538,72,6,0.165,0.1775,0.2,0.0144,0.2578,64709.77,0
2026-08-19T10:20:00Z,ETH,412,40,2,0.1,0.1,0.1,0.006,0.3631,1924.75,0
2026-08-19T10:21:00Z,BTC,538,72,6,0.165,0.1775,0.2,0.0144,0.2581,64710.92,0
2026-08-19T10:21:00Z,ETH,412,40,2,0.105,0.1075,0.11,0.006,0.3634,1924.97,0
2026-08-19T10:22:00Z,BTC,538,72,6,0.165,0.185,0.2,0.0145,0.2586,64714.22,0
2026-08-19T10:22:00Z,ETH,412,40,2,0.1,0.1,0.1,0.006,0.3623,1925.24,0
2026-08-19T10:23:00Z,BTC,538,72,6,0.165,0.185,0.19,0.0144,0.26,64696.22,0
2026-08-19T10:23:00Z,ETH,412,40,2,0.1,0.1,0.1,0.006,0.3624,1924.28,0
2026-08-19T10:24:00Z,BTC,538,72,6,0.165,0.185,0.19,0.0144,0.2601,64692.04,0
2026-08-19T10:24:00Z,ETH,412,40,2,0.1,0.1,0.1,0.006,0.3622,1923.77,0
2026-08-19T10:25:00Z,BTC,538,72,6,0.165,0.1775,0.2,0.0144,0.2598,64686.87,0
2026-08-19T10:25:00Z,ETH,412,40,2,0.105,0.1075,0.11,0.006,0.362,1923.19,0
2026-08-19T10:26:00Z,BTC,538,72,6,0.16,0.1825,0.2,0.0144,0.2601,64691.35,0
2026-08-19T10:26:00Z,ETH,412,40,2,0.155,0.1825,0.21,0.0093,0.3609,1923.15,0
2026-08-19T10:27:00Z,BTC,538,72,6,0.165,0.185,0.2,0.0144,0.26,64693.23,0
2026-08-19T10:27:00Z,ETH,412,40,2,0.155,0.1825,0.21,0.0093,0.3609,1923.07,0
2026-08-19T10:28:00Z,BTC,538,72,6,0.165,0.185,0.19,0.0144,0.26,64695.86,0
2026-08-19T10:28:00Z,ETH,412,40,2,0.11,0.11,0.11,0.006,0.3605,1923.25,0
2026-08-19T10:29:00Z,BTC,538,72,6,0.16,0.1825,0.2,0.0142,0.2589,64720.17,0
2026-08-19T10:29:00Z,ETH,412,40,2,0.105,0.1075,0.11,0.006,0.3618,1923.93,0
2026-08-19T10:30:00Z,BTC,538,72,6,0.165,0.185,0.2,0.0144,0.2606,64703.04,0
2026-08-19T10:30:00Z,ETH,412,40,2,0.155,0.1825,0.21,0.0092,0.3622,1923.36,0
2026-08-19T10:31:00Z,BTC,538,72,6,0.17,0.1775,0.2,0.0144,0.2601,64702.52,0
2026-08-19T10:31:00Z,ETH,412,40,2,0.11,0.11,0.11,0.006,0.3621,1923.47,0
2026-08-19T10:32:00Z,BTC,538,72,6,0.16,0.1825,0.2,0.0142,0.259,64709.9,0
2026-08-19T10:32:00Z,ETH,412,40,2,0.11,0.11,0.11,0.006,0.3625,1923.83,0
2026-08-19T10:33:00Z,BTC,538,72,6,0.16,0.1825,0.2,0.0142,0.2593,64706.25,0
2026-08-19T10:33:00Z,ETH,412,40,2,0.1,0.1,0.1,0.006,0.3622,1923.91,0
2026-08-19T10:34:00Z,BTC,538,72,6,0.17,0.185,0.19,0.0143,0.257,64712.94,0
2026-08-19T10:34:00Z,ETH,412,40,2,0.105,0.1075,0.11,0.006,0.3622,1924.07,0
2026-08-19T10:35:00Z,BTC,538,72,6,0.165,0.185,0.19,0.0143,0.2589,64713.2,0
2026-08-19T10:35:00Z,ETH,412,40,2,0.105,0.1075,0.11,0.006,0.3625,1924.02,0
2026-08-19T10:36:00Z,BTC,538,72,6,0.17,0.185,0.19,0.0143,0.2578,64726.44,0
2026-08-19T10:36:00Z,ETH,412,40,2,0.1,0.1,0.1,0.006,0.3622,1924.38,0
2026-08-19T10:37:00Z,BTC,538,72,6,0.165,0.185,0.19,0.0142,0.258,64725.83,0
2026-08-19T10:37:00Z,ETH,412,40,2,0.105,0.1075,0.11,0.006,0.362,1924.64,0
2026-08-19T10:38:00Z,BTC,538,72,6,0.165,0.185,0.19,0.0142,0.2581,64731.33,0
2026-08-19T10:38:00Z,ETH,412,40,2,0.1,0.1,0.1,0.006,0.3624,1924.57,0
2026-08-19T10:39:00Z,BTC,538,72,6,0.17,0.1775,0.19,0.0142,0.2576,64732.45,0
2026-08-19T10:39:00Z,ETH,412,40,2,0.16,0.185,0.21,0.0092,0.3622,1924.54,0
2026-08-19T10:40:00Z,BTC,538,72,6,0.16,0.1825,0.2,0.0142,0.2592,64711.86,0
2026-08-19T10:40:00Z,ETH,412,40,2,0.16,0.185,0.21,0.0092,0.3627,1924.43,0
2026-08-19T10:41:00Z,BTC,538,72,6,0.16,0.175,0.19,0.0142,0.2599,64709.81,0
2026-08-19T10:41:00Z,ETH,412,40,2,0.21,0.265,0.32,0.0123,0.3624,1924.14,0
2026-08-19T10:42:00Z,BTC,538,72,6,0.165,0.185,0.19,0.0142,0.2599,64714.54,0
2026-08-19T10:42:00Z,ETH,412,40,2,0.16,0.185,0.21,0.0092,0.3634,1924.46,0
2026-08-19T10:43:00Z,BTC,538,72,6,0.165,0.1775,0.19,0.0142,0.2594,64718.78,0
2026-08-19T10:43:00Z,ETH,412,40,2,0.155,0.1825,0.21,0.0088,0.3633,1924.59,0
2026-08-19T10:44:00Z,BTC,538,72,6,0.17,0.1775,0.2,0.0142,0.2572,64724.07,0
2026-08-19T10:44:00Z,ETH,412,40,2,0.11,0.11,0.11,0.006,0.3636,1924.72,0
2026-08-19T10:45:00Z,BTC,538,72,6,0.17,0.1775,0.2,0.0142,0.2596,64718.65,0
2026-08-19T10:45:00Z,ETH,412,40,2,0.1,0.1,0.1,0.006,0.3634,1924.59,0
2026-08-19T10:46:00Z,BTC,538,72,6,0.165,0.1775,0.2,0.0142,0.258,64719.36,0
2026-08-19T10:46:00Z,ETH,412,40,2,0.16,0.185,0.21,0.0091,0.3636,1924.53,0
2026-08-19T10:47:00Z,BTC,538,72,6,0.165,0.1775,0.19,0.0142,0.2568,64730.88,0
2026-08-19T10:47:00Z,ETH,412,40,2,0.11,0.11,0.11,0.006,0.3632,1924.91,0
2026-08-19T10:48:00Z,BTC,538,72,6,0.165,0.185,0.2,0.0142,0.2569,64732.2,0
2026-08-19T10:48:00Z,ETH,412,40,2,0.105,0.1075,0.11,0.006,0.3627,1925.3,0
2026-08-19T10:49:00Z,BTC,538,72,6,0.165,0.1775,0.19,0.0142,0.2597,64715.6,0
2026-08-19T10:49:00Z,ETH,412,40,2,0.105,0.1075,0.11,0.006,0.363,1924.9,0
2026-08-19T10:50:00Z,BTC,538,72,6,0.16,0.1825,0.19,0.0142,0.2576,64732.48,0
2026-08-19T10:50:00Z,ETH,412,40,2,0.155,0.1825,0.21,0.0089,0.3629,1925.37,0
2026-08-19T10:51:00Z,BTC,538,72,6,0.165,0.185,0.2,0.0142,0.2571,64734.26,0
2026-08-19T10:51:00Z,ETH,412,40,2,0.11,0.11,0.11,0.0061,0.3629,1925.39,0
2026-08-19T10:52:00Z,BTC,538,72,6,0.165,0.1775,0.19,0.0142,0.2566,64733.5,0
2026-08-19T10:52:00Z,ETH,412,40,2,0.11,0.11,0.11,0.0061,0.3628,1925.36,0
2026-08-19T10:53:00Z,BTC,538,72,6,0.165,0.1775,0.2,0.0142,0.2569,64728.98,0
2026-08-19T10:53:00Z,ETH,412,40,2,0.1,0.1,0.1,0.006,0.3629,1924.99,0
2026-08-19T10:54:00Z,BTC,538,72,6,0.17,0.1775,0.2,0.0142,0.2582,64722.09,0
2026-08-19T10:54:00Z,ETH,412,40,2,0.105,0.1075,0.11,0.006,0.3629,1924.81,0
2026-08-19T10:55:00Z,BTC,538,72,6,0.17,0.185,0.19,0.0143,0.2566,64751.15,0
2026-08-19T10:55:00Z,ETH,412,40,2,0.105,0.1075,0.11,0.006,0.3635,1925.37,0
2026-08-19T10:56:00Z,BTC,538,72,6,0.17,0.185,0.2,0.0143,0.2569,64748.19,0
2026-08-19T10:56:00Z,ETH,412,40,2,0.11,0.11,0.11,0.006,0.3633,1925.68,0
2026-08-19T10:57:00Z,BTC,538,72,6,0.165,0.185,0.2,0.0143,0.2569,64747.8,0
2026-08-19T10:57:00Z,ETH,412,40,2,0.11,0.11,0.11,0.006,0.3631,1925.64,0
2026-08-19T10:58:00Z,BTC,538,72,6,0.16,0.175,0.19,0.0143,0.2566,64755.68,0
2026-08-19T10:58:00Z,ETH,412,40,2,0.11,0.11,0.11,0.0061,0.3629,1925.79,0
2026-08-19T10:59:00Z,BTC,538,72,6,0.165,0.185,0.19,0.0143,0.2561,64776.54,0
2026-08-19T10:59:00Z,ETH,412,40,2,0.1,0.1,0.1,0.0061,0.3631,1925.88,0
2026-08-19T11:00:00Z,BTC,538,72,6,0.165,0.185,0.19,0.0142,0.2567,64771.34,0
2026-08-19T11:00:00Z,ETH,412,40,2,0.11,0.11,0.11,0.006,0.3623,1925.69,0
2026-08-19T11:01:00Z,BTC,538,72,6,0.16,0.1825,0.19,0.0143,0.2566,64774.72,0
2026-08-19T11:01:00Z,ETH,412,40,2,0.105,0.1075,0.11,0.006,0.3631,1925.72,0
2026-08-19T11:02:00Z,BTC,538,72,6,0.165,0.185,0.19,0.0141,0.257,64791.98,0
2026-08-19T11:02:00Z,ETH,412,40,2,0.11,0.11,0.11,0.006,0.3629,1925.83,0
2026-08-19T11:03:00Z,BTC,538,72,6,0.17,0.1775,0.19,0.0141,0.2571,64803.11,0
2026-08-19T11:03:00Z,ETH,412,40,2,0.11,0.11,0.11,0.006,0.3636,1926.83,0
2026-08-19T11:04:00Z,BTC,538,72,6,0.16,0.1825,0.19,0.0141,0.2575,64815.65,0
2026-08-19T11:04:00Z,ETH,412,40,2,0.105,0.1075,0.11,0.006,0.364,1927.17,0
2026-08-19T11:05:00Z,BTC,538,72,6,0.165,0.1775,0.19,0.014,0.2581,64816.41,0
2026-08-19T11:05:00Z,ETH,412,40,2,0.155,0.1825,0.21,0.009,0.3642,1928.49,0
2026-08-19T11:06:00Z,BTC,538,72,6,0.165,0.185,0.19,0.0139,0.2581,64831.43,0
2026-08-19T11:06:00Z,ETH,412,40,2,0.155,0.1825,0.21,0.0089,0.3638,1929.66,0
2026-08-19T11:07:00Z,BTC,538,72,5,0.17,0.18,0.19,0.0144,0.2587,64839.81,0
2026-08-19T11:07:00Z,ETH,412,40,2,0.27,0.3,0.33,0.015,0.3647,1930.83,0
2026-08-19T11:08:00Z,BTC,538,72,6,0.165,0.1775,0.2,0.014,0.2574,64840.96,0
2026-08-19T11:08:00Z,ETH,412,40,2,0.26,0.28,0.3,0.0148,0.3641,1930.35,0
2026-08-19T11:09:00Z,BTC,538,72,6,0.16,0.1825,0.19,0.014,0.257,64825.14,0
2026-08-19T11:09:00Z,ETH,412,40,2,0.105,0.1075,0.11,0.006,0.3643,1929.52,0
2026-08-19T11:10:00Z,BTC,538,72,6,0.165,0.1775,0.19,0.014,0.2576,64840.29,0
2026-08-19T11:10:00Z,ETH,412,40,2,0.155,0.1775,0.2,0.0089,0.3643,1930.01,0
2026-08-19T11:11:00Z,BTC,538,72,6,0.165,0.185,0.19,0.014,0.2577,64837.45,0
2026-08-19T11:11:00Z,ETH,412,40,2,0.105,0.1075,0.11,0.0059,0.3652,1929.97,0
2026-08-19T11:12:00Z,BTC,538,72,6,0.17,0.185,0.19,0.014,0.2574,64810.83,0
2026-08-19T11:12:00Z,ETH,412,40,2,0.205,0.2075,0.21,0.0119,0.3644,1930.04,0
2026-08-19T11:13:00Z,BTC,538,72,6,0.165,0.1775,0.19,0.014,0.2583,64827.9,0
2026-08-19T11:13:00Z,ETH,412,40,2,0.315,0.3225,0.33,0.0178,0.3644,1931.16,0
2026-08-19T11:14:00Z,BTC,538,72,6,0.16,0.1825,0.19,0.014,0.2575,64822.04,0
2026-08-19T11:14:00Z,ETH,412,40,2,0.105,0.1075,0.11,0.006,0.3643,1930.58,0
2026-08-19T11:15:00Z,BTC,538,72,6,0.165,0.185,0.2,0.014,0.2582,64815.32,0
2026-08-19T11:15:00Z,ETH,412,40,2,0.105,0.1075,0.11,0.0059,0.3646,1930.09,0
2026-08-19T11:16:00Z,BTC,538,72,6,0.16,0.1825,0.19,0.014,0.2581,64797.53,0
2026-08-19T11:16:00Z,ETH,412,40,2,0.105,0.1075,0.11,0.006,0.3636,1927.66,0
2026-08-19T11:17:00Z,BTC,538,72,6,0.165,0.185,0.19,0.0139,0.2586,64802.36,0
2026-08-19T11:17:00Z,ETH,412,40,2,0.105,0.1075,0.11,0.006,0.3649,1926.52,0
2026-08-19T11:18:00Z,BTC,538,72,6,0.165,0.185,0.19,0.0139,0.2586,64803.26,0
2026-08-19T11:18:00Z,ETH,412,40,2,0.105,0.1075,0.11,0.006,0.3635,1926.49,0
2026-08-19T11:19:00Z,BTC,538,72,6,0.165,0.185,0.19,0.0139,0.2586,64824.85,0
2026-08-19T11:19:00Z,ETH,412,40,2,0.1,0.1,0.1,0.006,0.3642,1928.28,0
2026-08-19T11:20:00Z,BTC,538,72,6,0.165,0.185,0.19,0.014,0.2581,64820.55,0
2026-08-19T11:20:00Z,ETH,412,40,2,0.11,0.11,0.11,0.006,0.3642,1927.79,0
2026-08-19T11:21:00Z,BTC,538,72,6,0.165,0.1775,0.19,0.014,0.2591,64816.94,0
2026-08-19T11:21:00Z,ETH,412,40,2,0.155,0.1825,0.21,0.009,0.3641,1927.82,0
2026-08-19T11:22:00Z,BTC,538,72,5,0.17,0.19,0.19,0.0144,0.2588,64830.9,0
2026-08-19T11:22:00Z,ETH,412,40,2,0.11,0.11,0.11,0.006,0.3642,1928.77,0
2026-08-19T11:23:00Z,BTC,538,72,5,0.17,0.19,0.19,0.0144,0.259,64832.92,0
2026-08-19T11:23:00Z,ETH,412,40,2,0.1,0.1,0.1,0.006,0.3642,1928.77,0
2026-08-19T11:24:00Z,BTC,538,72,5,0.17,0.18,0.19,0.0144,0.259,64840.51,0
2026-08-19T11:24:00Z,ETH,412,40,2,0.155,0.1825,0.21,0.009,0.3647,1929.04,0
2026-08-19T11:25:00Z,BTC,538,72,5,0.17,0.19,0.19,0.0144,0.259,64838.21,0
2026-08-19T11:25:00Z,ETH,412,40,2,0.105,0.1075,0.11,0.006,0.365,1928.86,0
2026-08-19T11:26:00Z,BTC,538,72,5,0.16,0.18,0.19,0.0144,0.2596,64838.45,0
2026-08-19T11:26:00Z,ETH,412,40,2,0.105,0.1075,0.11,0.006,0.365,1928.82,0
2026-08-19T11:27:00Z,BTC,538,72,5,0.17,0.18,0.19,0.0144,0.2596,64840.33,0
2026-08-19T11:27:00Z,ETH,412,40,2,0.105,0.1075,0.11,0.006,0.3648,1928.68,0
2026-08-19T11:28:00Z,BTC,538,72,6,0.16,0.1825,0.19,0.0139,0.2595,64818.08,0
2026-08-19T11:28:00Z,ETH,412,40,2,0.1,0.1,0.1,0.006,0.3649,1927.89,0
2026-08-19T11:29:00Z,BTC,538,72,6,0.16,0.1825,0.19,0.0139,0.2595,64819.11,0
2026-08-19T11:29:00Z,ETH,412,40,2,0.1,0.1,0.1,0.006,0.3647,1927.91,0
2026-08-19T11:30:00Z,BTC,538,72,6,0.165,0.185,0.19,0.0139,0.2594,64824.33,0
2026-08-19T11:30:00Z,ETH,412,40,2,0.105,0.1075,0.11,0.006,0.3641,1928.49,0
2026-08-19T11:31:00Z,BTC,538,72,6,0.165,0.185,0.19,0.0139,0.2588,64836.61,0
2026-08-19T11:31:00Z,ETH,412,40,2,0.1,0.1,0.1,0.006,0.3644,1929.1,0
2026-08-19T11:32:00Z,BTC,538,72,6,0.165,0.185,0.19,0.0139,0.2588,64839.78,0
2026-08-19T11:32:00Z,ETH,412,40,2,0.11,0.11,0.11,0.006,0.3644,1929.1,0
2026-08-19T11:33:00Z,BTC,538,72,5,0.17,0.19,0.19,0.0144,0.2588,64843.17,0
2026-08-19T11:33:00Z,ETH,412,40,2,0.1,0.1,0.1,0.006,0.3648,1929.35,0
2026-08-19T11:34:00Z,BTC,538,72,6,0.165,0.185,0.19,0.014,0.259,64826.45,0
2026-08-19T11:34:00Z,ETH,412,40,2,0.155,0.1825,0.21,0.009,0.365,1929.75,0
2026-08-19T11:35:00Z,BTC,538,72,6,0.17,0.185,0.19,0.014,0.2588,64823.83,0
2026-08-19T11:35:00Z,ETH,412,40,2,0.11,0.11,0.11,0.006,0.3649,1929.7,0
2026-08-19T11:36:00Z,BTC,538,72,6,0.165,0.1775,0.19,0.014,0.2583,64811.99,0
2026-08-19T11:36:00Z,ETH,412,40,2,0.16,0.185,0.21,0.0089,0.364,1928.54,0
2026-08-19T11:37:00Z,BTC,538,72,6,0.16,0.175,0.19,0.014,0.2585,64832.97,0
2026-08-19T11:37:00Z,ETH,412,40,2,0.16,0.19,0.22,0.009,0.3651,1929.83,0
2026-08-19T11:38:00Z,BTC,538,72,6,0.16,0.1825,0.19,0.014,0.2586,64818.57,0
2026-08-19T11:38:00Z,ETH,412,40,2,0.105,0.1075,0.11,0.0059,0.3644,1928.78,0
2026-08-19T11:39:00Z,BTC,538,72,6,0.17,0.185,0.19,0.014,0.2585,64812.47,0
2026-08-19T11:39:00Z,ETH,412,40,2,0.105,0.1075,0.11,0.006,0.3647,1928.69,0
2026-08-19T11:40:00Z,BTC,538,72,6,0.165,0.185,0.19,0.0139,0.2582,64807.24,0
2026-08-19T11:40:00Z,ETH,412,40,2,0.105,0.1075,0.11,0.006,0.3644,1928.57,0
2026-08-19T11:41:00Z,BTC,538,72,6,0.16,0.175,0.19,0.0139,0.2583,64803.79,0
2026-08-19T11:41:00Z,ETH,412,40,2,0.105,0.1075,0.11,0.006,0.3643,1928.61,0
2026-08-19T11:42:00Z,BTC,538,72,6,0.165,0.185,0.19,0.0139,0.2586,64785.66,0
2026-08-19T11:42:00Z,ETH,412,40,2,0.105,0.1075,0.11,0.006,0.3644,1928.08,0
2026-08-19T11:43:00Z,BTC,538,72,6,0.165,0.1775,0.19,0.0139,0.2589,64782.89,0
2026-08-19T11:43:00Z,ETH,412,40,2,0.105,0.1075,0.11,0.006,0.3652,1927.85,0
2026-08-19T11:44:00Z,BTC,538,72,6,0.165,0.185,0.19,0.0139,0.2591,64783.1,0
2026-08-19T11:44:00Z,ETH,412,40,2,0.105,0.1075,0.11,0.006,0.3651,1927.9,0
2026-08-19T11:45:00Z,BTC,538,72,6,0.165,0.185,0.19,0.0139,0.2582,64805.21,0
2026-08-19T11:45:00Z,ETH,412,40,2,0.105,0.1075,0.11,0.006,0.3648,1928.61,0
2026-08-19T11:46:00Z,BTC,538,72,6,0.16,0.1825,0.19,0.014,0.2584,64807.32,0
2026-08-19T11:46:00Z,ETH,412,40,2,0.11,0.11,0.11,0.0059,0.3649,1928.43,0
2026-08-19T11:47:00Z,BTC,538,72,6,0.165,0.1775,0.19,0.014,0.2584,64807.56,0
2026-08-19T11:47:00Z,ETH,412,40,2,0.105,0.1075,0.11,0.006,0.3649,1928.38,0
2026-08-19T11:48:00Z,BTC,538,72,6,0.165,0.1775,0.19,0.014,0.2585,64807.98,0
2026-08-19T11:48:00Z,ETH,412,40,2,0.105,0.1075,0.11,0.006,0.3646,1928.25,0
2026-08-19T11:49:00Z,BTC,538,72,6,0.165,0.185,0.19,0.0139,0.2585,64818.63,0
2026-08-19T11:49:00Z,ETH,412,40,2,0.11,0.11,0.11,0.006,0.3649,1928.34,0
2026-08-19T11:50:00Z,BTC,538,72,6,0.16,0.1825,0.19,0.0139,0.2589,64824.01,0
2026-08-19T11:50:00Z,ETH,412,40,2,0.11,0.11,0.11,0.006,0.3652,1928.58,0
2026-08-19T11:51:00Z,BTC,538,72,6,0.165,0.185,0.19,0.0139,0.2584,64833.04,0
2026-08-19T11:51:00Z,ETH,412,40,2,0.105,0.1075,0.11,0.006,0.3656,1928.78,0
2026-08-19T11:52:00Z,BTC,538,72,5,0.17,0.19,0.19,0.0142,0.2591,64838.98,0
2026-08-19T11:52:00Z,ETH,412,40,2,0.105,0.1075,0.11,0.006,0.3656,1928.89,0
2026-08-19T11:53:00Z,BTC,538,72,6,0.17,0.1775,0.19,0.0139,0.2591,64803.48,0
2026-08-19T11:53:00Z,ETH,412,40,2,0.105,0.1075,0.11,0.006,0.365,1928.23,0
2026-08-19T11:54:00Z,BTC,538,72,6,0.165,0.185,0.19,0.0139,0.2594,64823.89,0
2026-08-19T11:54:00Z,ETH,412,40,2,0.105,0.1075,0.11,0.006,0.3651,1928.57,0
2026-08-19T11:55:00Z,BTC,538,72,6,0.165,0.185,0.19,0.0139,0.2593,64823.73,0
2026-08-19T11:55:00Z,ETH,412,40,2,0.105,0.1075,0.11,0.006,0.365,1928.34,0
2026-08-19T11:56:00Z,BTC,538,72,6,0.165,0.1775,0.19,0.0139,0.259,64833.21,0
2026-08-19T11:56:00Z,ETH,412,40,2,0.105,0.1075,0.11,0.0059,0.3649,1928.68,0
2026-08-19T11:57:00Z,BTC,538,72,6,0.165,0.185,0.19,0.0139,0.259,64832.16,0
2026-08-19T11:57:00Z,ETH,412,40,2,0.155,0.1825,0.21,0.0089,0.3654,1928.69,0
2026-08-19T11:58:00Z,BTC,538,72,6,0.165,0.185,0.19,0.0139,0.2589,64829.26,0
2026-08-19T11:58:00Z,ETH,412,40,2,0.16,0.185,0.21,0.0089,0.3654,1928.75,0
2026-08-19T11:59:00Z,BTC,538,72,6,0.16,0.1825,0.19,0.0139,0.2589,64828.8,0
2026-08-19T11:59:00Z,ETH,412,40,2,0.105,0.1075,0.11,0.0059,0.3654,1928.66,0
2026-08-19T12:00:00Z,BTC,538,72,6,0.165,0.1775,0.19,0.0139,0.2587,64806.19,0
2026-08-19T12:00:00Z,ETH,412,40,2,0.1,0.1,0.1,0.006,0.3664,1928.72,0
2026-08-19T12:01:00Z,BTC,538,72,6,0.165,0.1775,0.19,0.0139,0.2595,64806.71,0
2026-08-19T12:01:00Z,ETH,412,40,2,0.105,0.1075,0.11,0.006,0.3657,1928.7,0
2026-08-19T12:02:00Z,BTC,538,72,6,0.16,0.1825,0.19,0.0139,0.2591,64823.78,0
2026-08-19T12:02:00Z,ETH,412,40,2,0.105,0.1075,0.11,0.006,0.3657,1929.34,0
2026-08-19T12:03:00Z,BTC,538,72,6,0.165,0.185,0.19,0.0139,0.259,64810.18,0
2026-08-19T12:03:00Z,ETH,412,40,2,0.11,0.11,0.11,0.006,0.3652,1929.05,0
2026-08-19T12:04:00Z,BTC,538,72,6,0.165,0.185,0.19,0.0139,0.2592,64806.01,0
2026-08-19T12:04:00Z,ETH,412,40,2,0.105,0.1075,0.11,0.0059,0.3655,1928.6,0
2026-08-19T12:05:00Z,BTC,538,72,6,0.16,0.1825,0.19,0.0139,0.2591,64801.04,0
2026-08-19T12:05:00Z,ETH,412,40,2,0.105,0.1075,0.11,0.0059,0.3651,1928.08,0
2026-08-19T12:06:00Z,BTC,538,72,6,0.165,0.185,0.19,0.0139,0.2593,64806.55,0
2026-08-19T12:06:00Z,ETH,412,40,2,0.105,0.1075,0.11,0.006,0.3651,1928.53,0
2026-08-19T12:07:00Z,BTC,538,72,5,0.17,0.19,0.19,0.0142,0.2593,64833.52,0
2026-08-19T12:07:00Z,ETH,412,40,2,0.105,0.1075,0.11,0.006,0.3652,1929.5,0
2026-08-19T12:08:00Z,BTC,538,72,5,0.17,0.19,0.19,0.0142,0.2591,64834.95,0
2026-08-19T12:08:00Z,ETH,412,40,2,0.105,0.1075,0.11,0.0059,0.3651,1929.75,0
2026-08-19T12:09:00Z,BTC,538,72,6,0.17,0.185,0.19,0.0139,0.2594,64818.12,0
2026-08-19T12:09:00Z,ETH,412,40,2,0.105,0.1075,0.11,0.0059,0.3654,1928.89,0
2026-08-19T12:10:00Z,BTC,538,72,6,0.17,0.185,0.19,0.0138,0.2589,64821.81,0
2026-08-19T12:10:00Z,ETH,412,40,2,0.11,0.11,0.11,0.0059,0.3653,1928.98,0
2026-08-19T12:11:00Z,BTC,538,72,6,0.17,0.1775,0.18,0.0138,0.2602,64814.62,0
2026-08-19T12:11:00Z,ETH,412,40,2,0.105,0.1075,0.11,0.0059,0.3652,1928.56,0
2026-08-19T12:12:00Z,BTC,538,72,6,0.16,0.1825,0.19,0.0138,0.2602,64809.28,0
2026-08-19T12:12:00Z,ETH,412,40,2,0.1,0.1,0.1,0.0059,0.3655,1928.24,0
2026-08-19T12:13:00Z,BTC,538,72,6,0.165,0.1775,0.19,0.0137,0.2605,64827.67,0
2026-08-19T12:13:00Z,ETH,412,40,2,0.105,0.1075,0.11,0.006,0.3651,1929.32,0
2026-08-19T12:14:00Z,BTC,538,72,6,0.16,0.175,0.19,0.0137,0.2609,64830.0,0
2026-08-19T12:14:00Z,ETH,412,40,2,0.2,0.25,0.3,0.0118,0.3649,1929.85,0
2026-08-19T12:15:00Z,BTC,538,72,6,0.16,0.1825,0.19,0.0138,0.2608,64813.2,0
2026-08-19T12:15:00Z,ETH,412,40,2,0.105,0.1075,0.11,0.0059,0.3652,1928.63,0
2026-08-19T12:16:00Z,BTC,538,72,6,0.165,0.185,0.19,0.0138,0.2603,64822.61,0
2026-08-19T12:16:00Z,ETH,412,40,2,0.105,0.1075,0.11,0.006,0.3659,1929.12,0
2026-08-19T12:17:00Z,BTC,538,72,6,0.17,0.1775,0.19,0.0138,0.2602,64813.7,0
2026-08-19T12:17:00Z,ETH,412,40,2,0.105,0.1075,0.11,0.0059,0.3645,1928.81,0
2026-08-19T12:18:00Z,BTC,538,72,6,0.165,0.185,0.19,0.0138,0.26,64812.75,0
2026-08-19T12:18:00Z,ETH,412,40,2,0.105,0.1075,0.11,0.006,0.3658,1929.04,0
2026-08-19T12:19:00Z,BTC,538,72,6,0.165,0.1775,0.19,0.0138,0.26,64817.85,0
2026-08-19T12:19:00Z,ETH,412,40,2,0.105,0.1075,0.11,0.006,0.3654,1929.18,0
2026-08-19T12:20:00Z,BTC,538,72,6,0.16,0.1825,0.19,0.0138,0.2601,64812.72,0
2026-08-19T12:20:00Z,ETH,412,40,2,0.1,0.1,0.1,0.006,0.3655,1929.18,0
2026-08-19T12:21:00Z,BTC,538,72,6,0.165,0.185,0.19,0.0138,0.2605,64814.42,0
2026-08-19T12:21:00Z,ETH,412,40,2,0.1,0.1,0.1,0.006,0.365,1929.57,0
2026-08-19T12:22:00Z,BTC,538,72,6,0.165,0.185,0.19,0.0138,0.2603,64808.95,0
2026-08-19T12:22:00Z,ETH,412,40,2,0.105,0.1075,0.11,0.006,0.3653,1929.43,0
2026-08-19T12:23:00Z,BTC,538,72,6,0.16,0.175,0.19,0.0138,0.2605,64817.09,0
2026-08-19T12:23:00Z,ETH,412,40,2,0.105,0.1075,0.11,0.006,0.3654,1929.61,0
2026-08-19T12:24:00Z,BTC,538,72,6,0.16,0.1825,0.19,0.0138,0.2599,64816.21,0
2026-08-19T12:24:00Z,ETH,412,40,2,0.105,0.1075,0.11,0.006,0.3651,1928.92,0
2026-08-19T12:25:00Z,BTC,538,72,6,0.165,0.1775,0.19,0.0138,0.26,64812.27,0
2026-08-19T12:25:00Z,ETH,412,40,2,0.105,0.1075,0.11,0.006,0.3658,1928.6,0
2026-08-19T12:26:00Z,BTC,538,72,6,0.165,0.1775,0.19,0.0138,0.2602,64813.85,0
2026-08-19T12:26:00Z,ETH,412,40,2,0.105,0.1075,0.11,0.006,0.3667,1928.85,0
2026-08-19T12:27:00Z,BTC,538,72,6,0.165,0.185,0.19,0.0138,0.2602,64821.12,0
2026-08-19T12:27:00Z,ETH,412,40,2,0.205,0.2075,0.21,0.0119,0.3663,1929.15,0
2026-08-19T12:28:00Z,BTC,538,72,6,0.165,0.185,0.19,0.0138,0.2601,64822.27,0
2026-08-19T12:28:00Z,ETH,412,40,2,0.11,0.11,0.11,0.006,0.3664,1929.38,0
2026-08-19T12:29:00Z,BTC,538,72,6,0.16,0.1825,0.19,0.0138,0.2601,64812.99,0
2026-08-19T12:29:00Z,ETH,412,40,2,0.105,0.1075,0.11,0.0059,0.366,1928.96,0
2026-08-19T12:30:00Z,BTC,538,72,6,0.16,0.1825,0.19,0.0138,0.2609,64809.02,0
2026-08-19T12:30:00Z,ETH,412,40,2,0.105,0.1075,0.11,0.006,0.3661,1928.27,0
2026-08-19T12:31:00Z,BTC,538,72,6,0.165,0.185,0.19,0.0138,0.2603,64813.28,0
2026-08-19T12:31:00Z,ETH,412,40,2,0.155,0.1775,0.2,0.0089,0.3657,1928.62,0
2026-08-19T12:32:00Z,BTC,538,72,6,0.19,0.265,0.29,0.0184,0.2608,64811.64,0
2026-08-19T12:32:00Z,ETH,412,40,2,0.21,0.26,0.31,0.0118,0.3656,1928.93,0
2026-08-19T12:33:00Z,BTC,538,72,5,0.17,0.19,0.19,0.0142,0.2599,64858.27,0
2026-08-19T12:33:00Z,ETH,412,40,2,0.16,0.19,0.22,0.009,0.3653,1930.61,0
2026-08-19T12:34:00Z,BTC,538,72,5,0.31,0.31,0.35,0.0222,0.2609,64979.0,0
2026-08-19T12:34:00Z,ETH,412,40,2,0.31,0.355,0.4,0.0175,0.3665,1932.58,0
2026-08-19T12:35:00Z,BTC,538,72,5,0.18,0.18,0.2,0.0142,0.2609,64963.47,0
2026-08-19T12:35:00Z,ETH,412,40,2,0.155,0.1775,0.2,0.0088,0.3664,1932.29,0
2026-08-19T12:36:00Z,BTC,538,72,5,0.17,0.18,0.2,0.0144,0.2604,64991.6,0
2026-08-19T12:36:00Z,ETH,412,40,2,0.155,0.1775,0.2,0.0087,0.3674,1932.47,0
2026-08-19T12:37:00Z,BTC,538,72,5,0.17,0.18,0.2,0.0146,0.2605,65012.66,0
2026-08-19T12:37:00Z,ETH,412,40,2,0.105,0.1075,0.11,0.0059,0.3675,1933.03,0
2026-08-19T12:38:00Z,BTC,538,72,5,0.17,0.18,0.2,0.0148,0.2607,65034.99,0
2026-08-19T12:38:00Z,ETH,412,40,2,0.155,0.1775,0.2,0.0086,0.3676,1933.18,0
2026-08-19T12:39:00Z,BTC,538,72,5,0.17,0.17,0.2,0.0148,0.2607,65048.51,0
2026-08-19T12:39:00Z,ETH,412,40,2,0.105,0.1075,0.11,0.0059,0.368,1932.62,0
2026-08-19T12:40:00Z,BTC,538,72,5,0.17,0.18,0.2,0.0148,0.2613,65057.48,0
2026-08-19T12:40:00Z,ETH,412,40,2,0.155,0.1775,0.2,0.0086,0.3674,1932.57,0
2026-08-19T12:41:00Z,BTC,538,72,5,0.17,0.17,0.2,0.015,0.2614,65084.08,0
2026-08-19T12:41:00Z,ETH,412,40,2,0.105,0.1075,0.11,0.0059,0.3676,1933.5,0
2026-08-19T12:42:00Z,BTC,538,72,6,0.17,0.1775,0.21,0.014,0.2609,65195.95,0
2026-08-19T12:42:00Z,ETH,412,40,2,0.205,0.2525,0.3,0.0112,0.3688,1934.92,0
2026-08-19T12:43:00Z,BTC,538,72,6,0.165,0.185,0.21,0.014,0.2625,65193.38,0
2026-08-19T12:43:00Z,ETH,412,40,2,0.155,0.1775,0.2,0.0086,0.3686,1934.21,0
2026-08-19T12:44:00Z,BTC,538,72,5,0.16,0.16,0.19,0.0127,0.2601,65268.03,0
2026-08-19T12:44:00Z,ETH,412,40,2,0.11,0.115,0.12,0.0059,0.37,1938.66,0
2026-08-19T12:45:00Z,BTC,538,72,5,0.16,0.17,0.18,0.0127,0.2599,65244.1,0
2026-08-19T12:45:00Z,ETH,412,40,2,0.105,0.1075,0.11,0.0059,0.3693,1938.75,0
2026-08-19T12:46:00Z,BTC,538,72,5,0.16,0.16,0.18,0.0127,0.258,65242.05,0
2026-08-19T12:46:00Z,ETH,412,40,1,0.11,0.11,0.11,0.007,0.3714,1941.86,0
2026-08-19T12:47:00Z,BTC,538,72,5,0.16,0.17,0.19,0.0129,0.2595,65278.8,0
2026-08-19T12:47:00Z,ETH,412,40,1,0.23,0.23,0.23,0.0142,0.3714,1943.06,0
2026-08-19T12:48:00Z,BTC,538,72,5,0.16,0.17,0.19,0.0127,0.2614,65268.61,0
2026-08-19T12:48:00Z,ETH,412,40,1,0.12,0.12,0.12,0.007,0.3716,1942.49,0
2026-08-19T12:49:00Z,BTC,538,72,5,0.16,0.17,0.18,0.0129,0.2611,65300.55,0
2026-08-19T12:49:00Z,ETH,412,40,1,0.12,0.12,0.12,0.0075,,1948.53,0
2026-08-19T12:50:00Z,BTC,538,72,5,0.16,0.16,0.19,0.0129,0.2611,65266.73,0
2026-08-19T12:50:00Z,ETH,412,40,1,0.12,0.12,0.12,0.0071,,1944.32,0
2026-08-19T12:51:00Z,BTC,538,72,6,0.16,0.175,0.21,0.0136,0.2624,65185.51,0
2026-08-19T12:51:00Z,ETH,412,40,1,0.12,0.12,0.12,0.0069,0.3729,1942.01,0
2026-08-19T12:53:00Z,BTC,538,72,6,0.165,0.1775,0.21,0.0136,0.2627,65189.42,0
2026-08-19T12:53:00Z,ETH,412,40,1,0.11,0.11,0.11,0.007,,1943.37,0
2026-08-19T12:54:00Z,BTC,538,72,6,0.16,0.175,0.21,0.0136,0.2646,65177.65,0
2026-08-19T12:54:00Z,ETH,412,40,1,0.11,0.11,0.11,0.007,0.3724,1942.57,0
2026-08-19T12:55:00Z,BTC,538,72,6,0.16,0.175,0.21,0.0136,0.2653,65166.8,0
2026-08-19T12:55:00Z,ETH,412,40,1,0.12,0.12,0.12,0.0068,0.3726,1941.44,0
2026-08-19T12:56:00Z,BTC,538,72,6,0.165,0.1775,0.21,0.0136,0.2654,65165.75,0
2026-08-19T12:56:00Z,ETH,412,40,1,0.11,0.11,0.11,0.0069,0.3733,1941.85,0
2026-08-19T12:57:00Z,BTC,538,72,6,0.165,0.1775,0.21,0.0136,0.2652,65172.55,0
2026-08-19T12:57:00Z,ETH,412,40,1,0.12,0.12,0.12,0.007,0.3734,1942.96,0
2026-08-19T12:58:00Z,BTC,538,72,6,0.165,0.1775,0.21,0.0136,0.2652,65164.68,0
2026-08-19T12:58:00Z,ETH,412,40,1,0.12,0.12,0.12,0.007,0.3733,1942.42,0
2026-08-19T12:59:00Z,BTC,538,72,6,0.165,0.185,0.21,0.0135,0.2628,65204.52,0
2026-08-19T12:59:00Z,ETH,412,40,1,0.23,0.23,0.23,0.0139,0.3744,1942.64,0
2026-08-19T13:00:00Z,BTC,538,72,5,0.17,0.18,0.2,0.0153,0.2647,65127.13,0
2026-08-19T13:00:00Z,ETH,412,40,2,0.105,0.1075,0.11,0.0058,0.3739,1939.63,0
2026-08-19T13:01:00Z,BTC,538,72,6,0.165,0.1775,0.21,0.0136,0.2651,65156.43,0
2026-08-19T13:01:00Z,ETH,412,40,2,0.105,0.1075,0.11,0.0058,0.3738,1940.1,0
2026-08-19T13:02:00Z,BTC,538,72,5,0.16,0.18,0.21,0.0153,0.2656,65114.31,0
2026-08-19T13:02:00Z,ETH,412,40,2,0.1,0.105,0.11,0.0058,0.3737,1938.32,0
2026-08-19T13:03:00Z,BTC,538,72,5,0.17,0.18,0.2,0.0153,0.2655,65106.68,0
2026-08-19T13:03:00Z,ETH,412,40,2,0.11,0.115,0.12,0.0058,0.3737,1938.3,0
2026-08-19T13:04:00Z,BTC,538,72,5,0.17,0.17,0.2,0.0153,0.2655,65122.84,0
2026-08-19T13:04:00Z,ETH,412,40,2,0.105,0.1075,0.11,0.0058,0.3741,1939.23,0
2026-08-19T13:05:00Z,BTC,538,72,5,0.17,0.18,0.21,0.0153,0.2654,65113.19,0
2026-08-19T13:05:00Z,ETH,412,40,2,0.155,0.1775,0.2,0.0083,0.3744,1939.62,0
2026-08-19T13:06:00Z,BTC,538,72,6,0.16,0.175,0.21,0.0136,0.2656,65144.26,0
2026-08-19T13:06:00Z,ETH,412,40,1,0.11,0.11,0.11,0.0068,0.3747,1941.14,0
2026-08-19T13:07:00Z,BTC,538,72,6,0.165,0.1775,0.2,0.0136,0.2658,65147.7,0
2026-08-19T13:07:00Z,ETH,412,40,1,0.12,0.12,0.12,0.0068,0.3744,1941.31,0
2026-08-19T13:08:00Z,BTC,538,72,6,0.155,0.175,0.21,0.0135,0.2659,65168.53,0
2026-08-19T13:08:00Z,ETH,412,40,1,0.11,0.11,0.11,0.0068,0.3742,1941.58,0
2026-08-19T13:09:00Z,BTC,538,72,6,0.16,0.175,0.21,0.0135,0.264,65188.21,0
2026-08-19T13:09:00Z,ETH,412,40,1,0.11,0.11,0.11,0.0068,0.3741,1941.16,0
2026-08-19T13:10:00Z,BTC,538,72,6,0.17,0.185,0.21,0.0133,0.2642,65217.62,0
2026-08-19T13:10:00Z,ETH,412,40,1,0.12,0.12,0.12,0.0068,0.3741,1941.2,0
2026-08-19T13:11:00Z,BTC,538,72,5,0.16,0.16,0.19,0.0127,0.2629,65294.08,0
2026-08-19T13:11:00Z,ETH,412,40,1,0.12,0.12,0.12,0.007,0.374,1942.73,0
2026-08-19T13:12:00Z,BTC,538,72,5,0.16,0.17,0.18,0.0127,0.2631,65290.7,0
2026-08-19T13:12:00Z,ETH,412,40,1,0.12,0.12,0.12,0.007,,1943.52,0
2026-08-19T13:13:00Z,BTC,538,72,5,0.16,0.16,0.18,0.0127,0.2636,65300.32,0
2026-08-19T13:13:00Z,ETH,412,40,1,0.12,0.12,0.12,0.007,,1943.92,0
2026-08-19T13:14:00Z,BTC,538,72,6,0.165,0.1775,0.21,0.0131,0.2646,65234.52,0
2026-08-19T13:14:00Z,ETH,412,40,1,0.11,0.11,0.11,0.0068,0.3743,1941.21,0
2026-08-19T13:15:00Z,BTC,538,72,5,0.16,0.16,0.19,0.0124,0.2656,65251.58,0
2026-08-19T13:15:00Z,ETH,412,40,1,0.11,0.11,0.11,0.0069,0.3739,1941.49,0
2026-08-19T13:16:00Z,BTC,538,72,6,0.16,0.175,0.21,0.0131,0.2647,65255.96,0
2026-08-19T13:16:00Z,ETH,412,40,1,0.12,0.12,0.12,0.0069,0.3736,1941.65,0
2026-08-19T13:17:00Z,BTC,538,72,6,0.165,0.1775,0.21,0.0131,0.2645,65251.94,0
2026-08-19T13:17:00Z,ETH,412,40,1,0.11,0.11,0.11,0.0069,0.3735,1942.05,0
2026-08-19T13:18:00Z,BTC,538,72,5,0.16,0.16,0.19,0.0126,0.2646,65272.64,0
2026-08-19T13:18:00Z,ETH,412,40,1,0.11,0.11,0.11,0.0069,0.3739,1942.09,0
2026-08-19T13:19:00Z,BTC,538,72,5,0.16,0.16,0.19,0.0126,0.2645,65280.48,0
2026-08-19T13:19:00Z,ETH,412,40,1,0.11,0.11,0.11,0.007,0.3747,1942.54,0
2026-08-19T13:20:00Z,BTC,538,72,4,0.165,0.1725,0.18,0.0132,0.2655,65298.09,0
2026-08-19T13:20:00Z,ETH,412,40,1,0.23,0.23,0.23,0.014,0.3745,1943.14,0
2026-08-19T13:21:00Z,BTC,538,72,4,0.165,0.175,0.19,0.0132,0.2655,65312.85,0
2026-08-19T13:21:00Z,ETH,412,40,1,0.11,0.11,0.11,0.0071,,1943.96,0
2026-08-19T13:22:00Z,BTC,538,72,4,0.16,0.1675,0.19,0.0132,0.2656,65314.69,0
2026-08-19T13:22:00Z,ETH,412,40,1,0.24,0.24,0.24,0.0141,,1943.88,0
2026-08-19T13:23:00Z,BTC,538,72,5,0.16,0.16,0.18,0.0127,0.2648,65292.82,0
2026-08-19T13:23:00Z,ETH,412,40,1,0.12,0.12,0.12,0.007,0.3743,1942.52,0
2026-08-19T13:24:00Z,BTC,538,72,4,0.155,0.1675,0.19,0.0132,0.2654,65309.09,0
2026-08-19T13:24:00Z,ETH,412,40,1,0.11,0.11,0.11,0.0071,,1943.66,0
2026-08-19T13:25:00Z,BTC,538,72,5,0.16,0.17,0.19,0.0126,0.2665,65247.12,0
2026-08-19T13:25:00Z,ETH,412,40,1,0.12,0.12,0.12,0.007,0.3745,1942.72,0
2026-08-19T13:26:00Z,BTC,538,72,5,0.16,0.16,0.19,0.0126,0.265,65257.77,0
2026-08-19T13:26:00Z,ETH,412,40,1,0.11,0.11,0.11,0.007,0.3742,1942.8,0
2026-08-19T13:27:00Z,BTC,538,72,5,0.16,0.16,0.18,0.0126,0.2647,65258.09,0
2026-08-19T13:27:00Z,ETH,412,40,1,0.11,0.11,0.11,0.007,0.3747,1942.8,0
2026-08-19T13:28:00Z,BTC,538,72,4,0.16,0.1675,0.19,0.0131,0.2649,65320.35,0
2026-08-19T13:28:00Z,ETH,412,40,1,0.11,0.11,0.11,0.007,0.3746,1943.46,0
2026-08-19T13:29:00Z,BTC,538,72,4,0.16,0.175,0.19,0.0131,0.2645,65325.42,0
2026-08-19T13:29:00Z,ETH,412,40,1,0.12,0.12,0.12,0.007,0.3746,1943.22,0
2026-08-19T13:30:00Z,BTC,538,72,5,0.17,0.19,0.21,0.0134,0.2655,65405.32,0
2026-08-19T13:30:00Z,ETH,412,40,1,0.12,0.12,0.12,0.0071,,1944.13,0
2026-08-19T13:31:00Z,BTC,538,72,5,0.17,0.19,0.2,0.0138,0.2656,65477.49,0
2026-08-19T13:31:00Z,ETH,412,40,1,0.24,0.24,0.24,0.0144,,1945.94,0
2026-08-19T13:32:00Z,BTC,538,72,5,0.17,0.19,0.2,0.014,0.2667,65506.0,0
2026-08-19T13:32:00Z,ETH,412,40,1,0.11,0.11,0.11,0.0069,,1943.54,0
2026-08-19T13:33:00Z,BTC,538,72,5,0.16,0.19,0.2,0.0131,0.2692,65385.22,0
2026-08-19T13:33:00Z,ETH,412,40,1,0.12,0.12,0.12,0.0069,0.3765,1942.86,0
2026-08-19T13:34:00Z,BTC,538,72,5,0.17,0.19,0.2,0.0129,0.2687,65375.16,0
2026-08-19T13:34:00Z,ETH,412,40,1,0.11,0.11,0.11,0.0068,0.3769,1942.23,0
2026-08-19T13:35:00Z,BTC,538,72,5,0.17,0.18,0.2,0.0129,0.2697,65395.88,0
2026-08-19T13:35:00Z,ETH,412,40,1,0.11,0.11,0.11,0.0069,0.3771,1942.59,0
2026-08-19T13:36:00Z,BTC,538,72,7,0.16,0.195,0.22,0.0131,0.2713,65244.7,0
2026-08-19T13:36:00Z,ETH,412,40,2,0.1,0.105,0.11,0.0057,0.3749,1937.15,0
2026-08-19T13:37:00Z,BTC,538,72,6,0.16,0.175,0.21,0.0126,0.2712,65203.71,0
2026-08-19T13:37:00Z,ETH,412,40,2,0.105,0.1075,0.11,0.0057,0.3748,1936.66,0
2026-08-19T13:38:00Z,BTC,538,72,6,0.17,0.2025,0.29,0.0143,0.2718,65192.28,0
2026-08-19T13:38:00Z,ETH,412,40,2,0.105,0.1075,0.11,0.0057,0.3756,1936.5,0
2026-08-19T13:39:00Z,BTC,538,72,6,0.155,0.175,0.2,0.0127,0.2719,65199.45,0
2026-08-19T13:39:00Z,ETH,412,40,2,0.155,0.1775,0.2,0.0083,0.3756,1935.73,0
2026-08-19T13:40:00Z,BTC,538,72,6,0.16,0.175,0.21,0.0128,0.2711,65175.75,0
2026-08-19T13:40:00Z,ETH,412,40,2,0.105,0.1075,0.11,0.0057,0.3744,1936.02,0
2026-08-19T13:41:00Z,BTC,538,72,6,0.165,0.1775,0.2,0.0128,0.2711,65177.79,0
2026-08-19T13:41:00Z,ETH,412,40,2,0.1,0.105,0.11,0.0057,0.3737,1936.4,0
2026-08-19T13:42:00Z,BTC,538,72,6,0.165,0.1775,0.2,0.0127,0.2704,65192.43,0
2026-08-19T13:42:00Z,ETH,412,40,2,0.105,0.1075,0.11,0.0058,0.3733,1936.18,0
2026-08-19T13:43:00Z,BTC,538,72,6,0.16,0.175,0.21,0.0129,0.2705,65225.06,0
2026-08-19T13:43:00Z,ETH,412,40,2,0.105,0.1075,0.11,0.0058,0.374,1937.81,0
2026-08-19T13:44:00Z,BTC,538,72,5,0.17,0.19,0.2,0.0129,0.268,65367.47,0
2026-08-19T13:44:00Z,ETH,412,40,2,0.205,0.2475,0.29,0.0108,0.3739,1938.24,0
2026-08-19T13:45:00Z,BTC,538,72,5,0.16,0.18,0.21,0.0129,0.2678,65340.29,0
2026-08-19T13:45:00Z,ETH,412,40,2,0.155,0.1775,0.2,0.0084,0.3732,1937.42,0
2026-08-19T13:46:00Z,BTC,538,72,5,0.17,0.19,0.2,0.0136,0.2681,65470.85,0
2026-08-19T13:46:00Z,ETH,412,40,2,0.11,0.115,0.12,0.0058,0.3737,1939.39,0
2026-08-19T13:47:00Z,BTC,538,72,5,0.17,0.19,0.2,0.0136,0.2681,65458.62,0
2026-08-19T13:47:00Z,ETH,412,40,2,0.105,0.1075,0.11,0.0058,0.3736,1938.96,0
2026-08-19T13:48:00Z,BTC,538,72,5,0.17,0.19,0.2,0.0129,0.2687,65348.8,0
2026-08-19T13:48:00Z,ETH,412,40,2,0.105,0.1075,0.11,0.0058,0.3731,1936.83,0
2026-08-19T13:49:00Z,BTC,538,72,5,0.16,0.19,0.2,0.0131,0.2671,65385.15,0
2026-08-19T13:49:00Z,ETH,412,40,2,0.105,0.1075,0.11,0.0058,0.3725,1937.87,0
2026-08-19T13:50:00Z,BTC,538,72,5,0.17,0.19,0.2,0.0134,0.2672,65442.42,0
2026-08-19T13:50:00Z,ETH,412,40,2,0.11,0.115,0.12,0.0058,0.3726,1938.39,0
2026-08-19T13:51:00Z,BTC,538,72,5,0.16,0.18,0.21,0.0131,0.2675,65357.84,0
2026-08-19T13:51:00Z,ETH,412,40,2,0.105,0.1075,0.11,0.0058,0.3736,1935.77,0
2026-08-19T13:52:00Z,BTC,538,72,5,0.16,0.19,0.2,0.0131,0.2675,65348.26,0
2026-08-19T13:52:00Z,ETH,412,40,2,0.105,0.1075,0.11,0.0058,0.3736,1935.35,0
2026-08-19T13:53:00Z,BTC,538,72,5,0.17,0.19,0.21,0.0131,0.2676,65356.54,0
2026-08-19T13:53:00Z,ETH,412,40,2,0.105,0.1075,0.11,0.0058,0.3741,1936.19,0
2026-08-19T13:54:00Z,BTC,538,72,5,0.16,0.19,0.21,0.0129,0.2675,65318.98,0
2026-08-19T13:54:00Z,ETH,412,40,2,0.105,0.1075,0.11,0.0057,0.374,1935.24,0
2026-08-19T13:55:00Z,BTC,538,72,5,0.17,0.19,0.21,0.0132,0.2682,65379.62,0
2026-08-19T13:55:00Z,ETH,412,40,2,0.105,0.1075,0.11,0.0058,0.3743,1936.89,0
2026-08-19T13:56:00Z,BTC,538,72,5,0.16,0.19,0.21,0.0129,0.2681,65320.43,0
2026-08-19T13:56:00Z,ETH,412,40,2,0.11,0.115,0.12,0.0058,0.3741,1935.76,0
2026-08-19T13:57:00Z,BTC,538,72,5,0.17,0.19,0.21,0.0131,0.2681,65379.32,0
2026-08-19T13:57:00Z,ETH,412,40,2,0.105,0.1075,0.11,0.0058,0.3746,1938.23,0
2026-08-19T13:58:00Z,BTC,538,72,5,0.16,0.19,0.21,0.0131,0.2684,65387.81,0
2026-08-19T13:58:00Z,ETH,412,40,2,0.105,0.1075,0.11,0.0058,0.3751,1939.06,0
2026-08-19T13:59:00Z,BTC,538,72,5,0.17,0.19,0.2,0.0129,0.2682,65328.59,0
2026-08-19T13:59:00Z,ETH,412,40,2,0.1,0.105,0.11,0.0058,0.3749,1937.95,0
2026-08-19T14:00:00Z,BTC,538,72,5,0.16,0.19,0.21,0.0131,0.269,65364.76,0
2026-08-19T14:00:00Z,ETH,412,40,2,0.105,0.1075,0.11,0.0058,0.3755,1938.49,0
2026-08-19T14:01:00Z,BTC,538,72,5,0.16,0.19,0.2,0.0131,0.269,65373.95,0
2026-08-19T14:01:00Z,ETH,412,40,2,0.105,0.1075,0.11,0.0058,0.3756,1939.17,0
2026-08-19T14:02:00Z,BTC,538,72,5,0.17,0.2,0.2,0.0132,0.2691,65381.62,0
2026-08-19T14:02:00Z,ETH,412,40,2,0.105,0.1075,0.11,0.0058,0.3751,1939.17,0
2026-08-19T14:03:00Z,BTC,538,72,5,0.17,0.2,0.2,0.0136,0.2688,65457.26,0
2026-08-19T14:03:00Z,ETH,412,40,1,0.12,0.12,0.12,0.0068,0.3746,1940.86,0
2026-08-19T14:04:00Z,BTC,538,72,5,0.17,0.19,0.2,0.0136,0.2688,65444.53,0
2026-08-19T14:04:00Z,ETH,412,40,2,0.1,0.105,0.11,0.0058,0.3745,1940.25,0
2026-08-19T14:05:00Z,BTC,538,72,5,0.19,0.2,0.3,0.019,0.2685,65568.84,0
2026-08-19T14:05:00Z,ETH,412,40,1,0.11,0.11,0.11,0.0071,0.3745,1943.0,0
2026-08-19T14:06:00Z,BTC,538,72,5,0.17,0.19,0.2,0.0148,0.2686,65604.84,0
2026-08-19T14:06:00Z,ETH,412,40,1,0.11,0.11,0.11,0.0071,0.3745,1943.31,0
2026-08-19T14:07:00Z,BTC,538,72,5,0.18,0.19,0.2,0.0148,0.2707,65605.92,0
2026-08-19T14:07:00Z,ETH,412,40,1,0.12,0.12,0.12,0.007,0.3761,1942.49,0
2026-08-19T14:08:00Z,BTC,538,72,5,0.18,0.19,0.2,0.015,0.2683,65658.57,0
2026-08-19T14:08:00Z,ETH,412,40,1,0.12,0.12,0.12,0.007,0.3761,1942.91,0
2026-08-19T14:09:00Z,BTC,538,72,6,0.165,0.1875,0.21,0.0136,0.2683,65696.76,0
2026-08-19T14:09:00Z,ETH,412,40,1,0.12,0.12,0.12,0.007,0.3762,1942.91,0
2026-08-19T14:10:00Z,BTC,538,72,6,0.185,0.205,0.44,0.0169,0.2674,65729.9,0
2026-08-19T14:10:00Z,ETH,412,40,1,0.12,0.12,0.12,0.0071,,1943.55,0
2026-08-19T14:11:00Z,BTC,538,72,6,0.17,0.18,0.21,0.0141,0.2676,65764.14,0
2026-08-19T14:11:00Z,ETH,412,40,1,0.11,0.11,0.11,0.0071,,1943.94,0
2026-08-19T14:12:00Z,BTC,538,72,5,0.18,0.19,0.2,0.015,0.2704,65636.74,0
2026-08-19T14:12:00Z,ETH,412,40,1,0.11,0.11,0.11,0.007,0.3757,1942.25,0
2026-08-19T14:13:00Z,BTC,538,72,6,0.17,0.1875,0.21,0.0136,0.2675,65673.7,0
2026-08-19T14:13:00Z,ETH,412,40,1,0.12,0.12,0.12,0.007,0.3757,1942.2,0
2026-08-19T14:14:00Z,BTC,538,72,6,0.165,0.1875,0.21,0.0136,0.2674,65682.49,0
2026-08-19T14:14:00Z,ETH,412,40,1,0.23,0.23,0.23,0.014,0.3755,1942.07,0
2026-08-19T14:15:00Z,BTC,538,72,6,0.17,0.1875,0.21,0.0137,0.2678,65730.01,0
2026-08-19T14:15:00Z,ETH,412,40,1,0.23,0.23,0.23,0.0142,0.3752,1942.39,0
2026-08-19T14:16:00Z,BTC,538,72,6,0.17,0.1875,0.2,0.0137,0.2675,65730.63,0
2026-08-19T14:16:00Z,ETH,412,40,1,0.12,0.12,0.12,0.0071,0.3752,1943.14,0
2026-08-19T14:17:00Z,BTC,538,72,6,0.165,0.1875,0.21,0.0136,0.2665,65707.65,0
2026-08-19T14:17:00Z,ETH,412,40,1,0.12,0.12,0.12,0.0071,0.3752,1942.79,0
2026-08-19T14:18:00Z,BTC,538,72,6,0.17,0.18,0.21,0.0139,0.2687,65763.7,0
2026-08-19T14:18:00Z,ETH,412,40,1,0.11,0.11,0.11,0.0071,,1944.23,0
2026-08-19T14:19:00Z,BTC,538,72,6,0.17,0.1875,0.21,0.0137,0.2688,65733.23,0
2026-08-19T14:19:00Z,ETH,412,40,1,0.23,0.23,0.23,0.0142,,1943.5,0
2026-08-19T15:14:00Z,BTC,538,72,6,0.26,0.32,0.43,0.0204,0.2922,66928.42,0
2026-08-19T15:14:00Z,ETH,412,40,2,0.205,0.2475,0.29,0.0102,0.4146,2017.2,0
2026-08-19T15:15:00Z,BTC,538,72,6,0.175,0.1875,0.2,0.013,0.2964,67042.5,0
2026-08-19T15:15:00Z,ETH,412,40,2,0.2,0.24,0.28,0.0098,0.4194,2022.92,0
2026-08-19T15:16:00Z,BTC,538,72,6,0.2,0.27,0.75,0.018,0.2959,67078.12,0
2026-08-19T15:16:00Z,ETH,412,40,2,0.31,0.34,0.37,0.0155,0.4194,2022.75,0
2026-08-19T15:17:00Z,BTC,538,72,6,0.165,0.1925,0.2,0.0125,0.2996,66948.27,0
2026-08-19T15:17:00Z,ETH,412,40,2,0.11,0.115,0.12,0.0056,0.4209,2016.34,0
2026-08-19T15:18:00Z,BTC,538,72,6,0.2,0.26,0.48,0.0175,0.2994,66938.58,0
2026-08-19T15:18:00Z,ETH,412,40,2,0.11,0.115,0.12,0.0056,0.42,2016.09,0
2026-08-19T15:19:00Z,BTC,538,72,6,0.18,0.1975,0.3,0.0153,0.3,66955.52,0
2026-08-19T15:19:00Z,ETH,412,40,2,0.215,0.2275,0.24,0.0112,0.4195,2016.2,0
2026-08-19T15:20:00Z,BTC,538,72,6,0.18,0.195,0.31,0.0152,0.3036,67000.42,0
2026-08-19T15:20:00Z,ETH,412,40,2,0.155,0.1725,0.19,0.0078,0.421,2017.51,0
2026-08-19T15:21:00Z,BTC,538,72,6,0.17,0.18,0.21,0.0129,0.3036,67121.14,0
2026-08-19T15:21:00Z,ETH,412,40,2,0.27,0.28,0.29,0.0132,0.4235,2019.33,0
2026-08-19T15:22:00Z,BTC,538,72,5,0.3,0.36,0.44,0.0185,0.3054,67181.26,0
2026-08-19T15:22:00Z,ETH,412,40,2,0.105,0.1125,0.12,0.0056,0.4224,2023.43,0
2026-08-19T15:23:00Z,BTC,538,72,5,0.18,0.29,0.3,0.0148,0.3054,67189.95,0
2026-08-19T15:23:00Z,ETH,412,40,2,0.17,0.21,0.25,0.0093,0.4241,2023.15,0
2026-08-19T15:24:00Z,BTC,538,72,5,0.63,0.64,0.71,0.0421,0.3069,67520.28,0
2026-08-19T15:24:00Z,ETH,412,40,2,0.4,0.405,0.41,0.0246,0.4257,2034.85,0
2026-08-19T15:25:00Z,BTC,538,72,5,0.32,0.39,0.51,0.0244,0.31,67486.99,0
2026-08-19T15:25:00Z,ETH,412,40,2,0.19,0.22,0.25,0.012,0.4309,2032.93,0
2026-08-19T15:26:00Z,BTC,538,72,5,0.28,0.35,0.47,0.0167,0.3097,67544.03,0
2026-08-19T15:26:00Z,ETH,412,40,2,0.4,0.4,0.4,0.0245,0.4317,2036.12,0
2026-08-19T15:27:00Z,BTC,538,72,6,1.785,1.8675,1.94,0.1316,0.3089,68231.57,0
2026-08-19T15:27:00Z,ETH,412,40,1,6.2,6.2,6.2,0.3373,0.4457,2071.7,0
2026-08-19T15:28:00Z,BTC,538,72,5,2.13,2.14,2.22,0.14,0.3145,69055.1,0
2026-08-19T15:28:00Z,ETH,412,40,2,2.585,2.6775,2.77,0.112,0.4658,2092.87,0
2026-08-19T15:29:00Z,BTC,538,72,5,9.53,9.75,10.49,0.4828,0.3222,68764.71,0
2026-08-19T15:29:00Z,ETH,412,40,2,2.64,2.685,2.73,0.1159,0.4589,2087.18,0
2026-08-19T15:30:00Z,BTC,538,72,5,1.99,2.0,2.04,0.1207,0.3164,68148.43,0
2026-08-19T15:30:00Z,ETH,412,40,1,1.56,1.56,1.56,0.0828,0.4598,2065.2,0
2026-08-19T15:31:00Z,BTC,538,72,5,1.58,1.84,2.13,0.0966,0.3164,68132.1,0
2026-08-19T15:31:00Z,ETH,412,40,1,1.11,1.11,1.11,0.0585,0.4597,2065.34,0
2026-08-19T15:32:00Z,BTC,538,72,5,0.89,0.95,0.97,0.0536,0.3148,68450.12,0
2026-08-19T15:32:00Z,ETH,412,40,1,1.91,1.91,1.91,0.0947,0.4569,2072.63,0
2026-08-19T15:33:00Z,BTC,538,72,5,0.9,0.93,0.96,0.0513,0.3145,68477.98,0
2026-08-19T15:33:00Z,ETH,412,40,1,1.48,1.48,1.48,0.0733,0.4569,2072.65,0
2026-08-19T15:34:00Z,BTC,538,72,4,1.42,1.475,1.61,0.0907,0.3144,68787.07,0
2026-08-19T15:34:00Z,ETH,412,40,2,0.61,0.76,0.91,0.0257,0.4578,2077.96,0
2026-08-19T15:35:00Z,BTC,538,72,5,0.19,1.1,1.13,0.0142,0.3145,68558.04,0
2026-08-19T15:35:00Z,ETH,412,40,2,0.99,1.165,1.34,0.0446,0.4612,2078.39,0
2026-08-19T15:36:00Z,BTC,538,72,5,0.92,0.96,1.27,0.0711,0.3144,68731.49,0
2026-08-19T15:36:00Z,ETH,412,40,2,1.25,1.315,1.38,0.0546,0.4588,2086.54,0
2026-08-19T15:37:00Z,BTC,538,72,5,0.54,0.62,0.69,0.04,0.3144,68789.8,0
2026-08-19T15:37:00Z,ETH,412,40,2,1.54,1.655,1.77,0.0674,0.4635,2087.76,0
2026-08-19T15:38:00Z,BTC,538,72,5,0.58,0.78,1.24,0.0465,0.3144,68801.05,0
2026-08-19T15:38:00Z,ETH,412,40,2,0.805,1.0125,1.22,0.0334,0.4696,2089.35,0
2026-08-19T15:39:00Z,BTC,538,72,5,0.64,0.68,0.72,0.0496,0.3347,68954.99,0
2026-08-19T15:39:00Z,ETH,412,40,2,1.045,1.0525,1.06,0.0435,0.4763,2088.03,0
2026-08-19T15:41:00Z,BTC,538,72,5,0.57,0.57,0.99,0.0308,0.3484,68961.83,0
2026-08-19T15:41:00Z,ETH,412,40,2,0.955,0.9875,1.02,0.0392,0.482,2083.9,0
2026-08-19T15:42:00Z,BTC,538,72,5,0.59,0.81,0.87,0.0432,0.3512,69053.24,0
2026-08-19T15:42:00Z,ETH,412,40,2,0.615,0.6375,0.66,0.0252,0.4801,2089.33,0
2026-08-19T15:43:00Z,BTC,538,72,5,0.67,0.85,1.07,0.0471,0.3508,68868.78,0
2026-08-19T15:43:00Z,ETH,412,40,2,1.085,1.1575,1.23,0.0441,0.4864,2089.93,0
2026-08-19T15:44:00Z,BTC,538,72,5,0.39,0.57,0.62,0.0286,0.355,68983.17,0
2026-08-19T15:44:00Z,ETH,412,40,2,0.52,0.635,0.75,0.0206,0.4844,2090.98,0
2026-08-19T15:45:00Z,BTC,538,72,5,0.37,0.45,0.5,0.0262,0.3541,68792.65,0
2026-08-19T15:45:00Z,ETH,412,40,2,0.66,0.715,0.77,0.0267,0.49,2085.72,0
2026-08-19T15:46:00Z,BTC,538,72,5,0.16,0.19,0.33,0.0116,0.357,68812.77,0
2026-08-19T15:46:00Z,ETH,412,40,2,0.47,0.52,0.57,0.0188,0.49,2087.2,0
2026-08-19T15:47:00Z,BTC,538,72,5,0.3,0.33,0.34,0.0172,0.3572,68772.88,0
2026-08-19T15:47:00Z,ETH,412,40,2,0.19,0.19,0.19,0.0074,0.4929,2087.59,0
2026-08-19T15:48:00Z,BTC,538,72,5,0.17,0.19,0.3,0.0118,0.3545,68796.83,0
2026-08-19T15:48:00Z,ETH,412,40,2,0.8,0.825,0.85,0.0315,0.4938,2091.53,0
2026-08-19T15:49:00Z,BTC,538,72,5,0.19,0.3,0.42,0.0132,0.3542,68771.77,0
2026-08-19T15:49:00Z,ETH,412,40,2,0.145,0.1675,0.19,0.0057,0.4953,2087.53,0
2026-08-19T15:50:00Z,BTC,538,72,5,0.42,0.52,0.57,0.023,0.3508,68915.39,0
2026-08-19T15:50:00Z,ETH,412,40,2,0.515,0.6325,0.75,0.0207,0.493,2092.44,0
2026-08-19T15:51:00Z,BTC,538,72,5,0.33,0.42,0.51,0.0214,0.3529,68763.1,0
2026-08-19T15:51:00Z,ETH,412,40,2,0.465,0.5525,0.64,0.0182,0.4924,2088.62,0
2026-08-19T15:52:00Z,BTC,538,72,5,0.17,0.17,0.19,0.0107,0.353,68720.28,0
2026-08-19T15:52:00Z,ETH,412,40,2,0.235,0.2625,0.29,0.0095,0.4911,2086.2,0
2026-08-19T15:53:00Z,BTC,538,72,5,0.18,0.19,0.3,0.0124,0.3529,68651.7,0
2026-08-19T15:53:00Z,ETH,412,40,2,0.19,0.19,0.19,0.0075,0.4914,2084.9,0
2026-08-19T15:54:00Z,BTC,538,72,5,0.18,0.2,0.29,0.0129,0.3551,68531.2,0
2026-08-19T15:54:00Z,ETH,412,40,2,0.375,0.4125,0.45,0.0146,0.4908,2080.99,0
2026-08-19T15:55:00Z,BTC,538,72,5,0.17,0.17,0.2,0.0123,0.3551,68547.15,0
2026-08-19T15:55:00Z,ETH,412,40,2,0.32,0.385,0.45,0.0125,0.4908,2081.5,0
2026-08-19T15:56:00Z,BTC,538,72,5,0.17,0.3,0.37,0.0123,0.3528,68692.06,0
2026-08-19T15:56:00Z,ETH,412,40,2,0.29,0.34,0.39,0.0115,0.4916,2086.66,0
2026-08-19T15:57:00Z,BTC,538,72,5,0.16,0.17,0.19,0.0108,0.3536,68765.52,0
2026-08-19T15:57:00Z,ETH,412,40,2,0.325,0.3925,0.46,0.0129,0.4907,2090.24,0
2026-08-19T15:58:00Z,BTC,538,72,5,0.17,0.17,0.19,0.0108,0.3536,68792.03,0
2026-08-19T15:58:00Z,ETH,412,40,2,0.325,0.3925,0.46,0.0129,0.4905,2090.0,0
2026-08-19T15:59:00Z,BTC,538,72,5,0.17,0.17,0.19,0.0109,0.3551,68812.23,0
2026-08-19T15:59:00Z,ETH,412,40,2,0.285,0.3325,0.38,0.0111,0.4904,2090.43,0
2026-08-19T16:00:00Z,BTC,538,72,5,0.19,0.31,0.33,0.014,0.3543,68916.82,0
2026-08-19T16:00:00Z,ETH,412,40,2,0.42,0.445,0.47,0.0168,0.4927,2091.22,0
2026-08-19T16:01:00Z,BTC,538,72,5,0.17,0.18,0.19,0.0108,0.3543,68974.64,0
2026-08-19T16:01:00Z,ETH,412,40,2,0.235,0.2625,0.29,0.0093,0.4901,2098.26,0
2026-08-19T16:02:00Z,BTC,538,72,5,0.16,0.17,0.19,0.0108,0.3543,68928.28,0
2026-08-19T16:02:00Z,ETH,412,40,2,0.565,0.7075,0.85,0.0224,0.4909,2095.42,0
2026-08-19T16:03:00Z,BTC,538,72,5,0.16,0.17,0.19,0.0112,0.3554,68843.72,0
2026-08-19T16:03:00Z,ETH,412,40,2,0.55,0.57,0.59,0.0266,0.4946,2106.34,0
2026-08-19T16:04:00Z,BTC,538,72,5,0.16,0.17,0.18,0.0112,0.3554,68854.16,0
2026-08-19T16:04:00Z,ETH,412,40,3,1.07,1.075,1.08,0.0446,0.4947,2104.54,0
2026-08-19T16:05:00Z,BTC,538,72,6,0.17,0.195,0.31,0.0111,0.3556,69125.31,0
2026-08-19T16:05:00Z,ETH,412,40,2,0.45,0.475,0.5,0.0219,0.4957,2109.12,0
2026-08-19T16:06:00Z,BTC,538,72,5,0.16,0.17,0.19,0.0103,0.3561,69028.21,0
2026-08-19T16:06:00Z,ETH,412,40,3,0.29,0.325,0.36,0.0117,0.5,2102.28,0
2026-08-19T16:07:00Z,BTC,538,72,5,0.15,0.17,0.2,0.01,0.3599,69064.47,0
2026-08-19T16:07:00Z,ETH,412,40,2,0.23,0.3,0.37,0.0089,0.5012,2097.01,0
2026-08-19T16:08:00Z,BTC,538,72,5,0.16,0.17,0.2,0.0096,0.3599,69118.29,0
2026-08-19T16:08:00Z,ETH,412,40,3,0.19,0.23,0.27,0.0077,0.5006,2100.07,0
2026-08-19T16:09:00Z,BTC,538,72,5,0.16,0.18,0.19,0.0099,0.3603,69048.37,0
2026-08-19T16:09:00Z,ETH,412,40,3,0.1,0.115,0.13,0.0038,0.5004,2099.2,0
2026-08-19T16:10:00Z,BTC,538,72,5,0.16,0.17,0.19,0.01,0.3604,69012.67,0
2026-08-19T16:10:00Z,ETH,412,40,2,0.33,0.405,0.48,0.0129,0.5006,2097.77,0
2026-08-19T16:11:00Z,BTC,538,72,5,0.16,0.17,0.19,0.0103,0.3586,68927.25,0
2026-08-19T16:11:00Z,ETH,412,40,2,0.14,0.165,0.19,0.0055,0.4951,2094.79,0
2026-08-19T16:12:00Z,BTC,538,72,5,0.16,0.17,0.19,0.0105,0.3588,68876.98,0
2026-08-19T16:12:00Z,ETH,412,40,2,0.14,0.165,0.19,0.0055,0.4956,2092.51,0
2026-08-19T16:13:00Z,BTC,538,72,5,0.16,0.17,0.19,0.0106,0.3554,68881.42,0
2026-08-19T16:13:00Z,ETH,412,40,2,0.325,0.3475,0.37,0.0129,0.4929,2093.28,0
2026-08-19T16:14:00Z,BTC,538,72,5,0.16,0.18,0.19,0.0105,0.3554,68892.38,0
2026-08-19T16:14:00Z,ETH,412,40,2,0.14,0.16,0.18,0.0056,0.4927,2094.27,0
2026-08-19T16:15:00Z,BTC,538,72,5,0.16,0.17,0.2,0.0101,0.3558,68997.31,0
2026-08-19T16:15:00Z,ETH,412,40,3,0.27,0.315,0.36,0.0139,0.4939,2100.09,0
2026-08-19T16:16:00Z,BTC,538,72,5,0.16,0.17,0.2,0.0103,0.3561,68942.57,0
2026-08-19T16:16:00Z,ETH,412,40,2,0.33,0.35,0.37,0.0129,0.4943,2098.27,0
2026-08-19T16:17:00Z,BTC,538,72,5,0.16,0.18,0.19,0.0102,0.3569,68960.12,0
2026-08-19T16:17:00Z,ETH,412,40,3,0.36,0.375,0.39,0.0148,0.4938,2101.58,0
2026-08-19T16:18:00Z,BTC,538,72,5,0.16,0.17,0.19,0.0101,0.3568,68977.24,0
2026-08-19T16:18:00Z,ETH,412,40,3,0.13,0.245,0.36,0.0072,0.4934,2103.68,0
2026-08-19T16:19:00Z,BTC,538,72,5,0.16,0.17,0.2,0.0099,0.3569,69020.07,0
2026-08-19T16:19:00Z,ETH,412,40,3,0.13,0.155,0.18,0.0068,0.4924,2103.42,0
2026-08-19T16:20:00Z,BTC,538,72,5,0.16,0.17,0.2,0.0099,0.3569,69019.37,0
2026-08-19T16:20:00Z,ETH,412,40,3,0.13,0.245,0.36,0.0073,0.4926,2102.52,0
2026-08-19T16:21:00Z,BTC,538,72,5,0.16,0.17,0.19,0.0103,0.3554,68948.37,0
2026-08-19T16:21:00Z,ETH,412,40,3,0.1,0.115,0.13,0.004,0.4936,2101.27,0
2026-08-19T16:22:00Z,BTC,538,72,5,0.16,0.17,0.19,0.0103,0.3555,68938.08,0
2026-08-19T16:22:00Z,ETH,412,40,2,0.235,0.2575,0.28,0.0092,0.4944,2097.86,0
2026-08-19T16:23:00Z,BTC,538,72,5,0.16,0.18,0.19,0.0101,0.3558,69018.66,0
2026-08-19T16:23:00Z,ETH,412,40,2,0.095,0.0975,0.1,0.0037,0.4923,2099.42,0
2026-08-19T16:24:00Z,BTC,538,72,5,0.16,0.17,0.2,0.0101,0.3558,69030.25,0
2026-08-19T16:24:00Z,ETH,412,40,2,0.14,0.16,0.18,0.0055,0.4921,2099.64,0
2026-08-19T16:25:00Z,BTC,538,72,6,0.17,0.195,0.27,0.0111,0.3563,69127.21,0
2026-08-19T16:25:00Z,ETH,412,40,3,0.13,0.165,0.2,0.0072,0.4907,2103.51,0
2026-08-19T16:26:00Z,BTC,538,72,6,0.16,0.175,0.2,0.0098,0.3577,69164.59,0
2026-08-19T16:26:00Z,ETH,412,40,3,0.18,0.285,0.39,0.007,0.4919,2104.79,0
2026-08-19T16:27:00Z,BTC,538,72,6,0.155,0.175,0.2,0.0098,0.3577,69185.36,0
2026-08-19T16:27:00Z,ETH,412,40,3,0.29,0.325,0.36,0.0133,0.492,2104.51,0
2026-08-19T16:28:00Z,BTC,538,72,6,0.16,0.175,0.2,0.0097,0.3577,69182.2,0
2026-08-19T16:28:00Z,ETH,412,40,3,0.18,0.24,0.3,0.0068,0.4943,2104.4,0
2026-08-19T16:29:00Z,BTC,538,72,6,0.155,0.175,0.2,0.0098,0.3577,69160.96,0
2026-08-19T16:29:00Z,ETH,412,40,3,0.09,0.105,0.12,0.0041,0.4945,2103.59,0
2026-08-19T16:30:00Z,BTC,538,72,5,0.16,0.18,0.2,0.01,0.3568,69086.54,0
2026-08-19T16:30:00Z,ETH,412,40,3,0.18,0.185,0.19,0.007,0.4944,2103.49,0
2026-08-19T16:31:00Z,BTC,538,72,6,0.19,0.2525,0.31,0.0129,0.3576,69127.36,0
2026-08-19T16:31:00Z,ETH,412,40,3,0.36,0.43,0.5,0.0138,0.4941,2104.52,0
2026-08-19T16:32:00Z,BTC,538,72,5,0.16,0.17,0.2,0.0102,0.3584,69115.62,0
2026-08-19T16:32:00Z,ETH,412,40,3,0.09,0.11,0.13,0.0041,0.4946,2103.16,0
2026-08-19T16:33:00Z,BTC,538,72,5,0.16,0.18,0.2,0.0101,0.3553,69071.98,0
2026-08-19T16:33:00Z,ETH,412,40,3,0.1,0.115,0.13,0.0041,0.4937,2103.23,0
2026-08-19T16:34:00Z,BTC,538,72,5,0.16,0.17,0.2,0.0101,0.3546,69079.22,0
2026-08-19T16:34:00Z,ETH,412,40,3,0.13,0.2,0.27,0.0071,0.4924,2102.97,0
2026-08-19T16:35:00Z,BTC,538,72,6,0.155,0.175,0.2,0.0099,0.3537,69107.29,0
2026-08-19T16:35:00Z,ETH,412,40,3,0.13,0.16,0.19,0.0071,0.4912,2104.82,0
2026-08-19T16:36:00Z,BTC,538,72,5,0.16,0.18,0.2,0.0102,0.3535,69081.07,0
2026-08-19T16:36:00Z,ETH,412,40,3,0.1,0.115,0.13,0.0041,0.4903,2103.25,0
2026-08-19T16:37:00Z,BTC,538,72,5,0.16,0.17,0.2,0.0102,0.3525,69059.31,0
2026-08-19T16:37:00Z,ETH,412,40,3,0.18,0.19,0.2,0.0073,0.4887,2102.22,0
2026-08-19T16:38:00Z,BTC,538,72,5,0.16,0.17,0.2,0.0103,0.3505,69049.02,0
2026-08-19T16:38:00Z,ETH,412,40,3,0.13,0.155,0.18,0.0071,0.4874,2101.37,0
2026-08-19T16:39:00Z,BTC,538,72,5,0.16,0.18,0.2,0.0103,0.3495,69022.27,0
2026-08-19T16:39:00Z,ETH,412,40,2,0.095,0.0975,0.1,0.0038,0.4857,2100.26,0
2026-08-19T16:40:00Z,BTC,538,72,5,0.16,0.18,0.2,0.0107,0.349,68890.58,0
2026-08-19T16:40:00Z,ETH,412,40,2,0.14,0.165,0.19,0.0058,0.4861,2095.41,0
2026-08-19T16:41:00Z,BTC,538,72,5,0.16,0.18,0.2,0.0107,0.349,68892.42,0
2026-08-19T16:41:00Z,ETH,412,40,2,0.145,0.1675,0.19,0.0058,0.4862,2095.32,0
2026-08-19T16:42:00Z,BTC,538,72,5,0.16,0.17,0.2,0.0106,0.3485,68944.01,0
2026-08-19T16:42:00Z,ETH,412,40,2,0.095,0.0975,0.1,0.0039,0.4814,2098.95,0
2026-08-19T16:43:00Z,BTC,538,72,5,0.16,0.17,0.19,0.0107,0.3481,68866.25,0
2026-08-19T16:43:00Z,ETH,412,40,2,0.235,0.2575,0.28,0.0096,0.4831,2094.92,0
2026-08-19T16:44:00Z,BTC,538,72,5,0.16,0.17,0.19,0.0108,0.3477,68882.39,0
2026-08-19T16:44:00Z,ETH,412,40,2,0.185,0.2325,0.28,0.0077,0.4831,2093.84,0
2026-08-19T16:45:00Z,BTC,538,72,5,0.16,0.17,0.2,0.0107,0.347,68929.71,0
2026-08-19T16:45:00Z,ETH,412,40,2,0.185,0.2325,0.28,0.0077,0.4814,2094.73,0
2026-08-19T16:46:00Z,BTC,538,72,5,0.17,0.17,0.19,0.0107,0.3475,68929.27,0
2026-08-19T16:46:00Z,ETH,412,40,2,0.095,0.0975,0.1,0.0039,0.4813,2093.6,0
2026-08-19T16:47:00Z,BTC,538,72,5,0.16,0.18,0.2,0.0106,0.3475,68937.32,0
2026-08-19T16:47:00Z,ETH,412,40,2,0.09,0.09,0.09,0.0039,0.4814,2092.29,0
2026-08-19T16:48:00Z,BTC,538,72,5,0.16,0.18,0.2,0.0106,0.3468,68956.1,0
2026-08-19T16:48:00Z,ETH,412,40,2,0.09,0.09,0.09,0.0039,0.4812,2092.28,0
2026-08-19T16:49:00Z,BTC,538,72,5,0.16,0.18,0.2,0.0108,0.3462,68973.17,0
2026-08-19T16:49:00Z,ETH,412,40,2,0.09,0.09,0.09,0.0039,0.4806,2092.96,0
2026-08-19T16:50:00Z,BTC,538,72,5,0.16,0.18,0.2,0.0109,0.3462,68951.36,0
2026-08-19T16:50:00Z,ETH,412,40,2,0.09,0.09,0.09,0.0039,0.4808,2091.88,0
2026-08-19T16:51:00Z,BTC,538,72,5,0.16,0.18,0.2,0.0113,0.3408,68892.09,0
2026-08-19T16:51:00Z,ETH,412,40,2,0.195,0.1975,0.2,0.0079,0.4768,2091.06,0
2026-08-19T16:52:00Z,BTC,538,72,5,0.17,0.17,0.2,0.0113,0.3399,68906.6,0
2026-08-19T16:52:00Z,ETH,412,40,2,0.335,0.3575,0.38,0.014,0.4757,2092.6,0
2026-08-19T16:53:00Z,BTC,538,72,5,0.17,0.18,0.2,0.0113,0.3399,68920.05,0
2026-08-19T16:53:00Z,ETH,412,40,2,0.24,0.31,0.38,0.0099,0.4756,2093.19,0
2026-08-19T16:54:00Z,BTC,538,72,5,0.17,0.17,0.2,0.0117,0.3384,68855.79,0
2026-08-19T16:54:00Z,ETH,412,40,2,0.24,0.265,0.29,0.01,0.4742,2094.84,0
2026-08-19T16:55:00Z,BTC,538,72,5,0.17,0.17,0.2,0.0117,0.3373,68871.51,0
2026-08-19T16:55:00Z,ETH,412,40,2,0.14,0.165,0.19,0.0061,0.4744,2096.78,0
2026-08-19T16:56:00Z,BTC,538,72,5,0.17,0.18,0.2,0.0118,0.336,68875.48,0
2026-08-19T16:56:00Z,ETH,412,40,2,0.195,0.1975,0.2,0.008,0.4742,2098.04,0
2026-08-19T16:57:00Z,BTC,538,72,5,0.17,0.17,0.19,0.0123,0.3359,68778.8,0
2026-08-19T16:57:00Z,ETH,412,40,2,0.14,0.165,0.19,0.006,0.4742,2094.13,0
2026-08-19T16:58:00Z,BTC,538,72,5,0.17,0.17,0.2,0.0123,0.3359,68746.38,0
2026-08-19T16:58:00Z,ETH,412,40,2,0.19,0.19,0.19,0.008,0.4743,2093.71,0
2026-08-19T16:59:00Z,BTC,538,72,5,0.17,0.18,0.19,0.0124,0.3332,68744.96,0
2026-08-19T16:59:00Z,ETH,412,40,2,0.19,0.19,0.19,0.0081,0.4716,2094.01,0
2026-08-19T17:00:00Z,BTC,538,72,5,0.17,0.18,0.2,0.0126,0.3345,68800.42,0
2026-08-19T17:00:00Z,ETH,412,40,2,0.185,0.1875,0.19,0.0081,0.4714,2095.03,0
2026-08-19T17:01:00Z,BTC,538,72,5,0.17,0.18,0.19,0.0118,0.3341,68670.3,0
2026-08-19T17:01:00Z,ETH,412,40,2,0.14,0.165,0.19,0.006,0.4701,2090.54,0
2026-08-19T17:02:00Z,BTC,538,72,5,0.17,0.17,0.19,0.0121,0.3325,68647.14,0
2026-08-19T17:02:00Z,ETH,412,40,2,0.14,0.165,0.19,0.0063,0.4693,2087.4,0
2026-08-19T17:03:00Z,BTC,538,72,5,0.17,0.17,0.19,0.0121,0.3325,68626.6,0
2026-08-19T17:03:00Z,ETH,412,40,2,0.34,0.36,0.38,0.0143,0.4696,2086.59,0
2026-08-19T17:04:00Z,BTC,538,72,5,0.17,0.18,0.2,0.0124,0.3271,68672.03,0
2026-08-19T17:04:00Z,ETH,412,40,2,0.19,0.235,0.28,0.008,0.4664,2087.56,0
2026-08-19T17:05:00Z,BTC,538,72,5,0.18,0.18,0.19,0.0126,0.3277,68710.13,0
2026-08-19T17:05:00Z,ETH,412,40,2,0.24,0.31,0.38,0.0101,0.4659,2090.73,0
2026-08-19T17:06:00Z,BTC,538,72,5,0.18,0.18,0.2,0.0124,0.3277,68677.91,0
2026-08-19T17:06:00Z,ETH,412,40,2,0.29,0.34,0.39,0.0126,0.4661,2089.71,0
2026-08-19T17:07:00Z,BTC,538,72,5,0.17,0.18,0.19,0.012,0.3285,68591.67,0
2026-08-19T17:07:00Z,ETH,412,40,2,0.245,0.2725,0.3,0.0106,0.4654,2085.94,0
2026-08-19T17:08:00Z,BTC,538,72,5,0.17,0.18,0.19,0.0118,0.3285,68554.96,0
2026-08-19T17:08:00Z,ETH,412,40,2,0.145,0.1725,0.2,0.0065,0.4658,2084.44,0
2026-08-19T17:09:00Z,BTC,538,72,5,0.18,0.19,0.28,0.0144,0.3267,68595.77,0
2026-08-19T17:09:00Z,ETH,412,40,2,0.145,0.1675,0.19,0.0062,0.4638,2086.84,0
2026-08-19T17:10:00Z,BTC,538,72,5,0.17,0.19,0.19,0.0123,0.3257,68607.22,0
2026-08-19T17:10:00Z,ETH,412,40,2,0.195,0.1975,0.2,0.0084,0.4616,2088.52,0
2026-08-19T17:11:00Z,BTC,538,72,5,0.17,0.19,0.19,0.0118,0.3258,68531.69,0
2026-08-19T17:11:00Z,ETH,412,40,2,0.235,0.2625,0.29,0.0107,0.4616,2086.44,0
2026-08-19T17:12:00Z,BTC,538,72,5,0.17,0.18,0.19,0.012,0.3265,68600.66,0
2026-08-19T17:12:00Z,ETH,412,40,2,0.15,0.175,0.2,0.0065,0.4638,2085.72,0
2026-08-19T17:13:00Z,BTC,538,72,5,0.17,0.18,0.19,0.0118,0.3277,68557.97,0
2026-08-19T17:13:00Z,ETH,412,40,2,0.295,0.3475,0.4,0.0131,0.4632,2085.21,0
2026-08-19T17:14:00Z,BTC,538,72,5,0.17,0.19,0.19,0.0117,0.3277,68513.12,0
2026-08-19T17:14:00Z,ETH,412,40,2,0.29,0.295,0.3,0.0128,0.4627,2083.13,0
2026-08-19T17:15:00Z,BTC,538,72,5,0.17,0.19,0.19,0.012,0.3273,68601.82,0
2026-08-19T17:15:00Z,ETH,412,40,2,0.24,0.26,0.28,0.0104,0.4624,2083.47,0
2026-08-19T17:16:00Z,BTC,538,72,5,0.18,0.19,0.27,0.0148,0.3254,68507.23,0
2026-08-19T17:16:00Z,ETH,412,40,2,0.29,0.335,0.38,0.0123,0.4615,2081.58,0
2026-08-19T17:17:00Z,BTC,538,72,5,0.17,0.19,0.19,0.012,0.3254,68502.08,0
2026-08-19T17:17:00Z,ETH,412,40,2,0.195,0.1975,0.2,0.0086,0.4615,2081.43,0
2026-08-19T17:18:00Z,BTC,538,72,4,0.175,0.1825,0.19,0.0128,0.3241,68417.42,0
2026-08-19T17:18:00Z,ETH,412,40,2,0.14,0.16,0.18,0.0061,0.4615,2080.18,0
2026-08-19T17:19:00Z,BTC,538,72,5,0.18,0.19,0.21,0.014,0.3241,68350.69,0
2026-08-19T17:19:00Z,ETH,412,40,2,0.195,0.2025,0.21,0.0086,0.4625,2076.29,0
2026-08-19T17:20:00Z,BTC,538,72,5,0.18,0.19,0.21,0.0136,0.3251,68349.28,0
2026-08-19T17:20:00Z,ETH,412,40,2,0.435,0.4425,0.45,0.0191,0.4596,2076.26,0
2026-08-19T17:21:00Z,BTC,538,72,5,0.18,0.2,0.2,0.0136,0.3251,68337.01,0
2026-08-19T17:21:00Z,ETH,412,40,2,0.19,0.235,0.28,0.0079,0.4596,2076.19,0
2026-08-19T17:22:00Z,BTC,538,72,5,0.18,0.2,0.2,0.0136,0.3258,68329.55,0
2026-08-19T17:22:00Z,ETH,412,40,2,0.24,0.255,0.27,0.0105,0.4596,2076.75,0
2026-08-19T17:23:00Z,BTC,538,72,5,0.18,0.19,0.21,0.0136,0.3258,68332.09,0
2026-08-19T17:23:00Z,ETH,412,40,2,0.29,0.33,0.37,0.0123,0.4592,2078.08,0
2026-08-19T17:24:00Z,BTC,538,72,6,0.165,0.1925,0.21,0.0118,0.3255,68248.93,0
2026-08-19T17:24:00Z,ETH,412,40,2,0.19,0.23,0.27,0.008,0.4594,2075.98,0
2026-08-19T17:25:00Z,BTC,538,72,6,0.165,0.195,0.21,0.0118,0.3255,68248.98,0
2026-08-19T17:25:00Z,ETH,412,40,2,0.34,0.355,0.37,0.0149,0.459,2077.13,0
2026-08-19T17:26:00Z,BTC,538,72,6,0.16,0.1925,0.2,0.0116,0.3257,68221.94,0
2026-08-19T17:26:00Z,ETH,412,40,2,0.15,0.17,0.19,0.0062,0.4589,2077.78,0
2026-08-19T17:27:00Z,BTC,538,72,6,0.165,0.185,0.2,0.0115,0.3255,68194.74,0
2026-08-19T17:27:00Z,ETH,412,40,2,0.19,0.23,0.27,0.008,0.4586,2077.99,0
2026-08-19T17:28:00Z,BTC,538,72,5,0.29,0.31,0.34,0.0163,0.3257,68144.29,0
2026-08-19T17:28:00Z,ETH,412,40,2,0.195,0.2025,0.21,0.0087,0.4586,2078.38,0
2026-08-19T17:29:00Z,BTC,538,72,6,0.17,0.195,0.2,0.012,0.3246,68292.21,0
2026-08-19T17:29:00Z,ETH,412,40,2,0.15,0.17,0.19,0.0063,0.4575,2082.11,0
2026-08-19T17:31:00Z,BTC,538,72,5,0.16,0.18,0.2,0.0102,0.3251,68141.27,0
2026-08-19T17:31:00Z,ETH,412,40,2,0.24,0.255,0.27,0.0106,0.4577,2077.07,0
2026-08-19T17:32:00Z,BTC,538,72,5,0.16,0.17,0.2,0.0102,0.3245,68141.43,0
2026-08-19T17:32:00Z,ETH,412,40,2,0.24,0.255,0.27,0.0106,0.4573,2078.1,0
2026-08-19T17:33:00Z,BTC,538,72,5,0.16,0.17,0.2,0.0104,0.3242,68181.47,0
2026-08-19T17:33:00Z,ETH,412,40,2,0.19,0.23,0.27,0.0081,0.4568,2077.65,0
2026-08-19T17:34:00Z,BTC,538,72,6,0.185,0.2,0.32,0.0151,0.3242,68270.08,0
2026-08-19T17:34:00Z,ETH,412,40,2,0.19,0.235,0.28,0.0082,0.456,2081.91,0
2026-08-19T17:35:00Z,BTC,538,72,5,0.2,0.21,0.32,0.0171,0.3234,68326.98,0
2026-08-19T17:35:00Z,ETH,412,40,2,0.245,0.2675,0.29,0.0107,0.4556,2083.93,0
2026-08-19T17:36:00Z,BTC,538,72,6,0.175,0.195,0.21,0.0126,0.3219,68317.37,0
2026-08-19T17:36:00Z,ETH,412,40,2,0.24,0.31,0.38,0.0104,0.4541,2084.93,0
2026-08-19T17:37:00Z,BTC,538,72,6,0.17,0.195,0.21,0.0124,0.3226,68305.27,0
2026-08-19T17:37:00Z,ETH,412,40,2,0.2,0.205,0.21,0.0088,0.4551,2083.51,0
2026-08-19T17:38:00Z,BTC,538,72,6,0.17,0.195,0.2,0.0123,0.3231,68315.98,0
2026-08-19T17:38:00Z,ETH,412,40,2,0.19,0.235,0.28,0.0084,0.4547,2086.48,0
2026-08-19T17:39:00Z,BTC,538,72,5,0.18,0.2,0.2,0.0136,0.3224,68331.16,0
2026-08-19T17:39:00Z,ETH,412,40,2,0.295,0.3425,0.39,0.0129,0.4543,2089.76,0
2026-08-19T17:40:00Z,BTC,538,72,6,0.17,0.2025,0.21,0.0123,0.3222,68325.91,0
2026-08-19T17:40:00Z,ETH,412,40,2,0.195,0.2425,0.29,0.0085,0.455,2089.08,0
2026-08-19T17:41:00Z,BTC,538,72,6,0.17,0.195,0.2,0.0124,0.3225,68304.25,0
2026-08-19T17:41:00Z,ETH,412,40,2,0.195,0.2425,0.29,0.0085,0.4541,2088.8,0
2026-08-19T17:42:00Z,BTC,538,72,5,0.18,0.2,0.21,0.0138,0.3224,68332.52,0
2026-08-19T17:42:00Z,ETH,412,40,2,0.145,0.1675,0.19,0.0065,0.4535,2090.84,0
2026-08-19T17:43:00Z,BTC,538,72,6,0.175,0.195,0.2,0.0124,0.3223,68319.32,0
2026-08-19T17:43:00Z,ETH,412,40,2,0.295,0.3425,0.39,0.013,0.4524,2090.86,0
2026-08-19T17:44:00Z,BTC,538,72,6,0.17,0.195,0.21,0.0124,0.3223,68317.66,0
2026-08-19T17:44:00Z,ETH,412,40,2,0.295,0.3425,0.39,0.013,0.4524,2090.86,0
2026-08-19T17:45:00Z,BTC,538,72,4,0.17,0.1825,0.19,0.013,0.322,68426.42,0
2026-08-19T17:45:00Z,ETH,412,40,2,0.195,0.2425,0.29,0.0087,0.4527,2093.81,0
2026-08-19T17:46:00Z,BTC,538,72,4,0.17,0.1825,0.19,0.013,0.3221,68416.1,0
2026-08-19T17:46:00Z,ETH,412,40,2,0.19,0.24,0.29,0.0087,0.4529,2092.41,0
2026-08-19T17:47:00Z,BTC,538,72,4,0.18,0.19,0.19,0.0131,0.3221,68429.2,0
2026-08-19T17:47:00Z,ETH,412,40,2,0.195,0.2425,0.29,0.0087,0.4529,2092.34,0
2026-08-19T17:48:00Z,BTC,538,72,5,0.17,0.19,0.19,0.012,0.3216,68533.49,0
2026-08-19T17:48:00Z,ETH,412,40,2,0.195,0.1975,0.2,0.0088,0.4522,2095.52,0
2026-08-19T17:49:00Z,BTC,538,72,5,0.16,0.19,0.2,0.0118,0.3216,68462.86,0
2026-08-19T17:49:00Z,ETH,412,40,2,0.145,0.1675,0.19,0.0066,0.4529,2094.24,0
2026-08-19T17:50:00Z,BTC,538,72,5,0.17,0.19,0.2,0.0118,0.3221,68485.92,0
2026-08-19T17:50:00Z,ETH,412,40,2,0.24,0.265,0.29,0.011,0.4524,2095.35,0
2026-08-19T17:51:00Z,BTC,538,72,5,0.17,0.19,0.19,0.012,0.3241,68513.8,0
2026-08-19T17:51:00Z,ETH,412,40,2,0.15,0.175,0.2,0.0067,0.4521,2097.48,0
2026-08-19T17:52:00Z,BTC,538,72,5,0.17,0.19,0.19,0.012,0.3233,68500.91,0
2026-08-19T17:52:00Z,ETH,412,40,2,0.2,0.2,0.2,0.0088,0.4528,2096.32,0
2026-08-19T17:53:00Z,BTC,538,72,5,0.19,0.2,0.28,0.0148,0.3226,68487.59,0
2026-08-19T17:53:00Z,ETH,412,40,2,0.3,0.35,0.4,0.0132,0.453,2095.87,0
2026-08-19T17:54:00Z,BTC,538,72,5,0.17,0.19,0.19,0.0118,0.3226,68473.18,0
2026-08-19T17:54:00Z,ETH,412,40,2,0.145,0.1675,0.19,0.0067,0.4518,2094.31,0
2026-08-19T17:55:00Z,BTC,538,72,5,0.17,0.18,0.19,0.0118,0.3226,68489.33,0
2026-08-19T17:55:00Z,ETH,412,40,2,0.19,0.19,0.19,0.0089,0.4516,2095.68,0
2026-08-19T17:56:00Z,BTC,538,72,5,0.17,0.19,0.19,0.012,0.3228,68522.75,0
2026-08-19T17:56:00Z,ETH,412,40,2,0.195,0.2475,0.3,0.009,0.45,2096.11,0
2026-08-19T17:57:00Z,BTC,538,72,5,0.17,0.19,0.19,0.012,0.3228,68522.84,0
2026-08-19T17:57:00Z,ETH,412,40,2,0.14,0.165,0.19,0.0067,0.4487,2095.72,0
2026-08-19T17:58:00Z,BTC,538,72,5,0.18,0.19,0.31,0.015,0.3227,68533.34,0
2026-08-19T17:58:00Z,ETH,412,40,2,0.19,0.19,0.19,0.009,0.4485,2096.92,0
2026-08-19T17:59:00Z,BTC,538,72,5,0.19,0.28,0.3,0.0153,0.3228,68481.96,0
2026-08-19T17:59:00Z,ETH,412,40,2,0.195,0.1975,0.2,0.009,0.4479,2095.99,0
2026-08-19T18:01:00Z,BTC,538,72,5,0.19,0.19,0.34,0.0148,0.3242,68470.58,0
2026-08-19T18:01:00Z,ETH,412,40,2,0.245,0.2675,0.29,0.0113,0.4481,2093.92,0
2026-08-19T18:02:00Z,BTC,538,72,5,0.16,0.19,0.19,0.012,0.3226,68506.57,0
2026-08-19T18:02:00Z,ETH,412,40,2,0.15,0.175,0.2,0.0068,0.4478,2094.73,0
2026-08-19T18:03:00Z,BTC,538,72,5,0.16,0.18,0.19,0.0118,0.3233,68495.19,0
2026-08-19T18:03:00Z,ETH,412,40,2,0.195,0.2425,0.29,0.009,0.4477,2094.9,0
2026-08-19T18:04:00Z,BTC,538,72,5,0.16,0.19,0.2,0.0118,0.3233,68510.1,0
2026-08-19T18:04:00Z,ETH,412,40,2,0.195,0.2425,0.29,0.009,0.4482,2095.21,0
2026-08-19T18:05:00Z,BTC,538,72,5,0.16,0.18,0.2,0.0116,0.3231,68463.29,0
2026-08-19T18:05:00Z,ETH,412,40,2,0.29,0.29,0.29,0.0136,0.448,2091.81,0
2026-08-19T18:07:00Z,BTC,538,72,5,0.16,0.19,0.19,0.0116,0.3239,68461.79,0
2026-08-19T18:07:00Z,ETH,412,40,2,0.39,0.435,0.48,0.0176,0.4498,2090.87,0
2026-08-19T18:09:00Z,BTC,538,72,4,0.175,0.1925,0.2,0.0126,0.3237,68352.6,0
2026-08-19T18:09:00Z,ETH,412,40,2,0.195,0.2425,0.29,0.0086,0.4496,2085.98,0
2026-08-19T18:10:00Z,BTC,538,72,4,0.175,0.185,0.2,0.0126,0.3242,68386.85,0
2026-08-19T18:10:00Z,ETH,412,40,2,0.24,0.26,0.28,0.011,0.451,2087.47,0
2026-08-19T18:11:00Z,BTC,538,72,4,0.17,0.1825,0.19,0.0126,0.3242,68376.74,0
2026-08-19T18:11:00Z,ETH,412,40,2,0.195,0.2425,0.29,0.0086,0.451,2087.29,0
2026-08-19T18:12:00Z,BTC,538,72,4,0.175,0.1925,0.2,0.0126,0.3245,68416.58,0
2026-08-19T18:12:00Z,ETH,412,40,2,0.24,0.31,0.38,0.0106,0.4514,2087.13,0
2026-08-19T18:13:00Z,BTC,538,72,4,0.175,0.185,0.2,0.013,0.3242,68447.12,0
2026-08-19T18:13:00Z,ETH,412,40,2,0.1,0.1,0.1,0.0044,0.4497,2088.51,0
2026-08-19T18:14:00Z,BTC,538,72,5,0.16,0.19,0.19,0.0114,0.3267,68478.32,0
2026-08-19T18:14:00Z,ETH,412,40,2,0.145,0.1725,0.2,0.0068,0.4506,2090.36,0
2026-08-19T18:15:00Z,BTC,538,72,5,0.16,0.18,0.19,0.0114,0.3274,68465.22,0
2026-08-19T18:15:00Z,ETH,412,40,2,0.145,0.1725,0.2,0.0068,0.4506,2090.39,0
2026-08-19T18:16:00Z,BTC,538,72,5,0.17,0.19,0.19,0.0116,0.3289,68550.23,0
2026-08-19T18:16:00Z,ETH,412,40,2,0.195,0.2425,0.29,0.009,0.4506,2092.37,0
2026-08-19T18:17:00Z,BTC,538,72,5,0.16,0.18,0.19,0.0116,0.3292,68535.08,0
2026-08-19T18:17:00Z,ETH,412,40,2,0.2,0.25,0.3,0.009,0.4513,2091.66,0
2026-08-19T18:18:00Z,BTC,538,72,5,0.17,0.19,0.19,0.0117,0.3292,68570.46,0
2026-08-19T18:18:00Z,ETH,412,40,2,0.14,0.165,0.19,0.0067,0.4513,2093.33,0
2026-08-19T18:19:00Z,BTC,538,72,5,0.17,0.19,0.19,0.0118,0.3279,68581.36,0
2026-08-19T18:19:00Z,ETH,412,40,2,0.195,0.2425,0.29,0.0089,0.4522,2093.49,0
2026-08-19T18:20:00Z,BTC,538,72,5,0.17,0.18,0.19,0.0118,0.3279,68611.87,0
2026-08-19T18:20:00Z,ETH,412,40,2,0.245,0.2675,0.29,0.011,0.4522,2093.6,0
2026-08-19T18:21:00Z,BTC,538,72,5,0.17,0.19,0.19,0.0118,0.328,68599.8,0
2026-08-19T18:21:00Z,ETH,412,40,2,0.1,0.1,0.1,0.0044,0.4517,2092.92,0
2026-08-19T18:22:00Z,BTC,538,72,5,0.17,0.19,0.19,0.0118,0.3285,68568.52,0
2026-08-19T18:22:00Z,ETH,412,40,2,0.19,0.24,0.29,0.0087,0.4524,2091.87,0
2026-08-19T18:23:00Z,BTC,538,72,5,0.17,0.19,0.19,0.0117,0.3286,68543.77,0
2026-08-19T18:23:00Z,ETH,412,40,2,0.195,0.2425,0.29,0.0087,0.4524,2090.98,0
2026-08-19T18:24:00Z,BTC,538,72,5,0.17,0.19,0.19,0.0117,0.3293,68549.18,0
2026-08-19T18:24:00Z,ETH,412,40,2,0.1,0.1,0.1,0.0044,0.4512,2090.63,0
2026-08-19T18:25:00Z,BTC,538,72,5,0.17,0.18,0.19,0.0118,0.3287,68580.01,0
2026-08-19T18:25:00Z,ETH,412,40,2,0.095,0.0975,0.1,0.0044,0.451,2093.54,0
2026-08-19T18:26:00Z,BTC,538,72,5,0.17,0.19,0.19,0.0118,0.3287,68581.43,0
2026-08-19T18:26:00Z,ETH,412,40,2,0.1,0.1,0.1,0.0044,0.451,2093.42,0
2026-08-19T18:27:00Z,BTC,538,72,5,0.17,0.18,0.19,0.0118,0.3294,68587.12,0
2026-08-19T18:27:00Z,ETH,412,40,2,0.095,0.0975,0.1,0.0044,0.4508,2093.5,0
2026-08-19T18:28:00Z,BTC,538,72,5,0.17,0.18,0.19,0.0117,0.3281,68557.9,0
2026-08-19T18:28:00Z,ETH,412,40,2,0.24,0.315,0.39,0.0108,0.4514,2090.01,0
2026-08-19T18:29:00Z,BTC,538,72,5,0.16,0.18,0.19,0.0117,0.3306,68572.48,0
2026-08-19T18:29:00Z,ETH,412,40,2,0.1,0.1,0.1,0.0044,0.4524,2092.11,0
2026-08-19T18:30:00Z,BTC,538,72,5,0.17,0.18,0.18,0.0117,0.33,68542.38,0
2026-08-19T18:30:00Z,ETH,412,40,2,0.095,0.0975,0.1,0.0044,0.4527,2091.3,0
2026-08-19T18:31:00Z,BTC,538,72,5,0.17,0.19,0.19,0.0117,0.33,68535.36,0
2026-08-19T18:31:00Z,ETH,412,40,2,0.1,0.1,0.1,0.0044,0.4526,2092.16,0
2026-08-19T18:32:00Z,BTC,538,72,5,0.17,0.18,0.19,0.0116,0.3302,68548.86,0
2026-08-19T18:32:00Z,ETH,412,40,2,0.1,0.1,0.1,0.0044,0.4525,2091.29,0
2026-08-19T18:33:00Z,BTC,538,72,5,0.17,0.18,0.19,0.0117,0.3301,68561.11,0
2026-08-19T18:33:00Z,ETH,412,40,2,0.1,0.1,0.1,0.0044,0.4528,2091.72,0
2026-08-19T18:34:00Z,BTC,538,72,5,0.17,0.18,0.18,0.0117,0.3298,68574.38,0
2026-08-19T18:34:00Z,ETH,412,40,2,0.095,0.0975,0.1,0.0044,0.4524,2092.85,0
2026-08-19T18:35:00Z,BTC,538,72,5,0.17,0.19,0.19,0.0118,0.33,68575.04,0
2026-08-19T18:35:00Z,ETH,412,40,2,0.095,0.0975,0.1,0.0044,0.4522,2092.57,0
2026-08-19T18:36:00Z,BTC,538,72,5,0.17,0.19,0.19,0.0117,0.33,68559.09,0
2026-08-19T18:36:00Z,ETH,412,40,2,0.1,0.1,0.1,0.0044,0.4518,2093.04,0
2026-08-19T18:37:00Z,BTC,538,72,5,0.17,0.18,0.19,0.0116,0.3299,68518.48,0
2026-08-19T18:37:00Z,ETH,412,40,2,0.095,0.0975,0.1,0.0044,0.4521,2092.0,0
2026-08-19T18:38:00Z,BTC,538,72,5,0.17,0.19,0.19,0.0116,0.3279,68538.55,0
2026-08-19T18:38:00Z,ETH,412,40,2,0.15,0.175,0.2,0.0066,0.4519,2092.59,0
2026-08-19T18:39:00Z,BTC,538,72,5,0.17,0.19,0.19,0.012,0.3275,68575.07,0
2026-08-19T18:39:00Z,ETH,412,40,2,0.15,0.175,0.2,0.0067,0.4516,2092.08,0
2026-08-19T18:40:00Z,BTC,538,72,5,0.17,0.18,0.19,0.0121,0.3264,68611.75,0
2026-08-19T18:40:00Z,ETH,412,40,2,0.145,0.1725,0.2,0.0067,0.4515,2093.7,0
2026-08-19T18:41:00Z,BTC,538,72,5,0.17,0.19,0.19,0.0123,0.3256,68630.47,0
2026-08-19T18:41:00Z,ETH,412,40,2,0.095,0.0975,0.1,0.0044,0.4514,2094.09,0
2026-08-19T18:42:00Z,BTC,538,72,5,0.17,0.18,0.19,0.0123,0.3263,68641.83,0
2026-08-19T18:42:00Z,ETH,412,40,2,0.1,0.1,0.1,0.0044,0.4514,2094.39,0
2026-08-19T18:43:00Z,BTC,538,72,5,0.18,0.18,0.2,0.0126,0.3268,68670.08,0
2026-08-19T18:43:00Z,ETH,412,40,2,0.1,0.1,0.1,0.0045,0.4515,2094.48,0
2026-08-19T18:44:00Z,BTC,538,72,5,0.17,0.18,0.19,0.0127,0.3264,68699.11,0
2026-08-19T18:44:00Z,ETH,412,40,2,0.1,0.1,0.1,0.0045,0.4513,2094.51,0
2026-08-19T18:45:00Z,BTC,538,72,5,0.17,0.18,0.2,0.0127,0.3271,68737.63,0
2026-08-19T18:45:00Z,ETH,412,40,2,0.1,0.1,0.1,0.0045,0.4497,2096.78,0
2026-08-19T18:46:00Z,BTC,538,72,5,0.18,0.18,0.2,0.0127,0.327,68722.79,0
2026-08-19T18:46:00Z,ETH,412,40,2,0.1,0.1,0.1,0.0045,0.449,2096.55,0
2026-08-19T18:47:00Z,BTC,538,72,5,0.17,0.18,0.19,0.0127,0.3269,68685.25,0
2026-08-19T18:47:00Z,ETH,412,40,2,0.095,0.0975,0.1,0.0045,0.4496,2094.88,0
2026-08-19T18:48:00Z,BTC,538,72,5,0.18,0.18,0.2,0.0127,0.3261,68699.54,0
2026-08-19T18:48:00Z,ETH,412,40,2,0.095,0.0975,0.1,0.0045,0.4503,2094.87,0
2026-08-19T18:49:00Z,BTC,538,72,5,0.18,0.18,0.19,0.0127,0.3266,68724.67,0
2026-08-19T18:49:00Z,ETH,412,40,2,0.1,0.1,0.1,0.0045,0.4496,2096.0,0
2026-08-19T18:50:00Z,BTC,538,72,5,0.18,0.19,0.31,0.014,0.3275,68699.83,0
2026-08-19T18:50:00Z,ETH,412,40,2,0.1,0.1,0.1,0.0045,0.4498,2094.83,0
2026-08-19T18:51:00Z,BTC,538,72,5,0.17,0.18,0.19,0.0127,0.3264,68682.64,0
2026-08-19T18:51:00Z,ETH,412,40,2,0.095,0.0975,0.1,0.0045,0.4497,2094.65,0
2026-08-19T18:52:00Z,BTC,538,72,5,0.18,0.18,0.19,0.0126,0.3277,68664.23,0
2026-08-19T18:52:00Z,ETH,412,40,2,0.1,0.1,0.1,0.0045,0.4499,2094.68,0
2026-08-19T18:53:00Z,BTC,538,72,5,0.17,0.18,0.19,0.0124,0.3278,68655.64,0
2026-08-19T18:53:00Z,ETH,412,40,2,0.1,0.1,0.1,0.0045,0.4499,2094.4,0
2026-08-19T18:54:00Z,BTC,538,72,5,0.18,0.18,0.2,0.0126,0.3274,68702.47,0
2026-08-19T18:54:00Z,ETH,412,40,2,0.1,0.1,0.1,0.0045,0.4494,2095.76,0
2026-08-19T18:55:00Z,BTC,538,72,5,0.17,0.18,0.19,0.0123,0.328,68659.94,0
2026-08-19T18:55:00Z,ETH,412,40,2,0.1,0.1,0.1,0.0045,0.4494,2095.24,0
2026-08-19T18:56:00Z,BTC,538,72,5,0.18,0.18,0.19,0.0123,0.3285,68606.01,0
2026-08-19T18:56:00Z,ETH,412,40,2,0.1,0.1,0.1,0.0045,0.4494,2093.27,0
2026-08-19T18:57:00Z,BTC,538,72,5,0.17,0.18,0.19,0.0123,0.3285,68626.22,0
2026-08-19T18:57:00Z,ETH,412,40,2,0.1,0.1,0.1,0.0045,0.4485,2093.72,0
2026-08-19T18:58:00Z,BTC,538,72,5,0.17,0.19,0.2,0.0124,0.3287,68671.71,0
2026-08-19T18:58:00Z,ETH,412,40,2,0.1,0.1,0.1,0.0045,0.4488,2095.02,0
2026-08-19T18:59:00Z,BTC,538,72,5,0.18,0.18,0.19,0.0124,0.3286,68688.41,0
2026-08-19T18:59:00Z,ETH,412,40,2,0.2,0.2,0.2,0.0091,0.4475,2096.81,0
2026-08-19T19:00:00Z,BTC,538,72,5,0.17,0.19,0.19,0.0123,0.3286,68649.22,0
2026-08-19T19:00:00Z,ETH,412,40,2,0.1,0.1,0.1,0.0045,0.4478,2095.19,0
2026-08-19T19:01:00Z,BTC,538,72,5,0.18,0.18,0.2,0.0124,0.3289,68687.1,0
2026-08-19T19:01:00Z,ETH,412,40,2,0.095,0.0975,0.1,0.0045,0.4477,2096.67,0
2026-08-19T19:02:00Z,BTC,538,72,5,0.17,0.18,0.19,0.0124,0.3291,68685.87,0
2026-08-19T19:02:00Z,ETH,412,40,2,0.1,0.1,0.1,0.0045,0.448,2097.12,0
2026-08-19T19:03:00Z,BTC,538,72,5,0.17,0.18,0.19,0.0124,0.3291,68708.18,0
2026-08-19T19:03:00Z,ETH,412,40,2,0.095,0.0975,0.1,0.0045,0.448,2098.43,0
2026-08-19T19:04:00Z,BTC,538,72,5,0.17,0.18,0.19,0.0126,0.3267,68655.32,0
2026-08-19T19:04:00Z,ETH,412,40,2,0.1,0.1,0.1,0.0045,0.4477,2098.17,0
2026-08-19T19:05:00Z,BTC,538,72,5,0.18,0.18,0.2,0.0127,0.3266,68669.3,0
2026-08-19T19:05:00Z,ETH,412,40,2,0.1,0.1,0.1,0.0045,0.4474,2099.97,0
2026-08-19T19:06:00Z,BTC,538,72,5,0.17,0.18,0.2,0.0127,0.326,68708.95,0
2026-08-19T19:06:00Z,ETH,412,40,2,0.105,0.1075,0.11,0.0045,0.447,2101.64,0
2026-08-19T19:07:00Z,BTC,538,72,5,0.18,0.19,0.2,0.0127,0.3245,68688.44,0
2026-08-19T19:07:00Z,ETH,412,40,2,0.1,0.1,0.1,0.0045,0.4473,2098.66,0
2026-08-19T19:08:00Z,BTC,538,72,5,0.17,0.18,0.19,0.0127,0.3251,68717.72,0
2026-08-19T19:08:00Z,ETH,412,40,2,0.095,0.0975,0.1,0.0045,0.4465,2101.74,0
2026-08-19T19:09:00Z,BTC,538,72,5,0.17,0.18,0.2,0.0127,0.3251,68700.69,0
2026-08-19T19:09:00Z,ETH,412,40,2,0.1,0.1,0.1,0.0046,0.4462,2100.26,0
2026-08-19T19:10:00Z,BTC,538,72,5,0.17,0.18,0.19,0.0127,0.3248,68677.99,0
2026-08-19T19:10:00Z,ETH,412,40,2,0.1,0.1,0.1,0.0046,0.4457,2098.43,0
2026-08-19T19:11:00Z,BTC,538,72,5,0.18,0.18,0.2,0.0127,0.3247,68715.87,0
2026-08-19T19:11:00Z,ETH,412,40,2,0.145,0.1725,0.2,0.007,0.4452,2101.51,0
2026-08-19T19:12:00Z,BTC,538,72,5,0.17,0.18,0.19,0.0127,0.3256,68717.57,0
2026-08-19T19:12:00Z,ETH,412,40,2,0.105,0.1075,0.11,0.0046,0.4452,2101.78,0
2026-08-19T19:13:00Z,BTC,538,72,5,0.18,0.18,0.19,0.0127,0.3251,68713.49,0
2026-08-19T19:13:00Z,ETH,412,40,2,0.145,0.1675,0.19,0.0067,0.4447,2104.26,0
2026-08-19T19:14:00Z,BTC,538,72,4,0.185,0.2175,0.3,0.0152,0.3252,68445.5,0
2026-08-19T19:14:00Z,ETH,412,40,2,0.15,0.175,0.2,0.0069,0.4462,2095.2,0
2026-08-19T19:15:00Z,BTC,538,72,5,0.16,0.18,0.19,0.0116,0.3248,68481.52,0
2026-08-19T19:15:00Z,ETH,412,40,2,0.195,0.1975,0.2,0.0092,0.4437,2098.17,0
2026-08-19T19:16:00Z,BTC,538,72,5,0.17,0.19,0.19,0.0117,0.3259,68524.36,0
2026-08-19T19:16:00Z,ETH,412,40,2,0.2,0.2,0.2,0.0092,0.4444,2097.61,0
2026-08-19T19:17:00Z,BTC,538,72,5,0.17,0.19,0.19,0.0118,0.3258,68580.03,0
2026-08-19T19:17:00Z,ETH,412,40,2,0.1,0.1,0.1,0.0046,0.4443,2098.61,0
2026-08-19T19:18:00Z,BTC,538,72,5,0.17,0.19,0.19,0.012,0.3264,68592.7,0
2026-08-19T19:18:00Z,ETH,412,40,2,0.095,0.0975,0.1,0.0046,0.4424,2099.62,0
2026-08-19T19:19:00Z,BTC,538,72,5,0.17,0.18,0.2,0.0123,0.3264,68663.03,0
2026-08-19T19:19:00Z,ETH,412,40,2,0.25,0.28,0.31,0.0118,0.4419,2104.13,0
2026-08-19T19:20:00Z,BTC,538,72,5,0.18,0.18,0.19,0.0121,0.325,68629.85,0
2026-08-19T19:20:00Z,ETH,412,40,2,0.145,0.1675,0.19,0.0068,0.4438,2103.92,0
2026-08-19T19:21:00Z,BTC,538,72,5,0.17,0.18,0.2,0.0121,0.3253,68614.77,0
2026-08-19T19:21:00Z,ETH,412,40,2,0.095,0.0975,0.1,0.0046,0.4441,2103.85,0
2026-08-19T19:22:00Z,BTC,538,72,5,0.17,0.18,0.19,0.012,0.3253,68573.05,0
2026-08-19T19:22:00Z,ETH,412,40,2,0.1,0.1,0.1,0.0046,0.4442,2103.06,0
2026-08-19T19:23:00Z,BTC,538,72,5,0.17,0.19,0.19,0.012,0.3288,68607.58,0
2026-08-19T19:23:00Z,ETH,412,40,2,0.1,0.1,0.1,0.0046,0.4439,2102.16,0
2026-08-19T19:24:00Z,BTC,538,72,5,0.17,0.19,0.19,0.012,0.3289,68604.81,0
2026-08-19T19:24:00Z,ETH,412,40,2,0.105,0.1075,0.11,0.0046,0.4439,2101.92,0
2026-08-19T19:25:00Z,BTC,538,72,5,0.17,0.19,0.19,0.012,0.3286,68579.65,0
2026-08-19T19:25:00Z,ETH,412,40,2,0.095,0.0975,0.1,0.0046,0.445,2100.72,0
2026-08-19T19:26:00Z,BTC,538,72,5,0.17,0.18,0.19,0.0118,0.3279,68545.72,0
2026-08-19T19:26:00Z,ETH,412,40,2,0.1,0.1,0.1,0.0046,0.4451,2099.36,0
2026-08-19T19:27:00Z,BTC,538,72,5,0.17,0.19,0.19,0.0118,0.328,68532.78,0
2026-08-19T19:27:00Z,ETH,412,40,2,0.1,0.1,0.1,0.0046,0.4451,2099.83,0
2026-08-19T19:28:00Z,BTC,538,72,5,0.17,0.19,0.19,0.0118,0.3274,68531.22,0
2026-08-19T19:28:00Z,ETH,412,40,2,0.195,0.2425,0.29,0.0091,0.4434,2098.4,0
2026-08-19T19:29:00Z,BTC,538,72,5,0.17,0.19,0.2,0.0114,0.3276,68468.68,0
2026-08-19T19:29:00Z,ETH,412,40,2,0.1,0.1,0.1,0.0046,0.4443,2097.6,0
2026-08-19T19:30:00Z,BTC,538,72,5,0.17,0.18,0.19,0.0114,0.3276,68464.9,0
2026-08-19T19:30:00Z,ETH,412,40,2,0.095,0.0975,0.1,0.0046,0.4443,2097.33,0
2026-08-19T19:31:00Z,BTC,538,72,5,0.17,0.18,0.19,0.0114,0.3281,68499.54,0
2026-08-19T19:31:00Z,ETH,412,40,2,0.1,0.1,0.1,0.0046,0.4447,2099.75,0
2026-08-19T19:32:00Z,BTC,538,72,5,0.17,0.19,0.19,0.0116,0.3281,68539.34,0
2026-08-19T19:32:00Z,ETH,412,40,2,0.1,0.1,0.1,0.0046,0.4446,2100.34,0
2026-08-19T19:33:00Z,BTC,538,72,5,0.17,0.18,0.19,0.0117,0.3296,68584.59,0
2026-08-19T19:33:00Z,ETH,412,40,2,0.095,0.0975,0.1,0.0046,0.4448,2101.27,0
2026-08-19T19:34:00Z,BTC,538,72,5,0.17,0.19,0.19,0.0114,0.3296,68522.34,0
2026-08-19T19:34:00Z,ETH,412,40,2,0.095,0.0975,0.1,0.0046,0.4455,2100.68,0
2026-08-19T19:35:00Z,BTC,538,72,5,0.17,0.19,0.19,0.0114,0.328,68501.81,0
2026-08-19T19:35:00Z,ETH,412,40,2,0.1,0.1,0.1,0.0046,0.4457,2100.22,0
2026-08-19T19:36:00Z,BTC,538,72,5,0.17,0.19,0.19,0.0116,0.3274,68534.35,0
2026-08-19T19:36:00Z,ETH,412,40,2,0.155,0.1825,0.21,0.007,0.4455,2101.12,0
2026-08-19T19:37:00Z,BTC,538,72,5,0.17,0.19,0.19,0.0117,0.3284,68545.97,0
2026-08-19T19:37:00Z,ETH,412,40,2,0.1,0.1,0.1,0.0046,0.4457,2103.54,0
2026-08-19T19:39:00Z,BTC,538,72,5,0.16,0.19,0.19,0.0116,0.3275,68547.31,0
2026-08-19T19:39:00Z,ETH,412,40,2,0.095,0.0975,0.1,0.0046,0.4451,2104.1,0
2026-08-19T19:40:00Z,BTC,538,72,5,0.17,0.19,0.19,0.0118,0.3267,68586.33,0
2026-08-19T19:40:00Z,ETH,412,40,2,0.1,0.105,0.11,0.0046,0.4459,2104.72,0
2026-08-19T19:41:00Z,BTC,538,72,5,0.17,0.19,0.2,0.012,0.3268,68622.53,0
2026-08-19T19:41:00Z,ETH,412,40,2,0.145,0.1675,0.19,0.0067,0.4459,2105.17,0
2026-08-19T19:42:00Z,BTC,538,72,5,0.17,0.19,0.2,0.012,0.3284,68633.81,0
2026-08-19T19:42:00Z,ETH,412,40,2,0.15,0.175,0.2,0.0071,0.4455,2104.86,0
2026-08-19T19:43:00Z,BTC,538,72,5,0.17,0.18,0.2,0.0123,0.3301,68675.92,0
2026-08-19T19:43:00Z,ETH,412,40,2,0.095,0.0975,0.1,0.0046,0.4462,2103.96,0
2026-08-19T19:44:00Z,BTC,538,72,5,0.17,0.19,0.19,0.0123,0.3305,68677.56,0
2026-08-19T19:44:00Z,ETH,412,40,2,0.15,0.18,0.21,0.0071,0.4461,2104.21,0
2026-08-19T19:45:00Z,BTC,538,72,5,0.18,0.19,0.19,0.0123,0.3305,68659.01,0
2026-08-19T19:45:00Z,ETH,412,40,2,0.1,0.105,0.11,0.0046,0.4469,2104.15,0
2026-08-19T19:46:00Z,BTC,538,72,5,0.17,0.18,0.19,0.0123,0.3299,68660.45,0
2026-08-19T19:46:00Z,ETH,412,40,2,0.095,0.0975,0.1,0.0046,0.4466,2103.87,0
2026-08-19T19:47:00Z,BTC,538,72,5,0.17,0.18,0.2,0.0123,0.3298,68685.7,0
2026-08-19T19:47:00Z,ETH,412,40,2,0.095,0.0975,0.1,0.0046,0.4468,2104.54,0
2026-08-19T19:48:00Z,BTC,538,72,5,0.17,0.18,0.2,0.0123,0.3292,68668.41,0
2026-08-19T19:48:00Z,ETH,412,40,2,0.095,0.0975,0.1,0.0046,0.4468,2103.19,0
2026-08-19T19:49:00Z,BTC,538,72,5,0.17,0.18,0.19,0.0123,0.3299,68659.74,0
2026-08-19T19:49:00Z,ETH,412,40,2,0.1,0.105,0.11,0.0046,0.4449,2102.56,0
2026-08-19T19:50:00Z,BTC,538,72,5,0.18,0.18,0.2,0.0126,0.3292,68686.18,0
2026-08-19T19:50:00Z,ETH,412,40,2,0.2,0.255,0.31,0.0096,0.4444,2103.66,0
2026-08-19T19:51:00Z,BTC,538,72,5,0.18,0.18,0.2,0.0124,0.3293,68692.81,0
2026-08-19T19:51:00Z,ETH,412,40,2,0.095,0.0975,0.1,0.0046,0.4444,2104.35,0
2026-08-19T19:52:00Z,BTC,538,72,5,0.18,0.19,0.2,0.0124,0.3289,68701.97,0
2026-08-19T19:52:00Z,ETH,412,40,2,0.255,0.3375,0.42,0.0125,0.4444,2106.67,0
2026-08-19T19:53:00Z,BTC,538,72,5,0.18,0.19,0.19,0.0124,0.3288,68695.89,0
2026-08-19T19:53:00Z,ETH,412,40,2,0.105,0.1075,0.11,0.0046,0.4443,2105.88,0
2026-08-19T19:54:00Z,BTC,538,72,5,0.17,0.18,0.2,0.0124,0.3288,68695.24,0
2026-08-19T19:54:00Z,ETH,412,40,2,0.1,0.1,0.1,0.0046,0.4443,2106.44,0
2026-08-19T19:55:00Z,BTC,538,72,5,0.18,0.18,0.2,0.0126,0.3291,68709.79,0
2026-08-19T19:55:00Z,ETH,412,40,2,0.155,0.1825,0.21,0.0072,0.4465,2107.82,0
2026-08-19T19:56:00Z,BTC,538,72,5,0.17,0.18,0.2,0.0126,0.329,68704.55,0
2026-08-19T19:56:00Z,ETH,412,40,2,0.1,0.1,0.1,0.0046,0.4462,2108.28,0
2026-08-19T19:57:00Z,BTC,538,72,5,0.17,0.18,0.2,0.0127,0.3289,68728.48,0
2026-08-19T19:57:00Z,ETH,412,40,2,0.095,0.0975,0.1,0.0046,0.4468,2109.05,0
2026-08-19T19:58:00Z,BTC,538,72,5,0.17,0.18,0.2,0.0127,0.3281,68760.34,0
2026-08-19T19:58:00Z,ETH,412,40,2,0.195,0.2375,0.28,0.0085,0.4476,2110.1,0
2026-08-19T19:59:00Z,BTC,538,72,5,0.17,0.18,0.2,0.0124,0.3293,68696.68,0
2026-08-19T19:59:00Z,ETH,412,40,2,0.15,0.18,0.21,0.0072,0.4476,2107.23,0
2026-08-19T20:01:00Z,BTC,538,72,5,0.17,0.18,0.19,0.0124,0.3287,68692.74,0
2026-08-19T20:01:00Z,ETH,412,40,2,0.2,0.205,0.21,0.0092,0.4484,2108.0,0
2026-08-19T20:02:00Z,BTC,538,72,5,0.18,0.18,0.2,0.0124,0.3287,68707.12,0
2026-08-19T20:02:00Z,ETH,412,40,2,0.155,0.1875,0.22,0.0073,0.4471,2111.19,0
2026-08-19T20:03:00Z,BTC,538,72,5,0.18,0.18,0.19,0.0124,0.3288,68719.39,0
2026-08-19T20:03:00Z,ETH,412,40,2,0.145,0.1625,0.18,0.0065,0.4479,2110.69,0
2026-08-19T20:04:00Z,BTC,538,72,5,0.18,0.18,0.21,0.0127,0.3294,68803.96,0
2026-08-19T20:04:00Z,ETH,412,40,2,0.095,0.0975,0.1,0.0046,0.4488,2112.92,0
2026-08-19T20:05:00Z,BTC,538,72,5,0.18,0.18,0.2,0.0127,0.3294,68803.54,0
2026-08-19T20:05:00Z,ETH,412,40,2,0.095,0.0975,0.1,0.0046,0.4487,2112.95,0
2026-08-19T20:06:00Z,BTC,538,72,5,0.18,0.18,0.2,0.0127,0.3305,68795.22,0
2026-08-19T20:06:00Z,ETH,412,40,2,0.1,0.105,0.11,0.0046,0.4487,2113.46,0
2026-08-19T20:07:00Z,BTC,538,72,5,0.18,0.18,0.2,0.0127,0.3305,68795.15,0
2026-08-19T20:07:00Z,ETH,412,40,2,0.1,0.105,0.11,0.0046,0.4487,2113.6,0
2026-08-19T20:08:00Z,BTC,538,72,5,0.17,0.18,0.21,0.0132,0.3325,68891.85,0
2026-08-19T20:08:00Z,ETH,412,40,1,0.22,0.22,0.22,0.0118,0.4489,2120.34,0
2026-08-19T20:09:00Z,BTC,538,72,5,0.17,0.18,0.21,0.0132,0.3335,68909.2,0
2026-08-19T20:09:00Z,ETH,412,40,2,0.125,0.1325,0.14,0.0069,0.4499,2122.0,0
2026-08-19T20:10:00Z,BTC,538,72,5,0.17,0.18,0.2,0.0132,0.3331,68909.58,0
2026-08-19T20:10:00Z,ETH,412,40,2,0.12,0.125,0.13,0.0069,0.4502,2119.66,0
2026-08-19T20:11:00Z,BTC,538,72,5,0.18,0.18,0.21,0.0132,0.3337,68879.52,0
2026-08-19T20:11:00Z,ETH,412,40,1,0.11,0.11,0.11,0.0058,0.4497,2119.67,0
2026-08-19T20:12:00Z,BTC,538,72,5,0.18,0.2,0.29,0.0134,0.3339,68927.07,0
2026-08-19T20:12:00Z,ETH,412,40,1,0.11,0.11,0.11,0.0058,0.4492,2119.68,0
2026-08-19T20:13:00Z,BTC,538,72,4,0.165,0.1725,0.18,0.012,0.3336,68984.76,0
2026-08-19T20:13:00Z,ETH,412,40,1,0.11,0.11,0.11,0.0058,0.4492,2119.63,0
2026-08-19T20:14:00Z,BTC,538,72,4,0.165,0.1725,0.18,0.0118,0.3347,68957.31,0
2026-08-19T20:14:00Z,ETH,412,40,1,0.11,0.11,0.11,0.0057,0.4482,2118.03,0
2026-08-19T20:15:00Z,BTC,538,72,5,0.18,0.18,0.2,0.0129,0.3341,68906.15,0
2026-08-19T20:15:00Z,ETH,412,40,2,0.1,0.105,0.11,0.0047,0.4473,2116.16,0
2026-08-19T20:16:00Z,BTC,538,72,5,0.17,0.18,0.21,0.0131,0.3341,68903.02,0
2026-08-19T20:16:00Z,ETH,412,40,2,0.095,0.0975,0.1,0.0047,0.4473,2116.4,0
2026-08-19T20:17:00Z,BTC,538,72,5,0.18,0.18,0.2,0.0132,0.3331,68886.97,0
2026-08-19T20:17:00Z,ETH,412,40,2,0.1,0.105,0.11,0.0046,0.447,2114.79,0
2026-08-19T20:18:00Z,BTC,538,72,5,0.17,0.18,0.2,0.0132,0.333,68880.53,0
2026-08-19T20:18:00Z,ETH,412,40,2,0.145,0.1625,0.18,0.0065,0.447,2114.84,0
2026-08-19T20:19:00Z,BTC,538,72,5,0.18,0.18,0.2,0.0132,0.3323,68905.01,0
2026-08-19T20:19:00Z,ETH,412,40,2,0.235,0.2975,0.36,0.0101,0.4461,2117.78,0
2026-08-19T20:20:00Z,BTC,538,72,4,0.17,0.175,0.19,0.0118,0.3334,68957.66,0
2026-08-19T20:20:00Z,ETH,412,40,2,0.095,0.1025,0.11,0.0047,0.447,2117.01,0
2026-08-19T20:22:00Z,BTC,538,72,4,0.17,0.175,0.19,0.0118,0.335,68992.02,0
2026-08-19T20:22:00Z,ETH,412,40,1,0.22,0.22,0.22,0.0116,0.4482,2119.46,0
2026-08-19T20:23:00Z,BTC,538,72,5,0.16,0.17,0.19,0.0113,0.3345,69057.7,0
2026-08-19T20:23:00Z,ETH,412,40,2,0.24,0.29,0.34,0.0129,0.4488,2120.39,0
2026-08-19T20:24:00Z,BTC,538,72,5,0.16,0.17,0.18,0.0112,0.3344,69069.21,0
2026-08-19T20:24:00Z,ETH,412,40,2,0.12,0.125,0.13,0.0069,0.4492,2121.07,0
2026-08-19T20:25:00Z,BTC,538,72,5,0.16,0.17,0.19,0.0112,0.3343,69082.29,0
2026-08-19T20:25:00Z,ETH,412,40,2,0.25,0.32,0.39,0.0147,0.449,2124.02,0
2026-08-19T20:26:00Z,BTC,538,72,5,0.17,0.17,0.19,0.011,0.3344,69010.73,0
2026-08-19T20:26:00Z,ETH,412,40,2,0.25,0.32,0.39,0.0146,0.4506,2126.19,0
2026-08-19T20:27:00Z,BTC,538,72,5,0.16,0.17,0.18,0.0112,0.3358,69024.44,0
2026-08-19T20:27:00Z,ETH,412,40,2,0.245,0.3075,0.37,0.0141,0.4519,2131.76,0
2026-08-19T20:28:00Z,BTC,538,72,5,0.16,0.16,0.18,0.0112,0.3357,69047.19,0
2026-08-19T20:28:00Z,ETH,412,40,2,0.54,0.575,0.61,0.0308,0.4517,2135.18,0
2026-08-19T20:29:00Z,BTC,538,72,4,0.17,0.1725,0.18,0.0118,0.3349,68976.98,0
2026-08-19T20:29:00Z,ETH,412,40,2,0.3,0.325,0.35,0.0169,0.4513,2130.64,0
2026-08-19T20:30:00Z,BTC,538,72,4,0.165,0.1725,0.18,0.0117,0.3349,68983.93,0
2026-08-19T20:30:00Z,ETH,412,40,2,0.24,0.295,0.35,0.0133,0.4513,2131.32,0
2026-08-19T20:31:00Z,BTC,538,72,4,0.165,0.1725,0.18,0.0118,0.3346,68988.52,0
2026-08-19T20:31:00Z,ETH,412,40,2,0.175,0.1975,0.22,0.01,0.4504,2127.14,0
2026-08-19T20:32:00Z,BTC,538,72,4,0.17,0.175,0.19,0.0118,0.3345,68989.37,0
2026-08-19T20:32:00Z,ETH,412,40,2,0.125,0.1275,0.13,0.007,0.4493,2127.33,0
2026-08-19T20:33:00Z,BTC,538,72,4,0.165,0.1725,0.18,0.0118,0.3345,68988.6,0
2026-08-19T20:33:00Z,ETH,412,40,2,0.125,0.1275,0.13,0.007,0.4493,2127.36,0
2026-08-19T20:34:00Z,BTC,538,72,5,0.17,0.17,0.19,0.0112,0.335,69050.76,0
2026-08-19T20:34:00Z,ETH,412,40,2,0.18,0.205,0.23,0.0101,0.4496,2130.95,0
2026-08-19T20:35:00Z,BTC,538,72,4,0.165,0.1725,0.18,0.0117,0.3345,68990.93,0
2026-08-19T20:35:00Z,ETH,412,40,2,0.125,0.1275,0.13,0.0069,0.4504,2128.46,0
2026-08-19T20:36:00Z,BTC,538,72,5,0.17,0.17,0.19,0.011,0.3343,68994.23,0
2026-08-19T20:36:00Z,ETH,412,40,2,0.12,0.12,0.12,0.007,0.4489,2128.15,0
2026-08-19T20:37:00Z,BTC,538,72,4,0.17,0.1825,0.19,0.0118,0.3342,68956.59,0
2026-08-19T20:37:00Z,ETH,412,40,2,0.185,0.2225,0.26,0.0108,0.4489,2126.94,0
2026-08-19T20:38:00Z,BTC,538,72,5,0.16,0.17,0.18,0.011,0.3344,68995.68,0
2026-08-19T20:38:00Z,ETH,412,40,2,0.115,0.1175,0.12,0.007,0.4475,2129.0,0
2026-08-19T20:40:00Z,BTC,538,72,5,0.17,0.17,0.19,0.0112,0.3325,69013.93,0
2026-08-19T20:40:00Z,ETH,412,40,2,0.125,0.1275,0.13,0.007,0.4491,2129.03,0
2026-08-19T20:41:00Z,BTC,538,72,5,0.16,0.17,0.18,0.0113,0.3325,69007.66,0
2026-08-19T20:41:00Z,ETH,412,40,2,0.125,0.1275,0.13,0.007,0.4485,2127.93,0
2026-08-19T20:42:00Z,BTC,538,72,4,0.17,0.1725,0.18,0.0119,0.332,68962.44,0
2026-08-19T20:42:00Z,ETH,412,40,2,0.12,0.125,0.13,0.007,0.4492,2127.23,0
2026-08-19T20:43:00Z,BTC,538,72,4,0.165,0.175,0.19,0.0119,0.3324,68966.96,0
2026-08-19T20:43:00Z,ETH,412,40,2,0.125,0.1275,0.13,0.007,0.4489,2128.38,0
2026-08-19T20:44:00Z,BTC,538,72,4,0.165,0.175,0.19,0.0118,0.3329,68945.8,0
2026-08-19T20:44:00Z,ETH,412,40,2,0.125,0.1275,0.13,0.0069,0.4487,2128.46,0
2026-08-19T20:45:00Z,BTC,538,72,4,0.165,0.1725,0.18,0.0118,0.3339,68946.85,0
2026-08-19T20:45:00Z,ETH,412,40,2,0.115,0.1175,0.12,0.0069,0.4487,2128.48,0
2026-08-19T20:46:00Z,BTC,538,72,5,0.17,0.18,0.2,0.0131,0.3337,68910.06,0
2026-08-19T20:46:00Z,ETH,412,40,2,0.12,0.125,0.13,0.0069,0.4506,2127.88,0
2026-08-19T20:47:00Z,BTC,538,72,5,0.17,0.18,0.21,0.0131,0.3333,68902.04,0
2026-08-19T20:47:00Z,ETH,412,40,2,0.12,0.125,0.13,0.0069,0.4497,2127.33,0
2026-08-19T20:48:00Z,BTC,538,72,5,0.17,0.18,0.21,0.0129,0.3337,68934.76,0
2026-08-19T20:48:00Z,ETH,412,40,2,0.12,0.12,0.12,0.0069,0.4501,2129.94,0
2026-08-19T20:49:00Z,BTC,538,72,4,0.17,0.1725,0.18,0.0118,0.3352,68981.11,0
2026-08-19T20:49:00Z,ETH,412,40,2,0.18,0.21,0.24,0.0102,0.4509,2134.4,0
2026-08-19T20:51:00Z,BTC,538,72,4,0.41,0.45,0.45,0.0284,0.3324,69572.98,0
2026-08-19T20:51:00Z,ETH,412,40,2,6.045,7.7525,9.46,0.3533,0.4535,2219.32,0
2026-08-19T20:53:00Z,BTC,538,72,5,0.2,0.33,0.44,0.0171,0.3275,69372.51,0
2026-08-19T20:53:00Z,ETH,412,40,3,1.76,1.795,1.83,0.0711,0.4733,2203.51,0
2026-08-19T20:54:00Z,BTC,538,72,5,0.16,0.18,0.2,0.011,0.3277,69358.53,0
2026-08-19T20:54:00Z,ETH,412,40,3,1.2,1.65,2.1,0.0453,0.4707,2206.7,0
2026-08-19T20:55:00Z,BTC,538,72,5,0.16,0.17,0.2,0.0113,0.328,69291.93,0
2026-08-19T20:55:00Z,ETH,412,40,3,0.25,0.36,0.47,0.0143,0.4746,2201.85,0
2026-08-19T20:56:00Z,BTC,538,72,4,0.16,0.1675,0.19,0.0109,0.3282,69391.91,0
2026-08-19T20:56:00Z,ETH,412,40,2,0.88,1.02,1.16,0.0423,0.473,2210.14,0
2026-08-19T20:57:00Z,BTC,538,72,5,0.18,0.2,0.29,0.0134,0.3289,69369.07,0
2026-08-19T20:57:00Z,ETH,412,40,2,0.31,0.345,0.38,0.0152,0.4727,2212.27,0
2026-08-19T20:58:00Z,BTC,538,72,5,0.17,0.21,0.29,0.0134,0.3284,69390.94,0
2026-08-19T20:58:00Z,ETH,412,40,2,0.725,0.8525,0.98,0.0349,0.4719,2215.37,0
2026-08-19T20:59:00Z,BTC,538,72,5,0.16,0.18,0.2,0.011,0.329,69315.57,0
2026-08-19T20:59:00Z,ETH,412,40,2,0.425,0.4375,0.45,0.0209,0.4711,2222.04,0
2026-08-19T21:00:00Z,BTC,538,72,5,0.18,0.2,0.29,0.0129,0.329,69325.85,0
2026-08-19T21:00:00Z,ETH,412,40,2,0.515,0.6625,0.81,0.0245,0.4711,2222.06,0
2026-08-19T21:01:00Z,BTC,538,72,5,0.18,0.2,0.29,0.0132,0.3285,69366.3,0
2026-08-19T21:01:00Z,ETH,412,40,2,0.525,0.5675,0.61,0.0253,0.4706,2226.09,0
2026-08-19T21:02:00Z,BTC,538,72,5,0.18,0.2,0.29,0.0131,0.3293,69346.55,0
2026-08-19T21:02:00Z,ETH,412,40,2,1.495,1.5325,1.57,0.0735,0.4708,2224.39,0
2026-08-19T21:03:00Z,BTC,538,72,5,0.16,0.18,0.2,0.0108,0.3298,69366.39,0
2026-08-19T21:03:00Z,ETH,412,40,2,0.525,0.6225,0.72,0.0248,0.4704,2227.28,0
2026-08-19T21:04:00Z,BTC,538,72,5,0.16,0.18,0.2,0.0108,0.3297,69367.44,0
2026-08-19T21:04:00Z,ETH,412,40,2,0.625,0.7175,0.81,0.0299,0.4706,2225.75,0
2026-08-19T21:05:00Z,BTC,538,72,4,0.3,0.31,0.34,0.0191,0.3293,69577.27,0
2026-08-19T21:05:00Z,ETH,412,40,2,1.675,1.6875,1.7,0.0812,0.502,2253.64,0
2026-08-19T21:06:00Z,BTC,538,72,4,0.18,0.215,0.29,0.014,0.3315,69773.69,0
2026-08-19T21:06:00Z,ETH,412,40,1,1.39,1.39,1.39,0.0511,0.5133,2277.7,0
2026-08-19T21:07:00Z,BTC,538,72,4,0.325,0.3525,0.39,0.0226,0.3315,69765.55,0
2026-08-19T21:07:00Z,ETH,412,40,1,53.8,53.8,53.8,1.0558,0.5126,2282.82,0
2026-08-19T21:08:00Z,BTC,538,72,4,0.18,0.215,0.29,0.0138,0.3298,69781.24,0
2026-08-19T21:08:00Z,ETH,412,40,1,6.91,6.91,6.91,0.2796,0.5057,2301.52,0
2026-08-19T21:09:00Z,BTC,538,72,4,0.24,0.365,0.62,0.0168,0.3323,69881.37,0
2026-08-19T21:09:00Z,ETH,412,40,1,2.19,2.19,2.19,0.0838,0.5057,2310.92,0
2026-08-19T21:10:00Z,BTC,538,72,4,0.36,0.4025,0.47,0.0267,0.3345,69794.53,0
2026-08-19T21:10:00Z,ETH,412,40,1,7.22,7.22,7.22,0.2791,0.5171,2284.75,0
2026-08-19T21:11:00Z,BTC,538,72,4,0.17,0.225,0.33,0.0116,0.3361,69641.48,0
2026-08-19T21:11:00Z,ETH,412,40,2,2.105,2.1975,2.29,0.0944,0.5243,2273.24,0
2026-08-19T21:12:00Z,BTC,538,72,4,0.16,0.175,0.19,0.0102,0.3363,69588.02,0
2026-08-19T21:12:00Z,ETH,412,40,2,1.52,1.705,1.89,0.0706,0.5256,2269.18,0
2026-08-19T21:13:00Z,BTC,538,72,4,0.16,0.1725,0.18,0.01,0.3343,69653.16,0
2026-08-19T21:13:00Z,ETH,412,40,2,3.27,3.5,3.73,0.1349,0.5172,2262.16,0
2026-08-19T21:14:00Z,BTC,538,72,4,0.16,0.175,0.19,0.01,0.3343,69678.27,0
2026-08-19T21:14:00Z,ETH,412,40,2,1.575,1.7325,1.89,0.0682,0.5292,2261.75,0
2026-08-19T21:15:00Z,BTC,538,72,4,0.32,0.355,0.43,0.0202,0.3416,69802.3,0
2026-08-19T21:15:00Z,ETH,412,40,2,1.14,1.41,1.68,0.049,0.5562,2271.77,0
2026-08-19T21:16:00Z,BTC,538,72,5,0.16,0.19,0.2,0.0105,0.3436,69618.88,0
2026-08-19T21:16:00Z,ETH,412,40,2,1.1,1.165,1.23,0.0423,0.5593,2265.3,0
2026-08-19T21:17:00Z,BTC,538,72,5,0.16,0.18,0.2,0.0105,0.3428,69644.91,0
2026-08-19T21:17:00Z,ETH,412,40,2,0.33,0.39,0.45,0.0119,0.5713,2260.24,0
2026-08-19T21:18:00Z,BTC,538,72,5,0.89,0.99,1.09,0.0625,0.3451,69638.26,0
2026-08-19T21:18:00Z,ETH,412,40,2,2.265,2.5575,2.85,0.088,0.5711,2261.66,0
2026-08-19T21:19:00Z,BTC,538,72,4,0.155,0.165,0.18,0.0099,0.3435,69729.12,0
2026-08-19T21:19:00Z,ETH,412,40,2,1.285,1.3275,1.37,0.0479,0.5791,2271.27,0
2026-08-19T21:20:00Z,BTC,538,72,4,0.24,0.3075,0.33,0.0156,0.3471,69787.76,0
2026-08-19T21:20:00Z,ETH,412,40,2,0.75,0.81,0.87,0.0278,0.5818,2263.64,0
2026-08-19T21:21:00Z,BTC,538,72,5,0.17,0.18,0.2,0.011,0.3486,69819.47,0
2026-08-19T21:21:00Z,ETH,412,40,2,0.4,0.545,0.69,0.0135,0.5811,2268.77,0
2026-08-19T21:22:00Z,BTC,538,72,5,0.19,0.32,0.34,0.0148,0.3518,69966.26,0
2026-08-19T21:22:00Z,ETH,412,40,2,0.205,0.2675,0.33,0.0082,0.5855,2273.28,0
2026-08-19T21:23:00Z,BTC,538,72,5,0.17,0.19,0.2,0.0112,0.3531,69944.93,0
2026-08-19T21:23:00Z,ETH,412,40,2,1.045,1.2375,1.43,0.0368,0.5855,2274.2,0
2026-08-19T21:24:00Z,BTC,538,72,5,0.16,0.19,0.2,0.0109,0.3528,69825.57,0
2026-08-19T21:24:00Z,ETH,412,40,2,0.76,0.76,0.76,0.028,0.5851,2269.74,0
2026-08-19T21:25:00Z,BTC,538,72,5,0.17,0.19,0.19,0.011,0.3534,69850.58,0
2026-08-19T21:25:00Z,ETH,412,40,2,0.33,0.33,0.33,0.0123,0.5858,2271.61,0
2026-08-19T21:26:00Z,BTC,538,72,5,0.17,0.18,0.2,0.0112,0.3528,69901.34,0
2026-08-19T21:26:00Z,ETH,412,40,2,0.265,0.3425,0.42,0.0091,0.5841,2272.32,0
2026-08-19T21:27:00Z,BTC,538,72,5,0.17,0.19,0.2,0.0112,0.3528,69894.0,0
2026-08-19T21:27:00Z,ETH,412,40,2,0.225,0.2825,0.34,0.0077,0.5842,2272.33,0
2026-08-19T21:28:00Z,BTC,538,72,5,0.17,0.19,0.19,0.0112,0.3529,69891.58,0
2026-08-19T21:28:00Z,ETH,412,40,2,0.32,0.375,0.43,0.0114,0.5834,2273.78,0
2026-08-19T21:29:00Z,BTC,538,72,5,0.17,0.19,0.2,0.0113,0.3527,69916.04,0
2026-08-19T21:29:00Z,ETH,412,40,1,0.58,0.58,0.58,0.0257,0.5823,2286.45,0
2026-08-19T21:30:00Z,BTC,538,72,5,0.17,0.19,0.19,0.0113,0.3527,69919.35,0
2026-08-19T21:30:00Z,ETH,412,40,1,0.58,0.58,0.58,0.0257,0.5823,2286.49,0
2026-08-19T21:31:00Z,BTC,538,72,4,0.18,0.19,0.19,0.0128,0.3553,70088.12,0
2026-08-19T21:31:00Z,ETH,412,40,1,0.35,0.35,0.35,0.0155,0.5823,2292.08,0
2026-08-19T21:32:00Z,BTC,538,72,4,0.19,0.2375,0.35,0.0141,0.3553,70091.85,0
2026-08-19T21:32:00Z,ETH,412,40,1,0.58,0.58,0.58,0.0262,0.5823,2295.22,0
2026-08-19T21:33:00Z,BTC,538,72,5,0.17,0.19,0.19,0.0114,0.3547,69984.7,0
2026-08-19T21:33:00Z,ETH,412,40,1,0.11,0.11,0.11,0.0049,0.5965,2283.52,0
2026-08-19T21:34:00Z,BTC,538,72,5,0.17,0.19,0.19,0.0117,0.3546,70028.12,0
2026-08-19T21:34:00Z,ETH,412,40,1,0.11,0.11,0.11,0.0049,0.5965,2284.8,0
2026-08-19T21:35:00Z,BTC,538,72,4,0.175,0.185,0.2,0.0127,0.356,70118.38,0
2026-08-19T21:35:00Z,ETH,412,40,1,0.69,0.69,0.69,0.0306,0.5965,2291.56,0
2026-08-19T21:36:00Z,BTC,538,72,5,0.17,0.19,0.19,0.0112,0.3585,69966.25,0
2026-08-19T21:36:00Z,ETH,412,40,1,0.45,0.45,0.45,0.0191,0.5965,2282.81,0
2026-08-19T21:37:00Z,BTC,538,72,5,0.17,0.19,0.19,0.011,0.3586,69941.68,0
2026-08-19T21:37:00Z,ETH,412,40,1,0.56,0.56,0.56,0.0239,0.5965,2281.52,0
2026-08-19T21:38:00Z,BTC,538,72,5,0.16,0.19,0.19,0.0104,0.3652,69840.39,0
2026-08-19T21:38:00Z,ETH,412,40,1,0.44,0.44,0.44,0.0185,0.5965,2279.19,0
2026-08-19T21:39:00Z,BTC,538,72,5,0.17,0.19,0.2,0.0102,0.3652,69796.97,0
2026-08-19T21:39:00Z,ETH,412,40,2,0.41,0.45,0.49,0.0144,0.5965,2275.64,0
2026-08-19T21:40:00Z,BTC,538,72,6,0.185,0.2875,0.39,0.0127,0.3727,69740.53,0
2026-08-19T21:40:00Z,ETH,412,40,1,0.43,0.43,0.43,0.0179,0.5965,2279.06,0
2026-08-19T21:41:00Z,BTC,538,72,6,0.17,0.18,0.2,0.0108,0.3725,69840.1,0
2026-08-19T21:41:00Z,ETH,412,40,1,0.33,0.33,0.33,0.0139,0.5965,2285.17,0
2026-08-19T21:42:00Z,BTC,538,72,6,0.195,0.2525,0.3,0.013,0.3795,69916.79,0
2026-08-19T21:42:00Z,ETH,412,40,1,0.22,0.22,0.22,0.0093,0.5965,2286.49,0
2026-08-19T21:43:00Z,BTC,538,72,6,0.18,0.195,0.27,0.0122,0.3795,69917.47,0
2026-08-19T21:43:00Z,ETH,412,40,1,0.56,0.56,0.56,0.0234,0.5965,2286.38,0
2026-08-19T21:44:00Z,BTC,538,72,5,0.18,0.18,0.2,0.0116,0.3826,69964.14,0
2026-08-19T21:44:00Z,ETH,412,40,1,0.34,0.34,0.34,0.0142,0.5965,2288.82,0
2026-08-19T21:45:00Z,BTC,538,72,5,0.18,0.19,0.2,0.0118,0.3851,70038.22,0
2026-08-19T21:45:00Z,ETH,412,40,1,0.45,0.45,0.45,0.0195,0.5965,2294.29,0
2026-08-19T21:46:00Z,BTC,538,72,4,0.325,0.34,0.34,0.0187,0.387,70236.42,0
2026-08-19T21:46:00Z,ETH,412,40,2,0.72,0.73,0.74,0.0255,0.5965,2302.18,0
2026-08-19T21:47:00Z,BTC,538,72,5,0.76,0.84,0.94,0.05,0.387,70319.13,0
2026-08-19T21:47:00Z,ETH,412,40,2,0.76,0.79,0.82,0.0265,0.5965,2301.89,0
2026-08-19T21:48:00Z,BTC,538,72,5,0.17,0.18,0.2,0.011,0.3918,69989.69,0
2026-08-19T21:48:00Z,ETH,412,40,1,0.33,0.33,0.33,0.0143,0.5965,2292.08,0
2026-08-19T21:49:00Z,BTC,538,72,5,0.17,0.17,0.19,0.0107,0.3918,69955.19,0
2026-08-19T21:49:00Z,ETH,412,40,1,0.55,0.55,0.55,0.0231,0.5965,2287.84,0
2026-08-19T21:50:00Z,BTC,538,72,5,0.32,0.53,0.6,0.0182,0.3987,70046.99,0
2026-08-19T21:50:00Z,ETH,412,40,1,1.6,1.6,1.6,0.068,0.5965,2294.16,0
2026-08-19T21:51:00Z,BTC,538,72,5,0.17,0.18,0.19,0.0104,0.4013,70016.5,0
2026-08-19T21:51:00Z,ETH,412,40,1,0.46,0.46,0.46,0.0189,0.5965,2293.32,0
2026-08-19T21:52:00Z,BTC,538,72,5,0.18,0.19,0.34,0.0106,0.4074,70014.56,0
2026-08-19T21:52:00Z,ETH,412,40,1,0.46,0.46,0.46,0.0191,0.5965,2292.95,0
2026-08-19T21:53:00Z,BTC,538,72,5,0.17,0.17,0.2,0.0101,0.4074,70045.91,0
2026-08-19T21:53:00Z,ETH,412,40,1,0.34,0.34,0.34,0.0143,0.5965,2294.25,0
2026-08-19T21:54:00Z,BTC,538,72,5,0.17,0.17,0.2,0.01,0.4083,70039.3,0
2026-08-19T21:54:00Z,ETH,412,40,1,0.46,0.46,0.46,0.0193,0.5965,2295.9,0
2026-08-19T21:55:00Z,BTC,538,72,5,0.17,0.17,0.19,0.01,0.4083,70039.3,0
2026-08-19T21:55:00Z,ETH,412,40,1,0.23,0.23,0.23,0.0097,0.5965,2295.86,0
2026-08-19T21:56:00Z,BTC,538,72,5,0.16,0.17,0.19,0.01,0.4095,70048.26,0
2026-08-19T21:56:00Z,ETH,412,40,1,0.22,0.22,0.22,0.0096,0.5965,2296.73,0
2026-08-19T21:57:00Z,BTC,538,72,5,0.17,0.18,0.19,0.01,0.4096,70044.83,0
2026-08-19T21:57:00Z,ETH,412,40,1,0.23,0.23,0.23,0.0093,0.5965,2293.46,0
2026-08-19T21:58:00Z,BTC,538,72,5,0.17,0.17,0.19,0.0101,0.4102,69983.44,0
2026-08-19T21:58:00Z,ETH,412,40,1,0.45,0.45,0.45,0.018,0.5965,2287.86,0
2026-08-19T21:59:00Z,BTC,538,72,5,0.17,0.18,0.19,0.01,0.4102,70001.74,0
2026-08-19T21:59:00Z,ETH,412,40,1,0.11,0.11,0.11,0.0046,0.5965,2289.32,0
2026-08-19T22:00:00Z,BTC,538,72,5,0.17,0.17,0.19,0.0098,0.4145,70040.36,0
2026-08-19T22:00:00Z,ETH,412,40,1,0.33,0.33,0.33,0.0133,0.5965,2286.2,0
2026-08-19T22:01:00Z,BTC,538,72,5,0.17,0.17,0.19,0.0096,0.4172,69886.31,0
2026-08-19T22:01:00Z,ETH,412,40,1,0.1,0.1,0.1,0.0042,0.5965,2277.2,0
2026-08-19T22:02:00Z,BTC,538,72,5,0.17,0.17,0.18,0.0096,0.4171,69914.86,0
2026-08-19T22:02:00Z,ETH,412,40,1,0.54,0.54,0.54,0.0215,0.5965,2280.86,0
2026-08-19T22:03:00Z,BTC,538,72,5,0.17,0.17,0.19,0.0096,0.4189,69842.11,0
2026-08-19T22:03:00Z,ETH,412,40,2,0.51,0.52,0.53,0.0176,0.5965,2275.0,0
2026-08-19T22:04:00Z,BTC,538,72,5,0.17,0.17,0.18,0.0094,0.4185,69807.7,0
2026-08-19T22:04:00Z,ETH,412,40,2,0.44,0.555,0.67,0.0139,0.5969,2273.77,0
2026-08-19T22:05:00Z,BTC,538,72,6,0.17,0.1875,0.21,0.0099,0.419,69746.29,0
2026-08-19T22:05:00Z,ETH,412,40,2,0.775,0.8475,0.92,0.0259,0.6168,2269.87,0
2026-08-19T22:06:00Z,BTC,538,72,5,0.18,0.19,0.29,0.0104,0.4163,69829.99,0
2026-08-19T22:06:00Z,ETH,412,40,1,0.11,0.11,0.11,0.0043,0.6181,2280.88,0
2026-08-19T22:07:00Z,BTC,538,72,5,0.29,0.31,0.34,0.0132,0.4167,69824.77,0
2026-08-19T22:07:00Z,ETH,412,40,1,0.76,0.76,0.76,0.0304,0.618,2281.33,0
2026-08-19T22:08:00Z,BTC,538,72,5,0.31,0.33,0.36,0.0155,0.4153,69754.05,0
2026-08-19T22:08:00Z,ETH,412,40,1,0.43,0.43,0.43,0.0173,0.6181,2281.26,0
2026-08-19T22:09:00Z,BTC,538,72,6,0.17,0.185,0.21,0.01,0.4172,69712.21,0
2026-08-19T22:09:00Z,ETH,412,40,1,0.1,0.1,0.1,0.0043,0.6185,2279.59,0
2026-08-19T22:10:00Z,BTC,538,72,7,0.18,0.19,0.28,0.0109,0.4172,69661.79,0
2026-08-19T22:10:00Z,ETH,412,40,1,0.53,0.53,0.53,0.0211,0.6193,2276.64,0
2026-08-19T22:11:00Z,BTC,538,72,6,0.17,0.18,0.21,0.01,0.4162,69708.92,0
2026-08-19T22:11:00Z,ETH,412,40,1,0.32,0.32,0.32,0.0129,0.6185,2279.76,0
2026-08-19T22:12:00Z,BTC,538,72,5,0.16,0.18,0.19,0.0094,0.415,69712.11,0
2026-08-19T22:12:00Z,ETH,412,40,1,0.22,0.22,0.22,0.0086,0.6184,2279.81,0
2026-08-19T22:13:00Z,BTC,538,72,7,0.16,0.185,0.21,0.0096,0.4133,69675.68,0
2026-08-19T22:13:00Z,ETH,412,40,1,0.32,0.32,0.32,0.0126,0.6193,2276.78,0
2026-08-19T22:14:00Z,BTC,538,72,6,0.16,0.1775,0.18,0.0087,0.4133,69687.85,0
2026-08-19T22:14:00Z,ETH,412,40,1,0.21,0.21,0.21,0.0083,0.6194,2276.75,0
2026-08-19T22:15:00Z,BTC,538,72,6,0.155,0.175,0.18,0.0087,0.4112,69646.01,0
2026-08-19T22:15:00Z,ETH,412,40,1,0.42,0.42,0.42,0.0165,0.6198,2274.54,0
2026-08-19T22:16:00Z,BTC,538,72,6,0.16,0.1775,0.18,0.0086,0.4113,69635.39,0
2026-08-19T22:16:00Z,ETH,412,40,1,0.1,0.1,0.1,0.0042,0.6195,2276.37,0
2026-08-19T22:17:00Z,BTC,538,72,7,0.17,0.185,0.2,0.0094,0.4114,69628.02,0
2026-08-19T22:17:00Z,ETH,412,40,1,0.64,0.64,0.64,0.025,0.6201,2274.12,0
2026-08-19T22:18:00Z,BTC,538,72,6,0.16,0.1775,0.19,0.0087,0.4102,69643.06,0
2026-08-19T22:18:00Z,ETH,412,40,1,0.22,0.22,0.22,0.0085,0.6196,2276.2,0
2026-08-19T22:19:00Z,BTC,538,72,7,0.16,0.185,0.2,0.0095,0.4076,69581.21,0
2026-08-19T22:19:00Z,ETH,412,40,1,0.11,0.11,0.11,0.0042,0.6162,2273.73,0
2026-08-19T22:20:00Z,BTC,538,72,6,0.155,0.175,0.19,0.0086,0.4069,69589.68,0
2026-08-19T22:20:00Z,ETH,412,40,1,0.32,0.32,0.32,0.0126,0.6183,2274.37,0
2026-08-19T22:21:00Z,BTC,538,72,6,0.16,0.1775,0.19,0.0088,0.4044,69586.42,0
2026-08-19T22:21:00Z,ETH,412,40,1,0.11,0.11,0.11,0.0042,0.6139,2273.55,0
2026-08-19T22:22:00Z,BTC,538,72,6,0.16,0.1775,0.19,0.0089,0.4022,69559.18,0
2026-08-19T22:22:00Z,ETH,412,40,2,0.41,0.455,0.5,0.0138,0.6129,2271.21,0
2026-08-19T22:23:00Z,BTC,538,72,6,0.175,0.1875,0.31,0.011,0.3982,69566.0,0
2026-08-19T22:23:00Z,ETH,412,40,2,0.415,0.4625,0.51,0.0139,0.6118,2269.52,0
2026-08-19T22:24:00Z,BTC,538,72,6,0.165,0.185,0.19,0.009,0.3974,69558.02,0
2026-08-19T22:24:00Z,ETH,412,40,2,0.325,0.3325,0.34,0.0114,0.609,2268.6,0
2026-08-19T22:25:00Z,BTC,538,72,6,0.16,0.1775,0.19,0.0088,0.3975,69501.01,0
2026-08-19T22:25:00Z,ETH,412,40,2,0.415,0.4675,0.52,0.0142,0.6045,2264.71,0
2026-08-19T22:26:00Z,BTC,538,72,6,0.155,0.175,0.19,0.0088,0.3993,69543.49,0
2026-08-19T22:26:00Z,ETH,412,40,2,0.095,0.0975,0.1,0.0034,0.6088,2269.12,0
2026-08-19T22:27:00Z,BTC,538,72,7,0.17,0.185,0.2,0.0095,0.3992,69482.41,0
2026-08-19T22:27:00Z,ETH,412,40,2,0.14,0.16,0.18,0.0047,0.6097,2264.09,0
2026-08-19T22:28:00Z,BTC,538,72,7,0.17,0.19,0.2,0.0095,0.3993,69478.34,0
2026-08-19T22:28:00Z,ETH,412,40,2,0.09,0.095,0.1,0.0033,0.6093,2264.32,0
2026-08-19T22:29:00Z,BTC,538,72,7,0.16,0.19,0.2,0.0094,0.3995,69446.55,0
2026-08-19T22:29:00Z,ETH,412,40,2,0.18,0.22,0.26,0.0061,0.609,2263.33,0
2026-08-19T22:30:00Z,BTC,538,72,7,0.16,0.185,0.2,0.0096,0.3979,69490.78,0
2026-08-19T22:30:00Z,ETH,412,40,2,0.27,0.305,0.34,0.0094,0.6079,2264.41,0
2026-08-19T22:31:00Z,BTC,538,72,7,0.16,0.19,0.2,0.0095,0.398,69448.88,0
2026-08-19T22:31:00Z,ETH,412,40,2,0.27,0.355,0.44,0.009,0.6078,2260.66,0
2026-08-19T22:32:00Z,BTC,538,72,7,0.17,0.185,0.2,0.0093,0.3979,69400.53,0
2026-08-19T22:32:00Z,ETH,412,40,2,0.32,0.38,0.44,0.0111,0.6058,2258.3,0
2026-08-19T22:33:00Z,BTC,538,72,7,0.17,0.19,0.2,0.0092,0.3973,69360.81,0
2026-08-19T22:33:00Z,ETH,412,40,2,0.655,0.7325,0.81,0.0228,0.606,2252.48,0
2026-08-19T22:34:00Z,BTC,538,72,7,0.17,0.185,0.2,0.0092,0.3974,69345.28,0
2026-08-19T22:34:00Z,ETH,412,40,2,0.325,0.3375,0.35,0.0116,0.6066,2254.27,0
2026-08-19T22:35:00Z,BTC,538,72,7,0.18,0.2,0.28,0.0113,0.3968,69352.63,0
2026-08-19T22:35:00Z,ETH,412,40,2,0.43,0.44,0.45,0.015,0.6058,2252.85,0
2026-08-19T22:36:00Z,BTC,538,72,7,0.17,0.19,0.2,0.0093,0.3968,69364.69,0
2026-08-19T22:36:00Z,ETH,412,40,2,0.28,0.29,0.3,0.0101,0.6055,2254.23,0
2026-08-19T22:37:00Z,BTC,538,72,6,0.16,0.1775,0.19,0.009,0.3955,69528.08,0
2026-08-19T22:37:00Z,ETH,412,40,2,0.5,0.595,0.69,0.0173,0.6044,2263.2,0
2026-08-19T22:38:00Z,BTC,538,72,6,0.16,0.185,0.19,0.0091,0.3953,69563.85,0
2026-08-19T22:38:00Z,ETH,412,40,2,0.28,0.315,0.35,0.0097,0.6027,2261.89,0
2026-08-19T22:39:00Z,BTC,538,72,6,0.165,0.1775,0.2,0.0095,0.3961,69684.28,0
2026-08-19T22:39:00Z,ETH,412,40,2,0.3,0.36,0.42,0.0111,0.6011,2266.0,0
2026-08-19T22:40:00Z,BTC,538,72,6,0.165,0.185,0.19,0.0099,0.3959,69770.86,0
2026-08-19T22:40:00Z,ETH,412,40,2,0.59,0.675,0.76,0.0207,0.6009,2271.44,0
2026-08-19T22:41:00Z,BTC,538,72,6,0.165,0.185,0.19,0.0096,0.3948,69672.19,0
2026-08-19T22:41:00Z,ETH,412,40,2,0.455,0.5275,0.6,0.0159,0.6015,2268.28,0
2026-08-19T22:42:00Z,BTC,538,72,6,0.165,0.1875,0.19,0.0098,0.3928,69707.18,0
2026-08-19T22:42:00Z,ETH,412,40,2,0.265,0.3425,0.42,0.009,0.6003,2268.84,0
2026-08-19T22:43:00Z,BTC,538,72,6,0.165,0.185,0.19,0.0095,0.3919,69620.22,0
2026-08-19T22:43:00Z,ETH,412,40,2,0.235,0.2475,0.26,0.0084,0.6005,2264.05,0
2026-08-19T22:44:00Z,BTC,538,72,6,0.165,0.185,0.19,0.0096,0.3919,69660.67,0
2026-08-19T22:44:00Z,ETH,412,40,2,0.1,0.105,0.11,0.0035,0.6003,2265.05,0
2026-08-19T22:45:00Z,BTC,538,72,6,0.165,0.185,0.19,0.0094,0.3917,69590.23,0
2026-08-19T22:45:00Z,ETH,412,40,2,0.29,0.35,0.41,0.0111,0.5985,2262.42,0
2026-08-19T22:46:00Z,BTC,538,72,6,0.16,0.1775,0.19,0.0093,0.3906,69535.27,0
2026-08-19T22:46:00Z,ETH,412,40,2,0.19,0.2,0.21,0.007,0.5983,2260.33,0
2026-08-19T22:47:00Z,BTC,538,72,6,0.16,0.185,0.2,0.0093,0.3906,69531.74,0
2026-08-19T22:47:00Z,ETH,412,40,2,0.275,0.3125,0.35,0.0099,0.5982,2260.4,0
2026-08-19T22:48:00Z,BTC,538,72,6,0.16,0.175,0.2,0.0091,0.3867,69419.3,0
2026-08-19T22:48:00Z,ETH,412,40,2,0.145,0.1725,0.2,0.0054,0.5985,2255.32,0
2026-08-19T22:49:00Z,BTC,538,72,6,0.16,0.1775,0.19,0.0093,0.3868,69473.18,0
2026-08-19T22:49:00Z,ETH,412,40,2,0.42,0.48,0.54,0.015,0.6,2252.09,0
2026-08-19T22:50:00Z,BTC,538,72,6,0.165,0.185,0.19,0.0095,0.3868,69533.87,0
2026-08-19T22:50:00Z,ETH,412,40,2,0.375,0.4125,0.45,0.0134,0.5995,2254.66,0
2026-08-19T22:51:00Z,BTC,538,72,6,0.25,0.4,0.57,0.0153,0.3873,69569.2,0
2026-08-19T22:51:00Z,ETH,412,40,2,0.335,0.3675,0.4,0.0123,0.5984,2254.52,0
2026-08-19T22:52:00Z,BTC,538,72,6,0.155,0.1825,0.2,0.0093,0.3856,69454.71,0
2026-08-19T22:52:00Z,ETH,412,40,2,0.095,0.0975,0.1,0.0035,0.5967,2250.29,0
2026-08-19T22:53:00Z,BTC,538,72,6,0.165,0.185,0.2,0.0093,0.3856,69450.71,0
2026-08-19T22:53:00Z,ETH,412,40,2,0.095,0.0975,0.1,0.0035,0.5967,2251.12,0
2026-08-19T22:54:00Z,BTC,538,72,6,0.16,0.185,0.2,0.0094,0.3844,69448.76,0
2026-08-19T22:54:00Z,ETH,412,40,2,0.095,0.0975,0.1,0.0035,0.5964,2249.41,0
2026-08-19T22:55:00Z,BTC,538,72,6,0.16,0.185,0.19,0.0096,0.3831,69516.73,0
2026-08-19T22:55:00Z,ETH,412,40,2,0.095,0.0975,0.1,0.0035,0.5952,2253.31,0
2026-08-19T22:56:00Z,BTC,538,72,6,0.16,0.185,0.19,0.0096,0.3831,69509.04,0
2026-08-19T22:56:00Z,ETH,412,40,2,0.1,0.105,0.11,0.0035,0.5953,2252.45,0
2026-08-19T22:57:00Z,BTC,538,72,6,0.17,0.1875,0.2,0.0098,0.3835,69567.66,0
2026-08-19T22:57:00Z,ETH,412,40,2,0.095,0.0975,0.1,0.0035,0.5942,2256.54,0
2026-08-19T22:58:00Z,BTC,538,72,6,0.165,0.185,0.19,0.0098,0.3839,69553.15,0
2026-08-19T22:58:00Z,ETH,412,40,2,0.23,0.295,0.36,0.0082,0.5954,2255.05,0
2026-08-19T22:59:00Z,BTC,538,72,6,0.165,0.185,0.2,0.0098,0.383,69551.19,0
2026-08-19T22:59:00Z,ETH,412,40,2,0.185,0.2275,0.27,0.0067,0.594,2255.12,0
2026-08-19T23:00:00Z,BTC,538,72,6,0.16,0.185,0.2,0.0096,0.383,69517.41,0
2026-08-19T23:00:00Z,ETH,412,40,2,0.095,0.0975,0.1,0.0035,0.5942,2252.51,0
2026-08-19T23:01:00Z,BTC,538,72,6,0.185,0.2,0.29,0.0122,0.3823,69551.76,0
2026-08-19T23:01:00Z,ETH,412,40,2,0.1,0.105,0.11,0.0036,0.5917,2254.33,0
2026-08-19T23:02:00Z,BTC,538,72,6,0.16,0.1925,0.2,0.01,0.3813,69569.12,0
2026-08-19T23:02:00Z,ETH,412,40,2,0.095,0.0975,0.1,0.0036,0.5907,2251.74,0
2026-08-19T23:03:00Z,BTC,538,72,6,0.16,0.185,0.2,0.0099,0.3813,69530.76,0
2026-08-19T23:03:00Z,ETH,412,40,2,0.19,0.195,0.2,0.0072,0.5908,2249.46,0
2026-08-19T23:04:00Z,BTC,538,72,6,0.165,0.1925,0.2,0.0102,0.3823,69650.77,0
2026-08-19T23:04:00Z,ETH,412,40,2,0.095,0.0975,0.1,0.0036,0.5899,2253.86,0
2026-08-19T23:05:00Z,BTC,538,72,6,0.165,0.185,0.2,0.0101,0.3823,69603.75,0
2026-08-19T23:05:00Z,ETH,412,40,2,0.095,0.0975,0.1,0.0036,0.5899,2253.61,0
2026-08-19T23:07:00Z,BTC,538,72,6,0.17,0.1875,0.2,0.0102,0.3808,69615.83,0
2026-08-19T23:07:00Z,ETH,412,40,2,0.095,0.0975,0.1,0.0036,0.589,2254.17,0
2026-08-19T23:08:00Z,BTC,538,72,6,0.165,0.185,0.2,0.0105,0.3811,69681.59,0
2026-08-19T23:08:00Z,ETH,412,40,2,0.095,0.0975,0.1,0.0037,0.5873,2256.76,0
2026-08-19T23:09:00Z,BTC,538,72,6,0.17,0.1875,0.2,0.0104,0.3806,69635.46,0
2026-08-19T23:09:00Z,ETH,412,40,2,0.19,0.195,0.2,0.0073,0.5875,2254.73,0
2026-08-19T23:10:00Z,BTC,538,72,6,0.165,0.185,0.2,0.0104,0.3794,69608.9,0
2026-08-19T23:10:00Z,ETH,412,40,2,0.095,0.0975,0.1,0.0037,0.5869,2253.88,0
2026-08-19T23:11:00Z,BTC,538,72,6,0.17,0.195,0.2,0.0106,0.3787,69666.37,0
2026-08-19T23:11:00Z,ETH,412,40,2,0.1,0.105,0.11,0.0037,0.5847,2256.5,0
2026-08-19T23:12:00Z,BTC,538,72,6,0.165,0.195,0.2,0.0105,0.3784,69643.69,0
2026-08-19T23:12:00Z,ETH,412,40,2,0.095,0.0975,0.1,0.0037,0.5835,2254.23,0
2026-08-19T23:13:00Z,BTC,538,72,6,0.17,0.1875,0.2,0.0105,0.38,69667.8,0
2026-08-19T23:13:00Z,ETH,412,40,2,0.095,0.0975,0.1,0.0037,0.5825,2254.51,0
2026-08-19T23:14:00Z,BTC,538,72,6,0.17,0.195,0.2,0.0104,0.3803,69645.19,0
2026-08-19T23:14:00Z,ETH,412,40,2,0.29,0.33,0.37,0.0107,0.5824,2252.99,0
2026-08-19T23:15:00Z,BTC,538,72,6,0.17,0.1875,0.2,0.0106,0.3792,69694.86,0
2026-08-19T23:15:00Z,ETH,412,40,2,0.285,0.3225,0.36,0.0107,0.5811,2255.22,0
2026-08-19T23:16:00Z,BTC,538,72,6,0.17,0.195,0.2,0.0106,0.3802,69698.53,0
2026-08-19T23:16:00Z,ETH,412,40,2,0.145,0.1625,0.18,0.0054,0.582,2254.55,0
2026-08-19T23:17:00Z,BTC,538,72,6,0.17,0.1875,0.2,0.0109,0.3771,69729.84,0
2026-08-19T23:17:00Z,ETH,412,40,2,0.1,0.105,0.11,0.0037,0.5825,2252.82,0
2026-08-19T23:18:00Z,BTC,538,72,6,0.175,0.1875,0.2,0.011,0.3771,69752.99,0
2026-08-19T23:18:00Z,ETH,412,40,2,0.1,0.1,0.1,0.0037,0.5819,2256.1,0
2026-08-19T23:19:00Z,BTC,538,72,6,0.17,0.195,0.2,0.011,0.3767,69717.82,0
2026-08-19T23:19:00Z,ETH,412,40,2,0.1,0.105,0.11,0.0037,0.5816,2254.13,0
2026-08-19T23:20:00Z,BTC,538,72,6,0.17,0.195,0.2,0.0107,0.3763,69657.65,0
2026-08-19T23:20:00Z,ETH,412,40,2,0.145,0.1675,0.19,0.0054,0.5819,2253.74,0
2026-08-19T23:21:00Z,BTC,538,72,6,0.165,0.1925,0.2,0.0107,0.3742,69644.93,0
2026-08-19T23:21:00Z,ETH,412,40,2,0.095,0.0975,0.1,0.0037,0.581,2253.91,0
2026-08-19T23:22:00Z,BTC,538,72,6,0.17,0.1875,0.2,0.0106,0.3749,69635.94,0
2026-08-19T23:22:00Z,ETH,412,40,2,0.095,0.0975,0.1,0.0038,0.5807,2253.6,0
2026-08-19T23:23:00Z,BTC,538,72,6,0.185,0.2,0.29,0.013,0.3753,69605.16,0
2026-08-19T23:23:00Z,ETH,412,40,2,0.145,0.1675,0.19,0.0054,0.5796,2252.08,0
2026-08-19T23:24:00Z,BTC,538,72,6,0.17,0.1875,0.2,0.0105,0.3745,69609.21,0
2026-08-19T23:24:00Z,ETH,412,40,2,0.095,0.0975,0.1,0.0038,0.5798,2252.17,0
2026-08-19T23:25:00Z,BTC,538,72,6,0.17,0.195,0.2,0.0105,0.3742,69601.56,0
2026-08-19T23:25:00Z,ETH,412,40,2,0.15,0.175,0.2,0.0058,0.5799,2252.0,0
2026-08-19T23:26:00Z,BTC,538,72,6,0.17,0.195,0.2,0.0106,0.3741,69601.6,0
2026-08-19T23:26:00Z,ETH,412,40,2,0.1,0.105,0.11,0.0038,0.5787,2253.23,0
2026-08-19T23:27:00Z,BTC,538,72,6,0.17,0.195,0.21,0.011,0.3742,69704.2,0
2026-08-19T23:27:00Z,ETH,412,40,2,0.14,0.155,0.17,0.0055,0.5785,2259.74,0
2026-08-19T23:28:00Z,BTC,538,72,6,0.17,0.1875,0.2,0.011,0.3732,69716.98,0
2026-08-19T23:28:00Z,ETH,412,40,2,0.14,0.16,0.18,0.0055,0.575,2260.08,0
2026-08-19T23:29:00Z,BTC,538,72,6,0.17,0.195,0.2,0.011,0.3725,69682.32,0
2026-08-19T23:29:00Z,ETH,412,40,2,0.1,0.105,0.11,0.0039,0.5759,2257.51,0
2026-08-19T23:30:00Z,BTC,538,72,6,0.17,0.195,0.2,0.011,0.3709,69664.97,0
2026-08-19T23:30:00Z,ETH,412,40,2,0.1,0.105,0.11,0.0039,0.5756,2257.22,0
2026-08-19T23:31:00Z,BTC,538,72,6,0.17,0.195,0.21,0.011,0.368,69604.65,0
2026-08-19T23:31:00Z,ETH,412,40,2,0.095,0.0975,0.1,0.0038,0.5753,2253.44,0
2026-08-19T23:32:00Z,BTC,538,72,6,0.175,0.195,0.21,0.0114,0.3664,69640.79,0
2026-08-19T23:32:00Z,ETH,412,40,2,0.1,0.105,0.11,0.0039,0.5755,2252.83,0
2026-08-19T23:33:00Z,BTC,538,72,5,0.17,0.18,0.21,0.0102,0.3659,69626.02,0
2026-08-19T23:33:00Z,ETH,412,40,2,0.1,0.105,0.11,0.0039,0.5738,2253.11,0
2026-08-19T23:34:00Z,BTC,538,72,5,0.16,0.18,0.2,0.0101,0.3647,69599.25,0
2026-08-19T23:34:00Z,ETH,412,40,2,0.1,0.1,0.1,0.0039,0.5736,2251.78,0
2026-08-19T23:35:00Z,BTC,538,72,5,0.16,0.18,0.21,0.0101,0.3632,69564.05,0
2026-08-19T23:35:00Z,ETH,412,40,2,0.1,0.105,0.11,0.0038,0.5739,2252.69,0
2026-08-19T23:36:00Z,BTC,538,72,5,0.16,0.18,0.2,0.01,0.3632,69548.64,0
2026-08-19T23:36:00Z,ETH,412,40,2,0.1,0.105,0.11,0.0038,0.5739,2253.05,0
2026-08-19T23:37:00Z,BTC,538,72,5,0.16,0.18,0.21,0.0101,0.3612,69557.01,0
2026-08-19T23:37:00Z,ETH,412,40,2,0.14,0.16,0.18,0.0056,0.5721,2254.08,0
2026-08-19T23:38:00Z,BTC,538,72,5,0.16,0.18,0.21,0.0103,0.3611,69594.32,0
2026-08-19T23:38:00Z,ETH,412,40,2,0.1,0.105,0.11,0.0039,0.5713,2256.61,0
2026-08-19T23:39:00Z,BTC,538,72,5,0.16,0.18,0.2,0.0103,0.3611,69598.12,0
2026-08-19T23:39:00Z,ETH,412,40,2,0.095,0.0975,0.1,0.0039,0.5713,2256.7,0
2026-08-19T23:40:00Z,BTC,538,72,4,0.17,0.2075,0.29,0.0116,0.359,69611.56,0
2026-08-19T23:40:00Z,ETH,412,40,2,0.1,0.105,0.11,0.0039,0.5688,2257.37,0
2026-08-19T23:41:00Z,BTC,538,72,4,0.155,0.1675,0.19,0.0095,0.3586,69634.96,0
2026-08-19T23:41:00Z,ETH,412,40,2,0.095,0.0975,0.1,0.004,0.5685,2259.28,0
2026-08-19T23:42:00Z,BTC,538,72,4,0.155,0.165,0.18,0.0097,0.3583,69687.72,0
2026-08-19T23:42:00Z,ETH,412,40,2,0.1,0.105,0.11,0.004,0.5686,2264.0,0
2026-08-19T23:43:00Z,BTC,538,72,4,0.155,0.165,0.18,0.0097,0.3583,69698.82,0
2026-08-19T23:43:00Z,ETH,412,40,2,0.14,0.155,0.17,0.0057,0.5686,2263.48,0
2026-08-19T23:44:00Z,BTC,538,72,4,0.155,0.165,0.18,0.0095,0.3585,69626.51,0
2026-08-19T23:44:00Z,ETH,412,40,2,0.155,0.1875,0.22,0.0065,0.5658,2262.51,0
2026-08-19T23:45:00Z,BTC,538,72,4,0.16,0.1725,0.18,0.0094,0.3586,69601.92,0
2026-08-19T23:45:00Z,ETH,412,40,2,0.1,0.105,0.11,0.0041,0.5661,2261.34,0
2026-08-19T23:46:00Z,BTC,538,72,5,0.16,0.18,0.2,0.0103,0.3577,69563.01,0
2026-08-19T23:46:00Z,ETH,412,40,2,0.1,0.105,0.11,0.0041,0.5659,2259.81,0
2026-08-19T23:47:00Z,BTC,538,72,4,0.155,0.165,0.18,0.0095,0.3577,69597.39,0
2026-08-19T23:47:00Z,ETH,412,40,2,0.145,0.1625,0.18,0.0057,0.565,2260.68,0
2026-08-19T23:48:00Z,BTC,538,72,4,0.15,0.165,0.18,0.0096,0.3527,69564.75,0
2026-08-19T23:48:00Z,ETH,412,40,2,0.19,0.23,0.27,0.0074,0.5636,2258.91,0
2026-08-19T23:49:00Z,BTC,538,72,5,0.17,0.18,0.21,0.0103,0.3519,69486.1,0
2026-08-19T23:49:00Z,ETH,412,40,2,0.285,0.3725,0.46,0.0111,0.5627,2253.67,0
2026-08-19T23:50:00Z,BTC,538,72,5,0.2,0.3,0.32,0.0163,0.3519,69504.12,0
2026-08-19T23:50:00Z,ETH,412,40,2,0.695,0.7175,0.74,0.0284,0.5625,2255.07,0
2026-08-19T23:51:00Z,BTC,538,72,5,0.16,0.18,0.2,0.0104,0.3523,69516.15,0
2026-08-19T23:51:00Z,ETH,412,40,2,0.195,0.2375,0.28,0.0075,0.5636,2255.86,0
2026-08-19T23:52:00Z,BTC,538,72,5,0.16,0.18,0.2,0.0103,0.352,69483.18,0
2026-08-19T23:52:00Z,ETH,412,40,2,0.185,0.2275,0.27,0.0076,0.5625,2254.25,0
2026-08-19T23:53:00Z,BTC,538,72,4,0.155,0.165,0.18,0.0097,0.352,69544.88,0
2026-08-19T23:53:00Z,ETH,412,40,2,0.15,0.17,0.19,0.0058,0.5612,2256.65,0
2026-08-19T23:54:00Z,BTC,538,72,4,0.155,0.165,0.18,0.0097,0.352,69565.07,0
2026-08-19T23:54:00Z,ETH,412,40,2,0.1,0.105,0.11,0.0041,0.5612,2257.21,0
2026-08-19T23:55:00Z,BTC,538,72,4,0.16,0.1725,0.18,0.0097,0.3514,69566.9,0
2026-08-19T23:55:00Z,ETH,412,40,2,0.095,0.0975,0.1,0.0041,0.5611,2258.14,0
2026-08-19T23:56:00Z,BTC,538,72,4,0.155,0.1675,0.19,0.0098,0.3513,69598.41,0
2026-08-19T23:56:00Z,ETH,412,40,2,0.195,0.2375,0.28,0.0075,0.5611,2259.49,0
2026-08-19T23:57:00Z,BTC,538,72,4,0.16,0.175,0.19,0.0098,0.3509,69624.45,0
2026-08-19T23:57:00Z,ETH,412,40,2,0.1,0.105,0.11,0.0041,0.5615,2259.37,0
2026-08-19T23:58:00Z,BTC,538,72,4,0.16,0.175,0.19,0.0098,0.3509,69625.13,0
2026-08-19T23:58:00Z,ETH,412,40,2,0.19,0.23,0.27,0.0075,0.5616,2257.94,0
2026-08-19T23:59:00Z,BTC,538,72,4,0.16,0.1725,0.18,0.0099,0.3508,69647.05,0
2026-08-19T23:59:00Z,ETH,412,40,2,0.25,0.265,0.28,0.01,0.5596,2257.92,0
