2026-06-11 17:46:38.701 | INFO     | bybit_edge.recorder            | Starting RecordingEngine: streams=['rpi_orderbook', 'insurance_pool', 'adl_alerts', 'option_tickers', 'premium_index_kline'] symbols=['BTCUSDT'] options=['BTC', 'ETH'] cap=50.0 GB duration=28800.0
2026-06-11 17:46:39.628 | INFO     | bybit_edge.recorder.recording_engine | [linear] connected to wss://stream.bybit.com/v5/public/linear
2026-06-11 17:46:39.629 | INFO     | bybit_edge.recorder.recording_engine | Subscribed to 3 topic(s): ['orderbook.rpi.BTCUSDT', 'insurance.USDT', 'adlAlert']
2026-06-11 17:46:39.827 | INFO     | bybit_edge.recorder.recording_engine | [option] connected to wss://stream.bybit.com/v5/public/option
2026-06-11 17:46:39.828 | INFO     | bybit_edge.recorder.recording_engine | Subscribed to 2 topic(s): ['tickers.BTC', 'tickers.ETH']
2026-06-11 17:47:09.464 | INFO     | bybit_edge.recorder.recording_engine | Storage telemetry: {'cap_gb': 50.0, 'used_gb': 0.0001, 'used_pct': 0.0, 'total_bytes': 57695, 'total_segments': 6, 'evictions': 0, 'bytes_evicted': 0, 'per_stream': {'premium_index_kline': {'bytes': 57695, 'segments': 6}}}
2026-06-11 17:47:10.024 | WARNING  | bybit_edge.recorder.recording_engine | [option] connection lost (sent 1011 (internal error) keepalive ping timeout; no close frame received) — reconnecting in 1.0 s
2026-06-11 17:47:11.844 | INFO     | bybit_edge.recorder.recording_engine | [option] connected to wss://stream.bybit.com/v5/public/option
2026-06-11 17:47:11.844 | INFO     | bybit_edge.recorder.recording_engine | Subscribed to 2 topic(s): ['tickers.BTC', 'tickers.ETH']
2026-06-11 17:47:39.467 | INFO     | bybit_edge.recorder.recording_engine | Storage telemetry: {'cap_gb': 50.0, 'used_gb': 0.0001, 'used_pct': 0.0, 'total_bytes': 57695, 'total_segments': 6, 'evictions': 0, 'bytes_evicted': 0, 'per_stream': {'premium_index_kline': {'bytes': 57695, 'segments': 6}}}
2026-06-11 17:47:42.056 | WARNING  | bybit_edge.recorder.recording_engine | [option] connection lost (sent 1011 (internal error) keepalive ping timeout; no close frame received) — reconnecting in 1.0 s
2026-06-11 17:47:43.834 | INFO     | bybit_edge.recorder.recording_engine | [option] connected to wss://stream.bybit.com/v5/public/option
2026-06-11 17:47:43.835 | INFO     | bybit_edge.recorder.recording_engine | Subscribed to 2 topic(s): ['tickers.BTC', 'tickers.ETH']
2026-06-11 17:48:09.486 | INFO     | bybit_edge.recorder.recording_engine | Storage telemetry: {'cap_gb': 50.0, 'used_gb': 0.0001, 'used_pct': 0.0, 'total_bytes': 67307, 'total_segments': 7, 'evictions': 0, 'bytes_evicted': 0, 'per_stream': {'premium_index_kline': {'bytes': 67307, 'segments': 7}}}
2026-06-11 17:48:14.028 | WARNING  | bybit_edge.recorder.recording_engine | [option] connection lost (sent 1011 (internal error) keepalive ping timeout; no close frame received) — reconnecting in 1.0 s
2026-06-11 17:48:15.775 | INFO     | bybit_edge.recorder.recording_engine | [option] connected to wss://stream.bybit.com/v5/public/option
2026-06-11 17:48:15.776 | INFO     | bybit_edge.recorder.recording_engine | Subscribed to 2 topic(s): ['tickers.BTC', 'tickers.ETH']
2026-06-11 17:48:39.498 | INFO     | bybit_edge.recorder.recording_engine | Storage telemetry: {'cap_gb': 50.0, 'used_gb': 0.0001, 'used_pct': 0.0, 'total_bytes': 67307, 'total_segments': 7, 'evictions': 0, 'bytes_evicted': 0, 'per_stream': {'premium_index_kline': {'bytes': 67307, 'segments': 7}}}
2026-06-11 17:48:46.008 | WARNING  | bybit_edge.recorder.recording_engine | [option] connection lost (sent 1011 (internal error) keepalive ping timeout; no close frame received) — reconnecting in 1.0 s
2026-06-11 17:48:47.763 | INFO     | bybit_edge.recorder.recording_engine | [option] connected to wss://stream.bybit.com/v5/public/option
2026-06-11 17:48:47.764 | INFO     | bybit_edge.recorder.recording_engine | Subscribed to 2 topic(s): ['tickers.BTC', 'tickers.ETH']
2026-06-11 17:49:09.506 | INFO     | bybit_edge.recorder.recording_engine | Storage telemetry: {'cap_gb': 50.0, 'used_gb': 0.0001, 'used_pct': 0.0, 'total_bytes': 76920, 'total_segments': 8, 'evictions': 0, 'bytes_evicted': 0, 'per_stream': {'premium_index_kline': {'bytes': 76920, 'segments': 8}}}
2026-06-11 17:49:17.946 | WARNING  | bybit_edge.recorder.recording_engine | [option] connection lost (sent 1011 (internal error) keepalive ping timeout; no close frame received) — reconnecting in 1.0 s
2026-06-11 17:49:19.529 | INFO     | bybit_edge.recorder.recording_engine | [option] connected to wss://stream.bybit.com/v5/public/option
2026-06-11 17:49:19.529 | INFO     | bybit_edge.recorder.recording_engine | Subscribed to 2 topic(s): ['tickers.BTC', 'tickers.ETH']
2026-06-11 17:49:39.530 | INFO     | bybit_edge.recorder.recording_engine | Storage telemetry: {'cap_gb': 50.0, 'used_gb': 0.0001, 'used_pct': 0.0, 'total_bytes': 76920, 'total_segments': 8, 'evictions': 0, 'bytes_evicted': 0, 'per_stream': {'premium_index_kline': {'bytes': 76920, 'segments': 8}}}
2026-06-11 17:49:49.726 | WARNING  | bybit_edge.recorder.recording_engine | [option] connection lost (sent 1011 (internal error) keepalive ping timeout; no close frame received) — reconnecting in 1.0 s
2026-06-11 17:49:51.478 | INFO     | bybit_edge.recorder.recording_engine | [option] connected to wss://stream.bybit.com/v5/public/option
2026-06-11 17:49:51.479 | INFO     | bybit_edge.recorder.recording_engine | Subscribed to 2 topic(s): ['tickers.BTC', 'tickers.ETH']
2026-06-11 17:50:09.537 | INFO     | bybit_edge.recorder.recording_engine | Storage telemetry: {'cap_gb': 50.0, 'used_gb': 0.0001, 'used_pct': 0.0, 'total_bytes': 86542, 'total_segments': 9, 'evictions': 0, 'bytes_evicted': 0, 'per_stream': {'premium_index_kline': {'bytes': 86542, 'segments': 9}}}
2026-06-11 17:50:21.707 | WARNING  | bybit_edge.recorder.recording_engine | [option] connection lost (sent 1011 (internal error) keepalive ping timeout; no close frame received) — reconnecting in 1.0 s
2026-06-11 17:50:23.287 | INFO     | bybit_edge.recorder.recording_engine | [option] connected to wss://stream.bybit.com/v5/public/option
2026-06-11 17:50:23.288 | INFO     | bybit_edge.recorder.recording_engine | Subscribed to 2 topic(s): ['tickers.BTC', 'tickers.ETH']
2026-06-11 17:50:39.555 | INFO     | bybit_edge.recorder.recording_engine | Storage telemetry: {'cap_gb': 50.0, 'used_gb': 0.0001, 'used_pct': 0.0, 'total_bytes': 86542, 'total_segments': 9, 'evictions': 0, 'bytes_evicted': 0, 'per_stream': {'premium_index_kline': {'bytes': 86542, 'segments': 9}}}
2026-06-11 17:50:53.470 | WARNING  | bybit_edge.recorder.recording_engine | [option] connection lost (sent 1011 (internal error) keepalive ping timeout; no close frame received) — reconnecting in 1.0 s
2026-06-11 17:50:55.217 | INFO     | bybit_edge.recorder.recording_engine | [option] connected to wss://stream.bybit.com/v5/public/option
2026-06-11 17:50:55.218 | INFO     | bybit_edge.recorder.recording_engine | Subscribed to 2 topic(s): ['tickers.BTC', 'tickers.ETH']
2026-06-11 17:51:09.578 | INFO     | bybit_edge.recorder.recording_engine | Storage telemetry: {'cap_gb': 50.0, 'used_gb': 0.0001, 'used_pct': 0.0, 'total_bytes': 96174, 'total_segments': 10, 'evictions': 0, 'bytes_evicted': 0, 'per_stream': {'premium_index_kline': {'bytes': 96174, 'segments': 10}}}
2026-06-11 17:51:25.425 | WARNING  | bybit_edge.recorder.recording_engine | [option] connection lost (sent 1011 (internal error) keepalive ping timeout; no close frame received) — reconnecting in 1.0 s
2026-06-11 17:51:27.179 | INFO     | bybit_edge.recorder.recording_engine | [option] connected to wss://stream.bybit.com/v5/public/option
2026-06-11 17:51:27.181 | INFO     | bybit_edge.recorder.recording_engine | Subscribed to 2 topic(s): ['tickers.BTC', 'tickers.ETH']
2026-06-11 17:51:39.600 | INFO     | bybit_edge.recorder.recording_engine | Storage telemetry: {'cap_gb': 50.0, 'used_gb': 0.0001, 'used_pct': 0.0, 'total_bytes': 96174, 'total_segments': 10, 'evictions': 0, 'bytes_evicted': 0, 'per_stream': {'premium_index_kline': {'bytes': 96174, 'segments': 10}}}
2026-06-11 17:51:57.383 | WARNING  | bybit_edge.recorder.recording_engine | [option] connection lost (sent 1011 (internal error) keepalive ping timeout; no close frame received) — reconnecting in 1.0 s
2026-06-11 17:51:59.129 | INFO     | bybit_edge.recorder.recording_engine | [option] connected to wss://stream.bybit.com/v5/public/option
2026-06-11 17:51:59.129 | INFO     | bybit_edge.recorder.recording_engine | Subscribed to 2 topic(s): ['tickers.BTC', 'tickers.ETH']
2026-06-11 17:52:09.627 | INFO     | bybit_edge.recorder.recording_engine | Storage telemetry: {'cap_gb': 50.0, 'used_gb': 0.0001, 'used_pct': 0.0, 'total_bytes': 105798, 'total_segments': 11, 'evictions': 0, 'bytes_evicted': 0, 'per_stream': {'premium_index_kline': {'bytes': 105798, 'segments': 11}}}
2026-06-11 17:52:29.338 | WARNING  | bybit_edge.recorder.recording_engine | [option] connection lost (sent 1011 (internal error) keepalive ping timeout; no close frame received) — reconnecting in 1.0 s
2026-06-11 17:52:31.111 | INFO     | bybit_edge.recorder.recording_engine | [option] connected to wss://stream.bybit.com/v5/public/option
2026-06-11 17:52:31.112 | INFO     | bybit_edge.recorder.recording_engine | Subscribed to 2 topic(s): ['tickers.BTC', 'tickers.ETH']
2026-06-11 17:52:39.652 | INFO     | bybit_edge.recorder.recording_engine | Storage telemetry: {'cap_gb': 50.0, 'used_gb': 0.0001, 'used_pct': 0.0, 'total_bytes': 105798, 'total_segments': 11, 'evictions': 0, 'bytes_evicted': 0, 'per_stream': {'premium_index_kline': {'bytes': 105798, 'segments': 11}}}
2026-06-11 17:53:01.307 | WARNING  | bybit_edge.recorder.recording_engine | [option] connection lost (sent 1011 (internal error) keepalive ping timeout; no close frame received) — reconnecting in 1.0 s
2026-06-11 17:53:03.095 | INFO     | bybit_edge.recorder.recording_engine | [option] connected to wss://stream.bybit.com/v5/public/option
2026-06-11 17:53:03.095 | INFO     | bybit_edge.recorder.recording_engine | Subscribed to 2 topic(s): ['tickers.BTC', 'tickers.ETH']
2026-06-11 17:53:09.658 | INFO     | bybit_edge.recorder.recording_engine | Storage telemetry: {'cap_gb': 50.0, 'used_gb': 0.0001, 'used_pct': 0.0, 'total_bytes': 115422, 'total_segments': 12, 'evictions': 0, 'bytes_evicted': 0, 'per_stream': {'premium_index_kline': {'bytes': 115422, 'segments': 12}}}
2026-06-11 17:53:33.294 | WARNING  | bybit_edge.recorder.recording_engine | [option] connection lost (sent 1011 (internal error) keepalive ping timeout; no close frame received) — reconnecting in 1.0 s
2026-06-11 17:53:35.051 | INFO     | bybit_edge.recorder.recording_engine | [option] connected to wss://stream.bybit.com/v5/public/option
2026-06-11 17:53:35.052 | INFO     | bybit_edge.recorder.recording_engine | Subscribed to 2 topic(s): ['tickers.BTC', 'tickers.ETH']
2026-06-11 17:53:39.669 | INFO     | bybit_edge.recorder.recording_engine | Storage telemetry: {'cap_gb': 50.0, 'used_gb': 0.0001, 'used_pct': 0.0, 'total_bytes': 115422, 'total_segments': 12, 'evictions': 0, 'bytes_evicted': 0, 'per_stream': {'premium_index_kline': {'bytes': 115422, 'segments': 12}}}
2026-06-11 17:54:05.252 | WARNING  | bybit_edge.recorder.recording_engine | [option] connection lost (sent 1011 (internal error) keepalive ping timeout; no close frame received) — reconnecting in 1.0 s
2026-06-11 17:54:07.002 | INFO     | bybit_edge.recorder.recording_engine | [option] connected to wss://stream.bybit.com/v5/public/option
2026-06-11 17:54:07.003 | INFO     | bybit_edge.recorder.recording_engine | Subscribed to 2 topic(s): ['tickers.BTC', 'tickers.ETH']
2026-06-11 17:54:09.686 | INFO     | bybit_edge.recorder.recording_engine | Storage telemetry: {'cap_gb': 50.0, 'used_gb': 0.0001, 'used_pct': 0.0, 'total_bytes': 125055, 'total_segments': 13, 'evictions': 0, 'bytes_evicted': 0, 'per_stream': {'premium_index_kline': {'bytes': 125055, 'segments': 13}}}
2026-06-11 17:54:37.206 | WARNING  | bybit_edge.recorder.recording_engine | [option] connection lost (sent 1011 (internal error) keepalive ping timeout; no close frame received) — reconnecting in 1.0 s
2026-06-11 17:54:38.944 | INFO     | bybit_edge.recorder.recording_engine | [option] connected to wss://stream.bybit.com/v5/public/option
2026-06-11 17:54:38.945 | INFO     | bybit_edge.recorder.recording_engine | Subscribed to 2 topic(s): ['tickers.BTC', 'tickers.ETH']
2026-06-11 17:54:39.690 | INFO     | bybit_edge.recorder.recording_engine | Storage telemetry: {'cap_gb': 50.0, 'used_gb': 0.0001, 'used_pct': 0.0, 'total_bytes': 125055, 'total_segments': 13, 'evictions': 0, 'bytes_evicted': 0, 'per_stream': {'premium_index_kline': {'bytes': 125055, 'segments': 13}}}
2026-06-11 17:55:09.153 | WARNING  | bybit_edge.recorder.recording_engine | [option] connection lost (sent 1011 (internal error) keepalive ping timeout; no close frame received) — reconnecting in 1.0 s
2026-06-11 17:55:09.698 | INFO     | bybit_edge.recorder.recording_engine | Storage telemetry: {'cap_gb': 50.0, 'used_gb': 0.0001, 'used_pct': 0.0, 'total_bytes': 134676, 'total_segments': 14, 'evictions': 0, 'bytes_evicted': 0, 'per_stream': {'premium_index_kline': {'bytes': 134676, 'segments': 14}}}
2026-06-11 17:55:10.728 | INFO     | bybit_edge.recorder.recording_engine | [option] connected to wss://stream.bybit.com/v5/public/option
2026-06-11 17:55:10.729 | INFO     | bybit_edge.recorder.recording_engine | Subscribed to 2 topic(s): ['tickers.BTC', 'tickers.ETH']
2026-06-11 17:55:39.719 | INFO     | bybit_edge.recorder.recording_engine | Storage telemetry: {'cap_gb': 50.0, 'used_gb': 0.0001, 'used_pct': 0.0, 'total_bytes': 134676, 'total_segments': 14, 'evictions': 0, 'bytes_evicted': 0, 'per_stream': {'premium_index_kline': {'bytes': 134676, 'segments': 14}}}
2026-06-11 17:55:40.940 | WARNING  | bybit_edge.recorder.recording_engine | [option] connection lost (sent 1011 (internal error) keepalive ping timeout; no close frame received) — reconnecting in 1.0 s
2026-06-11 17:55:42.822 | INFO     | bybit_edge.recorder.recording_engine | [option] connected to wss://stream.bybit.com/v5/public/option
2026-06-11 17:55:42.822 | INFO     | bybit_edge.recorder.recording_engine | Subscribed to 2 topic(s): ['tickers.BTC', 'tickers.ETH']
2026-06-11 17:56:09.743 | INFO     | bybit_edge.recorder.recording_engine | Storage telemetry: {'cap_gb': 50.0, 'used_gb': 0.0001, 'used_pct': 0.0, 'total_bytes': 144298, 'total_segments': 15, 'evictions': 0, 'bytes_evicted': 0, 'per_stream': {'premium_index_kline': {'bytes': 144298, 'segments': 15}}}
2026-06-11 17:56:13.005 | WARNING  | bybit_edge.recorder.recording_engine | [option] connection lost (sent 1011 (internal error) keepalive ping timeout; no close frame received) — reconnecting in 1.0 s
2026-06-11 17:56:14.753 | INFO     | bybit_edge.recorder.recording_engine | [option] connected to wss://stream.bybit.com/v5/public/option
2026-06-11 17:56:14.753 | INFO     | bybit_edge.recorder.recording_engine | Subscribed to 2 topic(s): ['tickers.BTC', 'tickers.ETH']
2026-06-11 17:56:39.762 | INFO     | bybit_edge.recorder.recording_engine | Storage telemetry: {'cap_gb': 50.0, 'used_gb': 0.0001, 'used_pct': 0.0, 'total_bytes': 144298, 'total_segments': 15, 'evictions': 0, 'bytes_evicted': 0, 'per_stream': {'premium_index_kline': {'bytes': 144298, 'segments': 15}}}
2026-06-11 17:56:44.964 | WARNING  | bybit_edge.recorder.recording_engine | [option] connection lost (sent 1011 (internal error) keepalive ping timeout; no close frame received) — reconnecting in 1.0 s
2026-06-11 17:56:46.732 | INFO     | bybit_edge.recorder.recording_engine | [option] connected to wss://stream.bybit.com/v5/public/option
2026-06-11 17:56:46.733 | INFO     | bybit_edge.recorder.recording_engine | Subscribed to 2 topic(s): ['tickers.BTC', 'tickers.ETH']
2026-06-11 17:57:09.783 | INFO     | bybit_edge.recorder.recording_engine | Storage telemetry: {'cap_gb': 50.0, 'used_gb': 0.0001, 'used_pct': 0.0, 'total_bytes': 153919, 'total_segments': 16, 'evictions': 0, 'bytes_evicted': 0, 'per_stream': {'premium_index_kline': {'bytes': 153919, 'segments': 16}}}
2026-06-11 17:57:16.933 | WARNING  | bybit_edge.recorder.recording_engine | [option] connection lost (sent 1011 (internal error) keepalive ping timeout; no close frame received) — reconnecting in 1.0 s
2026-06-11 17:57:18.692 | INFO     | bybit_edge.recorder.recording_engine | [option] connected to wss://stream.bybit.com/v5/public/option
2026-06-11 17:57:18.693 | INFO     | bybit_edge.recorder.recording_engine | Subscribed to 2 topic(s): ['tickers.BTC', 'tickers.ETH']
2026-06-11 17:57:39.804 | INFO     | bybit_edge.recorder.recording_engine | Storage telemetry: {'cap_gb': 50.0, 'used_gb': 0.0001, 'used_pct': 0.0, 'total_bytes': 153919, 'total_segments': 16, 'evictions': 0, 'bytes_evicted': 0, 'per_stream': {'premium_index_kline': {'bytes': 153919, 'segments': 16}}}
2026-06-11 17:57:48.873 | WARNING  | bybit_edge.recorder.recording_engine | [option] connection lost (sent 1011 (internal error) keepalive ping timeout; no close frame received) — reconnecting in 1.0 s
2026-06-11 17:57:50.646 | INFO     | bybit_edge.recorder.recording_engine | [option] connected to wss://stream.bybit.com/v5/public/option
2026-06-11 17:57:50.646 | INFO     | bybit_edge.recorder.recording_engine | Subscribed to 2 topic(s): ['tickers.BTC', 'tickers.ETH']
2026-06-11 17:58:09.813 | INFO     | bybit_edge.recorder.recording_engine | Storage telemetry: {'cap_gb': 50.0, 'used_gb': 0.0002, 'used_pct': 0.0, 'total_bytes': 163531, 'total_segments': 17, 'evictions': 0, 'bytes_evicted': 0, 'per_stream': {'premium_index_kline': {'bytes': 163531, 'segments': 17}}}
2026-06-11 17:58:20.837 | WARNING  | bybit_edge.recorder.recording_engine | [option] connection lost (sent 1011 (internal error) keepalive ping timeout; no close frame received) — reconnecting in 1.0 s
2026-06-11 17:58:22.595 | INFO     | bybit_edge.recorder.recording_engine | [option] connected to wss://stream.bybit.com/v5/public/option
2026-06-11 17:58:22.595 | INFO     | bybit_edge.recorder.recording_engine | Subscribed to 2 topic(s): ['tickers.BTC', 'tickers.ETH']
2026-06-11 17:58:39.842 | INFO     | bybit_edge.recorder.recording_engine | Storage telemetry: {'cap_gb': 50.0, 'used_gb': 0.0002, 'used_pct': 0.0, 'total_bytes': 163531, 'total_segments': 17, 'evictions': 0, 'bytes_evicted': 0, 'per_stream': {'premium_index_kline': {'bytes': 163531, 'segments': 17}}}
2026-06-11 17:58:52.787 | WARNING  | bybit_edge.recorder.recording_engine | [option] connection lost (sent 1011 (internal error) keepalive ping timeout; no close frame received) — reconnecting in 1.0 s
2026-06-11 17:58:54.538 | INFO     | bybit_edge.recorder.recording_engine | [option] connected to wss://stream.bybit.com/v5/public/option
2026-06-11 17:58:54.538 | INFO     | bybit_edge.recorder.recording_engine | Subscribed to 2 topic(s): ['tickers.BTC', 'tickers.ETH']
2026-06-11 17:59:09.860 | INFO     | bybit_edge.recorder.recording_engine | Storage telemetry: {'cap_gb': 50.0, 'used_gb': 0.0002, 'used_pct': 0.0, 'total_bytes': 173122, 'total_segments': 18, 'evictions': 0, 'bytes_evicted': 0, 'per_stream': {'premium_index_kline': {'bytes': 173122, 'segments': 18}}}
2026-06-11 17:59:24.751 | WARNING  | bybit_edge.recorder.recording_engine | [option] connection lost (sent 1011 (internal error) keepalive ping timeout; no close frame received) — reconnecting in 1.0 s
2026-06-11 17:59:26.511 | INFO     | bybit_edge.recorder.recording_engine | [option] connected to wss://stream.bybit.com/v5/public/option
2026-06-11 17:59:26.512 | INFO     | bybit_edge.recorder.recording_engine | Subscribed to 2 topic(s): ['tickers.BTC', 'tickers.ETH']
2026-06-11 17:59:39.874 | INFO     | bybit_edge.recorder.recording_engine | Storage telemetry: {'cap_gb': 50.0, 'used_gb': 0.0002, 'used_pct': 0.0, 'total_bytes': 173122, 'total_segments': 18, 'evictions': 0, 'bytes_evicted': 0, 'per_stream': {'premium_index_kline': {'bytes': 173122, 'segments': 18}}}
2026-06-11 17:59:56.708 | WARNING  | bybit_edge.recorder.recording_engine | [option] connection lost (sent 1011 (internal error) keepalive ping timeout; no close frame received) — reconnecting in 1.0 s
2026-06-11 17:59:58.448 | INFO     | bybit_edge.recorder.recording_engine | [option] connected to wss://stream.bybit.com/v5/public/option
2026-06-11 17:59:58.449 | INFO     | bybit_edge.recorder.recording_engine | Subscribed to 2 topic(s): ['tickers.BTC', 'tickers.ETH']
2026-06-11 18:00:09.900 | INFO     | bybit_edge.recorder.recording_engine | Storage telemetry: {'cap_gb': 50.0, 'used_gb': 0.0002, 'used_pct': 0.0, 'total_bytes': 182723, 'total_segments': 19, 'evictions': 0, 'bytes_evicted': 0, 'per_stream': {'premium_index_kline': {'bytes': 182723, 'segments': 19}}}
2026-06-11 18:00:28.648 | WARNING  | bybit_edge.recorder.recording_engine | [option] connection lost (sent 1011 (internal error) keepalive ping timeout; no close frame received) — reconnecting in 1.0 s
2026-06-11 18:00:30.394 | INFO     | bybit_edge.recorder.recording_engine | [option] connected to wss://stream.bybit.com/v5/public/option
2026-06-11 18:00:30.395 | INFO     | bybit_edge.recorder.recording_engine | Subscribed to 2 topic(s): ['tickers.BTC', 'tickers.ETH']
2026-06-11 18:00:39.922 | INFO     | bybit_edge.recorder.recording_engine | Storage telemetry: {'cap_gb': 50.0, 'used_gb': 0.0002, 'used_pct': 0.0, 'total_bytes': 182723, 'total_segments': 19, 'evictions': 0, 'bytes_evicted': 0, 'per_stream': {'premium_index_kline': {'bytes': 182723, 'segments': 19}}}
2026-06-11 18:01:00.583 | WARNING  | bybit_edge.recorder.recording_engine | [option] connection lost (sent 1011 (internal error) keepalive ping timeout; no close frame received) — reconnecting in 1.0 s
2026-06-11 18:01:02.319 | INFO     | bybit_edge.recorder.recording_engine | [option] connected to wss://stream.bybit.com/v5/public/option
2026-06-11 18:01:02.319 | INFO     | bybit_edge.recorder.recording_engine | Subscribed to 2 topic(s): ['tickers.BTC', 'tickers.ETH']
2026-06-11 18:01:09.939 | INFO     | bybit_edge.recorder.recording_engine | Storage telemetry: {'cap_gb': 50.0, 'used_gb': 0.0002, 'used_pct': 0.0, 'total_bytes': 192325, 'total_segments': 20, 'evictions': 0, 'bytes_evicted': 0, 'per_stream': {'premium_index_kline': {'bytes': 192325, 'segments': 20}}}
2026-06-11 18:01:32.539 | WARNING  | bybit_edge.recorder.recording_engine | [option] connection lost (sent 1011 (internal error) keepalive ping timeout; no close frame received) — reconnecting in 1.0 s
2026-06-11 18:01:34.302 | INFO     | bybit_edge.recorder.recording_engine | [option] connected to wss://stream.bybit.com/v5/public/option
2026-06-11 18:01:34.303 | INFO     | bybit_edge.recorder.recording_engine | Subscribed to 2 topic(s): ['tickers.BTC', 'tickers.ETH']
2026-06-11 18:01:39.957 | INFO     | bybit_edge.recorder.recording_engine | Storage telemetry: {'cap_gb': 50.0, 'used_gb': 0.0002, 'used_pct': 0.0, 'total_bytes': 192325, 'total_segments': 20, 'evictions': 0, 'bytes_evicted': 0, 'per_stream': {'premium_index_kline': {'bytes': 192325, 'segments': 20}}}
2026-06-11 18:02:04.497 | WARNING  | bybit_edge.recorder.recording_engine | [option] connection lost (sent 1011 (internal error) keepalive ping timeout; no close frame received) — reconnecting in 1.0 s
2026-06-11 18:02:06.254 | INFO     | bybit_edge.recorder.recording_engine | [option] connected to wss://stream.bybit.com/v5/public/option
2026-06-11 18:02:06.254 | INFO     | bybit_edge.recorder.recording_engine | Subscribed to 2 topic(s): ['tickers.BTC', 'tickers.ETH']
2026-06-11 18:02:09.980 | INFO     | bybit_edge.recorder.recording_engine | Storage telemetry: {'cap_gb': 50.0, 'used_gb': 0.0002, 'used_pct': 0.0, 'total_bytes': 201925, 'total_segments': 21, 'evictions': 0, 'bytes_evicted': 0, 'per_stream': {'premium_index_kline': {'bytes': 201925, 'segments': 21}}}
2026-06-11 18:02:36.436 | WARNING  | bybit_edge.recorder.recording_engine | [option] connection lost (sent 1011 (internal error) keepalive ping timeout; no close frame received) — reconnecting in 1.0 s
2026-06-11 18:02:38.191 | INFO     | bybit_edge.recorder.recording_engine | [option] connected to wss://stream.bybit.com/v5/public/option
2026-06-11 18:02:38.191 | INFO     | bybit_edge.recorder.recording_engine | Subscribed to 2 topic(s): ['tickers.BTC', 'tickers.ETH']
2026-06-11 18:02:40.010 | INFO     | bybit_edge.recorder.recording_engine | Storage telemetry: {'cap_gb': 50.0, 'used_gb': 0.0002, 'used_pct': 0.0, 'total_bytes': 201925, 'total_segments': 21, 'evictions': 0, 'bytes_evicted': 0, 'per_stream': {'premium_index_kline': {'bytes': 201925, 'segments': 21}}}
2026-06-11 18:03:08.405 | WARNING  | bybit_edge.recorder.recording_engine | [option] connection lost (sent 1011 (internal error) keepalive ping timeout; no close frame received) — reconnecting in 1.0 s
2026-06-11 18:03:10.022 | INFO     | bybit_edge.recorder.recording_engine | Storage telemetry: {'cap_gb': 50.0, 'used_gb': 0.0002, 'used_pct': 0.0, 'total_bytes': 211534, 'total_segments': 22, 'evictions': 0, 'bytes_evicted': 0, 'per_stream': {'premium_index_kline': {'bytes': 211534, 'segments': 22}}}
2026-06-11 18:03:10.180 | INFO     | bybit_edge.recorder.recording_engine | [option] connected to wss://stream.bybit.com/v5/public/option
2026-06-11 18:03:10.180 | INFO     | bybit_edge.recorder.recording_engine | Subscribed to 2 topic(s): ['tickers.BTC', 'tickers.ETH']
2026-06-11 18:03:40.055 | INFO     | bybit_edge.recorder.recording_engine | Storage telemetry: {'cap_gb': 50.0, 'used_gb': 0.0002, 'used_pct': 0.0, 'total_bytes': 211534, 'total_segments': 22, 'evictions': 0, 'bytes_evicted': 0, 'per_stream': {'premium_index_kline': {'bytes': 211534, 'segments': 22}}}
2026-06-11 18:03:40.384 | WARNING  | bybit_edge.recorder.recording_engine | [option] connection lost (sent 1011 (internal error) keepalive ping timeout; no close frame received) — reconnecting in 1.0 s
2026-06-11 18:03:42.133 | INFO     | bybit_edge.recorder.recording_engine | [option] connected to wss://stream.bybit.com/v5/public/option
2026-06-11 18:03:42.133 | INFO     | bybit_edge.recorder.recording_engine | Subscribed to 2 topic(s): ['tickers.BTC', 'tickers.ETH']
2026-06-11 18:04:10.090 | INFO     | bybit_edge.recorder.recording_engine | Storage telemetry: {'cap_gb': 50.0, 'used_gb': 0.0002, 'used_pct': 0.0, 'total_bytes': 221136, 'total_segments': 23, 'evictions': 0, 'bytes_evicted': 0, 'per_stream': {'premium_index_kline': {'bytes': 221136, 'segments': 23}}}
2026-06-11 18:04:12.345 | WARNING  | bybit_edge.recorder.recording_engine | [option] connection lost (sent 1011 (internal error) keepalive ping timeout; no close frame received) — reconnecting in 1.0 s
2026-06-11 18:04:14.130 | INFO     | bybit_edge.recorder.recording_engine | [option] connected to wss://stream.bybit.com/v5/public/option
2026-06-11 18:04:14.131 | INFO     | bybit_edge.recorder.recording_engine | Subscribed to 2 topic(s): ['tickers.BTC', 'tickers.ETH']
2026-06-11 18:04:40.120 | INFO     | bybit_edge.recorder.recording_engine | Storage telemetry: {'cap_gb': 50.0, 'used_gb': 0.0002, 'used_pct': 0.0, 'total_bytes': 221136, 'total_segments': 23, 'evictions': 0, 'bytes_evicted': 0, 'per_stream': {'premium_index_kline': {'bytes': 221136, 'segments': 23}}}
2026-06-11 18:04:44.318 | WARNING  | bybit_edge.recorder.recording_engine | [option] connection lost (sent 1011 (internal error) keepalive ping timeout; no close frame received) — reconnecting in 1.0 s
2026-06-11 18:04:46.075 | INFO     | bybit_edge.recorder.recording_engine | [option] connected to wss://stream.bybit.com/v5/public/option
2026-06-11 18:04:46.077 | INFO     | bybit_edge.recorder.recording_engine | Subscribed to 2 topic(s): ['tickers.BTC', 'tickers.ETH']
2026-06-11 18:05:10.147 | INFO     | bybit_edge.recorder.recording_engine | Storage telemetry: {'cap_gb': 50.0, 'used_gb': 0.0002, 'used_pct': 0.0, 'total_bytes': 230738, 'total_segments': 24, 'evictions': 0, 'bytes_evicted': 0, 'per_stream': {'premium_index_kline': {'bytes': 230738, 'segments': 24}}}
2026-06-11 18:05:16.268 | WARNING  | bybit_edge.recorder.recording_engine | [option] connection lost (sent 1011 (internal error) keepalive ping timeout; no close frame received) — reconnecting in 1.0 s
2026-06-11 18:05:18.016 | INFO     | bybit_edge.recorder.recording_engine | [option] connected to wss://stream.bybit.com/v5/public/option
2026-06-11 18:05:18.017 | INFO     | bybit_edge.recorder.recording_engine | Subscribed to 2 topic(s): ['tickers.BTC', 'tickers.ETH']
2026-06-11 18:05:40.172 | INFO     | bybit_edge.recorder.recording_engine | Storage telemetry: {'cap_gb': 50.0, 'used_gb': 0.0002, 'used_pct': 0.0, 'total_bytes': 230738, 'total_segments': 24, 'evictions': 0, 'bytes_evicted': 0, 'per_stream': {'premium_index_kline': {'bytes': 230738, 'segments': 24}}}
2026-06-11 18:05:48.239 | WARNING  | bybit_edge.recorder.recording_engine | [option] connection lost (sent 1011 (internal error) keepalive ping timeout; no close frame received) — reconnecting in 1.0 s
2026-06-11 18:05:50.054 | INFO     | bybit_edge.recorder.recording_engine | [option] connected to wss://stream.bybit.com/v5/public/option
2026-06-11 18:05:50.054 | INFO     | bybit_edge.recorder.recording_engine | Subscribed to 2 topic(s): ['tickers.BTC', 'tickers.ETH']
2026-06-11 18:06:10.189 | INFO     | bybit_edge.recorder.recording_engine | Storage telemetry: {'cap_gb': 50.0, 'used_gb': 0.0002, 'used_pct': 0.0, 'total_bytes': 240328, 'total_segments': 25, 'evictions': 0, 'bytes_evicted': 0, 'per_stream': {'premium_index_kline': {'bytes': 240328, 'segments': 25}}}
2026-06-11 18:06:20.243 | WARNING  | bybit_edge.recorder.recording_engine | [option] connection lost (sent 1011 (internal error) keepalive ping timeout; no close frame received) — reconnecting in 1.0 s
2026-06-11 18:06:22.025 | INFO     | bybit_edge.recorder.recording_engine | [option] connected to wss://stream.bybit.com/v5/public/option
2026-06-11 18:06:22.025 | INFO     | bybit_edge.recorder.recording_engine | Subscribed to 2 topic(s): ['tickers.BTC', 'tickers.ETH']
2026-06-11 18:06:40.212 | INFO     | bybit_edge.recorder.recording_engine | Storage telemetry: {'cap_gb': 50.0, 'used_gb': 0.0002, 'used_pct': 0.0, 'total_bytes': 240328, 'total_segments': 25, 'evictions': 0, 'bytes_evicted': 0, 'per_stream': {'premium_index_kline': {'bytes': 240328, 'segments': 25}}}
2026-06-11 18:06:52.248 | WARNING  | bybit_edge.recorder.recording_engine | [option] connection lost (sent 1011 (internal error) keepalive ping timeout; no close frame received) — reconnecting in 1.0 s
2026-06-11 18:06:54.054 | INFO     | bybit_edge.recorder.recording_engine | [option] connected to wss://stream.bybit.com/v5/public/option
2026-06-11 18:06:54.055 | INFO     | bybit_edge.recorder.recording_engine | Subscribed to 2 topic(s): ['tickers.BTC', 'tickers.ETH']
2026-06-11 18:07:10.236 | INFO     | bybit_edge.recorder.recording_engine | Storage telemetry: {'cap_gb': 50.0, 'used_gb': 0.0002, 'used_pct': 0.0, 'total_bytes': 249917, 'total_segments': 26, 'evictions': 0, 'bytes_evicted': 0, 'per_stream': {'premium_index_kline': {'bytes': 249917, 'segments': 26}}}
2026-06-11 18:07:24.257 | WARNING  | bybit_edge.recorder.recording_engine | [option] connection lost (sent 1011 (internal error) keepalive ping timeout; no close frame received) — reconnecting in 1.0 s
2026-06-11 18:07:26.049 | INFO     | bybit_edge.recorder.recording_engine | [option] connected to wss://stream.bybit.com/v5/public/option
2026-06-11 18:07:26.049 | INFO     | bybit_edge.recorder.recording_engine | Subscribed to 2 topic(s): ['tickers.BTC', 'tickers.ETH']
2026-06-11 18:07:40.271 | INFO     | bybit_edge.recorder.recording_engine | Storage telemetry: {'cap_gb': 50.0, 'used_gb': 0.0002, 'used_pct': 0.0, 'total_bytes': 249917, 'total_segments': 26, 'evictions': 0, 'bytes_evicted': 0, 'per_stream': {'premium_index_kline': {'bytes': 249917, 'segments': 26}}}
2026-06-11 18:07:56.246 | WARNING  | bybit_edge.recorder.recording_engine | [option] connection lost (sent 1011 (internal error) keepalive ping timeout; no close frame received) — reconnecting in 1.0 s
2026-06-11 18:07:58.050 | INFO     | bybit_edge.recorder.recording_engine | [option] connected to wss://stream.bybit.com/v5/public/option
2026-06-11 18:07:58.050 | INFO     | bybit_edge.recorder.recording_engine | Subscribed to 2 topic(s): ['tickers.BTC', 'tickers.ETH']
2026-06-11 18:08:10.290 | INFO     | bybit_edge.recorder.recording_engine | Storage telemetry: {'cap_gb': 50.0, 'used_gb': 0.0002, 'used_pct': 0.0, 'total_bytes': 259506, 'total_segments': 27, 'evictions': 0, 'bytes_evicted': 0, 'per_stream': {'premium_index_kline': {'bytes': 259506, 'segments': 27}}}
2026-06-11 18:08:28.256 | WARNING  | bybit_edge.recorder.recording_engine | [option] connection lost (sent 1011 (internal error) keepalive ping timeout; no close frame received) — reconnecting in 1.0 s
2026-06-11 18:08:30.012 | INFO     | bybit_edge.recorder.recording_engine | [option] connected to wss://stream.bybit.com/v5/public/option
2026-06-11 18:08:30.012 | INFO     | bybit_edge.recorder.recording_engine | Subscribed to 2 topic(s): ['tickers.BTC', 'tickers.ETH']
2026-06-11 18:08:40.305 | INFO     | bybit_edge.recorder.recording_engine | Storage telemetry: {'cap_gb': 50.0, 'used_gb': 0.0002, 'used_pct': 0.0, 'total_bytes': 259506, 'total_segments': 27, 'evictions': 0, 'bytes_evicted': 0, 'per_stream': {'premium_index_kline': {'bytes': 259506, 'segments': 27}}}
2026-06-11 18:09:00.214 | WARNING  | bybit_edge.recorder.recording_engine | [option] connection lost (sent 1011 (internal error) keepalive ping timeout; no close frame received) — reconnecting in 1.0 s
2026-06-11 18:09:01.967 | INFO     | bybit_edge.recorder.recording_engine | [option] connected to wss://stream.bybit.com/v5/public/option
2026-06-11 18:09:01.968 | INFO     | bybit_edge.recorder.recording_engine | Subscribed to 2 topic(s): ['tickers.BTC', 'tickers.ETH']
2026-06-11 18:09:10.350 | INFO     | bybit_edge.recorder.recording_engine | Storage telemetry: {'cap_gb': 50.0, 'used_gb': 0.0003, 'used_pct': 0.0, 'total_bytes': 269103, 'total_segments': 28, 'evictions': 0, 'bytes_evicted': 0, 'per_stream': {'premium_index_kline': {'bytes': 269103, 'segments': 28}}}
2026-06-11 18:09:32.157 | WARNING  | bybit_edge.recorder.recording_engine | [option] connection lost (sent 1011 (internal error) keepalive ping timeout; no close frame received) — reconnecting in 1.0 s
2026-06-11 18:09:33.917 | INFO     | bybit_edge.recorder.recording_engine | [option] connected to wss://stream.bybit.com/v5/public/option
2026-06-11 18:09:33.918 | INFO     | bybit_edge.recorder.recording_engine | Subscribed to 2 topic(s): ['tickers.BTC', 'tickers.ETH']
2026-06-11 18:09:40.373 | INFO     | bybit_edge.recorder.recording_engine | Storage telemetry: {'cap_gb': 50.0, 'used_gb': 0.0003, 'used_pct': 0.0, 'total_bytes': 269103, 'total_segments': 28, 'evictions': 0, 'bytes_evicted': 0, 'per_stream': {'premium_index_kline': {'bytes': 269103, 'segments': 28}}}
2026-06-11 18:10:04.115 | WARNING  | bybit_edge.recorder.recording_engine | [option] connection lost (sent 1011 (internal error) keepalive ping timeout; no close frame received) — reconnecting in 1.0 s
2026-06-11 18:10:05.895 | INFO     | bybit_edge.recorder.recording_engine | [option] connected to wss://stream.bybit.com/v5/public/option
2026-06-11 18:10:05.895 | INFO     | bybit_edge.recorder.recording_engine | Subscribed to 2 topic(s): ['tickers.BTC', 'tickers.ETH']
2026-06-11 18:10:10.406 | INFO     | bybit_edge.recorder.recording_engine | Storage telemetry: {'cap_gb': 50.0, 'used_gb': 0.0003, 'used_pct': 0.0, 'total_bytes': 278697, 'total_segments': 29, 'evictions': 0, 'bytes_evicted': 0, 'per_stream': {'premium_index_kline': {'bytes': 278697, 'segments': 29}}}
2026-06-11 18:10:36.088 | WARNING  | bybit_edge.recorder.recording_engine | [option] connection lost (sent 1011 (internal error) keepalive ping timeout; no close frame received) — reconnecting in 1.0 s
2026-06-11 18:10:37.832 | INFO     | bybit_edge.recorder.recording_engine | [option] connected to wss://stream.bybit.com/v5/public/option
2026-06-11 18:10:37.833 | INFO     | bybit_edge.recorder.recording_engine | Subscribed to 2 topic(s): ['tickers.BTC', 'tickers.ETH']
2026-06-11 18:10:40.420 | INFO     | bybit_edge.recorder.recording_engine | Storage telemetry: {'cap_gb': 50.0, 'used_gb': 0.0003, 'used_pct': 0.0, 'total_bytes': 278697, 'total_segments': 29, 'evictions': 0, 'bytes_evicted': 0, 'per_stream': {'premium_index_kline': {'bytes': 278697, 'segments': 29}}}
2026-06-11 18:11:08.043 | WARNING  | bybit_edge.recorder.recording_engine | [option] connection lost (sent 1011 (internal error) keepalive ping timeout; no close frame received) — reconnecting in 1.0 s
2026-06-11 18:11:09.822 | INFO     | bybit_edge.recorder.recording_engine | [option] connected to wss://stream.bybit.com/v5/public/option
2026-06-11 18:11:09.823 | INFO     | bybit_edge.recorder.recording_engine | Subscribed to 2 topic(s): ['tickers.BTC', 'tickers.ETH']
2026-06-11 18:11:10.440 | INFO     | bybit_edge.recorder.recording_engine | Storage telemetry: {'cap_gb': 50.0, 'used_gb': 0.0003, 'used_pct': 0.0, 'total_bytes': 288300, 'total_segments': 30, 'evictions': 0, 'bytes_evicted': 0, 'per_stream': {'premium_index_kline': {'bytes': 288300, 'segments': 30}}}
2026-06-11 18:11:40.040 | WARNING  | bybit_edge.recorder.recording_engine | [option] connection lost (sent 1011 (internal error) keepalive ping timeout; no close frame received) — reconnecting in 1.0 s
2026-06-11 18:11:40.462 | INFO     | bybit_edge.recorder.recording_engine | Storage telemetry: {'cap_gb': 50.0, 'used_gb': 0.0003, 'used_pct': 0.0, 'total_bytes': 288300, 'total_segments': 30, 'evictions': 0, 'bytes_evicted': 0, 'per_stream': {'premium_index_kline': {'bytes': 288300, 'segments': 30}}}
2026-06-11 18:11:41.824 | INFO     | bybit_edge.recorder.recording_engine | [option] connected to wss://stream.bybit.com/v5/public/option
2026-06-11 18:11:41.825 | INFO     | bybit_edge.recorder.recording_engine | Subscribed to 2 topic(s): ['tickers.BTC', 'tickers.ETH']
2026-06-11 18:12:10.488 | INFO     | bybit_edge.recorder.recording_engine | Storage telemetry: {'cap_gb': 50.0, 'used_gb': 0.0003, 'used_pct': 0.0, 'total_bytes': 297910, 'total_segments': 31, 'evictions': 0, 'bytes_evicted': 0, 'per_stream': {'premium_index_kline': {'bytes': 297910, 'segments': 31}}}
2026-06-11 18:12:12.033 | WARNING  | bybit_edge.recorder.recording_engine | [option] connection lost (sent 1011 (internal error) keepalive ping timeout; no close frame received) — reconnecting in 1.0 s
2026-06-11 18:12:13.809 | INFO     | bybit_edge.recorder.recording_engine | [option] connected to wss://stream.bybit.com/v5/public/option
2026-06-11 18:12:13.810 | INFO     | bybit_edge.recorder.recording_engine | Subscribed to 2 topic(s): ['tickers.BTC', 'tickers.ETH']
2026-06-11 18:12:40.513 | INFO     | bybit_edge.recorder.recording_engine | Storage telemetry: {'cap_gb': 50.0, 'used_gb': 0.0003, 'used_pct': 0.0, 'total_bytes': 297910, 'total_segments': 31, 'evictions': 0, 'bytes_evicted': 0, 'per_stream': {'premium_index_kline': {'bytes': 297910, 'segments': 31}}}
2026-06-11 18:12:44.022 | WARNING  | bybit_edge.recorder.recording_engine | [option] connection lost (sent 1011 (internal error) keepalive ping timeout; no close frame received) — reconnecting in 1.0 s
2026-06-11 18:12:45.595 | INFO     | bybit_edge.recorder.recording_engine | [option] connected to wss://stream.bybit.com/v5/public/option
2026-06-11 18:12:45.596 | INFO     | bybit_edge.recorder.recording_engine | Subscribed to 2 topic(s): ['tickers.BTC', 'tickers.ETH']
2026-06-11 18:13:10.531 | INFO     | bybit_edge.recorder.recording_engine | Storage telemetry: {'cap_gb': 50.0, 'used_gb': 0.0003, 'used_pct': 0.0, 'total_bytes': 307522, 'total_segments': 32, 'evictions': 0, 'bytes_evicted': 0, 'per_stream': {'premium_index_kline': {'bytes': 307522, 'segments': 32}}}
2026-06-11 18:13:15.827 | WARNING  | bybit_edge.recorder.recording_engine | [option] connection lost (sent 1011 (internal error) keepalive ping timeout; no close frame received) — reconnecting in 1.0 s
2026-06-11 18:13:17.404 | INFO     | bybit_edge.recorder.recording_engine | [option] connected to wss://stream.bybit.com/v5/public/option
2026-06-11 18:13:17.405 | INFO     | bybit_edge.recorder.recording_engine | Subscribed to 2 topic(s): ['tickers.BTC', 'tickers.ETH']
2026-06-11 18:13:40.550 | INFO     | bybit_edge.recorder.recording_engine | Storage telemetry: {'cap_gb': 50.0, 'used_gb': 0.0003, 'used_pct': 0.0, 'total_bytes': 307522, 'total_segments': 32, 'evictions': 0, 'bytes_evicted': 0, 'per_stream': {'premium_index_kline': {'bytes': 307522, 'segments': 32}}}
2026-06-11 18:13:47.600 | WARNING  | bybit_edge.recorder.recording_engine | [option] connection lost (sent 1011 (internal error) keepalive ping timeout; no close frame received) — reconnecting in 1.0 s
2026-06-11 18:13:49.361 | INFO     | bybit_edge.recorder.recording_engine | [option] connected to wss://stream.bybit.com/v5/public/option
2026-06-11 18:13:49.361 | INFO     | bybit_edge.recorder.recording_engine | Subscribed to 2 topic(s): ['tickers.BTC', 'tickers.ETH']
2026-06-11 18:14:10.567 | INFO     | bybit_edge.recorder.recording_engine | Storage telemetry: {'cap_gb': 50.0, 'used_gb': 0.0003, 'used_pct': 0.0, 'total_bytes': 317130, 'total_segments': 33, 'evictions': 0, 'bytes_evicted': 0, 'per_stream': {'premium_index_kline': {'bytes': 317130, 'segments': 33}}}
2026-06-11 18:14:19.569 | WARNING  | bybit_edge.recorder.recording_engine | [option] connection lost (sent 1011 (internal error) keepalive ping timeout; no close frame received) — reconnecting in 1.0 s
2026-06-11 18:14:21.330 | INFO     | bybit_edge.recorder.recording_engine | [option] connected to wss://stream.bybit.com/v5/public/option
2026-06-11 18:14:21.330 | INFO     | bybit_edge.recorder.recording_engine | Subscribed to 2 topic(s): ['tickers.BTC', 'tickers.ETH']
2026-06-11 18:14:40.597 | INFO     | bybit_edge.recorder.recording_engine | Storage telemetry: {'cap_gb': 50.0, 'used_gb': 0.0003, 'used_pct': 0.0, 'total_bytes': 317130, 'total_segments': 33, 'evictions': 0, 'bytes_evicted': 0, 'per_stream': {'premium_index_kline': {'bytes': 317130, 'segments': 33}}}
2026-06-11 18:14:51.532 | WARNING  | bybit_edge.recorder.recording_engine | [option] connection lost (sent 1011 (internal error) keepalive ping timeout; no close frame received) — reconnecting in 1.0 s
2026-06-11 18:14:53.110 | INFO     | bybit_edge.recorder.recording_engine | [option] connected to wss://stream.bybit.com/v5/public/option
2026-06-11 18:14:53.110 | INFO     | bybit_edge.recorder.recording_engine | Subscribed to 2 topic(s): ['tickers.BTC', 'tickers.ETH']
2026-06-11 18:15:10.626 | INFO     | bybit_edge.recorder.recording_engine | Storage telemetry: {'cap_gb': 50.0, 'used_gb': 0.0003, 'used_pct': 0.0, 'total_bytes': 326733, 'total_segments': 34, 'evictions': 0, 'bytes_evicted': 0, 'per_stream': {'premium_index_kline': {'bytes': 326733, 'segments': 34}}}
2026-06-11 18:15:23.291 | WARNING  | bybit_edge.recorder.recording_engine | [option] connection lost (sent 1011 (internal error) keepalive ping timeout; no close frame received) — reconnecting in 1.0 s
2026-06-11 18:15:25.049 | INFO     | bybit_edge.recorder.recording_engine | [option] connected to wss://stream.bybit.com/v5/public/option
2026-06-11 18:15:25.050 | INFO     | bybit_edge.recorder.recording_engine | Subscribed to 2 topic(s): ['tickers.BTC', 'tickers.ETH']
2026-06-11 18:15:40.654 | INFO     | bybit_edge.recorder.recording_engine | Storage telemetry: {'cap_gb': 50.0, 'used_gb': 0.0003, 'used_pct': 0.0, 'total_bytes': 326733, 'total_segments': 34, 'evictions': 0, 'bytes_evicted': 0, 'per_stream': {'premium_index_kline': {'bytes': 326733, 'segments': 34}}}
2026-06-11 18:15:55.257 | WARNING  | bybit_edge.recorder.recording_engine | [option] connection lost (sent 1011 (internal error) keepalive ping timeout; no close frame received) — reconnecting in 1.0 s
2026-06-11 18:15:57.013 | INFO     | bybit_edge.recorder.recording_engine | [option] connected to wss://stream.bybit.com/v5/public/option
2026-06-11 18:15:57.014 | INFO     | bybit_edge.recorder.recording_engine | Subscribed to 2 topic(s): ['tickers.BTC', 'tickers.ETH']
2026-06-11 18:16:10.653 | INFO     | bybit_edge.recorder.recording_engine | Storage telemetry: {'cap_gb': 50.0, 'used_gb': 0.0003, 'used_pct': 0.0, 'total_bytes': 336327, 'total_segments': 35, 'evictions': 0, 'bytes_evicted': 0, 'per_stream': {'premium_index_kline': {'bytes': 336327, 'segments': 35}}}
2026-06-11 18:16:27.191 | WARNING  | bybit_edge.recorder.recording_engine | [option] connection lost (sent 1011 (internal error) keepalive ping timeout; no close frame received) — reconnecting in 1.0 s
2026-06-11 18:16:28.778 | INFO     | bybit_edge.recorder.recording_engine | [option] connected to wss://stream.bybit.com/v5/public/option
2026-06-11 18:16:28.779 | INFO     | bybit_edge.recorder.recording_engine | Subscribed to 2 topic(s): ['tickers.BTC', 'tickers.ETH']
2026-06-11 18:16:40.676 | INFO     | bybit_edge.recorder.recording_engine | Storage telemetry: {'cap_gb': 50.0, 'used_gb': 0.0003, 'used_pct': 0.0, 'total_bytes': 336327, 'total_segments': 35, 'evictions': 0, 'bytes_evicted': 0, 'per_stream': {'premium_index_kline': {'bytes': 336327, 'segments': 35}}}
2026-06-11 18:16:58.984 | WARNING  | bybit_edge.recorder.recording_engine | [option] connection lost (sent 1011 (internal error) keepalive ping timeout; no close frame received) — reconnecting in 1.0 s
2026-06-11 18:17:00.742 | INFO     | bybit_edge.recorder.recording_engine | [option] connected to wss://stream.bybit.com/v5/public/option
2026-06-11 18:17:00.743 | INFO     | bybit_edge.recorder.recording_engine | Subscribed to 2 topic(s): ['tickers.BTC', 'tickers.ETH']
2026-06-11 18:17:10.696 | INFO     | bybit_edge.recorder.recording_engine | Storage telemetry: {'cap_gb': 50.0, 'used_gb': 0.0003, 'used_pct': 0.0, 'total_bytes': 345944, 'total_segments': 36, 'evictions': 0, 'bytes_evicted': 0, 'per_stream': {'premium_index_kline': {'bytes': 345944, 'segments': 36}}}
2026-06-11 18:17:30.929 | WARNING  | bybit_edge.recorder.recording_engine | [option] connection lost (sent 1011 (internal error) keepalive ping timeout; no close frame received) — reconnecting in 1.0 s
2026-06-11 18:17:32.674 | INFO     | bybit_edge.recorder.recording_engine | [option] connected to wss://stream.bybit.com/v5/public/option
2026-06-11 18:17:32.675 | INFO     | bybit_edge.recorder.recording_engine | Subscribed to 2 topic(s): ['tickers.BTC', 'tickers.ETH']
2026-06-11 18:17:40.714 | INFO     | bybit_edge.recorder.recording_engine | Storage telemetry: {'cap_gb': 50.0, 'used_gb': 0.0003, 'used_pct': 0.0, 'total_bytes': 345944, 'total_segments': 36, 'evictions': 0, 'bytes_evicted': 0, 'per_stream': {'premium_index_kline': {'bytes': 345944, 'segments': 36}}}
2026-06-11 18:18:02.888 | WARNING  | bybit_edge.recorder.recording_engine | [option] connection lost (sent 1011 (internal error) keepalive ping timeout; no close frame received) — reconnecting in 1.0 s
2026-06-11 18:18:04.623 | INFO     | bybit_edge.recorder.recording_engine | [option] connected to wss://stream.bybit.com/v5/public/option
2026-06-11 18:18:04.624 | INFO     | bybit_edge.recorder.recording_engine | Subscribed to 2 topic(s): ['tickers.BTC', 'tickers.ETH']
2026-06-11 18:18:10.746 | INFO     | bybit_edge.recorder.recording_engine | Storage telemetry: {'cap_gb': 50.0, 'used_gb': 0.0003, 'used_pct': 0.0, 'total_bytes': 355574, 'total_segments': 37, 'evictions': 0, 'bytes_evicted': 0, 'per_stream': {'premium_index_kline': {'bytes': 355574, 'segments': 37}}}
2026-06-11 18:18:34.849 | WARNING  | bybit_edge.recorder.recording_engine | [option] connection lost (sent 1011 (internal error) keepalive ping timeout; no close frame received) — reconnecting in 1.0 s
2026-06-11 18:18:36.620 | INFO     | bybit_edge.recorder.recording_engine | [option] connected to wss://stream.bybit.com/v5/public/option
2026-06-11 18:18:36.620 | INFO     | bybit_edge.recorder.recording_engine | Subscribed to 2 topic(s): ['tickers.BTC', 'tickers.ETH']
2026-06-11 18:18:40.768 | INFO     | bybit_edge.recorder.recording_engine | Storage telemetry: {'cap_gb': 50.0, 'used_gb': 0.0003, 'used_pct': 0.0, 'total_bytes': 355574, 'total_segments': 37, 'evictions': 0, 'bytes_evicted': 0, 'per_stream': {'premium_index_kline': {'bytes': 355574, 'segments': 37}}}
2026-06-11 18:19:06.826 | WARNING  | bybit_edge.recorder.recording_engine | [option] connection lost (sent 1011 (internal error) keepalive ping timeout; no close frame received) — reconnecting in 1.0 s
2026-06-11 18:19:08.584 | INFO     | bybit_edge.recorder.recording_engine | [option] connected to wss://stream.bybit.com/v5/public/option
2026-06-11 18:19:08.584 | INFO     | bybit_edge.recorder.recording_engine | Subscribed to 2 topic(s): ['tickers.BTC', 'tickers.ETH']
2026-06-11 18:19:10.805 | INFO     | bybit_edge.recorder.recording_engine | Storage telemetry: {'cap_gb': 50.0, 'used_gb': 0.0003, 'used_pct': 0.0, 'total_bytes': 365202, 'total_segments': 38, 'evictions': 0, 'bytes_evicted': 0, 'per_stream': {'premium_index_kline': {'bytes': 365202, 'segments': 38}}}
2026-06-11 18:19:38.770 | WARNING  | bybit_edge.recorder.recording_engine | [option] connection lost (sent 1011 (internal error) keepalive ping timeout; no close frame received) — reconnecting in 1.0 s
2026-06-11 18:19:40.507 | INFO     | bybit_edge.recorder.recording_engine | [option] connected to wss://stream.bybit.com/v5/public/option
2026-06-11 18:19:40.507 | INFO     | bybit_edge.recorder.recording_engine | Subscribed to 2 topic(s): ['tickers.BTC', 'tickers.ETH']
2026-06-11 18:19:40.812 | INFO     | bybit_edge.recorder.recording_engine | Storage telemetry: {'cap_gb': 50.0, 'used_gb': 0.0003, 'used_pct': 0.0, 'total_bytes': 365202, 'total_segments': 38, 'evictions': 0, 'bytes_evicted': 0, 'per_stream': {'premium_index_kline': {'bytes': 365202, 'segments': 38}}}
2026-06-11 18:20:10.708 | WARNING  | bybit_edge.recorder.recording_engine | [option] connection lost (sent 1011 (internal error) keepalive ping timeout; no close frame received) — reconnecting in 1.0 s
2026-06-11 18:20:10.823 | INFO     | bybit_edge.recorder.recording_engine | Storage telemetry: {'cap_gb': 50.0, 'used_gb': 0.0003, 'used_pct': 0.0, 'total_bytes': 374823, 'total_segments': 39, 'evictions': 0, 'bytes_evicted': 0, 'per_stream': {'premium_index_kline': {'bytes': 374823, 'segments': 39}}}
2026-06-11 18:20:12.494 | INFO     | bybit_edge.recorder.recording_engine | [option] connected to wss://stream.bybit.com/v5/public/option
2026-06-11 18:20:12.495 | INFO     | bybit_edge.recorder.recording_engine | Subscribed to 2 topic(s): ['tickers.BTC', 'tickers.ETH']
2026-06-11 18:20:40.851 | INFO     | bybit_edge.recorder.recording_engine | Storage telemetry: {'cap_gb': 50.0, 'used_gb': 0.0003, 'used_pct': 0.0, 'total_bytes': 374823, 'total_segments': 39, 'evictions': 0, 'bytes_evicted': 0, 'per_stream': {'premium_index_kline': {'bytes': 374823, 'segments': 39}}}
2026-06-11 18:20:42.680 | WARNING  | bybit_edge.recorder.recording_engine | [option] connection lost (sent 1011 (internal error) keepalive ping timeout; no close frame received) — reconnecting in 1.0 s
2026-06-11 18:20:44.424 | INFO     | bybit_edge.recorder.recording_engine | [option] connected to wss://stream.bybit.com/v5/public/option
2026-06-11 18:20:44.424 | INFO     | bybit_edge.recorder.recording_engine | Subscribed to 2 topic(s): ['tickers.BTC', 'tickers.ETH']
2026-06-11 18:21:10.869 | INFO     | bybit_edge.recorder.recording_engine | Storage telemetry: {'cap_gb': 50.0, 'used_gb': 0.0004, 'used_pct': 0.0, 'total_bytes': 384453, 'total_segments': 40, 'evictions': 0, 'bytes_evicted': 0, 'per_stream': {'premium_index_kline': {'bytes': 384453, 'segments': 40}}}
2026-06-11 18:21:14.604 | WARNING  | bybit_edge.recorder.recording_engine | [option] connection lost (sent 1011 (internal error) keepalive ping timeout; no close frame received) — reconnecting in 1.0 s
2026-06-11 18:21:16.372 | INFO     | bybit_edge.recorder.recording_engine | [option] connected to wss://stream.bybit.com/v5/public/option
2026-06-11 18:21:16.372 | INFO     | bybit_edge.recorder.recording_engine | Subscribed to 2 topic(s): ['tickers.BTC', 'tickers.ETH']
2026-06-11 18:21:40.891 | INFO     | bybit_edge.recorder.recording_engine | Storage telemetry: {'cap_gb': 50.0, 'used_gb': 0.0004, 'used_pct': 0.0, 'total_bytes': 384453, 'total_segments': 40, 'evictions': 0, 'bytes_evicted': 0, 'per_stream': {'premium_index_kline': {'bytes': 384453, 'segments': 40}}}
2026-06-11 18:21:46.559 | WARNING  | bybit_edge.recorder.recording_engine | [option] connection lost (sent 1011 (internal error) keepalive ping timeout; no close frame received) — reconnecting in 1.0 s
2026-06-11 18:21:48.311 | INFO     | bybit_edge.recorder.recording_engine | [option] connected to wss://stream.bybit.com/v5/public/option
2026-06-11 18:21:48.311 | INFO     | bybit_edge.recorder.recording_engine | Subscribed to 2 topic(s): ['tickers.BTC', 'tickers.ETH']
2026-06-11 18:22:10.926 | INFO     | bybit_edge.recorder.recording_engine | Storage telemetry: {'cap_gb': 50.0, 'used_gb': 0.0004, 'used_pct': 0.0, 'total_bytes': 394086, 'total_segments': 41, 'evictions': 0, 'bytes_evicted': 0, 'per_stream': {'premium_index_kline': {'bytes': 394086, 'segments': 41}}}
2026-06-11 18:22:18.525 | WARNING  | bybit_edge.recorder.recording_engine | [option] connection lost (sent 1011 (internal error) keepalive ping timeout; no close frame received) — reconnecting in 1.0 s
2026-06-11 18:22:20.281 | INFO     | bybit_edge.recorder.recording_engine | [option] connected to wss://stream.bybit.com/v5/public/option
2026-06-11 18:22:20.283 | INFO     | bybit_edge.recorder.recording_engine | Subscribed to 2 topic(s): ['tickers.BTC', 'tickers.ETH']
2026-06-11 18:22:40.954 | INFO     | bybit_edge.recorder.recording_engine | Storage telemetry: {'cap_gb': 50.0, 'used_gb': 0.0004, 'used_pct': 0.0, 'total_bytes': 394086, 'total_segments': 41, 'evictions': 0, 'bytes_evicted': 0, 'per_stream': {'premium_index_kline': {'bytes': 394086, 'segments': 41}}}
2026-06-11 18:22:50.502 | WARNING  | bybit_edge.recorder.recording_engine | [option] connection lost (sent 1011 (internal error) keepalive ping timeout; no close frame received) — reconnecting in 1.0 s
2026-06-11 18:22:52.245 | INFO     | bybit_edge.recorder.recording_engine | [option] connected to wss://stream.bybit.com/v5/public/option
2026-06-11 18:22:52.246 | INFO     | bybit_edge.recorder.recording_engine | Subscribed to 2 topic(s): ['tickers.BTC', 'tickers.ETH']
2026-06-11 18:23:10.974 | INFO     | bybit_edge.recorder.recording_engine | Storage telemetry: {'cap_gb': 50.0, 'used_gb': 0.0004, 'used_pct': 0.0, 'total_bytes': 403719, 'total_segments': 42, 'evictions': 0, 'bytes_evicted': 0, 'per_stream': {'premium_index_kline': {'bytes': 403719, 'segments': 42}}}
2026-06-11 18:23:22.438 | WARNING  | bybit_edge.recorder.recording_engine | [option] connection lost (sent 1011 (internal error) keepalive ping timeout; no close frame received) — reconnecting in 1.0 s
2026-06-11 18:23:24.188 | INFO     | bybit_edge.recorder.recording_engine | [option] connected to wss://stream.bybit.com/v5/public/option
2026-06-11 18:23:24.189 | INFO     | bybit_edge.recorder.recording_engine | Subscribed to 2 topic(s): ['tickers.BTC', 'tickers.ETH']
2026-06-11 18:23:41.003 | INFO     | bybit_edge.recorder.recording_engine | Storage telemetry: {'cap_gb': 50.0, 'used_gb': 0.0004, 'used_pct': 0.0, 'total_bytes': 403719, 'total_segments': 42, 'evictions': 0, 'bytes_evicted': 0, 'per_stream': {'premium_index_kline': {'bytes': 403719, 'segments': 42}}}
2026-06-11 18:23:54.396 | WARNING  | bybit_edge.recorder.recording_engine | [option] connection lost (sent 1011 (internal error) keepalive ping timeout; no close frame received) — reconnecting in 1.0 s
2026-06-11 18:23:56.190 | INFO     | bybit_edge.recorder.recording_engine | [option] connected to wss://stream.bybit.com/v5/public/option
2026-06-11 18:23:56.190 | INFO     | bybit_edge.recorder.recording_engine | Subscribed to 2 topic(s): ['tickers.BTC', 'tickers.ETH']
2026-06-11 18:24:11.023 | INFO     | bybit_edge.recorder.recording_engine | Storage telemetry: {'cap_gb': 50.0, 'used_gb': 0.0004, 'used_pct': 0.0, 'total_bytes': 413346, 'total_segments': 43, 'evictions': 0, 'bytes_evicted': 0, 'per_stream': {'premium_index_kline': {'bytes': 413346, 'segments': 43}}}
2026-06-11 18:24:26.392 | WARNING  | bybit_edge.recorder.recording_engine | [option] connection lost (sent 1011 (internal error) keepalive ping timeout; no close frame received) — reconnecting in 1.0 s
2026-06-11 18:24:28.162 | INFO     | bybit_edge.recorder.recording_engine | [option] connected to wss://stream.bybit.com/v5/public/option
2026-06-11 18:24:28.162 | INFO     | bybit_edge.recorder.recording_engine | Subscribed to 2 topic(s): ['tickers.BTC', 'tickers.ETH']
2026-06-11 18:24:41.056 | INFO     | bybit_edge.recorder.recording_engine | Storage telemetry: {'cap_gb': 50.0, 'used_gb': 0.0004, 'used_pct': 0.0, 'total_bytes': 413346, 'total_segments': 43, 'evictions': 0, 'bytes_evicted': 0, 'per_stream': {'premium_index_kline': {'bytes': 413346, 'segments': 43}}}
2026-06-11 18:24:58.363 | WARNING  | bybit_edge.recorder.recording_engine | [option] connection lost (sent 1011 (internal error) keepalive ping timeout; no close frame received) — reconnecting in 1.0 s
2026-06-11 18:25:00.144 | INFO     | bybit_edge.recorder.recording_engine | [option] connected to wss://stream.bybit.com/v5/public/option
2026-06-11 18:25:00.145 | INFO     | bybit_edge.recorder.recording_engine | Subscribed to 2 topic(s): ['tickers.BTC', 'tickers.ETH']
2026-06-11 18:25:11.095 | INFO     | bybit_edge.recorder.recording_engine | Storage telemetry: {'cap_gb': 50.0, 'used_gb': 0.0004, 'used_pct': 0.0, 'total_bytes': 422978, 'total_segments': 44, 'evictions': 0, 'bytes_evicted': 0, 'per_stream': {'premium_index_kline': {'bytes': 422978, 'segments': 44}}}
2026-06-11 18:25:30.338 | WARNING  | bybit_edge.recorder.recording_engine | [option] connection lost (sent 1011 (internal error) keepalive ping timeout; no close frame received) — reconnecting in 1.0 s
2026-06-11 18:25:32.138 | INFO     | bybit_edge.recorder.recording_engine | [option] connected to wss://stream.bybit.com/v5/public/option
2026-06-11 18:25:32.139 | INFO     | bybit_edge.recorder.recording_engine | Subscribed to 2 topic(s): ['tickers.BTC', 'tickers.ETH']
2026-06-11 18:25:41.130 | INFO     | bybit_edge.recorder.recording_engine | Storage telemetry: {'cap_gb': 50.0, 'used_gb': 0.0004, 'used_pct': 0.0, 'total_bytes': 422978, 'total_segments': 44, 'evictions': 0, 'bytes_evicted': 0, 'per_stream': {'premium_index_kline': {'bytes': 422978, 'segments': 44}}}
2026-06-11 18:26:02.332 | WARNING  | bybit_edge.recorder.recording_engine | [option] connection lost (sent 1011 (internal error) keepalive ping timeout; no close frame received) — reconnecting in 1.0 s
2026-06-11 18:26:04.076 | INFO     | bybit_edge.recorder.recording_engine | [option] connected to wss://stream.bybit.com/v5/public/option
2026-06-11 18:26:04.076 | INFO     | bybit_edge.recorder.recording_engine | Subscribed to 2 topic(s): ['tickers.BTC', 'tickers.ETH']
2026-06-11 18:26:11.148 | INFO     | bybit_edge.recorder.recording_engine | Storage telemetry: {'cap_gb': 50.0, 'used_gb': 0.0004, 'used_pct': 0.0, 'total_bytes': 432607, 'total_segments': 45, 'evictions': 0, 'bytes_evicted': 0, 'per_stream': {'premium_index_kline': {'bytes': 432607, 'segments': 45}}}
2026-06-11 18:26:34.273 | WARNING  | bybit_edge.recorder.recording_engine | [option] connection lost (sent 1011 (internal error) keepalive ping timeout; no close frame received) — reconnecting in 1.0 s
2026-06-11 18:26:36.030 | INFO     | bybit_edge.recorder.recording_engine | [option] connected to wss://stream.bybit.com/v5/public/option
2026-06-11 18:26:36.031 | INFO     | bybit_edge.recorder.recording_engine | Subscribed to 2 topic(s): ['tickers.BTC', 'tickers.ETH']
2026-06-11 18:26:41.184 | INFO     | bybit_edge.recorder.recording_engine | Storage telemetry: {'cap_gb': 50.0, 'used_gb': 0.0004, 'used_pct': 0.0, 'total_bytes': 432607, 'total_segments': 45, 'evictions': 0, 'bytes_evicted': 0, 'per_stream': {'premium_index_kline': {'bytes': 432607, 'segments': 45}}}
2026-06-11 18:27:06.234 | WARNING  | bybit_edge.recorder.recording_engine | [option] connection lost (sent 1011 (internal error) keepalive ping timeout; no close frame received) — reconnecting in 1.0 s
2026-06-11 18:27:08.021 | INFO     | bybit_edge.recorder.recording_engine | [option] connected to wss://stream.bybit.com/v5/public/option
2026-06-11 18:27:08.021 | INFO     | bybit_edge.recorder.recording_engine | Subscribed to 2 topic(s): ['tickers.BTC', 'tickers.ETH']
2026-06-11 18:27:11.218 | INFO     | bybit_edge.recorder.recording_engine | Storage telemetry: {'cap_gb': 50.0, 'used_gb': 0.0004, 'used_pct': 0.0, 'total_bytes': 442238, 'total_segments': 46, 'evictions': 0, 'bytes_evicted': 0, 'per_stream': {'premium_index_kline': {'bytes': 442238, 'segments': 46}}}
2026-06-11 18:27:38.237 | WARNING  | bybit_edge.recorder.recording_engine | [option] connection lost (sent 1011 (internal error) keepalive ping timeout; no close frame received) — reconnecting in 1.0 s
2026-06-11 18:27:39.985 | INFO     | bybit_edge.recorder.recording_engine | [option] connected to wss://stream.bybit.com/v5/public/option
2026-06-11 18:27:39.985 | INFO     | bybit_edge.recorder.recording_engine | Subscribed to 2 topic(s): ['tickers.BTC', 'tickers.ETH']
2026-06-11 18:27:41.259 | INFO     | bybit_edge.recorder.recording_engine | Storage telemetry: {'cap_gb': 50.0, 'used_gb': 0.0004, 'used_pct': 0.0, 'total_bytes': 442238, 'total_segments': 46, 'evictions': 0, 'bytes_evicted': 0, 'per_stream': {'premium_index_kline': {'bytes': 442238, 'segments': 46}}}
2026-06-11 18:28:10.179 | WARNING  | bybit_edge.recorder.recording_engine | [option] connection lost (sent 1011 (internal error) keepalive ping timeout; no close frame received) — reconnecting in 1.0 s
2026-06-11 18:28:11.290 | INFO     | bybit_edge.recorder.recording_engine | Storage telemetry: {'cap_gb': 50.0, 'used_gb': 0.0004, 'used_pct': 0.0, 'total_bytes': 451862, 'total_segments': 47, 'evictions': 0, 'bytes_evicted': 0, 'per_stream': {'premium_index_kline': {'bytes': 451862, 'segments': 47}}}
2026-06-11 18:28:11.780 | INFO     | bybit_edge.recorder.recording_engine | [option] connected to wss://stream.bybit.com/v5/public/option
2026-06-11 18:28:11.781 | INFO     | bybit_edge.recorder.recording_engine | Subscribed to 2 topic(s): ['tickers.BTC', 'tickers.ETH']
2026-06-11 18:28:41.336 | INFO     | bybit_edge.recorder.recording_engine | Storage telemetry: {'cap_gb': 50.0, 'used_gb': 0.0004, 'used_pct': 0.0, 'total_bytes': 451862, 'total_segments': 47, 'evictions': 0, 'bytes_evicted': 0, 'per_stream': {'premium_index_kline': {'bytes': 451862, 'segments': 47}}}
2026-06-11 18:28:41.992 | WARNING  | bybit_edge.recorder.recording_engine | [option] connection lost (sent 1011 (internal error) keepalive ping timeout; no close frame received) — reconnecting in 1.0 s
2026-06-11 18:28:43.743 | INFO     | bybit_edge.recorder.recording_engine | [option] connected to wss://stream.bybit.com/v5/public/option
2026-06-11 18:28:43.743 | INFO     | bybit_edge.recorder.recording_engine | Subscribed to 2 topic(s): ['tickers.BTC', 'tickers.ETH']
2026-06-11 18:29:11.353 | INFO     | bybit_edge.recorder.recording_engine | Storage telemetry: {'cap_gb': 50.0, 'used_gb': 0.0004, 'used_pct': 0.0, 'total_bytes': 461497, 'total_segments': 48, 'evictions': 0, 'bytes_evicted': 0, 'per_stream': {'premium_index_kline': {'bytes': 461497, 'segments': 48}}}
2026-06-11 18:29:13.951 | WARNING  | bybit_edge.recorder.recording_engine | [option] connection lost (sent 1011 (internal error) keepalive ping timeout; no close frame received) — reconnecting in 1.0 s
2026-06-11 18:29:15.705 | INFO     | bybit_edge.recorder.recording_engine | [option] connected to wss://stream.bybit.com/v5/public/option
2026-06-11 18:29:15.705 | INFO     | bybit_edge.recorder.recording_engine | Subscribed to 2 topic(s): ['tickers.BTC', 'tickers.ETH']
2026-06-11 18:29:41.383 | INFO     | bybit_edge.recorder.recording_engine | Storage telemetry: {'cap_gb': 50.0, 'used_gb': 0.0004, 'used_pct': 0.0, 'total_bytes': 461497, 'total_segments': 48, 'evictions': 0, 'bytes_evicted': 0, 'per_stream': {'premium_index_kline': {'bytes': 461497, 'segments': 48}}}
2026-06-11 18:29:45.920 | WARNING  | bybit_edge.recorder.recording_engine | [option] connection lost (sent 1011 (internal error) keepalive ping timeout; no close frame received) — reconnecting in 1.0 s
2026-06-11 18:29:47.668 | INFO     | bybit_edge.recorder.recording_engine | [option] connected to wss://stream.bybit.com/v5/public/option
2026-06-11 18:29:47.669 | INFO     | bybit_edge.recorder.recording_engine | Subscribed to 2 topic(s): ['tickers.BTC', 'tickers.ETH']
2026-06-11 18:30:11.412 | INFO     | bybit_edge.recorder.recording_engine | Storage telemetry: {'cap_gb': 50.0, 'used_gb': 0.0004, 'used_pct': 0.0, 'total_bytes': 471131, 'total_segments': 49, 'evictions': 0, 'bytes_evicted': 0, 'per_stream': {'premium_index_kline': {'bytes': 471131, 'segments': 49}}}
2026-06-11 18:30:17.874 | WARNING  | bybit_edge.recorder.recording_engine | [option] connection lost (sent 1011 (internal error) keepalive ping timeout; no close frame received) — reconnecting in 1.0 s
2026-06-11 18:30:19.625 | INFO     | bybit_edge.recorder.recording_engine | [option] connected to wss://stream.bybit.com/v5/public/option
2026-06-11 18:30:19.626 | INFO     | bybit_edge.recorder.recording_engine | Subscribed to 2 topic(s): ['tickers.BTC', 'tickers.ETH']
2026-06-11 18:30:41.445 | INFO     | bybit_edge.recorder.recording_engine | Storage telemetry: {'cap_gb': 50.0, 'used_gb': 0.0004, 'used_pct': 0.0, 'total_bytes': 471131, 'total_segments': 49, 'evictions': 0, 'bytes_evicted': 0, 'per_stream': {'premium_index_kline': {'bytes': 471131, 'segments': 49}}}
2026-06-11 18:30:49.806 | WARNING  | bybit_edge.recorder.recording_engine | [option] connection lost (sent 1011 (internal error) keepalive ping timeout; no close frame received) — reconnecting in 1.0 s
2026-06-11 18:30:51.584 | INFO     | bybit_edge.recorder.recording_engine | [option] connected to wss://stream.bybit.com/v5/public/option
2026-06-11 18:30:51.585 | INFO     | bybit_edge.recorder.recording_engine | Subscribed to 2 topic(s): ['tickers.BTC', 'tickers.ETH']
2026-06-11 18:31:11.463 | INFO     | bybit_edge.recorder.recording_engine | Storage telemetry: {'cap_gb': 50.0, 'used_gb': 0.0004, 'used_pct': 0.0, 'total_bytes': 480753, 'total_segments': 50, 'evictions': 0, 'bytes_evicted': 0, 'per_stream': {'premium_index_kline': {'bytes': 480753, 'segments': 50}}}
2026-06-11 18:31:21.806 | WARNING  | bybit_edge.recorder.recording_engine | [option] connection lost (sent 1011 (internal error) keepalive ping timeout; no close frame received) — reconnecting in 1.0 s
2026-06-11 18:31:23.548 | INFO     | bybit_edge.recorder.recording_engine | [option] connected to wss://stream.bybit.com/v5/public/option
2026-06-11 18:31:23.548 | INFO     | bybit_edge.recorder.recording_engine | Subscribed to 2 topic(s): ['tickers.BTC', 'tickers.ETH']
2026-06-11 18:31:41.486 | INFO     | bybit_edge.recorder.recording_engine | Storage telemetry: {'cap_gb': 50.0, 'used_gb': 0.0004, 'used_pct': 0.0, 'total_bytes': 480753, 'total_segments': 50, 'evictions': 0, 'bytes_evicted': 0, 'per_stream': {'premium_index_kline': {'bytes': 480753, 'segments': 50}}}
2026-06-11 18:31:53.734 | WARNING  | bybit_edge.recorder.recording_engine | [option] connection lost (sent 1011 (internal error) keepalive ping timeout; no close frame received) — reconnecting in 1.0 s
2026-06-11 18:31:55.476 | INFO     | bybit_edge.recorder.recording_engine | [option] connected to wss://stream.bybit.com/v5/public/option
2026-06-11 18:31:55.476 | INFO     | bybit_edge.recorder.recording_engine | Subscribed to 2 topic(s): ['tickers.BTC', 'tickers.ETH']
2026-06-11 18:32:11.508 | INFO     | bybit_edge.recorder.recording_engine | Storage telemetry: {'cap_gb': 50.0, 'used_gb': 0.0005, 'used_pct': 0.0, 'total_bytes': 490374, 'total_segments': 51, 'evictions': 0, 'bytes_evicted': 0, 'per_stream': {'premium_index_kline': {'bytes': 490374, 'segments': 51}}}
2026-06-11 18:32:25.671 | WARNING  | bybit_edge.recorder.recording_engine | [option] connection lost (sent 1011 (internal error) keepalive ping timeout; no close frame received) — reconnecting in 1.0 s
2026-06-11 18:32:27.425 | INFO     | bybit_edge.recorder.recording_engine | [option] connected to wss://stream.bybit.com/v5/public/option
2026-06-11 18:32:27.426 | INFO     | bybit_edge.recorder.recording_engine | Subscribed to 2 topic(s): ['tickers.BTC', 'tickers.ETH']
2026-06-11 18:32:41.535 | INFO     | bybit_edge.recorder.recording_engine | Storage telemetry: {'cap_gb': 50.0, 'used_gb': 0.0005, 'used_pct': 0.0, 'total_bytes': 490374, 'total_segments': 51, 'evictions': 0, 'bytes_evicted': 0, 'per_stream': {'premium_index_kline': {'bytes': 490374, 'segments': 51}}}
2026-06-11 18:32:57.616 | WARNING  | bybit_edge.recorder.recording_engine | [option] connection lost (sent 1011 (internal error) keepalive ping timeout; no close frame received) — reconnecting in 1.0 s
2026-06-11 18:32:59.371 | INFO     | bybit_edge.recorder.recording_engine | [option] connected to wss://stream.bybit.com/v5/public/option
2026-06-11 18:32:59.372 | INFO     | bybit_edge.recorder.recording_engine | Subscribed to 2 topic(s): ['tickers.BTC', 'tickers.ETH']
2026-06-11 18:33:11.558 | INFO     | bybit_edge.recorder.recording_engine | Storage telemetry: {'cap_gb': 50.0, 'used_gb': 0.0005, 'used_pct': 0.0, 'total_bytes': 500008, 'total_segments': 52, 'evictions': 0, 'bytes_evicted': 0, 'per_stream': {'premium_index_kline': {'bytes': 500008, 'segments': 52}}}
2026-06-11 18:33:29.566 | WARNING  | bybit_edge.recorder.recording_engine | [option] connection lost (sent 1011 (internal error) keepalive ping timeout; no close frame received) — reconnecting in 1.0 s
2026-06-11 18:33:31.309 | INFO     | bybit_edge.recorder.recording_engine | [option] connected to wss://stream.bybit.com/v5/public/option
2026-06-11 18:33:31.310 | INFO     | bybit_edge.recorder.recording_engine | Subscribed to 2 topic(s): ['tickers.BTC', 'tickers.ETH']
2026-06-11 18:33:41.570 | INFO     | bybit_edge.recorder.recording_engine | Storage telemetry: {'cap_gb': 50.0, 'used_gb': 0.0005, 'used_pct': 0.0, 'total_bytes': 500008, 'total_segments': 52, 'evictions': 0, 'bytes_evicted': 0, 'per_stream': {'premium_index_kline': {'bytes': 500008, 'segments': 52}}}
2026-06-11 18:34:01.516 | WARNING  | bybit_edge.recorder.recording_engine | [option] connection lost (sent 1011 (internal error) keepalive ping timeout; no close frame received) — reconnecting in 1.0 s
2026-06-11 18:34:03.264 | INFO     | bybit_edge.recorder.recording_engine | [option] connected to wss://stream.bybit.com/v5/public/option
2026-06-11 18:34:03.264 | INFO     | bybit_edge.recorder.recording_engine | Subscribed to 2 topic(s): ['tickers.BTC', 'tickers.ETH']
2026-06-11 18:34:11.603 | INFO     | bybit_edge.recorder.recording_engine | Storage telemetry: {'cap_gb': 50.0, 'used_gb': 0.0005, 'used_pct': 0.0, 'total_bytes': 509622, 'total_segments': 53, 'evictions': 0, 'bytes_evicted': 0, 'per_stream': {'premium_index_kline': {'bytes': 509622, 'segments': 53}}}
2026-06-11 18:34:33.458 | WARNING  | bybit_edge.recorder.recording_engine | [option] connection lost (sent 1011 (internal error) keepalive ping timeout; no close frame received) — reconnecting in 1.0 s
2026-06-11 18:34:35.223 | INFO     | bybit_edge.recorder.recording_engine | [option] connected to wss://stream.bybit.com/v5/public/option
2026-06-11 18:34:35.224 | INFO     | bybit_edge.recorder.recording_engine | Subscribed to 2 topic(s): ['tickers.BTC', 'tickers.ETH']
2026-06-11 18:34:41.629 | INFO     | bybit_edge.recorder.recording_engine | Storage telemetry: {'cap_gb': 50.0, 'used_gb': 0.0005, 'used_pct': 0.0, 'total_bytes': 509622, 'total_segments': 53, 'evictions': 0, 'bytes_evicted': 0, 'per_stream': {'premium_index_kline': {'bytes': 509622, 'segments': 53}}}
2026-06-11 18:35:05.436 | WARNING  | bybit_edge.recorder.recording_engine | [option] connection lost (sent 1011 (internal error) keepalive ping timeout; no close frame received) — reconnecting in 1.0 s
2026-06-11 18:35:07.181 | INFO     | bybit_edge.recorder.recording_engine | [option] connected to wss://stream.bybit.com/v5/public/option
2026-06-11 18:35:07.181 | INFO     | bybit_edge.recorder.recording_engine | Subscribed to 2 topic(s): ['tickers.BTC', 'tickers.ETH']
2026-06-11 18:35:11.661 | INFO     | bybit_edge.recorder.recording_engine | Storage telemetry: {'cap_gb': 50.0, 'used_gb': 0.0005, 'used_pct': 0.0, 'total_bytes': 519246, 'total_segments': 54, 'evictions': 0, 'bytes_evicted': 0, 'per_stream': {'premium_index_kline': {'bytes': 519246, 'segments': 54}}}
2026-06-11 18:35:37.375 | WARNING  | bybit_edge.recorder.recording_engine | [option] connection lost (sent 1011 (internal error) keepalive ping timeout; no close frame received) — reconnecting in 1.0 s
2026-06-11 18:35:39.119 | INFO     | bybit_edge.recorder.recording_engine | [option] connected to wss://stream.bybit.com/v5/public/option
2026-06-11 18:35:39.119 | INFO     | bybit_edge.recorder.recording_engine | Subscribed to 2 topic(s): ['tickers.BTC', 'tickers.ETH']
2026-06-11 18:35:41.689 | INFO     | bybit_edge.recorder.recording_engine | Storage telemetry: {'cap_gb': 50.0, 'used_gb': 0.0005, 'used_pct': 0.0, 'total_bytes': 519246, 'total_segments': 54, 'evictions': 0, 'bytes_evicted': 0, 'per_stream': {'premium_index_kline': {'bytes': 519246, 'segments': 54}}}
2026-06-11 18:36:09.314 | WARNING  | bybit_edge.recorder.recording_engine | [option] connection lost (sent 1011 (internal error) keepalive ping timeout; no close frame received) — reconnecting in 1.0 s
2026-06-11 18:36:11.071 | INFO     | bybit_edge.recorder.recording_engine | [option] connected to wss://stream.bybit.com/v5/public/option
2026-06-11 18:36:11.071 | INFO     | bybit_edge.recorder.recording_engine | Subscribed to 2 topic(s): ['tickers.BTC', 'tickers.ETH']
2026-06-11 18:36:11.714 | INFO     | bybit_edge.recorder.recording_engine | Storage telemetry: {'cap_gb': 50.0, 'used_gb': 0.0005, 'used_pct': 0.0, 'total_bytes': 528872, 'total_segments': 55, 'evictions': 0, 'bytes_evicted': 0, 'per_stream': {'premium_index_kline': {'bytes': 528872, 'segments': 55}}}
2026-06-11 18:36:41.267 | WARNING  | bybit_edge.recorder.recording_engine | [option] connection lost (sent 1011 (internal error) keepalive ping timeout; no close frame received) — reconnecting in 1.0 s
2026-06-11 18:36:41.746 | INFO     | bybit_edge.recorder.recording_engine | Storage telemetry: {'cap_gb': 50.0, 'used_gb': 0.0005, 'used_pct': 0.0, 'total_bytes': 528872, 'total_segments': 55, 'evictions': 0, 'bytes_evicted': 0, 'per_stream': {'premium_index_kline': {'bytes': 528872, 'segments': 55}}}
2026-06-11 18:36:43.006 | INFO     | bybit_edge.recorder.recording_engine | [option] connected to wss://stream.bybit.com/v5/public/option
2026-06-11 18:36:43.007 | INFO     | bybit_edge.recorder.recording_engine | Subscribed to 2 topic(s): ['tickers.BTC', 'tickers.ETH']
2026-06-11 18:37:11.775 | INFO     | bybit_edge.recorder.recording_engine | Storage telemetry: {'cap_gb': 50.0, 'used_gb': 0.0005, 'used_pct': 0.0, 'total_bytes': 538492, 'total_segments': 56, 'evictions': 0, 'bytes_evicted': 0, 'per_stream': {'premium_index_kline': {'bytes': 538492, 'segments': 56}}}
2026-06-11 18:37:13.205 | WARNING  | bybit_edge.recorder.recording_engine | [option] connection lost (sent 1011 (internal error) keepalive ping timeout; no close frame received) — reconnecting in 1.0 s
2026-06-11 18:37:14.777 | INFO     | bybit_edge.recorder.recording_engine | [option] connected to wss://stream.bybit.com/v5/public/option
2026-06-11 18:37:14.777 | INFO     | bybit_edge.recorder.recording_engine | Subscribed to 2 topic(s): ['tickers.BTC', 'tickers.ETH']
2026-06-11 18:37:41.792 | INFO     | bybit_edge.recorder.recording_engine | Storage telemetry: {'cap_gb': 50.0, 'used_gb': 0.0005, 'used_pct': 0.0, 'total_bytes': 538492, 'total_segments': 56, 'evictions': 0, 'bytes_evicted': 0, 'per_stream': {'premium_index_kline': {'bytes': 538492, 'segments': 56}}}
2026-06-11 18:37:45.001 | WARNING  | bybit_edge.recorder.recording_engine | [option] connection lost (sent 1011 (internal error) keepalive ping timeout; no close frame received) — reconnecting in 1.0 s
2026-06-11 18:37:46.799 | INFO     | bybit_edge.recorder.recording_engine | [option] connected to wss://stream.bybit.com/v5/public/option
2026-06-11 18:37:46.799 | INFO     | bybit_edge.recorder.recording_engine | Subscribed to 2 topic(s): ['tickers.BTC', 'tickers.ETH']
2026-06-11 18:38:11.822 | INFO     | bybit_edge.recorder.recording_engine | Storage telemetry: {'cap_gb': 50.0, 'used_gb': 0.0005, 'used_pct': 0.0, 'total_bytes': 548113, 'total_segments': 57, 'evictions': 0, 'bytes_evicted': 0, 'per_stream': {'premium_index_kline': {'bytes': 548113, 'segments': 57}}}
2026-06-11 18:38:17.000 | WARNING  | bybit_edge.recorder.recording_engine | [option] connection lost (sent 1011 (internal error) keepalive ping timeout; no close frame received) — reconnecting in 1.0 s
2026-06-11 18:38:18.738 | INFO     | bybit_edge.recorder.recording_engine | [option] connected to wss://stream.bybit.com/v5/public/option
2026-06-11 18:38:18.739 | INFO     | bybit_edge.recorder.recording_engine | Subscribed to 2 topic(s): ['tickers.BTC', 'tickers.ETH']
2026-06-11 18:38:41.844 | INFO     | bybit_edge.recorder.recording_engine | Storage telemetry: {'cap_gb': 50.0, 'used_gb': 0.0005, 'used_pct': 0.0, 'total_bytes': 548113, 'total_segments': 57, 'evictions': 0, 'bytes_evicted': 0, 'per_stream': {'premium_index_kline': {'bytes': 548113, 'segments': 57}}}
2026-06-11 18:38:48.928 | WARNING  | bybit_edge.recorder.recording_engine | [option] connection lost (sent 1011 (internal error) keepalive ping timeout; no close frame received) — reconnecting in 1.0 s
2026-06-11 18:38:50.669 | INFO     | bybit_edge.recorder.recording_engine | [option] connected to wss://stream.bybit.com/v5/public/option
2026-06-11 18:38:50.670 | INFO     | bybit_edge.recorder.recording_engine | Subscribed to 2 topic(s): ['tickers.BTC', 'tickers.ETH']
2026-06-11 18:39:11.870 | INFO     | bybit_edge.recorder.recording_engine | Storage telemetry: {'cap_gb': 50.0, 'used_gb': 0.0005, 'used_pct': 0.0, 'total_bytes': 557726, 'total_segments': 58, 'evictions': 0, 'bytes_evicted': 0, 'per_stream': {'premium_index_kline': {'bytes': 557726, 'segments': 58}}}
2026-06-11 18:39:20.900 | WARNING  | bybit_edge.recorder.recording_engine | [option] connection lost (sent 1011 (internal error) keepalive ping timeout; no close frame received) — reconnecting in 1.0 s
2026-06-11 18:39:22.654 | INFO     | bybit_edge.recorder.recording_engine | [option] connected to wss://stream.bybit.com/v5/public/option
2026-06-11 18:39:22.654 | INFO     | bybit_edge.recorder.recording_engine | Subscribed to 2 topic(s): ['tickers.BTC', 'tickers.ETH']
2026-06-11 18:39:41.904 | INFO     | bybit_edge.recorder.recording_engine | Storage telemetry: {'cap_gb': 50.0, 'used_gb': 0.0005, 'used_pct': 0.0, 'total_bytes': 557726, 'total_segments': 58, 'evictions': 0, 'bytes_evicted': 0, 'per_stream': {'premium_index_kline': {'bytes': 557726, 'segments': 58}}}
2026-06-11 18:39:52.879 | WARNING  | bybit_edge.recorder.recording_engine | [option] connection lost (sent 1011 (internal error) keepalive ping timeout; no close frame received) — reconnecting in 1.0 s
2026-06-11 18:39:54.652 | INFO     | bybit_edge.recorder.recording_engine | [option] connected to wss://stream.bybit.com/v5/public/option
2026-06-11 18:39:54.652 | INFO     | bybit_edge.recorder.recording_engine | Subscribed to 2 topic(s): ['tickers.BTC', 'tickers.ETH']
2026-06-11 18:40:11.938 | INFO     | bybit_edge.recorder.recording_engine | Storage telemetry: {'cap_gb': 50.0, 'used_gb': 0.0005, 'used_pct': 0.0, 'total_bytes': 567330, 'total_segments': 59, 'evictions': 0, 'bytes_evicted': 0, 'per_stream': {'premium_index_kline': {'bytes': 567330, 'segments': 59}}}
2026-06-11 18:40:24.887 | WARNING  | bybit_edge.recorder.recording_engine | [option] connection lost (sent 1011 (internal error) keepalive ping timeout; no close frame received) — reconnecting in 1.0 s
2026-06-11 18:40:26.631 | INFO     | bybit_edge.recorder.recording_engine | [option] connected to wss://stream.bybit.com/v5/public/option
2026-06-11 18:40:26.632 | INFO     | bybit_edge.recorder.recording_engine | Subscribed to 2 topic(s): ['tickers.BTC', 'tickers.ETH']
2026-06-11 18:40:41.962 | INFO     | bybit_edge.recorder.recording_engine | Storage telemetry: {'cap_gb': 50.0, 'used_gb': 0.0005, 'used_pct': 0.0, 'total_bytes': 567330, 'total_segments': 59, 'evictions': 0, 'bytes_evicted': 0, 'per_stream': {'premium_index_kline': {'bytes': 567330, 'segments': 59}}}
2026-06-11 18:40:56.849 | WARNING  | bybit_edge.recorder.recording_engine | [option] connection lost (sent 1011 (internal error) keepalive ping timeout; no close frame received) — reconnecting in 1.0 s
2026-06-11 18:40:58.596 | INFO     | bybit_edge.recorder.recording_engine | [option] connected to wss://stream.bybit.com/v5/public/option
2026-06-11 18:40:58.596 | INFO     | bybit_edge.recorder.recording_engine | Subscribed to 2 topic(s): ['tickers.BTC', 'tickers.ETH']
2026-06-11 18:41:11.990 | INFO     | bybit_edge.recorder.recording_engine | Storage telemetry: {'cap_gb': 50.0, 'used_gb': 0.0005, 'used_pct': 0.0, 'total_bytes': 576951, 'total_segments': 60, 'evictions': 0, 'bytes_evicted': 0, 'per_stream': {'premium_index_kline': {'bytes': 576951, 'segments': 60}}}
2026-06-11 18:41:28.800 | WARNING  | bybit_edge.recorder.recording_engine | [option] connection lost (sent 1011 (internal error) keepalive ping timeout; no close frame received) — reconnecting in 1.0 s
2026-06-11 18:41:30.536 | INFO     | bybit_edge.recorder.recording_engine | [option] connected to wss://stream.bybit.com/v5/public/option
2026-06-11 18:41:30.537 | INFO     | bybit_edge.recorder.recording_engine | Subscribed to 2 topic(s): ['tickers.BTC', 'tickers.ETH']
2026-06-11 18:41:42.010 | INFO     | bybit_edge.recorder.recording_engine | Storage telemetry: {'cap_gb': 50.0, 'used_gb': 0.0005, 'used_pct': 0.0, 'total_bytes': 576951, 'total_segments': 60, 'evictions': 0, 'bytes_evicted': 0, 'per_stream': {'premium_index_kline': {'bytes': 576951, 'segments': 60}}}
2026-06-11 18:42:00.725 | WARNING  | bybit_edge.recorder.recording_engine | [option] connection lost (sent 1011 (internal error) keepalive ping timeout; no close frame received) — reconnecting in 1.0 s
2026-06-11 18:42:02.470 | INFO     | bybit_edge.recorder.recording_engine | [option] connected to wss://stream.bybit.com/v5/public/option
2026-06-11 18:42:02.470 | INFO     | bybit_edge.recorder.recording_engine | Subscribed to 2 topic(s): ['tickers.BTC', 'tickers.ETH']
2026-06-11 18:42:12.056 | INFO     | bybit_edge.recorder.recording_engine | Storage telemetry: {'cap_gb': 50.0, 'used_gb': 0.0005, 'used_pct': 0.0, 'total_bytes': 586562, 'total_segments': 61, 'evictions': 0, 'bytes_evicted': 0, 'per_stream': {'premium_index_kline': {'bytes': 586562, 'segments': 61}}}
2026-06-11 18:42:32.672 | WARNING  | bybit_edge.recorder.recording_engine | [option] connection lost (sent 1011 (internal error) keepalive ping timeout; no close frame received) — reconnecting in 1.0 s
2026-06-11 18:42:34.445 | INFO     | bybit_edge.recorder.recording_engine | [option] connected to wss://stream.bybit.com/v5/public/option
2026-06-11 18:42:34.445 | INFO     | bybit_edge.recorder.recording_engine | Subscribed to 2 topic(s): ['tickers.BTC', 'tickers.ETH']
2026-06-11 18:42:42.070 | INFO     | bybit_edge.recorder.recording_engine | Storage telemetry: {'cap_gb': 50.0, 'used_gb': 0.0005, 'used_pct': 0.0, 'total_bytes': 586562, 'total_segments': 61, 'evictions': 0, 'bytes_evicted': 0, 'per_stream': {'premium_index_kline': {'bytes': 586562, 'segments': 61}}}
2026-06-11 18:43:04.619 | WARNING  | bybit_edge.recorder.recording_engine | [option] connection lost (sent 1011 (internal error) keepalive ping timeout; no close frame received) — reconnecting in 1.0 s
2026-06-11 18:43:06.404 | INFO     | bybit_edge.recorder.recording_engine | [option] connected to wss://stream.bybit.com/v5/public/option
2026-06-11 18:43:06.405 | INFO     | bybit_edge.recorder.recording_engine | Subscribed to 2 topic(s): ['tickers.BTC', 'tickers.ETH']
2026-06-11 18:43:12.097 | INFO     | bybit_edge.recorder.recording_engine | Storage telemetry: {'cap_gb': 50.0, 'used_gb': 0.0006, 'used_pct': 0.0, 'total_bytes': 596180, 'total_segments': 62, 'evictions': 0, 'bytes_evicted': 0, 'per_stream': {'premium_index_kline': {'bytes': 596180, 'segments': 62}}}
2026-06-11 18:43:36.623 | WARNING  | bybit_edge.recorder.recording_engine | [option] connection lost (sent 1011 (internal error) keepalive ping timeout; no close frame received) — reconnecting in 1.0 s
2026-06-11 18:43:38.371 | INFO     | bybit_edge.recorder.recording_engine | [option] connected to wss://stream.bybit.com/v5/public/option
2026-06-11 18:43:38.371 | INFO     | bybit_edge.recorder.recording_engine | Subscribed to 2 topic(s): ['tickers.BTC', 'tickers.ETH']
2026-06-11 18:43:42.120 | INFO     | bybit_edge.recorder.recording_engine | Storage telemetry: {'cap_gb': 50.0, 'used_gb': 0.0006, 'used_pct': 0.0, 'total_bytes': 596180, 'total_segments': 62, 'evictions': 0, 'bytes_evicted': 0, 'per_stream': {'premium_index_kline': {'bytes': 596180, 'segments': 62}}}
2026-06-11 18:44:08.567 | WARNING  | bybit_edge.recorder.recording_engine | [option] connection lost (sent 1011 (internal error) keepalive ping timeout; no close frame received) — reconnecting in 1.0 s
2026-06-11 18:44:10.332 | INFO     | bybit_edge.recorder.recording_engine | [option] connected to wss://stream.bybit.com/v5/public/option
2026-06-11 18:44:10.332 | INFO     | bybit_edge.recorder.recording_engine | Subscribed to 2 topic(s): ['tickers.BTC', 'tickers.ETH']
2026-06-11 18:44:12.153 | INFO     | bybit_edge.recorder.recording_engine | Storage telemetry: {'cap_gb': 50.0, 'used_gb': 0.0006, 'used_pct': 0.0, 'total_bytes': 605790, 'total_segments': 63, 'evictions': 0, 'bytes_evicted': 0, 'per_stream': {'premium_index_kline': {'bytes': 605790, 'segments': 63}}}
2026-06-11 18:44:40.540 | WARNING  | bybit_edge.recorder.recording_engine | [option] connection lost (sent 1011 (internal error) keepalive ping timeout; no close frame received) — reconnecting in 1.0 s
2026-06-11 18:44:42.165 | INFO     | bybit_edge.recorder.recording_engine | Storage telemetry: {'cap_gb': 50.0, 'used_gb': 0.0006, 'used_pct': 0.0, 'total_bytes': 605790, 'total_segments': 63, 'evictions': 0, 'bytes_evicted': 0, 'per_stream': {'premium_index_kline': {'bytes': 605790, 'segments': 63}}}
2026-06-11 18:44:42.286 | INFO     | bybit_edge.recorder.recording_engine | [option] connected to wss://stream.bybit.com/v5/public/option
2026-06-11 18:44:42.286 | INFO     | bybit_edge.recorder.recording_engine | Subscribed to 2 topic(s): ['tickers.BTC', 'tickers.ETH']
2026-06-11 18:45:12.200 | INFO     | bybit_edge.recorder.recording_engine | Storage telemetry: {'cap_gb': 50.0, 'used_gb': 0.0006, 'used_pct': 0.0, 'total_bytes': 615398, 'total_segments': 64, 'evictions': 0, 'bytes_evicted': 0, 'per_stream': {'premium_index_kline': {'bytes': 615398, 'segments': 64}}}
2026-06-11 18:45:12.500 | WARNING  | bybit_edge.recorder.recording_engine | [option] connection lost (sent 1011 (internal error) keepalive ping timeout; no close frame received) — reconnecting in 1.0 s
2026-06-11 18:45:14.320 | INFO     | bybit_edge.recorder.recording_engine | [option] connected to wss://stream.bybit.com/v5/public/option
2026-06-11 18:45:14.320 | INFO     | bybit_edge.recorder.recording_engine | Subscribed to 2 topic(s): ['tickers.BTC', 'tickers.ETH']
2026-06-11 18:45:42.235 | INFO     | bybit_edge.recorder.recording_engine | Storage telemetry: {'cap_gb': 50.0, 'used_gb': 0.0006, 'used_pct': 0.0, 'total_bytes': 615398, 'total_segments': 64, 'evictions': 0, 'bytes_evicted': 0, 'per_stream': {'premium_index_kline': {'bytes': 615398, 'segments': 64}}}
2026-06-11 18:45:44.529 | WARNING  | bybit_edge.recorder.recording_engine | [option] connection lost (sent 1011 (internal error) keepalive ping timeout; no close frame received) — reconnecting in 1.0 s
2026-06-11 18:45:46.287 | INFO     | bybit_edge.recorder.recording_engine | [option] connected to wss://stream.bybit.com/v5/public/option
2026-06-11 18:45:46.287 | INFO     | bybit_edge.recorder.recording_engine | Subscribed to 2 topic(s): ['tickers.BTC', 'tickers.ETH']
2026-06-11 18:46:12.273 | INFO     | bybit_edge.recorder.recording_engine | Storage telemetry: {'cap_gb': 50.0, 'used_gb': 0.0006, 'used_pct': 0.0, 'total_bytes': 625020, 'total_segments': 65, 'evictions': 0, 'bytes_evicted': 0, 'per_stream': {'premium_index_kline': {'bytes': 625020, 'segments': 65}}}
2026-06-11 18:46:16.475 | WARNING  | bybit_edge.recorder.recording_engine | [option] connection lost (sent 1011 (internal error) keepalive ping timeout; no close frame received) — reconnecting in 1.0 s
2026-06-11 18:46:18.073 | INFO     | bybit_edge.recorder.recording_engine | [option] connected to wss://stream.bybit.com/v5/public/option
2026-06-11 18:46:18.073 | INFO     | bybit_edge.recorder.recording_engine | Subscribed to 2 topic(s): ['tickers.BTC', 'tickers.ETH']
2026-06-11 18:46:42.299 | INFO     | bybit_edge.recorder.recording_engine | Storage telemetry: {'cap_gb': 50.0, 'used_gb': 0.0006, 'used_pct': 0.0, 'total_bytes': 625020, 'total_segments': 65, 'evictions': 0, 'bytes_evicted': 0, 'per_stream': {'premium_index_kline': {'bytes': 625020, 'segments': 65}}}
2026-06-11 18:46:48.285 | WARNING  | bybit_edge.recorder.recording_engine | [option] connection lost (sent 1011 (internal error) keepalive ping timeout; no close frame received) — reconnecting in 1.0 s
2026-06-11 18:46:49.872 | INFO     | bybit_edge.recorder.recording_engine | [option] connected to wss://stream.bybit.com/v5/public/option
2026-06-11 18:46:49.872 | INFO     | bybit_edge.recorder.recording_engine | Subscribed to 2 topic(s): ['tickers.BTC', 'tickers.ETH']
2026-06-11 18:47:12.348 | INFO     | bybit_edge.recorder.recording_engine | Storage telemetry: {'cap_gb': 50.0, 'used_gb': 0.0006, 'used_pct': 0.0, 'total_bytes': 634648, 'total_segments': 66, 'evictions': 0, 'bytes_evicted': 0, 'per_stream': {'premium_index_kline': {'bytes': 634648, 'segments': 66}}}
2026-06-11 18:47:20.077 | WARNING  | bybit_edge.recorder.recording_engine | [option] connection lost (sent 1011 (internal error) keepalive ping timeout; no close frame received) — reconnecting in 1.0 s
2026-06-11 18:47:21.824 | INFO     | bybit_edge.recorder.recording_engine | [option] connected to wss://stream.bybit.com/v5/public/option
2026-06-11 18:47:21.824 | INFO     | bybit_edge.recorder.recording_engine | Subscribed to 2 topic(s): ['tickers.BTC', 'tickers.ETH']
2026-06-11 18:47:42.388 | INFO     | bybit_edge.recorder.recording_engine | Storage telemetry: {'cap_gb': 50.0, 'used_gb': 0.0006, 'used_pct': 0.0, 'total_bytes': 634648, 'total_segments': 66, 'evictions': 0, 'bytes_evicted': 0, 'per_stream': {'premium_index_kline': {'bytes': 634648, 'segments': 66}}}
2026-06-11 18:47:52.036 | WARNING  | bybit_edge.recorder.recording_engine | [option] connection lost (sent 1011 (internal error) keepalive ping timeout; no close frame received) — reconnecting in 1.0 s
2026-06-11 18:47:53.797 | INFO     | bybit_edge.recorder.recording_engine | [option] connected to wss://stream.bybit.com/v5/public/option
2026-06-11 18:47:53.797 | INFO     | bybit_edge.recorder.recording_engine | Subscribed to 2 topic(s): ['tickers.BTC', 'tickers.ETH']
2026-06-11 18:48:12.411 | INFO     | bybit_edge.recorder.recording_engine | Storage telemetry: {'cap_gb': 50.0, 'used_gb': 0.0006, 'used_pct': 0.0, 'total_bytes': 644272, 'total_segments': 67, 'evictions': 0, 'bytes_evicted': 0, 'per_stream': {'premium_index_kline': {'bytes': 644272, 'segments': 67}}}
2026-06-11 18:48:24.019 | WARNING  | bybit_edge.recorder.recording_engine | [option] connection lost (sent 1011 (internal error) keepalive ping timeout; no close frame received) — reconnecting in 1.0 s
2026-06-11 18:48:25.811 | INFO     | bybit_edge.recorder.recording_engine | [option] connected to wss://stream.bybit.com/v5/public/option
2026-06-11 18:48:25.813 | INFO     | bybit_edge.recorder.recording_engine | Subscribed to 2 topic(s): ['tickers.BTC', 'tickers.ETH']
2026-06-11 18:48:42.440 | INFO     | bybit_edge.recorder.recording_engine | Storage telemetry: {'cap_gb': 50.0, 'used_gb': 0.0006, 'used_pct': 0.0, 'total_bytes': 644272, 'total_segments': 67, 'evictions': 0, 'bytes_evicted': 0, 'per_stream': {'premium_index_kline': {'bytes': 644272, 'segments': 67}}}
2026-06-11 18:48:56.018 | WARNING  | bybit_edge.recorder.recording_engine | [option] connection lost (sent 1011 (internal error) keepalive ping timeout; no close frame received) — reconnecting in 1.0 s
2026-06-11 18:48:57.777 | INFO     | bybit_edge.recorder.recording_engine | [option] connected to wss://stream.bybit.com/v5/public/option
2026-06-11 18:48:57.778 | INFO     | bybit_edge.recorder.recording_engine | Subscribed to 2 topic(s): ['tickers.BTC', 'tickers.ETH']
2026-06-11 18:49:12.478 | INFO     | bybit_edge.recorder.recording_engine | Storage telemetry: {'cap_gb': 50.0, 'used_gb': 0.0006, 'used_pct': 0.0, 'total_bytes': 653908, 'total_segments': 68, 'evictions': 0, 'bytes_evicted': 0, 'per_stream': {'premium_index_kline': {'bytes': 653908, 'segments': 68}}}
2026-06-11 18:49:27.979 | WARNING  | bybit_edge.recorder.recording_engine | [option] connection lost (sent 1011 (internal error) keepalive ping timeout; no close frame received) — reconnecting in 1.0 s
2026-06-11 18:49:29.729 | INFO     | bybit_edge.recorder.recording_engine | [option] connected to wss://stream.bybit.com/v5/public/option
2026-06-11 18:49:29.729 | INFO     | bybit_edge.recorder.recording_engine | Subscribed to 2 topic(s): ['tickers.BTC', 'tickers.ETH']
2026-06-11 18:49:42.500 | INFO     | bybit_edge.recorder.recording_engine | Storage telemetry: {'cap_gb': 50.0, 'used_gb': 0.0006, 'used_pct': 0.0, 'total_bytes': 653908, 'total_segments': 68, 'evictions': 0, 'bytes_evicted': 0, 'per_stream': {'premium_index_kline': {'bytes': 653908, 'segments': 68}}}
2026-06-11 18:49:59.940 | WARNING  | bybit_edge.recorder.recording_engine | [option] connection lost (sent 1011 (internal error) keepalive ping timeout; no close frame received) — reconnecting in 1.0 s
2026-06-11 18:50:01.690 | INFO     | bybit_edge.recorder.recording_engine | [option] connected to wss://stream.bybit.com/v5/public/option
2026-06-11 18:50:01.690 | INFO     | bybit_edge.recorder.recording_engine | Subscribed to 2 topic(s): ['tickers.BTC', 'tickers.ETH']
2026-06-11 18:50:12.524 | INFO     | bybit_edge.recorder.recording_engine | Storage telemetry: {'cap_gb': 50.0, 'used_gb': 0.0006, 'used_pct': 0.0, 'total_bytes': 663530, 'total_segments': 69, 'evictions': 0, 'bytes_evicted': 0, 'per_stream': {'premium_index_kline': {'bytes': 663530, 'segments': 69}}}
2026-06-11 18:50:31.899 | WARNING  | bybit_edge.recorder.recording_engine | [option] connection lost (sent 1011 (internal error) keepalive ping timeout; no close frame received) — reconnecting in 1.0 s
2026-06-11 18:50:33.664 | INFO     | bybit_edge.recorder.recording_engine | [option] connected to wss://stream.bybit.com/v5/public/option
2026-06-11 18:50:33.664 | INFO     | bybit_edge.recorder.recording_engine | Subscribed to 2 topic(s): ['tickers.BTC', 'tickers.ETH']
2026-06-11 18:50:42.561 | INFO     | bybit_edge.recorder.recording_engine | Storage telemetry: {'cap_gb': 50.0, 'used_gb': 0.0006, 'used_pct': 0.0, 'total_bytes': 663530, 'total_segments': 69, 'evictions': 0, 'bytes_evicted': 0, 'per_stream': {'premium_index_kline': {'bytes': 663530, 'segments': 69}}}
2026-06-11 18:51:03.891 | WARNING  | bybit_edge.recorder.recording_engine | [option] connection lost (sent 1011 (internal error) keepalive ping timeout; no close frame received) — reconnecting in 1.0 s
2026-06-11 18:51:05.632 | INFO     | bybit_edge.recorder.recording_engine | [option] connected to wss://stream.bybit.com/v5/public/option
2026-06-11 18:51:05.632 | INFO     | bybit_edge.recorder.recording_engine | Subscribed to 2 topic(s): ['tickers.BTC', 'tickers.ETH']
2026-06-11 18:51:12.585 | INFO     | bybit_edge.recorder.recording_engine | Storage telemetry: {'cap_gb': 50.0, 'used_gb': 0.0006, 'used_pct': 0.0, 'total_bytes': 673170, 'total_segments': 70, 'evictions': 0, 'bytes_evicted': 0, 'per_stream': {'premium_index_kline': {'bytes': 673170, 'segments': 70}}}
2026-06-11 18:51:35.828 | WARNING  | bybit_edge.recorder.recording_engine | [option] connection lost (sent 1011 (internal error) keepalive ping timeout; no close frame received) — reconnecting in 1.0 s
2026-06-11 18:51:37.583 | INFO     | bybit_edge.recorder.recording_engine | [option] connected to wss://stream.bybit.com/v5/public/option
2026-06-11 18:51:37.583 | INFO     | bybit_edge.recorder.recording_engine | Subscribed to 2 topic(s): ['tickers.BTC', 'tickers.ETH']
2026-06-11 18:51:42.629 | INFO     | bybit_edge.recorder.recording_engine | Storage telemetry: {'cap_gb': 50.0, 'used_gb': 0.0006, 'used_pct': 0.0, 'total_bytes': 673170, 'total_segments': 70, 'evictions': 0, 'bytes_evicted': 0, 'per_stream': {'premium_index_kline': {'bytes': 673170, 'segments': 70}}}
2026-06-11 18:52:07.777 | WARNING  | bybit_edge.recorder.recording_engine | [option] connection lost (sent 1011 (internal error) keepalive ping timeout; no close frame received) — reconnecting in 1.0 s
2026-06-11 18:52:09.536 | INFO     | bybit_edge.recorder.recording_engine | [option] connected to wss://stream.bybit.com/v5/public/option
2026-06-11 18:52:09.537 | INFO     | bybit_edge.recorder.recording_engine | Subscribed to 2 topic(s): ['tickers.BTC', 'tickers.ETH']
2026-06-11 18:52:12.647 | INFO     | bybit_edge.recorder.recording_engine | Storage telemetry: {'cap_gb': 50.0, 'used_gb': 0.0006, 'used_pct': 0.0, 'total_bytes': 682807, 'total_segments': 71, 'evictions': 0, 'bytes_evicted': 0, 'per_stream': {'premium_index_kline': {'bytes': 682807, 'segments': 71}}}
2026-06-11 18:52:39.712 | WARNING  | bybit_edge.recorder.recording_engine | [option] connection lost (sent 1011 (internal error) keepalive ping timeout; no close frame received) — reconnecting in 1.0 s
2026-06-11 18:52:41.454 | INFO     | bybit_edge.recorder.recording_engine | [option] connected to wss://stream.bybit.com/v5/public/option
2026-06-11 18:52:41.455 | INFO     | bybit_edge.recorder.recording_engine | Subscribed to 2 topic(s): ['tickers.BTC', 'tickers.ETH']
2026-06-11 18:52:42.674 | INFO     | bybit_edge.recorder.recording_engine | Storage telemetry: {'cap_gb': 50.0, 'used_gb': 0.0006, 'used_pct': 0.0, 'total_bytes': 682807, 'total_segments': 71, 'evictions': 0, 'bytes_evicted': 0, 'per_stream': {'premium_index_kline': {'bytes': 682807, 'segments': 71}}}
2026-06-11 18:53:11.632 | WARNING  | bybit_edge.recorder.recording_engine | [option] connection lost (sent 1011 (internal error) keepalive ping timeout; no close frame received) — reconnecting in 1.0 s
2026-06-11 18:53:12.700 | INFO     | bybit_edge.recorder.recording_engine | Storage telemetry: {'cap_gb': 50.0, 'used_gb': 0.0006, 'used_pct': 0.0, 'total_bytes': 692444, 'total_segments': 72, 'evictions': 0, 'bytes_evicted': 0, 'per_stream': {'premium_index_kline': {'bytes': 692444, 'segments': 72}}}
2026-06-11 18:53:13.395 | INFO     | bybit_edge.recorder.recording_engine | [option] connected to wss://stream.bybit.com/v5/public/option
2026-06-11 18:53:13.396 | INFO     | bybit_edge.recorder.recording_engine | Subscribed to 2 topic(s): ['tickers.BTC', 'tickers.ETH']
2026-06-11 18:53:42.735 | INFO     | bybit_edge.recorder.recording_engine | Storage telemetry: {'cap_gb': 50.0, 'used_gb': 0.0006, 'used_pct': 0.0, 'total_bytes': 692444, 'total_segments': 72, 'evictions': 0, 'bytes_evicted': 0, 'per_stream': {'premium_index_kline': {'bytes': 692444, 'segments': 72}}}
2026-06-11 18:53:43.582 | WARNING  | bybit_edge.recorder.recording_engine | [option] connection lost (sent 1011 (internal error) keepalive ping timeout; no close frame received) — reconnecting in 1.0 s
2026-06-11 18:53:45.347 | INFO     | bybit_edge.recorder.recording_engine | [option] connected to wss://stream.bybit.com/v5/public/option
2026-06-11 18:53:45.348 | INFO     | bybit_edge.recorder.recording_engine | Subscribed to 2 topic(s): ['tickers.BTC', 'tickers.ETH']
2026-06-11 18:54:12.763 | INFO     | bybit_edge.recorder.recording_engine | Storage telemetry: {'cap_gb': 50.0, 'used_gb': 0.0007, 'used_pct': 0.0, 'total_bytes': 702083, 'total_segments': 73, 'evictions': 0, 'bytes_evicted': 0, 'per_stream': {'premium_index_kline': {'bytes': 702083, 'segments': 73}}}
2026-06-11 18:54:15.559 | WARNING  | bybit_edge.recorder.recording_engine | [option] connection lost (sent 1011 (internal error) keepalive ping timeout; no close frame received) — reconnecting in 1.0 s
2026-06-11 18:54:17.303 | INFO     | bybit_edge.recorder.recording_engine | [option] connected to wss://stream.bybit.com/v5/public/option
2026-06-11 18:54:17.304 | INFO     | bybit_edge.recorder.recording_engine | Subscribed to 2 topic(s): ['tickers.BTC', 'tickers.ETH']
2026-06-11 18:54:42.777 | INFO     | bybit_edge.recorder.recording_engine | Storage telemetry: {'cap_gb': 50.0, 'used_gb': 0.0007, 'used_pct': 0.0, 'total_bytes': 702083, 'total_segments': 73, 'evictions': 0, 'bytes_evicted': 0, 'per_stream': {'premium_index_kline': {'bytes': 702083, 'segments': 73}}}
2026-06-11 18:54:47.512 | WARNING  | bybit_edge.recorder.recording_engine | [option] connection lost (sent 1011 (internal error) keepalive ping timeout; no close frame received) — reconnecting in 1.0 s
2026-06-11 18:54:49.263 | INFO     | bybit_edge.recorder.recording_engine | [option] connected to wss://stream.bybit.com/v5/public/option
2026-06-11 18:54:49.263 | INFO     | bybit_edge.recorder.recording_engine | Subscribed to 2 topic(s): ['tickers.BTC', 'tickers.ETH']
2026-06-11 18:55:12.804 | INFO     | bybit_edge.recorder.recording_engine | Storage telemetry: {'cap_gb': 50.0, 'used_gb': 0.0007, 'used_pct': 0.0, 'total_bytes': 711711, 'total_segments': 74, 'evictions': 0, 'bytes_evicted': 0, 'per_stream': {'premium_index_kline': {'bytes': 711711, 'segments': 74}}}
2026-06-11 18:55:19.464 | WARNING  | bybit_edge.recorder.recording_engine | [option] connection lost (sent 1011 (internal error) keepalive ping timeout; no close frame received) — reconnecting in 1.0 s
2026-06-11 18:55:21.211 | INFO     | bybit_edge.recorder.recording_engine | [option] connected to wss://stream.bybit.com/v5/public/option
2026-06-11 18:55:21.211 | INFO     | bybit_edge.recorder.recording_engine | Subscribed to 2 topic(s): ['tickers.BTC', 'tickers.ETH']
2026-06-11 18:55:42.830 | INFO     | bybit_edge.recorder.recording_engine | Storage telemetry: {'cap_gb': 50.0, 'used_gb': 0.0007, 'used_pct': 0.0, 'total_bytes': 711711, 'total_segments': 74, 'evictions': 0, 'bytes_evicted': 0, 'per_stream': {'premium_index_kline': {'bytes': 711711, 'segments': 74}}}
2026-06-11 18:55:51.391 | WARNING  | bybit_edge.recorder.recording_engine | [option] connection lost (sent 1011 (internal error) keepalive ping timeout; no close frame received) — reconnecting in 1.0 s
2026-06-11 18:55:53.199 | INFO     | bybit_edge.recorder.recording_engine | [option] connected to wss://stream.bybit.com/v5/public/option
2026-06-11 18:55:53.199 | INFO     | bybit_edge.recorder.recording_engine | Subscribed to 2 topic(s): ['tickers.BTC', 'tickers.ETH']
2026-06-11 18:56:12.863 | INFO     | bybit_edge.recorder.recording_engine | Storage telemetry: {'cap_gb': 50.0, 'used_gb': 0.0007, 'used_pct': 0.0, 'total_bytes': 721347, 'total_segments': 75, 'evictions': 0, 'bytes_evicted': 0, 'per_stream': {'premium_index_kline': {'bytes': 721347, 'segments': 75}}}
2026-06-11 18:56:23.383 | WARNING  | bybit_edge.recorder.recording_engine | [option] connection lost (sent 1011 (internal error) keepalive ping timeout; no close frame received) — reconnecting in 1.0 s
2026-06-11 18:56:25.121 | INFO     | bybit_edge.recorder.recording_engine | [option] connected to wss://stream.bybit.com/v5/public/option
2026-06-11 18:56:25.122 | INFO     | bybit_edge.recorder.recording_engine | Subscribed to 2 topic(s): ['tickers.BTC', 'tickers.ETH']
2026-06-11 18:56:42.911 | INFO     | bybit_edge.recorder.recording_engine | Storage telemetry: {'cap_gb': 50.0, 'used_gb': 0.0007, 'used_pct': 0.0, 'total_bytes': 721347, 'total_segments': 75, 'evictions': 0, 'bytes_evicted': 0, 'per_stream': {'premium_index_kline': {'bytes': 721347, 'segments': 75}}}
2026-06-11 18:56:55.309 | WARNING  | bybit_edge.recorder.recording_engine | [option] connection lost (sent 1011 (internal error) keepalive ping timeout; no close frame received) — reconnecting in 1.0 s
2026-06-11 18:56:57.056 | INFO     | bybit_edge.recorder.recording_engine | [option] connected to wss://stream.bybit.com/v5/public/option
2026-06-11 18:56:57.057 | INFO     | bybit_edge.recorder.recording_engine | Subscribed to 2 topic(s): ['tickers.BTC', 'tickers.ETH']
2026-06-11 18:57:12.940 | INFO     | bybit_edge.recorder.recording_engine | Storage telemetry: {'cap_gb': 50.0, 'used_gb': 0.0007, 'used_pct': 0.0, 'total_bytes': 730996, 'total_segments': 76, 'evictions': 0, 'bytes_evicted': 0, 'per_stream': {'premium_index_kline': {'bytes': 730996, 'segments': 76}}}
2026-06-11 18:57:27.266 | WARNING  | bybit_edge.recorder.recording_engine | [option] connection lost (sent 1011 (internal error) keepalive ping timeout; no close frame received) — reconnecting in 1.0 s
2026-06-11 18:57:28.999 | INFO     | bybit_edge.recorder.recording_engine | [option] connected to wss://stream.bybit.com/v5/public/option
2026-06-11 18:57:29.001 | INFO     | bybit_edge.recorder.recording_engine | Subscribed to 2 topic(s): ['tickers.BTC', 'tickers.ETH']
2026-06-11 18:57:42.964 | INFO     | bybit_edge.recorder.recording_engine | Storage telemetry: {'cap_gb': 50.0, 'used_gb': 0.0007, 'used_pct': 0.0, 'total_bytes': 730996, 'total_segments': 76, 'evictions': 0, 'bytes_evicted': 0, 'per_stream': {'premium_index_kline': {'bytes': 730996, 'segments': 76}}}
2026-06-11 18:57:59.194 | WARNING  | bybit_edge.recorder.recording_engine | [option] connection lost (sent 1011 (internal error) keepalive ping timeout; no close frame received) — reconnecting in 1.0 s
2026-06-11 18:58:00.956 | INFO     | bybit_edge.recorder.recording_engine | [option] connected to wss://stream.bybit.com/v5/public/option
2026-06-11 18:58:00.956 | INFO     | bybit_edge.recorder.recording_engine | Subscribed to 2 topic(s): ['tickers.BTC', 'tickers.ETH']
2026-06-11 18:58:13.004 | INFO     | bybit_edge.recorder.recording_engine | Storage telemetry: {'cap_gb': 50.0, 'used_gb': 0.0007, 'used_pct': 0.0, 'total_bytes': 740652, 'total_segments': 77, 'evictions': 0, 'bytes_evicted': 0, 'per_stream': {'premium_index_kline': {'bytes': 740652, 'segments': 77}}}
2026-06-11 18:58:31.156 | WARNING  | bybit_edge.recorder.recording_engine | [option] connection lost (sent 1011 (internal error) keepalive ping timeout; no close frame received) — reconnecting in 1.0 s
2026-06-11 18:58:32.905 | INFO     | bybit_edge.recorder.recording_engine | [option] connected to wss://stream.bybit.com/v5/public/option
2026-06-11 18:58:32.905 | INFO     | bybit_edge.recorder.recording_engine | Subscribed to 2 topic(s): ['tickers.BTC', 'tickers.ETH']
2026-06-11 18:58:43.031 | INFO     | bybit_edge.recorder.recording_engine | Storage telemetry: {'cap_gb': 50.0, 'used_gb': 0.0007, 'used_pct': 0.0, 'total_bytes': 740652, 'total_segments': 77, 'evictions': 0, 'bytes_evicted': 0, 'per_stream': {'premium_index_kline': {'bytes': 740652, 'segments': 77}}}
2026-06-11 18:59:03.115 | WARNING  | bybit_edge.recorder.recording_engine | [option] connection lost (sent 1011 (internal error) keepalive ping timeout; no close frame received) — reconnecting in 1.0 s
2026-06-11 18:59:04.894 | INFO     | bybit_edge.recorder.recording_engine | [option] connected to wss://stream.bybit.com/v5/public/option
2026-06-11 18:59:04.895 | INFO     | bybit_edge.recorder.recording_engine | Subscribed to 2 topic(s): ['tickers.BTC', 'tickers.ETH']
2026-06-11 18:59:13.056 | INFO     | bybit_edge.recorder.recording_engine | Storage telemetry: {'cap_gb': 50.0, 'used_gb': 0.0007, 'used_pct': 0.0, 'total_bytes': 750300, 'total_segments': 78, 'evictions': 0, 'bytes_evicted': 0, 'per_stream': {'premium_index_kline': {'bytes': 750300, 'segments': 78}}}
2026-06-11 18:59:35.088 | WARNING  | bybit_edge.recorder.recording_engine | [option] connection lost (sent 1011 (internal error) keepalive ping timeout; no close frame received) — reconnecting in 1.0 s
2026-06-11 18:59:36.830 | INFO     | bybit_edge.recorder.recording_engine | [option] connected to wss://stream.bybit.com/v5/public/option
2026-06-11 18:59:36.831 | INFO     | bybit_edge.recorder.recording_engine | Subscribed to 2 topic(s): ['tickers.BTC', 'tickers.ETH']
2026-06-11 18:59:43.084 | INFO     | bybit_edge.recorder.recording_engine | Storage telemetry: {'cap_gb': 50.0, 'used_gb': 0.0007, 'used_pct': 0.0, 'total_bytes': 750300, 'total_segments': 78, 'evictions': 0, 'bytes_evicted': 0, 'per_stream': {'premium_index_kline': {'bytes': 750300, 'segments': 78}}}
2026-06-11 19:00:07.038 | WARNING  | bybit_edge.recorder.recording_engine | [option] connection lost (sent 1011 (internal error) keepalive ping timeout; no close frame received) — reconnecting in 1.0 s
2026-06-11 19:00:08.799 | INFO     | bybit_edge.recorder.recording_engine | [option] connected to wss://stream.bybit.com/v5/public/option
2026-06-11 19:00:08.800 | INFO     | bybit_edge.recorder.recording_engine | Subscribed to 2 topic(s): ['tickers.BTC', 'tickers.ETH']
2026-06-11 19:00:13.124 | INFO     | bybit_edge.recorder.recording_engine | Storage telemetry: {'cap_gb': 50.0, 'used_gb': 0.0007, 'used_pct': 0.0, 'total_bytes': 759943, 'total_segments': 79, 'evictions': 0, 'bytes_evicted': 0, 'per_stream': {'premium_index_kline': {'bytes': 759943, 'segments': 79}}}
2026-06-11 19:00:39.015 | WARNING  | bybit_edge.recorder.recording_engine | [option] connection lost (sent 1011 (internal error) keepalive ping timeout; no close frame received) — reconnecting in 1.0 s
2026-06-11 19:00:40.757 | INFO     | bybit_edge.recorder.recording_engine | [option] connected to wss://stream.bybit.com/v5/public/option
2026-06-11 19:00:40.758 | INFO     | bybit_edge.recorder.recording_engine | Subscribed to 2 topic(s): ['tickers.BTC', 'tickers.ETH']
2026-06-11 19:00:43.150 | INFO     | bybit_edge.recorder.recording_engine | Storage telemetry: {'cap_gb': 50.0, 'used_gb': 0.0007, 'used_pct': 0.0, 'total_bytes': 759943, 'total_segments': 79, 'evictions': 0, 'bytes_evicted': 0, 'per_stream': {'premium_index_kline': {'bytes': 759943, 'segments': 79}}}
2026-06-11 19:01:10.957 | WARNING  | bybit_edge.recorder.recording_engine | [option] connection lost (sent 1011 (internal error) keepalive ping timeout; no close frame received) — reconnecting in 1.0 s
2026-06-11 19:01:12.727 | INFO     | bybit_edge.recorder.recording_engine | [option] connected to wss://stream.bybit.com/v5/public/option
2026-06-11 19:01:12.727 | INFO     | bybit_edge.recorder.recording_engine | Subscribed to 2 topic(s): ['tickers.BTC', 'tickers.ETH']
2026-06-11 19:01:13.187 | INFO     | bybit_edge.recorder.recording_engine | Storage telemetry: {'cap_gb': 50.0, 'used_gb': 0.0007, 'used_pct': 0.0, 'total_bytes': 769585, 'total_segments': 80, 'evictions': 0, 'bytes_evicted': 0, 'per_stream': {'premium_index_kline': {'bytes': 769585, 'segments': 80}}}
2026-06-11 19:01:42.926 | WARNING  | bybit_edge.recorder.recording_engine | [option] connection lost (sent 1011 (internal error) keepalive ping timeout; no close frame received) — reconnecting in 1.0 s
2026-06-11 19:01:43.222 | INFO     | bybit_edge.recorder.recording_engine | Storage telemetry: {'cap_gb': 50.0, 'used_gb': 0.0007, 'used_pct': 0.0, 'total_bytes': 769585, 'total_segments': 80, 'evictions': 0, 'bytes_evicted': 0, 'per_stream': {'premium_index_kline': {'bytes': 769585, 'segments': 80}}}
2026-06-11 19:01:44.669 | INFO     | bybit_edge.recorder.recording_engine | [option] connected to wss://stream.bybit.com/v5/public/option
2026-06-11 19:01:44.669 | INFO     | bybit_edge.recorder.recording_engine | Subscribed to 2 topic(s): ['tickers.BTC', 'tickers.ETH']
2026-06-11 19:02:13.256 | INFO     | bybit_edge.recorder.recording_engine | Storage telemetry: {'cap_gb': 50.0, 'used_gb': 0.0007, 'used_pct': 0.0, 'total_bytes': 779228, 'total_segments': 81, 'evictions': 0, 'bytes_evicted': 0, 'per_stream': {'premium_index_kline': {'bytes': 779228, 'segments': 81}}}
2026-06-11 19:02:14.847 | WARNING  | bybit_edge.recorder.recording_engine | [option] connection lost (sent 1011 (internal error) keepalive ping timeout; no close frame received) — reconnecting in 1.0 s
2026-06-11 19:02:16.588 | INFO     | bybit_edge.recorder.recording_engine | [option] connected to wss://stream.bybit.com/v5/public/option
2026-06-11 19:02:16.588 | INFO     | bybit_edge.recorder.recording_engine | Subscribed to 2 topic(s): ['tickers.BTC', 'tickers.ETH']
2026-06-11 19:02:43.294 | INFO     | bybit_edge.recorder.recording_engine | Storage telemetry: {'cap_gb': 50.0, 'used_gb': 0.0007, 'used_pct': 0.0, 'total_bytes': 779228, 'total_segments': 81, 'evictions': 0, 'bytes_evicted': 0, 'per_stream': {'premium_index_kline': {'bytes': 779228, 'segments': 81}}}
2026-06-11 19:02:46.788 | WARNING  | bybit_edge.recorder.recording_engine | [option] connection lost (sent 1011 (internal error) keepalive ping timeout; no close frame received) — reconnecting in 1.0 s
2026-06-11 19:02:48.370 | INFO     | bybit_edge.recorder.recording_engine | [option] connected to wss://stream.bybit.com/v5/public/option
2026-06-11 19:02:48.371 | INFO     | bybit_edge.recorder.recording_engine | Subscribed to 2 topic(s): ['tickers.BTC', 'tickers.ETH']
2026-06-11 19:03:13.323 | INFO     | bybit_edge.recorder.recording_engine | Storage telemetry: {'cap_gb': 50.0, 'used_gb': 0.0007, 'used_pct': 0.0, 'total_bytes': 788872, 'total_segments': 82, 'evictions': 0, 'bytes_evicted': 0, 'per_stream': {'premium_index_kline': {'bytes': 788872, 'segments': 82}}}
2026-06-11 19:03:18.576 | WARNING  | bybit_edge.recorder.recording_engine | [option] connection lost (sent 1011 (internal error) keepalive ping timeout; no close frame received) — reconnecting in 1.0 s
2026-06-11 19:03:20.327 | INFO     | bybit_edge.recorder.recording_engine | [option] connected to wss://stream.bybit.com/v5/public/option
2026-06-11 19:03:20.327 | INFO     | bybit_edge.recorder.recording_engine | Subscribed to 2 topic(s): ['tickers.BTC', 'tickers.ETH']
2026-06-11 19:03:43.363 | INFO     | bybit_edge.recorder.recording_engine | Storage telemetry: {'cap_gb': 50.0, 'used_gb': 0.0007, 'used_pct': 0.0, 'total_bytes': 788872, 'total_segments': 82, 'evictions': 0, 'bytes_evicted': 0, 'per_stream': {'premium_index_kline': {'bytes': 788872, 'segments': 82}}}
2026-06-11 19:03:50.526 | WARNING  | bybit_edge.recorder.recording_engine | [option] connection lost (sent 1011 (internal error) keepalive ping timeout; no close frame received) — reconnecting in 1.0 s
2026-06-11 19:03:52.773 | INFO     | bybit_edge.recorder.recording_engine | [option] connected to wss://stream.bybit.com/v5/public/option
2026-06-11 19:03:52.775 | INFO     | bybit_edge.recorder.recording_engine | Subscribed to 2 topic(s): ['tickers.BTC', 'tickers.ETH']
2026-06-11 19:04:13.402 | INFO     | bybit_edge.recorder.recording_engine | Storage telemetry: {'cap_gb': 50.0, 'used_gb': 0.0007, 'used_pct': 0.0, 'total_bytes': 798526, 'total_segments': 83, 'evictions': 0, 'bytes_evicted': 0, 'per_stream': {'premium_index_kline': {'bytes': 798526, 'segments': 83}}}
2026-06-11 19:04:22.976 | WARNING  | bybit_edge.recorder.recording_engine | [option] connection lost (sent 1011 (internal error) keepalive ping timeout; no close frame received) — reconnecting in 1.0 s
2026-06-11 19:04:24.759 | INFO     | bybit_edge.recorder.recording_engine | [option] connected to wss://stream.bybit.com/v5/public/option
2026-06-11 19:04:24.759 | INFO     | bybit_edge.recorder.recording_engine | Subscribed to 2 topic(s): ['tickers.BTC', 'tickers.ETH']
2026-06-11 19:04:43.432 | INFO     | bybit_edge.recorder.recording_engine | Storage telemetry: {'cap_gb': 50.0, 'used_gb': 0.0007, 'used_pct': 0.0, 'total_bytes': 798526, 'total_segments': 83, 'evictions': 0, 'bytes_evicted': 0, 'per_stream': {'premium_index_kline': {'bytes': 798526, 'segments': 83}}}
2026-06-11 19:04:54.942 | WARNING  | bybit_edge.recorder.recording_engine | [option] connection lost (sent 1011 (internal error) keepalive ping timeout; no close frame received) — reconnecting in 1.0 s
2026-06-11 19:04:56.703 | INFO     | bybit_edge.recorder.recording_engine | [option] connected to wss://stream.bybit.com/v5/public/option
2026-06-11 19:04:56.703 | INFO     | bybit_edge.recorder.recording_engine | Subscribed to 2 topic(s): ['tickers.BTC', 'tickers.ETH']
2026-06-11 19:05:13.473 | INFO     | bybit_edge.recorder.recording_engine | Storage telemetry: {'cap_gb': 50.0, 'used_gb': 0.0008, 'used_pct': 0.0, 'total_bytes': 808179, 'total_segments': 84, 'evictions': 0, 'bytes_evicted': 0, 'per_stream': {'premium_index_kline': {'bytes': 808179, 'segments': 84}}}
2026-06-11 19:05:26.903 | WARNING  | bybit_edge.recorder.recording_engine | [option] connection lost (sent 1011 (internal error) keepalive ping timeout; no close frame received) — reconnecting in 1.0 s
2026-06-11 19:05:28.648 | INFO     | bybit_edge.recorder.recording_engine | [option] connected to wss://stream.bybit.com/v5/public/option
2026-06-11 19:05:28.648 | INFO     | bybit_edge.recorder.recording_engine | Subscribed to 2 topic(s): ['tickers.BTC', 'tickers.ETH']
2026-06-11 19:05:43.517 | INFO     | bybit_edge.recorder.recording_engine | Storage telemetry: {'cap_gb': 50.0, 'used_gb': 0.0008, 'used_pct': 0.0, 'total_bytes': 808179, 'total_segments': 84, 'evictions': 0, 'bytes_evicted': 0, 'per_stream': {'premium_index_kline': {'bytes': 808179, 'segments': 84}}}
2026-06-11 19:05:58.863 | WARNING  | bybit_edge.recorder.recording_engine | [option] connection lost (sent 1011 (internal error) keepalive ping timeout; no close frame received) — reconnecting in 1.0 s
2026-06-11 19:06:00.617 | INFO     | bybit_edge.recorder.recording_engine | [option] connected to wss://stream.bybit.com/v5/public/option
2026-06-11 19:06:00.618 | INFO     | bybit_edge.recorder.recording_engine | Subscribed to 2 topic(s): ['tickers.BTC', 'tickers.ETH']
2026-06-11 19:06:13.555 | INFO     | bybit_edge.recorder.recording_engine | Storage telemetry: {'cap_gb': 50.0, 'used_gb': 0.0008, 'used_pct': 0.0, 'total_bytes': 817834, 'total_segments': 85, 'evictions': 0, 'bytes_evicted': 0, 'per_stream': {'premium_index_kline': {'bytes': 817834, 'segments': 85}}}
2026-06-11 19:06:30.797 | WARNING  | bybit_edge.recorder.recording_engine | [option] connection lost (sent 1011 (internal error) keepalive ping timeout; no close frame received) — reconnecting in 1.0 s
2026-06-11 19:06:32.619 | INFO     | bybit_edge.recorder.recording_engine | [option] connected to wss://stream.bybit.com/v5/public/option
2026-06-11 19:06:32.619 | INFO     | bybit_edge.recorder.recording_engine | Subscribed to 2 topic(s): ['tickers.BTC', 'tickers.ETH']
2026-06-11 19:06:43.611 | INFO     | bybit_edge.recorder.recording_engine | Storage telemetry: {'cap_gb': 50.0, 'used_gb': 0.0008, 'used_pct': 0.0, 'total_bytes': 817834, 'total_segments': 85, 'evictions': 0, 'bytes_evicted': 0, 'per_stream': {'premium_index_kline': {'bytes': 817834, 'segments': 85}}}
2026-06-11 19:07:02.825 | WARNING  | bybit_edge.recorder.recording_engine | [option] connection lost (sent 1011 (internal error) keepalive ping timeout; no close frame received) — reconnecting in 1.0 s
2026-06-11 19:07:04.573 | INFO     | bybit_edge.recorder.recording_engine | [option] connected to wss://stream.bybit.com/v5/public/option
2026-06-11 19:07:04.573 | INFO     | bybit_edge.recorder.recording_engine | Subscribed to 2 topic(s): ['tickers.BTC', 'tickers.ETH']
2026-06-11 19:07:13.659 | INFO     | bybit_edge.recorder.recording_engine | Storage telemetry: {'cap_gb': 50.0, 'used_gb': 0.0008, 'used_pct': 0.0, 'total_bytes': 827492, 'total_segments': 86, 'evictions': 0, 'bytes_evicted': 0, 'per_stream': {'premium_index_kline': {'bytes': 827492, 'segments': 86}}}
2026-06-11 19:07:34.779 | WARNING  | bybit_edge.recorder.recording_engine | [option] connection lost (sent 1011 (internal error) keepalive ping timeout; no close frame received) — reconnecting in 1.0 s
2026-06-11 19:07:36.544 | INFO     | bybit_edge.recorder.recording_engine | [option] connected to wss://stream.bybit.com/v5/public/option
2026-06-11 19:07:36.545 | INFO     | bybit_edge.recorder.recording_engine | Subscribed to 2 topic(s): ['tickers.BTC', 'tickers.ETH']
2026-06-11 19:07:43.687 | INFO     | bybit_edge.recorder.recording_engine | Storage telemetry: {'cap_gb': 50.0, 'used_gb': 0.0008, 'used_pct': 0.0, 'total_bytes': 827492, 'total_segments': 86, 'evictions': 0, 'bytes_evicted': 0, 'per_stream': {'premium_index_kline': {'bytes': 827492, 'segments': 86}}}
2026-06-11 19:08:06.753 | WARNING  | bybit_edge.recorder.recording_engine | [option] connection lost (sent 1011 (internal error) keepalive ping timeout; no close frame received) — reconnecting in 1.0 s
2026-06-11 19:08:08.499 | INFO     | bybit_edge.recorder.recording_engine | [option] connected to wss://stream.bybit.com/v5/public/option
2026-06-11 19:08:08.499 | INFO     | bybit_edge.recorder.recording_engine | Subscribed to 2 topic(s): ['tickers.BTC', 'tickers.ETH']
2026-06-11 19:08:13.727 | INFO     | bybit_edge.recorder.recording_engine | Storage telemetry: {'cap_gb': 50.0, 'used_gb': 0.0008, 'used_pct': 0.0, 'total_bytes': 837153, 'total_segments': 87, 'evictions': 0, 'bytes_evicted': 0, 'per_stream': {'premium_index_kline': {'bytes': 837153, 'segments': 87}}}
2026-06-11 19:08:38.704 | WARNING  | bybit_edge.recorder.recording_engine | [option] connection lost (sent 1011 (internal error) keepalive ping timeout; no close frame received) — reconnecting in 1.0 s
2026-06-11 19:08:40.443 | INFO     | bybit_edge.recorder.recording_engine | [option] connected to wss://stream.bybit.com/v5/public/option
2026-06-11 19:08:40.443 | INFO     | bybit_edge.recorder.recording_engine | Subscribed to 2 topic(s): ['tickers.BTC', 'tickers.ETH']
2026-06-11 19:08:43.765 | INFO     | bybit_edge.recorder.recording_engine | Storage telemetry: {'cap_gb': 50.0, 'used_gb': 0.0008, 'used_pct': 0.0, 'total_bytes': 837153, 'total_segments': 87, 'evictions': 0, 'bytes_evicted': 0, 'per_stream': {'premium_index_kline': {'bytes': 837153, 'segments': 87}}}
2026-06-11 19:09:10.618 | WARNING  | bybit_edge.recorder.recording_engine | [option] connection lost (sent 1011 (internal error) keepalive ping timeout; no close frame received) — reconnecting in 1.0 s
2026-06-11 19:09:12.361 | INFO     | bybit_edge.recorder.recording_engine | [option] connected to wss://stream.bybit.com/v5/public/option
2026-06-11 19:09:12.361 | INFO     | bybit_edge.recorder.recording_engine | Subscribed to 2 topic(s): ['tickers.BTC', 'tickers.ETH']
2026-06-11 19:09:13.805 | INFO     | bybit_edge.recorder.recording_engine | Storage telemetry: {'cap_gb': 50.0, 'used_gb': 0.0008, 'used_pct': 0.0, 'total_bytes': 846813, 'total_segments': 88, 'evictions': 0, 'bytes_evicted': 0, 'per_stream': {'premium_index_kline': {'bytes': 846813, 'segments': 88}}}
2026-06-11 19:09:42.567 | WARNING  | bybit_edge.recorder.recording_engine | [option] connection lost (sent 1011 (internal error) keepalive ping timeout; no close frame received) — reconnecting in 1.0 s
2026-06-11 19:09:43.834 | INFO     | bybit_edge.recorder.recording_engine | Storage telemetry: {'cap_gb': 50.0, 'used_gb': 0.0008, 'used_pct': 0.0, 'total_bytes': 846813, 'total_segments': 88, 'evictions': 0, 'bytes_evicted': 0, 'per_stream': {'premium_index_kline': {'bytes': 846813, 'segments': 88}}}
2026-06-11 19:09:44.327 | INFO     | bybit_edge.recorder.recording_engine | [option] connected to wss://stream.bybit.com/v5/public/option
2026-06-11 19:09:44.327 | INFO     | bybit_edge.recorder.recording_engine | Subscribed to 2 topic(s): ['tickers.BTC', 'tickers.ETH']
2026-06-11 19:10:13.868 | INFO     | bybit_edge.recorder.recording_engine | Storage telemetry: {'cap_gb': 50.0, 'used_gb': 0.0008, 'used_pct': 0.0, 'total_bytes': 856463, 'total_segments': 89, 'evictions': 0, 'bytes_evicted': 0, 'per_stream': {'premium_index_kline': {'bytes': 856463, 'segments': 89}}}
2026-06-11 19:10:14.537 | WARNING  | bybit_edge.recorder.recording_engine | [option] connection lost (sent 1011 (internal error) keepalive ping timeout; no close frame received) — reconnecting in 1.0 s
2026-06-11 19:10:16.311 | INFO     | bybit_edge.recorder.recording_engine | [option] connected to wss://stream.bybit.com/v5/public/option
2026-06-11 19:10:16.312 | INFO     | bybit_edge.recorder.recording_engine | Subscribed to 2 topic(s): ['tickers.BTC', 'tickers.ETH']
2026-06-11 19:10:43.902 | INFO     | bybit_edge.recorder.recording_engine | Storage telemetry: {'cap_gb': 50.0, 'used_gb': 0.0008, 'used_pct': 0.0, 'total_bytes': 856463, 'total_segments': 89, 'evictions': 0, 'bytes_evicted': 0, 'per_stream': {'premium_index_kline': {'bytes': 856463, 'segments': 89}}}
2026-06-11 19:10:46.514 | WARNING  | bybit_edge.recorder.recording_engine | [option] connection lost (sent 1011 (internal error) keepalive ping timeout; no close frame received) — reconnecting in 1.0 s
2026-06-11 19:10:48.278 | INFO     | bybit_edge.recorder.recording_engine | [option] connected to wss://stream.bybit.com/v5/public/option
2026-06-11 19:10:48.279 | INFO     | bybit_edge.recorder.recording_engine | Subscribed to 2 topic(s): ['tickers.BTC', 'tickers.ETH']
2026-06-11 19:11:13.936 | INFO     | bybit_edge.recorder.recording_engine | Storage telemetry: {'cap_gb': 50.0, 'used_gb': 0.0008, 'used_pct': 0.0, 'total_bytes': 866104, 'total_segments': 90, 'evictions': 0, 'bytes_evicted': 0, 'per_stream': {'premium_index_kline': {'bytes': 866104, 'segments': 90}}}
2026-06-11 19:11:18.460 | WARNING  | bybit_edge.recorder.recording_engine | [option] connection lost (sent 1011 (internal error) keepalive ping timeout; no close frame received) — reconnecting in 1.0 s
2026-06-11 19:11:20.202 | INFO     | bybit_edge.recorder.recording_engine | [option] connected to wss://stream.bybit.com/v5/public/option
2026-06-11 19:11:20.203 | INFO     | bybit_edge.recorder.recording_engine | Subscribed to 2 topic(s): ['tickers.BTC', 'tickers.ETH']
2026-06-11 19:11:43.963 | INFO     | bybit_edge.recorder.recording_engine | Storage telemetry: {'cap_gb': 50.0, 'used_gb': 0.0008, 'used_pct': 0.0, 'total_bytes': 866104, 'total_segments': 90, 'evictions': 0, 'bytes_evicted': 0, 'per_stream': {'premium_index_kline': {'bytes': 866104, 'segments': 90}}}
2026-06-11 19:11:50.390 | WARNING  | bybit_edge.recorder.recording_engine | [option] connection lost (sent 1011 (internal error) keepalive ping timeout; no close frame received) — reconnecting in 1.0 s
2026-06-11 19:11:52.192 | INFO     | bybit_edge.recorder.recording_engine | [option] connected to wss://stream.bybit.com/v5/public/option
2026-06-11 19:11:52.193 | INFO     | bybit_edge.recorder.recording_engine | Subscribed to 2 topic(s): ['tickers.BTC', 'tickers.ETH']
2026-06-11 19:12:13.989 | INFO     | bybit_edge.recorder.recording_engine | Storage telemetry: {'cap_gb': 50.0, 'used_gb': 0.0008, 'used_pct': 0.0, 'total_bytes': 875745, 'total_segments': 91, 'evictions': 0, 'bytes_evicted': 0, 'per_stream': {'premium_index_kline': {'bytes': 875745, 'segments': 91}}}
2026-06-11 19:12:22.401 | WARNING  | bybit_edge.recorder.recording_engine | [option] connection lost (sent 1011 (internal error) keepalive ping timeout; no close frame received) — reconnecting in 1.0 s
2026-06-11 19:12:24.169 | INFO     | bybit_edge.recorder.recording_engine | [option] connected to wss://stream.bybit.com/v5/public/option
2026-06-11 19:12:24.169 | INFO     | bybit_edge.recorder.recording_engine | Subscribed to 2 topic(s): ['tickers.BTC', 'tickers.ETH']
2026-06-11 19:12:44.029 | INFO     | bybit_edge.recorder.recording_engine | Storage telemetry: {'cap_gb': 50.0, 'used_gb': 0.0008, 'used_pct': 0.0, 'total_bytes': 875745, 'total_segments': 91, 'evictions': 0, 'bytes_evicted': 0, 'per_stream': {'premium_index_kline': {'bytes': 875745, 'segments': 91}}}
2026-06-11 19:12:54.357 | WARNING  | bybit_edge.recorder.recording_engine | [option] connection lost (sent 1011 (internal error) keepalive ping timeout; no close frame received) — reconnecting in 1.0 s
2026-06-11 19:12:56.278 | INFO     | bybit_edge.recorder.recording_engine | [option] connected to wss://stream.bybit.com/v5/public/option
2026-06-11 19:12:56.279 | INFO     | bybit_edge.recorder.recording_engine | Subscribed to 2 topic(s): ['tickers.BTC', 'tickers.ETH']
2026-06-11 19:13:14.063 | INFO     | bybit_edge.recorder.recording_engine | Storage telemetry: {'cap_gb': 50.0, 'used_gb': 0.0008, 'used_pct': 0.0, 'total_bytes': 885385, 'total_segments': 92, 'evictions': 0, 'bytes_evicted': 0, 'per_stream': {'premium_index_kline': {'bytes': 885385, 'segments': 92}}}
2026-06-11 19:13:26.483 | WARNING  | bybit_edge.recorder.recording_engine | [option] connection lost (sent 1011 (internal error) keepalive ping timeout; no close frame received) — reconnecting in 1.0 s
2026-06-11 19:13:28.282 | INFO     | bybit_edge.recorder.recording_engine | [option] connected to wss://stream.bybit.com/v5/public/option
2026-06-11 19:13:28.283 | INFO     | bybit_edge.recorder.recording_engine | Subscribed to 2 topic(s): ['tickers.BTC', 'tickers.ETH']
2026-06-11 19:13:44.099 | INFO     | bybit_edge.recorder.recording_engine | Storage telemetry: {'cap_gb': 50.0, 'used_gb': 0.0008, 'used_pct': 0.0, 'total_bytes': 885385, 'total_segments': 92, 'evictions': 0, 'bytes_evicted': 0, 'per_stream': {'premium_index_kline': {'bytes': 885385, 'segments': 92}}}
2026-06-11 19:13:58.481 | WARNING  | bybit_edge.recorder.recording_engine | [option] connection lost (sent 1011 (internal error) keepalive ping timeout; no close frame received) — reconnecting in 1.0 s
2026-06-11 19:14:00.251 | INFO     | bybit_edge.recorder.recording_engine | [option] connected to wss://stream.bybit.com/v5/public/option
2026-06-11 19:14:00.251 | INFO     | bybit_edge.recorder.recording_engine | Subscribed to 2 topic(s): ['tickers.BTC', 'tickers.ETH']
2026-06-11 19:14:14.145 | INFO     | bybit_edge.recorder.recording_engine | Storage telemetry: {'cap_gb': 50.0, 'used_gb': 0.0008, 'used_pct': 0.0, 'total_bytes': 895023, 'total_segments': 93, 'evictions': 0, 'bytes_evicted': 0, 'per_stream': {'premium_index_kline': {'bytes': 895023, 'segments': 93}}}
2026-06-11 19:14:30.440 | WARNING  | bybit_edge.recorder.recording_engine | [option] connection lost (sent 1011 (internal error) keepalive ping timeout; no close frame received) — reconnecting in 1.0 s
2026-06-11 19:14:32.195 | INFO     | bybit_edge.recorder.recording_engine | [option] connected to wss://stream.bybit.com/v5/public/option
2026-06-11 19:14:32.196 | INFO     | bybit_edge.recorder.recording_engine | Subscribed to 2 topic(s): ['tickers.BTC', 'tickers.ETH']
2026-06-11 19:14:44.179 | INFO     | bybit_edge.recorder.recording_engine | Storage telemetry: {'cap_gb': 50.0, 'used_gb': 0.0008, 'used_pct': 0.0, 'total_bytes': 895023, 'total_segments': 93, 'evictions': 0, 'bytes_evicted': 0, 'per_stream': {'premium_index_kline': {'bytes': 895023, 'segments': 93}}}
2026-06-11 19:15:02.401 | WARNING  | bybit_edge.recorder.recording_engine | [option] connection lost (sent 1011 (internal error) keepalive ping timeout; no close frame received) — reconnecting in 1.0 s
2026-06-11 19:15:04.171 | INFO     | bybit_edge.recorder.recording_engine | [option] connected to wss://stream.bybit.com/v5/public/option
2026-06-11 19:15:04.171 | INFO     | bybit_edge.recorder.recording_engine | Subscribed to 2 topic(s): ['tickers.BTC', 'tickers.ETH']
2026-06-11 19:15:14.235 | INFO     | bybit_edge.recorder.recording_engine | Storage telemetry: {'cap_gb': 50.0, 'used_gb': 0.0008, 'used_pct': 0.0, 'total_bytes': 904660, 'total_segments': 94, 'evictions': 0, 'bytes_evicted': 0, 'per_stream': {'premium_index_kline': {'bytes': 904660, 'segments': 94}}}
2026-06-11 19:15:34.352 | WARNING  | bybit_edge.recorder.recording_engine | [option] connection lost (sent 1011 (internal error) keepalive ping timeout; no close frame received) — reconnecting in 1.0 s
2026-06-11 19:15:36.140 | INFO     | bybit_edge.recorder.recording_engine | [option] connected to wss://stream.bybit.com/v5/public/option
2026-06-11 19:15:36.141 | INFO     | bybit_edge.recorder.recording_engine | Subscribed to 2 topic(s): ['tickers.BTC', 'tickers.ETH']
2026-06-11 19:15:44.263 | INFO     | bybit_edge.recorder.recording_engine | Storage telemetry: {'cap_gb': 50.0, 'used_gb': 0.0008, 'used_pct': 0.0, 'total_bytes': 904660, 'total_segments': 94, 'evictions': 0, 'bytes_evicted': 0, 'per_stream': {'premium_index_kline': {'bytes': 904660, 'segments': 94}}}
2026-06-11 19:16:06.324 | WARNING  | bybit_edge.recorder.recording_engine | [option] connection lost (sent 1011 (internal error) keepalive ping timeout; no close frame received) — reconnecting in 1.0 s
2026-06-11 19:16:08.085 | INFO     | bybit_edge.recorder.recording_engine | [option] connected to wss://stream.bybit.com/v5/public/option
2026-06-11 19:16:08.086 | INFO     | bybit_edge.recorder.recording_engine | Subscribed to 2 topic(s): ['tickers.BTC', 'tickers.ETH']
2026-06-11 19:16:14.307 | INFO     | bybit_edge.recorder.recording_engine | Storage telemetry: {'cap_gb': 50.0, 'used_gb': 0.0009, 'used_pct': 0.0, 'total_bytes': 914288, 'total_segments': 95, 'evictions': 0, 'bytes_evicted': 0, 'per_stream': {'premium_index_kline': {'bytes': 914288, 'segments': 95}}}
2026-06-11 19:16:38.281 | WARNING  | bybit_edge.recorder.recording_engine | [option] connection lost (sent 1011 (internal error) keepalive ping timeout; no close frame received) — reconnecting in 1.0 s
2026-06-11 19:16:40.030 | INFO     | bybit_edge.recorder.recording_engine | [option] connected to wss://stream.bybit.com/v5/public/option
2026-06-11 19:16:40.030 | INFO     | bybit_edge.recorder.recording_engine | Subscribed to 2 topic(s): ['tickers.BTC', 'tickers.ETH']
2026-06-11 19:16:44.343 | INFO     | bybit_edge.recorder.recording_engine | Storage telemetry: {'cap_gb': 50.0, 'used_gb': 0.0009, 'used_pct': 0.0, 'total_bytes': 914288, 'total_segments': 95, 'evictions': 0, 'bytes_evicted': 0, 'per_stream': {'premium_index_kline': {'bytes': 914288, 'segments': 95}}}
2026-06-11 19:17:10.215 | WARNING  | bybit_edge.recorder.recording_engine | [option] connection lost (sent 1011 (internal error) keepalive ping timeout; no close frame received) — reconnecting in 1.0 s
2026-06-11 19:17:11.982 | INFO     | bybit_edge.recorder.recording_engine | [option] connected to wss://stream.bybit.com/v5/public/option
2026-06-11 19:17:11.983 | INFO     | bybit_edge.recorder.recording_engine | Subscribed to 2 topic(s): ['tickers.BTC', 'tickers.ETH']
2026-06-11 19:17:14.391 | INFO     | bybit_edge.recorder.recording_engine | Storage telemetry: {'cap_gb': 50.0, 'used_gb': 0.0009, 'used_pct': 0.0, 'total_bytes': 923908, 'total_segments': 96, 'evictions': 0, 'bytes_evicted': 0, 'per_stream': {'premium_index_kline': {'bytes': 923908, 'segments': 96}}}
2026-06-11 19:17:42.169 | WARNING  | bybit_edge.recorder.recording_engine | [option] connection lost (sent 1011 (internal error) keepalive ping timeout; no close frame received) — reconnecting in 1.0 s
2026-06-11 19:17:43.942 | INFO     | bybit_edge.recorder.recording_engine | [option] connected to wss://stream.bybit.com/v5/public/option
2026-06-11 19:17:43.942 | INFO     | bybit_edge.recorder.recording_engine | Subscribed to 2 topic(s): ['tickers.BTC', 'tickers.ETH']
2026-06-11 19:17:44.439 | INFO     | bybit_edge.recorder.recording_engine | Storage telemetry: {'cap_gb': 50.0, 'used_gb': 0.0009, 'used_pct': 0.0, 'total_bytes': 923908, 'total_segments': 96, 'evictions': 0, 'bytes_evicted': 0, 'per_stream': {'premium_index_kline': {'bytes': 923908, 'segments': 96}}}
2026-06-11 19:18:14.155 | WARNING  | bybit_edge.recorder.recording_engine | [option] connection lost (sent 1011 (internal error) keepalive ping timeout; no close frame received) — reconnecting in 1.0 s
2026-06-11 19:18:14.475 | INFO     | bybit_edge.recorder.recording_engine | Storage telemetry: {'cap_gb': 50.0, 'used_gb': 0.0009, 'used_pct': 0.0, 'total_bytes': 933529, 'total_segments': 97, 'evictions': 0, 'bytes_evicted': 0, 'per_stream': {'premium_index_kline': {'bytes': 933529, 'segments': 97}}}
2026-06-11 19:18:15.917 | INFO     | bybit_edge.recorder.recording_engine | [option] connected to wss://stream.bybit.com/v5/public/option
2026-06-11 19:18:15.918 | INFO     | bybit_edge.recorder.recording_engine | Subscribed to 2 topic(s): ['tickers.BTC', 'tickers.ETH']
2026-06-11 19:18:44.516 | INFO     | bybit_edge.recorder.recording_engine | Storage telemetry: {'cap_gb': 50.0, 'used_gb': 0.0009, 'used_pct': 0.0, 'total_bytes': 933529, 'total_segments': 97, 'evictions': 0, 'bytes_evicted': 0, 'per_stream': {'premium_index_kline': {'bytes': 933529, 'segments': 97}}}
2026-06-11 19:18:46.093 | WARNING  | bybit_edge.recorder.recording_engine | [option] connection lost (sent 1011 (internal error) keepalive ping timeout; no close frame received) — reconnecting in 1.0 s
2026-06-11 19:18:47.676 | INFO     | bybit_edge.recorder.recording_engine | [option] connected to wss://stream.bybit.com/v5/public/option
2026-06-11 19:18:47.676 | INFO     | bybit_edge.recorder.recording_engine | Subscribed to 2 topic(s): ['tickers.BTC', 'tickers.ETH']
2026-06-11 19:19:14.552 | INFO     | bybit_edge.recorder.recording_engine | Storage telemetry: {'cap_gb': 50.0, 'used_gb': 0.0009, 'used_pct': 0.0, 'total_bytes': 943146, 'total_segments': 98, 'evictions': 0, 'bytes_evicted': 0, 'per_stream': {'premium_index_kline': {'bytes': 943146, 'segments': 98}}}
2026-06-11 19:19:17.872 | WARNING  | bybit_edge.recorder.recording_engine | [option] connection lost (sent 1011 (internal error) keepalive ping timeout; no close frame received) — reconnecting in 1.0 s
2026-06-11 19:19:19.622 | INFO     | bybit_edge.recorder.recording_engine | [option] connected to wss://stream.bybit.com/v5/public/option
2026-06-11 19:19:19.622 | INFO     | bybit_edge.recorder.recording_engine | Subscribed to 2 topic(s): ['tickers.BTC', 'tickers.ETH']
2026-06-11 19:19:44.594 | INFO     | bybit_edge.recorder.recording_engine | Storage telemetry: {'cap_gb': 50.0, 'used_gb': 0.0009, 'used_pct': 0.0, 'total_bytes': 943146, 'total_segments': 98, 'evictions': 0, 'bytes_evicted': 0, 'per_stream': {'premium_index_kline': {'bytes': 943146, 'segments': 98}}}
2026-06-11 19:19:49.821 | WARNING  | bybit_edge.recorder.recording_engine | [option] connection lost (sent 1011 (internal error) keepalive ping timeout; no close frame received) — reconnecting in 1.0 s
2026-06-11 19:19:51.567 | INFO     | bybit_edge.recorder.recording_engine | [option] connected to wss://stream.bybit.com/v5/public/option
2026-06-11 19:19:51.568 | INFO     | bybit_edge.recorder.recording_engine | Subscribed to 2 topic(s): ['tickers.BTC', 'tickers.ETH']
2026-06-11 19:20:14.639 | INFO     | bybit_edge.recorder.recording_engine | Storage telemetry: {'cap_gb': 50.0, 'used_gb': 0.0009, 'used_pct': 0.0, 'total_bytes': 952761, 'total_segments': 99, 'evictions': 0, 'bytes_evicted': 0, 'per_stream': {'premium_index_kline': {'bytes': 952761, 'segments': 99}}}
2026-06-11 19:20:21.773 | WARNING  | bybit_edge.recorder.recording_engine | [option] connection lost (sent 1011 (internal error) keepalive ping timeout; no close frame received) — reconnecting in 1.0 s
2026-06-11 19:20:23.516 | INFO     | bybit_edge.recorder.recording_engine | [option] connected to wss://stream.bybit.com/v5/public/option
2026-06-11 19:20:23.516 | INFO     | bybit_edge.recorder.recording_engine | Subscribed to 2 topic(s): ['tickers.BTC', 'tickers.ETH']
2026-06-11 19:20:44.672 | INFO     | bybit_edge.recorder.recording_engine | Storage telemetry: {'cap_gb': 50.0, 'used_gb': 0.0009, 'used_pct': 0.0, 'total_bytes': 952761, 'total_segments': 99, 'evictions': 0, 'bytes_evicted': 0, 'per_stream': {'premium_index_kline': {'bytes': 952761, 'segments': 99}}}
2026-06-11 19:20:53.719 | WARNING  | bybit_edge.recorder.recording_engine | [option] connection lost (sent 1011 (internal error) keepalive ping timeout; no close frame received) — reconnecting in 1.0 s
2026-06-11 19:20:55.529 | INFO     | bybit_edge.recorder.recording_engine | [option] connected to wss://stream.bybit.com/v5/public/option
2026-06-11 19:20:55.529 | INFO     | bybit_edge.recorder.recording_engine | Subscribed to 2 topic(s): ['tickers.BTC', 'tickers.ETH']
2026-06-11 19:21:14.694 | INFO     | bybit_edge.recorder.recording_engine | Storage telemetry: {'cap_gb': 50.0, 'used_gb': 0.0009, 'used_pct': 0.0, 'total_bytes': 962380, 'total_segments': 100, 'evictions': 0, 'bytes_evicted': 0, 'per_stream': {'premium_index_kline': {'bytes': 962380, 'segments': 100}}}
2026-06-11 19:21:25.710 | WARNING  | bybit_edge.recorder.recording_engine | [option] connection lost (sent 1011 (internal error) keepalive ping timeout; no close frame received) — reconnecting in 1.0 s
2026-06-11 19:21:27.461 | INFO     | bybit_edge.recorder.recording_engine | [option] connected to wss://stream.bybit.com/v5/public/option
2026-06-11 19:21:27.461 | INFO     | bybit_edge.recorder.recording_engine | Subscribed to 2 topic(s): ['tickers.BTC', 'tickers.ETH']
2026-06-11 19:21:44.735 | INFO     | bybit_edge.recorder.recording_engine | Storage telemetry: {'cap_gb': 50.0, 'used_gb': 0.0009, 'used_pct': 0.0, 'total_bytes': 962380, 'total_segments': 100, 'evictions': 0, 'bytes_evicted': 0, 'per_stream': {'premium_index_kline': {'bytes': 962380, 'segments': 100}}}
2026-06-11 19:21:57.655 | WARNING  | bybit_edge.recorder.recording_engine | [option] connection lost (sent 1011 (internal error) keepalive ping timeout; no close frame received) — reconnecting in 1.0 s
2026-06-11 19:21:59.396 | INFO     | bybit_edge.recorder.recording_engine | [option] connected to wss://stream.bybit.com/v5/public/option
2026-06-11 19:21:59.397 | INFO     | bybit_edge.recorder.recording_engine | Subscribed to 2 topic(s): ['tickers.BTC', 'tickers.ETH']
2026-06-11 19:22:14.771 | INFO     | bybit_edge.recorder.recording_engine | Storage telemetry: {'cap_gb': 50.0, 'used_gb': 0.0009, 'used_pct': 0.0, 'total_bytes': 972002, 'total_segments': 101, 'evictions': 0, 'bytes_evicted': 0, 'per_stream': {'premium_index_kline': {'bytes': 972002, 'segments': 101}}}
2026-06-11 19:22:29.590 | WARNING  | bybit_edge.recorder.recording_engine | [option] connection lost (sent 1011 (internal error) keepalive ping timeout; no close frame received) — reconnecting in 1.0 s
2026-06-11 19:22:31.327 | INFO     | bybit_edge.recorder.recording_engine | [option] connected to wss://stream.bybit.com/v5/public/option
2026-06-11 19:22:31.328 | INFO     | bybit_edge.recorder.recording_engine | Subscribed to 2 topic(s): ['tickers.BTC', 'tickers.ETH']
2026-06-11 19:22:44.830 | INFO     | bybit_edge.recorder.recording_engine | Storage telemetry: {'cap_gb': 50.0, 'used_gb': 0.0009, 'used_pct': 0.0, 'total_bytes': 972002, 'total_segments': 101, 'evictions': 0, 'bytes_evicted': 0, 'per_stream': {'premium_index_kline': {'bytes': 972002, 'segments': 101}}}
2026-06-11 19:23:01.538 | WARNING  | bybit_edge.recorder.recording_engine | [option] connection lost (sent 1011 (internal error) keepalive ping timeout; no close frame received) — reconnecting in 1.0 s
2026-06-11 19:23:03.293 | INFO     | bybit_edge.recorder.recording_engine | [option] connected to wss://stream.bybit.com/v5/public/option
2026-06-11 19:23:03.294 | INFO     | bybit_edge.recorder.recording_engine | Subscribed to 2 topic(s): ['tickers.BTC', 'tickers.ETH']
2026-06-11 19:23:14.863 | INFO     | bybit_edge.recorder.recording_engine | Storage telemetry: {'cap_gb': 50.0, 'used_gb': 0.0009, 'used_pct': 0.0, 'total_bytes': 981614, 'total_segments': 102, 'evictions': 0, 'bytes_evicted': 0, 'per_stream': {'premium_index_kline': {'bytes': 981614, 'segments': 102}}}
2026-06-11 19:23:33.495 | WARNING  | bybit_edge.recorder.recording_engine | [option] connection lost (sent 1011 (internal error) keepalive ping timeout; no close frame received) — reconnecting in 1.0 s
2026-06-11 19:23:35.248 | INFO     | bybit_edge.recorder.recording_engine | [option] connected to wss://stream.bybit.com/v5/public/option
2026-06-11 19:23:35.249 | INFO     | bybit_edge.recorder.recording_engine | Subscribed to 2 topic(s): ['tickers.BTC', 'tickers.ETH']
2026-06-11 19:23:44.902 | INFO     | bybit_edge.recorder.recording_engine | Storage telemetry: {'cap_gb': 50.0, 'used_gb': 0.0009, 'used_pct': 0.0, 'total_bytes': 981614, 'total_segments': 102, 'evictions': 0, 'bytes_evicted': 0, 'per_stream': {'premium_index_kline': {'bytes': 981614, 'segments': 102}}}
2026-06-11 19:24:05.425 | WARNING  | bybit_edge.recorder.recording_engine | [option] connection lost (sent 1011 (internal error) keepalive ping timeout; no close frame received) — reconnecting in 1.0 s
2026-06-11 19:24:07.172 | INFO     | bybit_edge.recorder.recording_engine | [option] connected to wss://stream.bybit.com/v5/public/option
2026-06-11 19:24:07.172 | INFO     | bybit_edge.recorder.recording_engine | Subscribed to 2 topic(s): ['tickers.BTC', 'tickers.ETH']
2026-06-11 19:24:14.949 | INFO     | bybit_edge.recorder.recording_engine | Storage telemetry: {'cap_gb': 50.0, 'used_gb': 0.0009, 'used_pct': 0.0, 'total_bytes': 991191, 'total_segments': 103, 'evictions': 0, 'bytes_evicted': 0, 'per_stream': {'premium_index_kline': {'bytes': 991191, 'segments': 103}}}
2026-06-11 19:24:37.360 | WARNING  | bybit_edge.recorder.recording_engine | [option] connection lost (sent 1011 (internal error) keepalive ping timeout; no close frame received) — reconnecting in 1.0 s
2026-06-11 19:24:39.135 | INFO     | bybit_edge.recorder.recording_engine | [option] connected to wss://stream.bybit.com/v5/public/option
2026-06-11 19:24:39.135 | INFO     | bybit_edge.recorder.recording_engine | Subscribed to 2 topic(s): ['tickers.BTC', 'tickers.ETH']
2026-06-11 19:24:44.994 | INFO     | bybit_edge.recorder.recording_engine | Storage telemetry: {'cap_gb': 50.0, 'used_gb': 0.0009, 'used_pct': 0.0, 'total_bytes': 991191, 'total_segments': 103, 'evictions': 0, 'bytes_evicted': 0, 'per_stream': {'premium_index_kline': {'bytes': 991191, 'segments': 103}}}
2026-06-11 19:25:09.323 | WARNING  | bybit_edge.recorder.recording_engine | [option] connection lost (sent 1011 (internal error) keepalive ping timeout; no close frame received) — reconnecting in 1.0 s
2026-06-11 19:25:11.094 | INFO     | bybit_edge.recorder.recording_engine | [option] connected to wss://stream.bybit.com/v5/public/option
2026-06-11 19:25:11.095 | INFO     | bybit_edge.recorder.recording_engine | Subscribed to 2 topic(s): ['tickers.BTC', 'tickers.ETH']
2026-06-11 19:25:15.068 | INFO     | bybit_edge.recorder.recording_engine | Storage telemetry: {'cap_gb': 50.0, 'used_gb': 0.0009, 'used_pct': 0.0, 'total_bytes': 1000765, 'total_segments': 104, 'evictions': 0, 'bytes_evicted': 0, 'per_stream': {'premium_index_kline': {'bytes': 1000765, 'segments': 104}}}
2026-06-11 19:25:41.291 | WARNING  | bybit_edge.recorder.recording_engine | [option] connection lost (sent 1011 (internal error) keepalive ping timeout; no close frame received) — reconnecting in 1.0 s
2026-06-11 19:25:43.064 | INFO     | bybit_edge.recorder.recording_engine | [option] connected to wss://stream.bybit.com/v5/public/option
2026-06-11 19:25:43.065 | INFO     | bybit_edge.recorder.recording_engine | Subscribed to 2 topic(s): ['tickers.BTC', 'tickers.ETH']
2026-06-11 19:25:45.134 | INFO     | bybit_edge.recorder.recording_engine | Storage telemetry: {'cap_gb': 50.0, 'used_gb': 0.0009, 'used_pct': 0.0, 'total_bytes': 1000765, 'total_segments': 104, 'evictions': 0, 'bytes_evicted': 0, 'per_stream': {'premium_index_kline': {'bytes': 1000765, 'segments': 104}}}
2026-06-11 19:26:13.261 | WARNING  | bybit_edge.recorder.recording_engine | [option] connection lost (sent 1011 (internal error) keepalive ping timeout; no close frame received) — reconnecting in 1.0 s
2026-06-11 19:26:15.056 | INFO     | bybit_edge.recorder.recording_engine | [option] connected to wss://stream.bybit.com/v5/public/option
2026-06-11 19:26:15.056 | INFO     | bybit_edge.recorder.recording_engine | Subscribed to 2 topic(s): ['tickers.BTC', 'tickers.ETH']
2026-06-11 19:26:15.192 | INFO     | bybit_edge.recorder.recording_engine | Storage telemetry: {'cap_gb': 50.0, 'used_gb': 0.0009, 'used_pct': 0.0, 'total_bytes': 1010337, 'total_segments': 105, 'evictions': 0, 'bytes_evicted': 0, 'per_stream': {'premium_index_kline': {'bytes': 1010337, 'segments': 105}}}
2026-06-11 19:26:45.238 | INFO     | bybit_edge.recorder.recording_engine | Storage telemetry: {'cap_gb': 50.0, 'used_gb': 0.0009, 'used_pct': 0.0, 'total_bytes': 1010337, 'total_segments': 105, 'evictions': 0, 'bytes_evicted': 0, 'per_stream': {'premium_index_kline': {'bytes': 1010337, 'segments': 105}}}
2026-06-11 19:26:45.262 | WARNING  | bybit_edge.recorder.recording_engine | [option] connection lost (sent 1011 (internal error) keepalive ping timeout; no close frame received) — reconnecting in 1.0 s
2026-06-11 19:26:47.022 | INFO     | bybit_edge.recorder.recording_engine | [option] connected to wss://stream.bybit.com/v5/public/option
2026-06-11 19:26:47.023 | INFO     | bybit_edge.recorder.recording_engine | Subscribed to 2 topic(s): ['tickers.BTC', 'tickers.ETH']
2026-06-11 19:27:15.292 | INFO     | bybit_edge.recorder.recording_engine | Storage telemetry: {'cap_gb': 50.0, 'used_gb': 0.0009, 'used_pct': 0.0, 'total_bytes': 1019901, 'total_segments': 106, 'evictions': 0, 'bytes_evicted': 0, 'per_stream': {'premium_index_kline': {'bytes': 1019901, 'segments': 106}}}
2026-06-11 19:27:17.208 | WARNING  | bybit_edge.recorder.recording_engine | [option] connection lost (sent 1011 (internal error) keepalive ping timeout; no close frame received) — reconnecting in 1.0 s
2026-06-11 19:27:18.967 | INFO     | bybit_edge.recorder.recording_engine | [option] connected to wss://stream.bybit.com/v5/public/option
2026-06-11 19:27:18.967 | INFO     | bybit_edge.recorder.recording_engine | Subscribed to 2 topic(s): ['tickers.BTC', 'tickers.ETH']
2026-06-11 19:27:45.345 | INFO     | bybit_edge.recorder.recording_engine | Storage telemetry: {'cap_gb': 50.0, 'used_gb': 0.0009, 'used_pct': 0.0, 'total_bytes': 1019901, 'total_segments': 106, 'evictions': 0, 'bytes_evicted': 0, 'per_stream': {'premium_index_kline': {'bytes': 1019901, 'segments': 106}}}
2026-06-11 19:27:49.176 | WARNING  | bybit_edge.recorder.recording_engine | [option] connection lost (sent 1011 (internal error) keepalive ping timeout; no close frame received) — reconnecting in 1.0 s
2026-06-11 19:27:50.937 | INFO     | bybit_edge.recorder.recording_engine | [option] connected to wss://stream.bybit.com/v5/public/option
2026-06-11 19:27:50.938 | INFO     | bybit_edge.recorder.recording_engine | Subscribed to 2 topic(s): ['tickers.BTC', 'tickers.ETH']
2026-06-11 19:28:15.393 | INFO     | bybit_edge.recorder.recording_engine | Storage telemetry: {'cap_gb': 50.0, 'used_gb': 0.001, 'used_pct': 0.0, 'total_bytes': 1029434, 'total_segments': 107, 'evictions': 0, 'bytes_evicted': 0, 'per_stream': {'premium_index_kline': {'bytes': 1029434, 'segments': 107}}}
2026-06-11 19:28:21.148 | WARNING  | bybit_edge.recorder.recording_engine | [option] connection lost (sent 1011 (internal error) keepalive ping timeout; no close frame received) — reconnecting in 1.0 s
2026-06-11 19:28:22.931 | INFO     | bybit_edge.recorder.recording_engine | [option] connected to wss://stream.bybit.com/v5/public/option
2026-06-11 19:28:22.932 | INFO     | bybit_edge.recorder.recording_engine | Subscribed to 2 topic(s): ['tickers.BTC', 'tickers.ETH']
2026-06-11 19:28:45.428 | INFO     | bybit_edge.recorder.recording_engine | Storage telemetry: {'cap_gb': 50.0, 'used_gb': 0.001, 'used_pct': 0.0, 'total_bytes': 1029434, 'total_segments': 107, 'evictions': 0, 'bytes_evicted': 0, 'per_stream': {'premium_index_kline': {'bytes': 1029434, 'segments': 107}}}
2026-06-11 19:28:53.121 | WARNING  | bybit_edge.recorder.recording_engine | [option] connection lost (sent 1011 (internal error) keepalive ping timeout; no close frame received) — reconnecting in 1.0 s
2026-06-11 19:28:54.883 | INFO     | bybit_edge.recorder.recording_engine | [option] connected to wss://stream.bybit.com/v5/public/option
2026-06-11 19:28:54.883 | INFO     | bybit_edge.recorder.recording_engine | Subscribed to 2 topic(s): ['tickers.BTC', 'tickers.ETH']
2026-06-11 19:29:15.457 | INFO     | bybit_edge.recorder.recording_engine | Storage telemetry: {'cap_gb': 50.0, 'used_gb': 0.001, 'used_pct': 0.0, 'total_bytes': 1038958, 'total_segments': 108, 'evictions': 0, 'bytes_evicted': 0, 'per_stream': {'premium_index_kline': {'bytes': 1038958, 'segments': 108}}}
2026-06-11 19:29:25.069 | WARNING  | bybit_edge.recorder.recording_engine | [option] connection lost (sent 1011 (internal error) keepalive ping timeout; no close frame received) — reconnecting in 1.0 s
2026-06-11 19:29:26.824 | INFO     | bybit_edge.recorder.recording_engine | [option] connected to wss://stream.bybit.com/v5/public/option
2026-06-11 19:29:26.824 | INFO     | bybit_edge.recorder.recording_engine | Subscribed to 2 topic(s): ['tickers.BTC', 'tickers.ETH']
2026-06-11 19:29:45.503 | INFO     | bybit_edge.recorder.recording_engine | Storage telemetry: {'cap_gb': 50.0, 'used_gb': 0.001, 'used_pct': 0.0, 'total_bytes': 1038958, 'total_segments': 108, 'evictions': 0, 'bytes_evicted': 0, 'per_stream': {'premium_index_kline': {'bytes': 1038958, 'segments': 108}}}
2026-06-11 19:29:57.009 | WARNING  | bybit_edge.recorder.recording_engine | [option] connection lost (sent 1011 (internal error) keepalive ping timeout; no close frame received) — reconnecting in 1.0 s
2026-06-11 19:29:58.765 | INFO     | bybit_edge.recorder.recording_engine | [option] connected to wss://stream.bybit.com/v5/public/option
2026-06-11 19:29:58.766 | INFO     | bybit_edge.recorder.recording_engine | Subscribed to 2 topic(s): ['tickers.BTC', 'tickers.ETH']
2026-06-11 19:30:15.551 | INFO     | bybit_edge.recorder.recording_engine | Storage telemetry: {'cap_gb': 50.0, 'used_gb': 0.001, 'used_pct': 0.0, 'total_bytes': 1048484, 'total_segments': 109, 'evictions': 0, 'bytes_evicted': 0, 'per_stream': {'premium_index_kline': {'bytes': 1048484, 'segments': 109}}}
2026-06-11 19:30:28.967 | WARNING  | bybit_edge.recorder.recording_engine | [option] connection lost (sent 1011 (internal error) keepalive ping timeout; no close frame received) — reconnecting in 1.0 s
2026-06-11 19:30:30.713 | INFO     | bybit_edge.recorder.recording_engine | [option] connected to wss://stream.bybit.com/v5/public/option
2026-06-11 19:30:30.714 | INFO     | bybit_edge.recorder.recording_engine | Subscribed to 2 topic(s): ['tickers.BTC', 'tickers.ETH']
2026-06-11 19:30:45.589 | INFO     | bybit_edge.recorder.recording_engine | Storage telemetry: {'cap_gb': 50.0, 'used_gb': 0.001, 'used_pct': 0.0, 'total_bytes': 1048484, 'total_segments': 109, 'evictions': 0, 'bytes_evicted': 0, 'per_stream': {'premium_index_kline': {'bytes': 1048484, 'segments': 109}}}
2026-06-11 19:31:00.926 | WARNING  | bybit_edge.recorder.recording_engine | [option] connection lost (sent 1011 (internal error) keepalive ping timeout; no close frame received) — reconnecting in 1.0 s
2026-06-11 19:31:02.518 | INFO     | bybit_edge.recorder.recording_engine | [option] connected to wss://stream.bybit.com/v5/public/option
2026-06-11 19:31:02.519 | INFO     | bybit_edge.recorder.recording_engine | Subscribed to 2 topic(s): ['tickers.BTC', 'tickers.ETH']
2026-06-11 19:31:15.634 | INFO     | bybit_edge.recorder.recording_engine | Storage telemetry: {'cap_gb': 50.0, 'used_gb': 0.001, 'used_pct': 0.0, 'total_bytes': 1058004, 'total_segments': 110, 'evictions': 0, 'bytes_evicted': 0, 'per_stream': {'premium_index_kline': {'bytes': 1058004, 'segments': 110}}}
2026-06-11 19:31:32.728 | WARNING  | bybit_edge.recorder.recording_engine | [option] connection lost (sent 1011 (internal error) keepalive ping timeout; no close frame received) — reconnecting in 1.0 s
2026-06-11 19:31:34.497 | INFO     | bybit_edge.recorder.recording_engine | [option] connected to wss://stream.bybit.com/v5/public/option
2026-06-11 19:31:34.498 | INFO     | bybit_edge.recorder.recording_engine | Subscribed to 2 topic(s): ['tickers.BTC', 'tickers.ETH']
2026-06-11 19:31:45.676 | INFO     | bybit_edge.recorder.recording_engine | Storage telemetry: {'cap_gb': 50.0, 'used_gb': 0.001, 'used_pct': 0.0, 'total_bytes': 1058004, 'total_segments': 110, 'evictions': 0, 'bytes_evicted': 0, 'per_stream': {'premium_index_kline': {'bytes': 1058004, 'segments': 110}}}
2026-06-11 19:32:04.685 | WARNING  | bybit_edge.recorder.recording_engine | [option] connection lost (sent 1011 (internal error) keepalive ping timeout; no close frame received) — reconnecting in 1.0 s
2026-06-11 19:32:06.432 | INFO     | bybit_edge.recorder.recording_engine | [option] connected to wss://stream.bybit.com/v5/public/option
2026-06-11 19:32:06.433 | INFO     | bybit_edge.recorder.recording_engine | Subscribed to 2 topic(s): ['tickers.BTC', 'tickers.ETH']
2026-06-11 19:32:15.727 | INFO     | bybit_edge.recorder.recording_engine | Storage telemetry: {'cap_gb': 50.0, 'used_gb': 0.001, 'used_pct': 0.0, 'total_bytes': 1067523, 'total_segments': 111, 'evictions': 0, 'bytes_evicted': 0, 'per_stream': {'premium_index_kline': {'bytes': 1067523, 'segments': 111}}}
2026-06-11 19:32:36.638 | WARNING  | bybit_edge.recorder.recording_engine | [option] connection lost (sent 1011 (internal error) keepalive ping timeout; no close frame received) — reconnecting in 1.0 s
2026-06-11 19:32:38.430 | INFO     | bybit_edge.recorder.recording_engine | [option] connected to wss://stream.bybit.com/v5/public/option
2026-06-11 19:32:38.431 | INFO     | bybit_edge.recorder.recording_engine | Subscribed to 2 topic(s): ['tickers.BTC', 'tickers.ETH']
2026-06-11 19:32:45.771 | INFO     | bybit_edge.recorder.recording_engine | Storage telemetry: {'cap_gb': 50.0, 'used_gb': 0.001, 'used_pct': 0.0, 'total_bytes': 1067523, 'total_segments': 111, 'evictions': 0, 'bytes_evicted': 0, 'per_stream': {'premium_index_kline': {'bytes': 1067523, 'segments': 111}}}
2026-06-11 19:33:08.612 | WARNING  | bybit_edge.recorder.recording_engine | [option] connection lost (sent 1011 (internal error) keepalive ping timeout; no close frame received) — reconnecting in 1.0 s
2026-06-11 19:33:10.368 | INFO     | bybit_edge.recorder.recording_engine | [option] connected to wss://stream.bybit.com/v5/public/option
2026-06-11 19:33:10.369 | INFO     | bybit_edge.recorder.recording_engine | Subscribed to 2 topic(s): ['tickers.BTC', 'tickers.ETH']
2026-06-11 19:33:15.827 | INFO     | bybit_edge.recorder.recording_engine | Storage telemetry: {'cap_gb': 50.0, 'used_gb': 0.001, 'used_pct': 0.0, 'total_bytes': 1077043, 'total_segments': 112, 'evictions': 0, 'bytes_evicted': 0, 'per_stream': {'premium_index_kline': {'bytes': 1077043, 'segments': 112}}}
2026-06-11 19:33:40.569 | WARNING  | bybit_edge.recorder.recording_engine | [option] connection lost (sent 1011 (internal error) keepalive ping timeout; no close frame received) — reconnecting in 1.0 s
2026-06-11 19:33:42.309 | INFO     | bybit_edge.recorder.recording_engine | [option] connected to wss://stream.bybit.com/v5/public/option
2026-06-11 19:33:42.310 | INFO     | bybit_edge.recorder.recording_engine | Subscribed to 2 topic(s): ['tickers.BTC', 'tickers.ETH']
2026-06-11 19:33:45.872 | INFO     | bybit_edge.recorder.recording_engine | Storage telemetry: {'cap_gb': 50.0, 'used_gb': 0.001, 'used_pct': 0.0, 'total_bytes': 1077043, 'total_segments': 112, 'evictions': 0, 'bytes_evicted': 0, 'per_stream': {'premium_index_kline': {'bytes': 1077043, 'segments': 112}}}
2026-06-11 19:34:12.520 | WARNING  | bybit_edge.recorder.recording_engine | [option] connection lost (sent 1011 (internal error) keepalive ping timeout; no close frame received) — reconnecting in 1.0 s
2026-06-11 19:34:14.269 | INFO     | bybit_edge.recorder.recording_engine | [option] connected to wss://stream.bybit.com/v5/public/option
2026-06-11 19:34:14.270 | INFO     | bybit_edge.recorder.recording_engine | Subscribed to 2 topic(s): ['tickers.BTC', 'tickers.ETH']
2026-06-11 19:34:15.911 | INFO     | bybit_edge.recorder.recording_engine | Storage telemetry: {'cap_gb': 50.0, 'used_gb': 0.001, 'used_pct': 0.0, 'total_bytes': 1086570, 'total_segments': 113, 'evictions': 0, 'bytes_evicted': 0, 'per_stream': {'premium_index_kline': {'bytes': 1086570, 'segments': 113}}}
2026-06-11 19:34:44.481 | WARNING  | bybit_edge.recorder.recording_engine | [option] connection lost (sent 1011 (internal error) keepalive ping timeout; no close frame received) — reconnecting in 1.0 s
2026-06-11 19:34:45.953 | INFO     | bybit_edge.recorder.recording_engine | Storage telemetry: {'cap_gb': 50.0, 'used_gb': 0.001, 'used_pct': 0.0, 'total_bytes': 1086570, 'total_segments': 113, 'evictions': 0, 'bytes_evicted': 0, 'per_stream': {'premium_index_kline': {'bytes': 1086570, 'segments': 113}}}
2026-06-11 19:34:46.228 | INFO     | bybit_edge.recorder.recording_engine | [option] connected to wss://stream.bybit.com/v5/public/option
2026-06-11 19:34:46.229 | INFO     | bybit_edge.recorder.recording_engine | Subscribed to 2 topic(s): ['tickers.BTC', 'tickers.ETH']
2026-06-11 19:35:15.980 | INFO     | bybit_edge.recorder.recording_engine | Storage telemetry: {'cap_gb': 50.0, 'used_gb': 0.001, 'used_pct': 0.0, 'total_bytes': 1096097, 'total_segments': 114, 'evictions': 0, 'bytes_evicted': 0, 'per_stream': {'premium_index_kline': {'bytes': 1096097, 'segments': 114}}}
2026-06-11 19:35:16.437 | WARNING  | bybit_edge.recorder.recording_engine | [option] connection lost (sent 1011 (internal error) keepalive ping timeout; no close frame received) — reconnecting in 1.0 s
2026-06-11 19:35:18.186 | INFO     | bybit_edge.recorder.recording_engine | [option] connected to wss://stream.bybit.com/v5/public/option
2026-06-11 19:35:18.187 | INFO     | bybit_edge.recorder.recording_engine | Subscribed to 2 topic(s): ['tickers.BTC', 'tickers.ETH']
2026-06-11 19:35:46.012 | INFO     | bybit_edge.recorder.recording_engine | Storage telemetry: {'cap_gb': 50.0, 'used_gb': 0.001, 'used_pct': 0.0, 'total_bytes': 1096097, 'total_segments': 114, 'evictions': 0, 'bytes_evicted': 0, 'per_stream': {'premium_index_kline': {'bytes': 1096097, 'segments': 114}}}
2026-06-11 19:35:48.390 | WARNING  | bybit_edge.recorder.recording_engine | [option] connection lost (sent 1011 (internal error) keepalive ping timeout; no close frame received) — reconnecting in 1.0 s
2026-06-11 19:35:50.137 | INFO     | bybit_edge.recorder.recording_engine | [option] connected to wss://stream.bybit.com/v5/public/option
2026-06-11 19:35:50.137 | INFO     | bybit_edge.recorder.recording_engine | Subscribed to 2 topic(s): ['tickers.BTC', 'tickers.ETH']
2026-06-11 19:36:16.054 | INFO     | bybit_edge.recorder.recording_engine | Storage telemetry: {'cap_gb': 50.0, 'used_gb': 0.001, 'used_pct': 0.0, 'total_bytes': 1105632, 'total_segments': 115, 'evictions': 0, 'bytes_evicted': 0, 'per_stream': {'premium_index_kline': {'bytes': 1105632, 'segments': 115}}}
2026-06-11 19:36:20.337 | WARNING  | bybit_edge.recorder.recording_engine | [option] connection lost (sent 1011 (internal error) keepalive ping timeout; no close frame received) — reconnecting in 1.0 s
2026-06-11 19:36:22.102 | INFO     | bybit_edge.recorder.recording_engine | [option] connected to wss://stream.bybit.com/v5/public/option
2026-06-11 19:36:22.102 | INFO     | bybit_edge.recorder.recording_engine | Subscribed to 2 topic(s): ['tickers.BTC', 'tickers.ETH']
2026-06-11 19:36:46.094 | INFO     | bybit_edge.recorder.recording_engine | Storage telemetry: {'cap_gb': 50.0, 'used_gb': 0.001, 'used_pct': 0.0, 'total_bytes': 1105632, 'total_segments': 115, 'evictions': 0, 'bytes_evicted': 0, 'per_stream': {'premium_index_kline': {'bytes': 1105632, 'segments': 115}}}
2026-06-11 19:36:52.314 | WARNING  | bybit_edge.recorder.recording_engine | [option] connection lost (sent 1011 (internal error) keepalive ping timeout; no close frame received) — reconnecting in 1.0 s
2026-06-11 19:36:54.096 | INFO     | bybit_edge.recorder.recording_engine | [option] connected to wss://stream.bybit.com/v5/public/option
2026-06-11 19:36:54.097 | INFO     | bybit_edge.recorder.recording_engine | Subscribed to 2 topic(s): ['tickers.BTC', 'tickers.ETH']
2026-06-11 19:37:16.140 | INFO     | bybit_edge.recorder.recording_engine | Storage telemetry: {'cap_gb': 50.0, 'used_gb': 0.001, 'used_pct': 0.0, 'total_bytes': 1115192, 'total_segments': 116, 'evictions': 0, 'bytes_evicted': 0, 'per_stream': {'premium_index_kline': {'bytes': 1115192, 'segments': 116}}}
2026-06-11 19:37:24.287 | WARNING  | bybit_edge.recorder.recording_engine | [option] connection lost (sent 1011 (internal error) keepalive ping timeout; no close frame received) — reconnecting in 1.0 s
2026-06-11 19:37:26.032 | INFO     | bybit_edge.recorder.recording_engine | [option] connected to wss://stream.bybit.com/v5/public/option
2026-06-11 19:37:26.033 | INFO     | bybit_edge.recorder.recording_engine | Subscribed to 2 topic(s): ['tickers.BTC', 'tickers.ETH']
2026-06-11 19:37:46.195 | INFO     | bybit_edge.recorder.recording_engine | Storage telemetry: {'cap_gb': 50.0, 'used_gb': 0.001, 'used_pct': 0.0, 'total_bytes': 1115192, 'total_segments': 116, 'evictions': 0, 'bytes_evicted': 0, 'per_stream': {'premium_index_kline': {'bytes': 1115192, 'segments': 116}}}
2026-06-11 19:37:56.232 | WARNING  | bybit_edge.recorder.recording_engine | [option] connection lost (sent 1011 (internal error) keepalive ping timeout; no close frame received) — reconnecting in 1.0 s
2026-06-11 19:37:57.976 | INFO     | bybit_edge.recorder.recording_engine | [option] connected to wss://stream.bybit.com/v5/public/option
2026-06-11 19:37:57.977 | INFO     | bybit_edge.recorder.recording_engine | Subscribed to 2 topic(s): ['tickers.BTC', 'tickers.ETH']
2026-06-11 19:38:16.260 | INFO     | bybit_edge.recorder.recording_engine | Storage telemetry: {'cap_gb': 50.0, 'used_gb': 0.001, 'used_pct': 0.0, 'total_bytes': 1124729, 'total_segments': 117, 'evictions': 0, 'bytes_evicted': 0, 'per_stream': {'premium_index_kline': {'bytes': 1124729, 'segments': 117}}}
2026-06-11 19:38:28.177 | WARNING  | bybit_edge.recorder.recording_engine | [option] connection lost (sent 1011 (internal error) keepalive ping timeout; no close frame received) — reconnecting in 1.0 s
2026-06-11 19:38:29.931 | INFO     | bybit_edge.recorder.recording_engine | [option] connected to wss://stream.bybit.com/v5/public/option
2026-06-11 19:38:29.932 | INFO     | bybit_edge.recorder.recording_engine | Subscribed to 2 topic(s): ['tickers.BTC', 'tickers.ETH']
2026-06-11 19:38:46.313 | INFO     | bybit_edge.recorder.recording_engine | Storage telemetry: {'cap_gb': 50.0, 'used_gb': 0.001, 'used_pct': 0.0, 'total_bytes': 1124729, 'total_segments': 117, 'evictions': 0, 'bytes_evicted': 0, 'per_stream': {'premium_index_kline': {'bytes': 1124729, 'segments': 117}}}
2026-06-11 19:39:00.130 | WARNING  | bybit_edge.recorder.recording_engine | [option] connection lost (sent 1011 (internal error) keepalive ping timeout; no close frame received) — reconnecting in 1.0 s
2026-06-11 19:39:01.879 | INFO     | bybit_edge.recorder.recording_engine | [option] connected to wss://stream.bybit.com/v5/public/option
2026-06-11 19:39:01.879 | INFO     | bybit_edge.recorder.recording_engine | Subscribed to 2 topic(s): ['tickers.BTC', 'tickers.ETH']
2026-06-11 19:39:16.348 | INFO     | bybit_edge.recorder.recording_engine | Storage telemetry: {'cap_gb': 50.0, 'used_gb': 0.0011, 'used_pct': 0.0, 'total_bytes': 1134287, 'total_segments': 118, 'evictions': 0, 'bytes_evicted': 0, 'per_stream': {'premium_index_kline': {'bytes': 1134287, 'segments': 118}}}
2026-06-11 19:39:32.067 | WARNING  | bybit_edge.recorder.recording_engine | [option] connection lost (sent 1011 (internal error) keepalive ping timeout; no close frame received) — reconnecting in 1.0 s
2026-06-11 19:39:33.816 | INFO     | bybit_edge.recorder.recording_engine | [option] connected to wss://stream.bybit.com/v5/public/option
2026-06-11 19:39:33.817 | INFO     | bybit_edge.recorder.recording_engine | Subscribed to 2 topic(s): ['tickers.BTC', 'tickers.ETH']
2026-06-11 19:39:46.393 | INFO     | bybit_edge.recorder.recording_engine | Storage telemetry: {'cap_gb': 50.0, 'used_gb': 0.0011, 'used_pct': 0.0, 'total_bytes': 1134287, 'total_segments': 118, 'evictions': 0, 'bytes_evicted': 0, 'per_stream': {'premium_index_kline': {'bytes': 1134287, 'segments': 118}}}
2026-06-11 19:40:04.019 | WARNING  | bybit_edge.recorder.recording_engine | [option] connection lost (sent 1011 (internal error) keepalive ping timeout; no close frame received) — reconnecting in 1.0 s
2026-06-11 19:40:05.763 | INFO     | bybit_edge.recorder.recording_engine | [option] connected to wss://stream.bybit.com/v5/public/option
2026-06-11 19:40:05.764 | INFO     | bybit_edge.recorder.recording_engine | Subscribed to 2 topic(s): ['tickers.BTC', 'tickers.ETH']
2026-06-11 19:40:16.431 | INFO     | bybit_edge.recorder.recording_engine | Storage telemetry: {'cap_gb': 50.0, 'used_gb': 0.0011, 'used_pct': 0.0, 'total_bytes': 1143854, 'total_segments': 119, 'evictions': 0, 'bytes_evicted': 0, 'per_stream': {'premium_index_kline': {'bytes': 1143854, 'segments': 119}}}
2026-06-11 19:40:35.971 | WARNING  | bybit_edge.recorder.recording_engine | [option] connection lost (sent 1011 (internal error) keepalive ping timeout; no close frame received) — reconnecting in 1.0 s
2026-06-11 19:40:37.715 | INFO     | bybit_edge.recorder.recording_engine | [option] connected to wss://stream.bybit.com/v5/public/option
2026-06-11 19:40:37.716 | INFO     | bybit_edge.recorder.recording_engine | Subscribed to 2 topic(s): ['tickers.BTC', 'tickers.ETH']
2026-06-11 19:40:46.500 | INFO     | bybit_edge.recorder.recording_engine | Storage telemetry: {'cap_gb': 50.0, 'used_gb': 0.0011, 'used_pct': 0.0, 'total_bytes': 1143854, 'total_segments': 119, 'evictions': 0, 'bytes_evicted': 0, 'per_stream': {'premium_index_kline': {'bytes': 1143854, 'segments': 119}}}
2026-06-11 19:41:07.916 | WARNING  | bybit_edge.recorder.recording_engine | [option] connection lost (sent 1011 (internal error) keepalive ping timeout; no close frame received) — reconnecting in 1.0 s
2026-06-11 19:41:09.666 | INFO     | bybit_edge.recorder.recording_engine | [option] connected to wss://stream.bybit.com/v5/public/option
2026-06-11 19:41:09.666 | INFO     | bybit_edge.recorder.recording_engine | Subscribed to 2 topic(s): ['tickers.BTC', 'tickers.ETH']
2026-06-11 19:41:16.535 | INFO     | bybit_edge.recorder.recording_engine | Storage telemetry: {'cap_gb': 50.0, 'used_gb': 0.0011, 'used_pct': 0.0, 'total_bytes': 1153421, 'total_segments': 120, 'evictions': 0, 'bytes_evicted': 0, 'per_stream': {'premium_index_kline': {'bytes': 1153421, 'segments': 120}}}
2026-06-11 19:41:39.867 | WARNING  | bybit_edge.recorder.recording_engine | [option] connection lost (sent 1011 (internal error) keepalive ping timeout; no close frame received) — reconnecting in 1.0 s
2026-06-11 19:41:41.614 | INFO     | bybit_edge.recorder.recording_engine | [option] connected to wss://stream.bybit.com/v5/public/option
2026-06-11 19:41:41.615 | INFO     | bybit_edge.recorder.recording_engine | Subscribed to 2 topic(s): ['tickers.BTC', 'tickers.ETH']
2026-06-11 19:41:46.579 | INFO     | bybit_edge.recorder.recording_engine | Storage telemetry: {'cap_gb': 50.0, 'used_gb': 0.0011, 'used_pct': 0.0, 'total_bytes': 1153421, 'total_segments': 120, 'evictions': 0, 'bytes_evicted': 0, 'per_stream': {'premium_index_kline': {'bytes': 1153421, 'segments': 120}}}
2026-06-11 19:42:11.808 | WARNING  | bybit_edge.recorder.recording_engine | [option] connection lost (sent 1011 (internal error) keepalive ping timeout; no close frame received) — reconnecting in 1.0 s
2026-06-11 19:42:13.582 | INFO     | bybit_edge.recorder.recording_engine | [option] connected to wss://stream.bybit.com/v5/public/option
2026-06-11 19:42:13.583 | INFO     | bybit_edge.recorder.recording_engine | Subscribed to 2 topic(s): ['tickers.BTC', 'tickers.ETH']
2026-06-11 19:42:16.637 | INFO     | bybit_edge.recorder.recording_engine | Storage telemetry: {'cap_gb': 50.0, 'used_gb': 0.0011, 'used_pct': 0.0, 'total_bytes': 1162957, 'total_segments': 121, 'evictions': 0, 'bytes_evicted': 0, 'per_stream': {'premium_index_kline': {'bytes': 1162957, 'segments': 121}}}
2026-06-11 19:42:43.790 | WARNING  | bybit_edge.recorder.recording_engine | [option] connection lost (sent 1011 (internal error) keepalive ping timeout; no close frame received) — reconnecting in 1.0 s
2026-06-11 19:42:45.537 | INFO     | bybit_edge.recorder.recording_engine | [option] connected to wss://stream.bybit.com/v5/public/option
2026-06-11 19:42:45.537 | INFO     | bybit_edge.recorder.recording_engine | Subscribed to 2 topic(s): ['tickers.BTC', 'tickers.ETH']
2026-06-11 19:42:46.675 | INFO     | bybit_edge.recorder.recording_engine | Storage telemetry: {'cap_gb': 50.0, 'used_gb': 0.0011, 'used_pct': 0.0, 'total_bytes': 1162957, 'total_segments': 121, 'evictions': 0, 'bytes_evicted': 0, 'per_stream': {'premium_index_kline': {'bytes': 1162957, 'segments': 121}}}
2026-06-11 19:43:15.748 | WARNING  | bybit_edge.recorder.recording_engine | [option] connection lost (sent 1011 (internal error) keepalive ping timeout; no close frame received) — reconnecting in 1.0 s
2026-06-11 19:43:16.709 | INFO     | bybit_edge.recorder.recording_engine | Storage telemetry: {'cap_gb': 50.0, 'used_gb': 0.0011, 'used_pct': 0.0, 'total_bytes': 1172525, 'total_segments': 122, 'evictions': 0, 'bytes_evicted': 0, 'per_stream': {'premium_index_kline': {'bytes': 1172525, 'segments': 122}}}
2026-06-11 19:43:17.514 | INFO     | bybit_edge.recorder.recording_engine | [option] connected to wss://stream.bybit.com/v5/public/option
2026-06-11 19:43:17.515 | INFO     | bybit_edge.recorder.recording_engine | Subscribed to 2 topic(s): ['tickers.BTC', 'tickers.ETH']
2026-06-11 19:43:46.752 | INFO     | bybit_edge.recorder.recording_engine | Storage telemetry: {'cap_gb': 50.0, 'used_gb': 0.0011, 'used_pct': 0.0, 'total_bytes': 1172525, 'total_segments': 122, 'evictions': 0, 'bytes_evicted': 0, 'per_stream': {'premium_index_kline': {'bytes': 1172525, 'segments': 122}}}
2026-06-11 19:43:47.723 | WARNING  | bybit_edge.recorder.recording_engine | [option] connection lost (sent 1011 (internal error) keepalive ping timeout; no close frame received) — reconnecting in 1.0 s
2026-06-11 19:43:49.467 | INFO     | bybit_edge.recorder.recording_engine | [option] connected to wss://stream.bybit.com/v5/public/option
2026-06-11 19:43:49.468 | INFO     | bybit_edge.recorder.recording_engine | Subscribed to 2 topic(s): ['tickers.BTC', 'tickers.ETH']
2026-06-11 19:44:16.802 | INFO     | bybit_edge.recorder.recording_engine | Storage telemetry: {'cap_gb': 50.0, 'used_gb': 0.0011, 'used_pct': 0.0, 'total_bytes': 1182091, 'total_segments': 123, 'evictions': 0, 'bytes_evicted': 0, 'per_stream': {'premium_index_kline': {'bytes': 1182091, 'segments': 123}}}
2026-06-11 19:44:19.667 | WARNING  | bybit_edge.recorder.recording_engine | [option] connection lost (sent 1011 (internal error) keepalive ping timeout; no close frame received) — reconnecting in 1.0 s
2026-06-11 19:44:21.434 | INFO     | bybit_edge.recorder.recording_engine | [option] connected to wss://stream.bybit.com/v5/public/option
2026-06-11 19:44:21.435 | INFO     | bybit_edge.recorder.recording_engine | Subscribed to 2 topic(s): ['tickers.BTC', 'tickers.ETH']
2026-06-11 19:44:46.856 | INFO     | bybit_edge.recorder.recording_engine | Storage telemetry: {'cap_gb': 50.0, 'used_gb': 0.0011, 'used_pct': 0.0, 'total_bytes': 1182091, 'total_segments': 123, 'evictions': 0, 'bytes_evicted': 0, 'per_stream': {'premium_index_kline': {'bytes': 1182091, 'segments': 123}}}
2026-06-11 19:44:51.642 | WARNING  | bybit_edge.recorder.recording_engine | [option] connection lost (sent 1011 (internal error) keepalive ping timeout; no close frame received) — reconnecting in 1.0 s
2026-06-11 19:44:53.401 | INFO     | bybit_edge.recorder.recording_engine | [option] connected to wss://stream.bybit.com/v5/public/option
2026-06-11 19:44:53.402 | INFO     | bybit_edge.recorder.recording_engine | Subscribed to 2 topic(s): ['tickers.BTC', 'tickers.ETH']
2026-06-11 19:45:16.890 | INFO     | bybit_edge.recorder.recording_engine | Storage telemetry: {'cap_gb': 50.0, 'used_gb': 0.0011, 'used_pct': 0.0, 'total_bytes': 1191657, 'total_segments': 124, 'evictions': 0, 'bytes_evicted': 0, 'per_stream': {'premium_index_kline': {'bytes': 1191657, 'segments': 124}}}
2026-06-11 19:45:23.579 | WARNING  | bybit_edge.recorder.recording_engine | [option] connection lost (sent 1011 (internal error) keepalive ping timeout; no close frame received) — reconnecting in 1.0 s
2026-06-11 19:45:25.399 | INFO     | bybit_edge.recorder.recording_engine | [option] connected to wss://stream.bybit.com/v5/public/option
2026-06-11 19:45:25.400 | INFO     | bybit_edge.recorder.recording_engine | Subscribed to 2 topic(s): ['tickers.BTC', 'tickers.ETH']
2026-06-11 19:45:46.938 | INFO     | bybit_edge.recorder.recording_engine | Storage telemetry: {'cap_gb': 50.0, 'used_gb': 0.0011, 'used_pct': 0.0, 'total_bytes': 1191657, 'total_segments': 124, 'evictions': 0, 'bytes_evicted': 0, 'per_stream': {'premium_index_kline': {'bytes': 1191657, 'segments': 124}}}
2026-06-11 19:45:55.576 | WARNING  | bybit_edge.recorder.recording_engine | [option] connection lost (sent 1011 (internal error) keepalive ping timeout; no close frame received) — reconnecting in 1.0 s
2026-06-11 19:45:57.306 | INFO     | bybit_edge.recorder.recording_engine | [option] connected to wss://stream.bybit.com/v5/public/option
2026-06-11 19:45:57.307 | INFO     | bybit_edge.recorder.recording_engine | Subscribed to 2 topic(s): ['tickers.BTC', 'tickers.ETH']
2026-06-11 19:46:16.989 | INFO     | bybit_edge.recorder.recording_engine | Storage telemetry: {'cap_gb': 50.0, 'used_gb': 0.0011, 'used_pct': 0.0, 'total_bytes': 1201223, 'total_segments': 125, 'evictions': 0, 'bytes_evicted': 0, 'per_stream': {'premium_index_kline': {'bytes': 1201223, 'segments': 125}}}
2026-06-11 19:46:27.490 | WARNING  | bybit_edge.recorder.recording_engine | [option] connection lost (sent 1011 (internal error) keepalive ping timeout; no close frame received) — reconnecting in 1.0 s
2026-06-11 19:46:29.235 | INFO     | bybit_edge.recorder.recording_engine | [option] connected to wss://stream.bybit.com/v5/public/option
2026-06-11 19:46:29.235 | INFO     | bybit_edge.recorder.recording_engine | Subscribed to 2 topic(s): ['tickers.BTC', 'tickers.ETH']
2026-06-11 19:46:47.045 | INFO     | bybit_edge.recorder.recording_engine | Storage telemetry: {'cap_gb': 50.0, 'used_gb': 0.0011, 'used_pct': 0.0, 'total_bytes': 1201223, 'total_segments': 125, 'evictions': 0, 'bytes_evicted': 0, 'per_stream': {'premium_index_kline': {'bytes': 1201223, 'segments': 125}}}
2026-06-11 19:46:59.439 | WARNING  | bybit_edge.recorder.recording_engine | [option] connection lost (sent 1011 (internal error) keepalive ping timeout; no close frame received) — reconnecting in 1.0 s
2026-06-11 19:47:01.182 | INFO     | bybit_edge.recorder.recording_engine | [option] connected to wss://stream.bybit.com/v5/public/option
2026-06-11 19:47:01.183 | INFO     | bybit_edge.recorder.recording_engine | Subscribed to 2 topic(s): ['tickers.BTC', 'tickers.ETH']
2026-06-11 19:47:17.086 | INFO     | bybit_edge.recorder.recording_engine | Storage telemetry: {'cap_gb': 50.0, 'used_gb': 0.0011, 'used_pct': 0.0, 'total_bytes': 1210790, 'total_segments': 126, 'evictions': 0, 'bytes_evicted': 0, 'per_stream': {'premium_index_kline': {'bytes': 1210790, 'segments': 126}}}
2026-06-11 19:47:31.361 | WARNING  | bybit_edge.recorder.recording_engine | [option] connection lost (sent 1011 (internal error) keepalive ping timeout; no close frame received) — reconnecting in 1.0 s
2026-06-11 19:47:33.106 | INFO     | bybit_edge.recorder.recording_engine | [option] connected to wss://stream.bybit.com/v5/public/option
2026-06-11 19:47:33.107 | INFO     | bybit_edge.recorder.recording_engine | Subscribed to 2 topic(s): ['tickers.BTC', 'tickers.ETH']
2026-06-11 19:47:47.137 | INFO     | bybit_edge.recorder.recording_engine | Storage telemetry: {'cap_gb': 50.0, 'used_gb': 0.0011, 'used_pct': 0.0, 'total_bytes': 1210790, 'total_segments': 126, 'evictions': 0, 'bytes_evicted': 0, 'per_stream': {'premium_index_kline': {'bytes': 1210790, 'segments': 126}}}
2026-06-11 19:48:03.311 | WARNING  | bybit_edge.recorder.recording_engine | [option] connection lost (sent 1011 (internal error) keepalive ping timeout; no close frame received) — reconnecting in 1.0 s
2026-06-11 19:48:05.063 | INFO     | bybit_edge.recorder.recording_engine | [option] connected to wss://stream.bybit.com/v5/public/option
2026-06-11 19:48:05.064 | INFO     | bybit_edge.recorder.recording_engine | Subscribed to 2 topic(s): ['tickers.BTC', 'tickers.ETH']
2026-06-11 19:48:17.167 | INFO     | bybit_edge.recorder.recording_engine | Storage telemetry: {'cap_gb': 50.0, 'used_gb': 0.0011, 'used_pct': 0.0, 'total_bytes': 1220387, 'total_segments': 127, 'evictions': 0, 'bytes_evicted': 0, 'per_stream': {'premium_index_kline': {'bytes': 1220387, 'segments': 127}}}
2026-06-11 19:48:35.279 | WARNING  | bybit_edge.recorder.recording_engine | [option] connection lost (sent 1011 (internal error) keepalive ping timeout; no close frame received) — reconnecting in 1.0 s
2026-06-11 19:48:37.025 | INFO     | bybit_edge.recorder.recording_engine | [option] connected to wss://stream.bybit.com/v5/public/option
2026-06-11 19:48:37.025 | INFO     | bybit_edge.recorder.recording_engine | Subscribed to 2 topic(s): ['tickers.BTC', 'tickers.ETH']
2026-06-11 19:48:47.221 | INFO     | bybit_edge.recorder.recording_engine | Storage telemetry: {'cap_gb': 50.0, 'used_gb': 0.0011, 'used_pct': 0.0, 'total_bytes': 1220387, 'total_segments': 127, 'evictions': 0, 'bytes_evicted': 0, 'per_stream': {'premium_index_kline': {'bytes': 1220387, 'segments': 127}}}
2026-06-11 19:49:07.223 | WARNING  | bybit_edge.recorder.recording_engine | [option] connection lost (sent 1011 (internal error) keepalive ping timeout; no close frame received) — reconnecting in 1.0 s
2026-06-11 19:49:08.985 | INFO     | bybit_edge.recorder.recording_engine | [option] connected to wss://stream.bybit.com/v5/public/option
2026-06-11 19:49:08.985 | INFO     | bybit_edge.recorder.recording_engine | Subscribed to 2 topic(s): ['tickers.BTC', 'tickers.ETH']
2026-06-11 19:49:17.276 | INFO     | bybit_edge.recorder.recording_engine | Storage telemetry: {'cap_gb': 50.0, 'used_gb': 0.0011, 'used_pct': 0.0, 'total_bytes': 1229958, 'total_segments': 128, 'evictions': 0, 'bytes_evicted': 0, 'per_stream': {'premium_index_kline': {'bytes': 1229958, 'segments': 128}}}
2026-06-11 19:49:39.190 | WARNING  | bybit_edge.recorder.recording_engine | [option] connection lost (sent 1011 (internal error) keepalive ping timeout; no close frame received) — reconnecting in 1.0 s
2026-06-11 19:49:40.944 | INFO     | bybit_edge.recorder.recording_engine | [option] connected to wss://stream.bybit.com/v5/public/option
2026-06-11 19:49:40.945 | INFO     | bybit_edge.recorder.recording_engine | Subscribed to 2 topic(s): ['tickers.BTC', 'tickers.ETH']
2026-06-11 19:49:47.340 | INFO     | bybit_edge.recorder.recording_engine | Storage telemetry: {'cap_gb': 50.0, 'used_gb': 0.0011, 'used_pct': 0.0, 'total_bytes': 1229958, 'total_segments': 128, 'evictions': 0, 'bytes_evicted': 0, 'per_stream': {'premium_index_kline': {'bytes': 1229958, 'segments': 128}}}
2026-06-11 19:50:11.148 | WARNING  | bybit_edge.recorder.recording_engine | [option] connection lost (sent 1011 (internal error) keepalive ping timeout; no close frame received) — reconnecting in 1.0 s
2026-06-11 19:50:12.911 | INFO     | bybit_edge.recorder.recording_engine | [option] connected to wss://stream.bybit.com/v5/public/option
2026-06-11 19:50:12.912 | INFO     | bybit_edge.recorder.recording_engine | Subscribed to 2 topic(s): ['tickers.BTC', 'tickers.ETH']
2026-06-11 19:50:17.392 | INFO     | bybit_edge.recorder.recording_engine | Storage telemetry: {'cap_gb': 50.0, 'used_gb': 0.0012, 'used_pct': 0.0, 'total_bytes': 1239525, 'total_segments': 129, 'evictions': 0, 'bytes_evicted': 0, 'per_stream': {'premium_index_kline': {'bytes': 1239525, 'segments': 129}}}
2026-06-11 19:50:43.107 | WARNING  | bybit_edge.recorder.recording_engine | [option] connection lost (sent 1011 (internal error) keepalive ping timeout; no close frame received) — reconnecting in 1.0 s
2026-06-11 19:50:44.939 | INFO     | bybit_edge.recorder.recording_engine | [option] connected to wss://stream.bybit.com/v5/public/option
2026-06-11 19:50:44.939 | INFO     | bybit_edge.recorder.recording_engine | Subscribed to 2 topic(s): ['tickers.BTC', 'tickers.ETH']
2026-06-11 19:50:47.429 | INFO     | bybit_edge.recorder.recording_engine | Storage telemetry: {'cap_gb': 50.0, 'used_gb': 0.0012, 'used_pct': 0.0, 'total_bytes': 1239525, 'total_segments': 129, 'evictions': 0, 'bytes_evicted': 0, 'per_stream': {'premium_index_kline': {'bytes': 1239525, 'segments': 129}}}
2026-06-11 19:51:15.122 | WARNING  | bybit_edge.recorder.recording_engine | [option] connection lost (sent 1011 (internal error) keepalive ping timeout; no close frame received) — reconnecting in 1.0 s
2026-06-11 19:51:16.873 | INFO     | bybit_edge.recorder.recording_engine | [option] connected to wss://stream.bybit.com/v5/public/option
2026-06-11 19:51:16.873 | INFO     | bybit_edge.recorder.recording_engine | Subscribed to 2 topic(s): ['tickers.BTC', 'tickers.ETH']
2026-06-11 19:51:17.477 | INFO     | bybit_edge.recorder.recording_engine | Storage telemetry: {'cap_gb': 50.0, 'used_gb': 0.0012, 'used_pct': 0.0, 'total_bytes': 1249090, 'total_segments': 130, 'evictions': 0, 'bytes_evicted': 0, 'per_stream': {'premium_index_kline': {'bytes': 1249090, 'segments': 130}}}
2026-06-11 19:51:47.057 | WARNING  | bybit_edge.recorder.recording_engine | [option] connection lost (sent 1011 (internal error) keepalive ping timeout; no close frame received) — reconnecting in 1.0 s
2026-06-11 19:51:47.533 | INFO     | bybit_edge.recorder.recording_engine | Storage telemetry: {'cap_gb': 50.0, 'used_gb': 0.0012, 'used_pct': 0.0, 'total_bytes': 1249090, 'total_segments': 130, 'evictions': 0, 'bytes_evicted': 0, 'per_stream': {'premium_index_kline': {'bytes': 1249090, 'segments': 130}}}
2026-06-11 19:51:48.821 | INFO     | bybit_edge.recorder.recording_engine | [option] connected to wss://stream.bybit.com/v5/public/option
2026-06-11 19:51:48.821 | INFO     | bybit_edge.recorder.recording_engine | Subscribed to 2 topic(s): ['tickers.BTC', 'tickers.ETH']
2026-06-11 19:52:17.571 | INFO     | bybit_edge.recorder.recording_engine | Storage telemetry: {'cap_gb': 50.0, 'used_gb': 0.0012, 'used_pct': 0.0, 'total_bytes': 1258655, 'total_segments': 131, 'evictions': 0, 'bytes_evicted': 0, 'per_stream': {'premium_index_kline': {'bytes': 1258655, 'segments': 131}}}
2026-06-11 19:52:19.010 | WARNING  | bybit_edge.recorder.recording_engine | [option] connection lost (sent 1011 (internal error) keepalive ping timeout; no close frame received) — reconnecting in 1.0 s
2026-06-11 19:52:20.750 | INFO     | bybit_edge.recorder.recording_engine | [option] connected to wss://stream.bybit.com/v5/public/option
2026-06-11 19:52:20.751 | INFO     | bybit_edge.recorder.recording_engine | Subscribed to 2 topic(s): ['tickers.BTC', 'tickers.ETH']
2026-06-11 19:52:47.621 | INFO     | bybit_edge.recorder.recording_engine | Storage telemetry: {'cap_gb': 50.0, 'used_gb': 0.0012, 'used_pct': 0.0, 'total_bytes': 1258655, 'total_segments': 131, 'evictions': 0, 'bytes_evicted': 0, 'per_stream': {'premium_index_kline': {'bytes': 1258655, 'segments': 131}}}
2026-06-11 19:52:50.935 | WARNING  | bybit_edge.recorder.recording_engine | [option] connection lost (sent 1011 (internal error) keepalive ping timeout; no close frame received) — reconnecting in 1.0 s
2026-06-11 19:52:52.686 | INFO     | bybit_edge.recorder.recording_engine | [option] connected to wss://stream.bybit.com/v5/public/option
2026-06-11 19:52:52.687 | INFO     | bybit_edge.recorder.recording_engine | Subscribed to 2 topic(s): ['tickers.BTC', 'tickers.ETH']
2026-06-11 19:53:17.662 | INFO     | bybit_edge.recorder.recording_engine | Storage telemetry: {'cap_gb': 50.0, 'used_gb': 0.0012, 'used_pct': 0.0, 'total_bytes': 1268253, 'total_segments': 132, 'evictions': 0, 'bytes_evicted': 0, 'per_stream': {'premium_index_kline': {'bytes': 1268253, 'segments': 132}}}
2026-06-11 19:53:22.878 | WARNING  | bybit_edge.recorder.recording_engine | [option] connection lost (sent 1011 (internal error) keepalive ping timeout; no close frame received) — reconnecting in 1.0 s
2026-06-11 19:53:24.626 | INFO     | bybit_edge.recorder.recording_engine | [option] connected to wss://stream.bybit.com/v5/public/option
2026-06-11 19:53:24.627 | INFO     | bybit_edge.recorder.recording_engine | Subscribed to 2 topic(s): ['tickers.BTC', 'tickers.ETH']
2026-06-11 19:53:47.690 | INFO     | bybit_edge.recorder.recording_engine | Storage telemetry: {'cap_gb': 50.0, 'used_gb': 0.0012, 'used_pct': 0.0, 'total_bytes': 1268253, 'total_segments': 132, 'evictions': 0, 'bytes_evicted': 0, 'per_stream': {'premium_index_kline': {'bytes': 1268253, 'segments': 132}}}
2026-06-11 19:53:54.836 | WARNING  | bybit_edge.recorder.recording_engine | [option] connection lost (sent 1011 (internal error) keepalive ping timeout; no close frame received) — reconnecting in 1.0 s
2026-06-11 19:53:56.633 | INFO     | bybit_edge.recorder.recording_engine | [option] connected to wss://stream.bybit.com/v5/public/option
2026-06-11 19:53:56.633 | INFO     | bybit_edge.recorder.recording_engine | Subscribed to 2 topic(s): ['tickers.BTC', 'tickers.ETH']
2026-06-11 19:54:17.749 | INFO     | bybit_edge.recorder.recording_engine | Storage telemetry: {'cap_gb': 50.0, 'used_gb': 0.0012, 'used_pct': 0.0, 'total_bytes': 1277856, 'total_segments': 133, 'evictions': 0, 'bytes_evicted': 0, 'per_stream': {'premium_index_kline': {'bytes': 1277856, 'segments': 133}}}
2026-06-11 19:54:26.827 | WARNING  | bybit_edge.recorder.recording_engine | [option] connection lost (sent 1011 (internal error) keepalive ping timeout; no close frame received) — reconnecting in 1.0 s
2026-06-11 19:54:28.571 | INFO     | bybit_edge.recorder.recording_engine | [option] connected to wss://stream.bybit.com/v5/public/option
2026-06-11 19:54:28.572 | INFO     | bybit_edge.recorder.recording_engine | Subscribed to 2 topic(s): ['tickers.BTC', 'tickers.ETH']
2026-06-11 19:54:47.796 | INFO     | bybit_edge.recorder.recording_engine | Storage telemetry: {'cap_gb': 50.0, 'used_gb': 0.0012, 'used_pct': 0.0, 'total_bytes': 1277856, 'total_segments': 133, 'evictions': 0, 'bytes_evicted': 0, 'per_stream': {'premium_index_kline': {'bytes': 1277856, 'segments': 133}}}
2026-06-11 19:54:58.780 | WARNING  | bybit_edge.recorder.recording_engine | [option] connection lost (sent 1011 (internal error) keepalive ping timeout; no close frame received) — reconnecting in 1.0 s
2026-06-11 19:55:00.537 | INFO     | bybit_edge.recorder.recording_engine | [option] connected to wss://stream.bybit.com/v5/public/option
2026-06-11 19:55:00.537 | INFO     | bybit_edge.recorder.recording_engine | Subscribed to 2 topic(s): ['tickers.BTC', 'tickers.ETH']
2026-06-11 19:55:17.839 | INFO     | bybit_edge.recorder.recording_engine | Storage telemetry: {'cap_gb': 50.0, 'used_gb': 0.0012, 'used_pct': 0.0, 'total_bytes': 1287458, 'total_segments': 134, 'evictions': 0, 'bytes_evicted': 0, 'per_stream': {'premium_index_kline': {'bytes': 1287458, 'segments': 134}}}
2026-06-11 19:55:30.718 | WARNING  | bybit_edge.recorder.recording_engine | [option] connection lost (sent 1011 (internal error) keepalive ping timeout; no close frame received) — reconnecting in 1.0 s
2026-06-11 19:55:32.467 | INFO     | bybit_edge.recorder.recording_engine | [option] connected to wss://stream.bybit.com/v5/public/option
2026-06-11 19:55:32.468 | INFO     | bybit_edge.recorder.recording_engine | Subscribed to 2 topic(s): ['tickers.BTC', 'tickers.ETH']
2026-06-11 19:55:47.893 | INFO     | bybit_edge.recorder.recording_engine | Storage telemetry: {'cap_gb': 50.0, 'used_gb': 0.0012, 'used_pct': 0.0, 'total_bytes': 1287458, 'total_segments': 134, 'evictions': 0, 'bytes_evicted': 0, 'per_stream': {'premium_index_kline': {'bytes': 1287458, 'segments': 134}}}
2026-06-11 19:56:02.655 | WARNING  | bybit_edge.recorder.recording_engine | [option] connection lost (sent 1011 (internal error) keepalive ping timeout; no close frame received) — reconnecting in 1.0 s
2026-06-11 19:56:04.437 | INFO     | bybit_edge.recorder.recording_engine | [option] connected to wss://stream.bybit.com/v5/public/option
2026-06-11 19:56:04.437 | INFO     | bybit_edge.recorder.recording_engine | Subscribed to 2 topic(s): ['tickers.BTC', 'tickers.ETH']
2026-06-11 19:56:17.944 | INFO     | bybit_edge.recorder.recording_engine | Storage telemetry: {'cap_gb': 50.0, 'used_gb': 0.0012, 'used_pct': 0.0, 'total_bytes': 1297066, 'total_segments': 135, 'evictions': 0, 'bytes_evicted': 0, 'per_stream': {'premium_index_kline': {'bytes': 1297066, 'segments': 135}}}
2026-06-11 19:56:34.623 | WARNING  | bybit_edge.recorder.recording_engine | [option] connection lost (sent 1011 (internal error) keepalive ping timeout; no close frame received) — reconnecting in 1.0 s
2026-06-11 19:56:36.368 | INFO     | bybit_edge.recorder.recording_engine | [option] connected to wss://stream.bybit.com/v5/public/option
2026-06-11 19:56:36.368 | INFO     | bybit_edge.recorder.recording_engine | Subscribed to 2 topic(s): ['tickers.BTC', 'tickers.ETH']
2026-06-11 19:56:47.990 | INFO     | bybit_edge.recorder.recording_engine | Storage telemetry: {'cap_gb': 50.0, 'used_gb': 0.0012, 'used_pct': 0.0, 'total_bytes': 1297066, 'total_segments': 135, 'evictions': 0, 'bytes_evicted': 0, 'per_stream': {'premium_index_kline': {'bytes': 1297066, 'segments': 135}}}
2026-06-11 19:57:06.571 | WARNING  | bybit_edge.recorder.recording_engine | [option] connection lost (sent 1011 (internal error) keepalive ping timeout; no close frame received) — reconnecting in 1.0 s
2026-06-11 19:57:08.318 | INFO     | bybit_edge.recorder.recording_engine | [option] connected to wss://stream.bybit.com/v5/public/option
2026-06-11 19:57:08.319 | INFO     | bybit_edge.recorder.recording_engine | Subscribed to 2 topic(s): ['tickers.BTC', 'tickers.ETH']
2026-06-11 19:57:18.035 | INFO     | bybit_edge.recorder.recording_engine | Storage telemetry: {'cap_gb': 50.0, 'used_gb': 0.0012, 'used_pct': 0.0, 'total_bytes': 1306677, 'total_segments': 136, 'evictions': 0, 'bytes_evicted': 0, 'per_stream': {'premium_index_kline': {'bytes': 1306677, 'segments': 136}}}
2026-06-11 19:57:38.506 | WARNING  | bybit_edge.recorder.recording_engine | [option] connection lost (sent 1011 (internal error) keepalive ping timeout; no close frame received) — reconnecting in 1.0 s
2026-06-11 19:57:40.253 | INFO     | bybit_edge.recorder.recording_engine | [option] connected to wss://stream.bybit.com/v5/public/option
2026-06-11 19:57:40.253 | INFO     | bybit_edge.recorder.recording_engine | Subscribed to 2 topic(s): ['tickers.BTC', 'tickers.ETH']
2026-06-11 19:57:48.093 | INFO     | bybit_edge.recorder.recording_engine | Storage telemetry: {'cap_gb': 50.0, 'used_gb': 0.0012, 'used_pct': 0.0, 'total_bytes': 1306677, 'total_segments': 136, 'evictions': 0, 'bytes_evicted': 0, 'per_stream': {'premium_index_kline': {'bytes': 1306677, 'segments': 136}}}
2026-06-11 19:58:10.454 | WARNING  | bybit_edge.recorder.recording_engine | [option] connection lost (sent 1011 (internal error) keepalive ping timeout; no close frame received) — reconnecting in 1.0 s
2026-06-11 19:58:12.257 | INFO     | bybit_edge.recorder.recording_engine | [option] connected to wss://stream.bybit.com/v5/public/option
2026-06-11 19:58:12.258 | INFO     | bybit_edge.recorder.recording_engine | Subscribed to 2 topic(s): ['tickers.BTC', 'tickers.ETH']
2026-06-11 19:58:18.151 | INFO     | bybit_edge.recorder.recording_engine | Storage telemetry: {'cap_gb': 50.0, 'used_gb': 0.0012, 'used_pct': 0.0, 'total_bytes': 1316276, 'total_segments': 137, 'evictions': 0, 'bytes_evicted': 0, 'per_stream': {'premium_index_kline': {'bytes': 1316276, 'segments': 137}}}
2026-06-11 19:58:42.463 | WARNING  | bybit_edge.recorder.recording_engine | [option] connection lost (sent 1011 (internal error) keepalive ping timeout; no close frame received) — reconnecting in 1.0 s
2026-06-11 19:58:44.195 | INFO     | bybit_edge.recorder.recording_engine | [option] connected to wss://stream.bybit.com/v5/public/option
2026-06-11 19:58:44.195 | INFO     | bybit_edge.recorder.recording_engine | Subscribed to 2 topic(s): ['tickers.BTC', 'tickers.ETH']
2026-06-11 19:58:48.193 | INFO     | bybit_edge.recorder.recording_engine | Storage telemetry: {'cap_gb': 50.0, 'used_gb': 0.0012, 'used_pct': 0.0, 'total_bytes': 1316276, 'total_segments': 137, 'evictions': 0, 'bytes_evicted': 0, 'per_stream': {'premium_index_kline': {'bytes': 1316276, 'segments': 137}}}
2026-06-11 19:59:14.382 | WARNING  | bybit_edge.recorder.recording_engine | [option] connection lost (sent 1011 (internal error) keepalive ping timeout; no close frame received) — reconnecting in 1.0 s
2026-06-11 19:59:16.131 | INFO     | bybit_edge.recorder.recording_engine | [option] connected to wss://stream.bybit.com/v5/public/option
2026-06-11 19:59:16.132 | INFO     | bybit_edge.recorder.recording_engine | Subscribed to 2 topic(s): ['tickers.BTC', 'tickers.ETH']
2026-06-11 19:59:18.227 | INFO     | bybit_edge.recorder.recording_engine | Storage telemetry: {'cap_gb': 50.0, 'used_gb': 0.0012, 'used_pct': 0.0, 'total_bytes': 1325886, 'total_segments': 138, 'evictions': 0, 'bytes_evicted': 0, 'per_stream': {'premium_index_kline': {'bytes': 1325886, 'segments': 138}}}
2026-06-11 19:59:46.327 | WARNING  | bybit_edge.recorder.recording_engine | [option] connection lost (sent 1011 (internal error) keepalive ping timeout; no close frame received) — reconnecting in 1.0 s
2026-06-11 19:59:48.083 | INFO     | bybit_edge.recorder.recording_engine | [option] connected to wss://stream.bybit.com/v5/public/option
2026-06-11 19:59:48.083 | INFO     | bybit_edge.recorder.recording_engine | Subscribed to 2 topic(s): ['tickers.BTC', 'tickers.ETH']
2026-06-11 19:59:48.263 | INFO     | bybit_edge.recorder.recording_engine | Storage telemetry: {'cap_gb': 50.0, 'used_gb': 0.0012, 'used_pct': 0.0, 'total_bytes': 1325886, 'total_segments': 138, 'evictions': 0, 'bytes_evicted': 0, 'per_stream': {'premium_index_kline': {'bytes': 1325886, 'segments': 138}}}
2026-06-11 20:00:18.259 | WARNING  | bybit_edge.recorder.recording_engine | [option] connection lost (sent 1011 (internal error) keepalive ping timeout; no close frame received) — reconnecting in 1.0 s
2026-06-11 20:00:18.319 | INFO     | bybit_edge.recorder.recording_engine | Storage telemetry: {'cap_gb': 50.0, 'used_gb': 0.0012, 'used_pct': 0.0, 'total_bytes': 1335492, 'total_segments': 139, 'evictions': 0, 'bytes_evicted': 0, 'per_stream': {'premium_index_kline': {'bytes': 1335492, 'segments': 139}}}
2026-06-11 20:00:20.015 | INFO     | bybit_edge.recorder.recording_engine | [option] connected to wss://stream.bybit.com/v5/public/option
2026-06-11 20:00:20.016 | INFO     | bybit_edge.recorder.recording_engine | Subscribed to 2 topic(s): ['tickers.BTC', 'tickers.ETH']
2026-06-11 20:00:48.369 | INFO     | bybit_edge.recorder.recording_engine | Storage telemetry: {'cap_gb': 50.0, 'used_gb': 0.0012, 'used_pct': 0.0, 'total_bytes': 1335492, 'total_segments': 139, 'evictions': 0, 'bytes_evicted': 0, 'per_stream': {'premium_index_kline': {'bytes': 1335492, 'segments': 139}}}
2026-06-11 20:00:50.212 | WARNING  | bybit_edge.recorder.recording_engine | [option] connection lost (sent 1011 (internal error) keepalive ping timeout; no close frame received) — reconnecting in 1.0 s
2026-06-11 20:00:51.966 | INFO     | bybit_edge.recorder.recording_engine | [option] connected to wss://stream.bybit.com/v5/public/option
2026-06-11 20:00:51.966 | INFO     | bybit_edge.recorder.recording_engine | Subscribed to 2 topic(s): ['tickers.BTC', 'tickers.ETH']
2026-06-11 20:01:18.397 | INFO     | bybit_edge.recorder.recording_engine | Storage telemetry: {'cap_gb': 50.0, 'used_gb': 0.0013, 'used_pct': 0.0, 'total_bytes': 1345114, 'total_segments': 140, 'evictions': 0, 'bytes_evicted': 0, 'per_stream': {'premium_index_kline': {'bytes': 1345114, 'segments': 140}}}
2026-06-11 20:01:22.175 | WARNING  | bybit_edge.recorder.recording_engine | [option] connection lost (sent 1011 (internal error) keepalive ping timeout; no close frame received) — reconnecting in 1.0 s
2026-06-11 20:01:23.767 | INFO     | bybit_edge.recorder.recording_engine | [option] connected to wss://stream.bybit.com/v5/public/option
2026-06-11 20:01:23.767 | INFO     | bybit_edge.recorder.recording_engine | Subscribed to 2 topic(s): ['tickers.BTC', 'tickers.ETH']
2026-06-11 20:01:48.460 | INFO     | bybit_edge.recorder.recording_engine | Storage telemetry: {'cap_gb': 50.0, 'used_gb': 0.0013, 'used_pct': 0.0, 'total_bytes': 1345114, 'total_segments': 140, 'evictions': 0, 'bytes_evicted': 0, 'per_stream': {'premium_index_kline': {'bytes': 1345114, 'segments': 140}}}
2026-06-11 20:01:53.962 | WARNING  | bybit_edge.recorder.recording_engine | [option] connection lost (sent 1011 (internal error) keepalive ping timeout; no close frame received) — reconnecting in 1.0 s
2026-06-11 20:01:55.704 | INFO     | bybit_edge.recorder.recording_engine | [option] connected to wss://stream.bybit.com/v5/public/option
2026-06-11 20:01:55.704 | INFO     | bybit_edge.recorder.recording_engine | Subscribed to 2 topic(s): ['tickers.BTC', 'tickers.ETH']
2026-06-11 20:02:18.502 | INFO     | bybit_edge.recorder.recording_engine | Storage telemetry: {'cap_gb': 50.0, 'used_gb': 0.0013, 'used_pct': 0.0, 'total_bytes': 1354742, 'total_segments': 141, 'evictions': 0, 'bytes_evicted': 0, 'per_stream': {'premium_index_kline': {'bytes': 1354742, 'segments': 141}}}
2026-06-11 20:02:25.923 | WARNING  | bybit_edge.recorder.recording_engine | [option] connection lost (sent 1011 (internal error) keepalive ping timeout; no close frame received) — reconnecting in 1.0 s
2026-06-11 20:02:27.671 | INFO     | bybit_edge.recorder.recording_engine | [option] connected to wss://stream.bybit.com/v5/public/option
2026-06-11 20:02:27.672 | INFO     | bybit_edge.recorder.recording_engine | Subscribed to 2 topic(s): ['tickers.BTC', 'tickers.ETH']
2026-06-11 20:02:48.565 | INFO     | bybit_edge.recorder.recording_engine | Storage telemetry: {'cap_gb': 50.0, 'used_gb': 0.0013, 'used_pct': 0.0, 'total_bytes': 1354742, 'total_segments': 141, 'evictions': 0, 'bytes_evicted': 0, 'per_stream': {'premium_index_kline': {'bytes': 1354742, 'segments': 141}}}
2026-06-11 20:02:57.852 | WARNING  | bybit_edge.recorder.recording_engine | [option] connection lost (sent 1011 (internal error) keepalive ping timeout; no close frame received) — reconnecting in 1.0 s
2026-06-11 20:02:59.589 | INFO     | bybit_edge.recorder.recording_engine | [option] connected to wss://stream.bybit.com/v5/public/option
2026-06-11 20:02:59.590 | INFO     | bybit_edge.recorder.recording_engine | Subscribed to 2 topic(s): ['tickers.BTC', 'tickers.ETH']
2026-06-11 20:03:18.608 | INFO     | bybit_edge.recorder.recording_engine | Storage telemetry: {'cap_gb': 50.0, 'used_gb': 0.0013, 'used_pct': 0.0, 'total_bytes': 1364373, 'total_segments': 142, 'evictions': 0, 'bytes_evicted': 0, 'per_stream': {'premium_index_kline': {'bytes': 1364373, 'segments': 142}}}
2026-06-11 20:03:29.761 | WARNING  | bybit_edge.recorder.recording_engine | [option] connection lost (sent 1011 (internal error) keepalive ping timeout; no close frame received) — reconnecting in 1.0 s
2026-06-11 20:03:31.525 | INFO     | bybit_edge.recorder.recording_engine | [option] connected to wss://stream.bybit.com/v5/public/option
2026-06-11 20:03:31.525 | INFO     | bybit_edge.recorder.recording_engine | Subscribed to 2 topic(s): ['tickers.BTC', 'tickers.ETH']
2026-06-11 20:03:48.660 | INFO     | bybit_edge.recorder.recording_engine | Storage telemetry: {'cap_gb': 50.0, 'used_gb': 0.0013, 'used_pct': 0.0, 'total_bytes': 1364373, 'total_segments': 142, 'evictions': 0, 'bytes_evicted': 0, 'per_stream': {'premium_index_kline': {'bytes': 1364373, 'segments': 142}}}
2026-06-11 20:04:01.733 | WARNING  | bybit_edge.recorder.recording_engine | [option] connection lost (sent 1011 (internal error) keepalive ping timeout; no close frame received) — reconnecting in 1.0 s
2026-06-11 20:04:03.486 | INFO     | bybit_edge.recorder.recording_engine | [option] connected to wss://stream.bybit.com/v5/public/option
2026-06-11 20:04:03.487 | INFO     | bybit_edge.recorder.recording_engine | Subscribed to 2 topic(s): ['tickers.BTC', 'tickers.ETH']
2026-06-11 20:04:18.699 | INFO     | bybit_edge.recorder.recording_engine | Storage telemetry: {'cap_gb': 50.0, 'used_gb': 0.0013, 'used_pct': 0.0, 'total_bytes': 1374009, 'total_segments': 143, 'evictions': 0, 'bytes_evicted': 0, 'per_stream': {'premium_index_kline': {'bytes': 1374009, 'segments': 143}}}
2026-06-11 20:04:33.705 | WARNING  | bybit_edge.recorder.recording_engine | [option] connection lost (sent 1011 (internal error) keepalive ping timeout; no close frame received) — reconnecting in 1.0 s
2026-06-11 20:04:35.447 | INFO     | bybit_edge.recorder.recording_engine | [option] connected to wss://stream.bybit.com/v5/public/option
2026-06-11 20:04:35.448 | INFO     | bybit_edge.recorder.recording_engine | Subscribed to 2 topic(s): ['tickers.BTC', 'tickers.ETH']
2026-06-11 20:04:48.741 | INFO     | bybit_edge.recorder.recording_engine | Storage telemetry: {'cap_gb': 50.0, 'used_gb': 0.0013, 'used_pct': 0.0, 'total_bytes': 1374009, 'total_segments': 143, 'evictions': 0, 'bytes_evicted': 0, 'per_stream': {'premium_index_kline': {'bytes': 1374009, 'segments': 143}}}
2026-06-11 20:05:05.645 | WARNING  | bybit_edge.recorder.recording_engine | [option] connection lost (sent 1011 (internal error) keepalive ping timeout; no close frame received) — reconnecting in 1.0 s
2026-06-11 20:05:07.406 | INFO     | bybit_edge.recorder.recording_engine | [option] connected to wss://stream.bybit.com/v5/public/option
2026-06-11 20:05:07.406 | INFO     | bybit_edge.recorder.recording_engine | Subscribed to 2 topic(s): ['tickers.BTC', 'tickers.ETH']
2026-06-11 20:05:18.793 | INFO     | bybit_edge.recorder.recording_engine | Storage telemetry: {'cap_gb': 50.0, 'used_gb': 0.0013, 'used_pct': 0.0, 'total_bytes': 1383641, 'total_segments': 144, 'evictions': 0, 'bytes_evicted': 0, 'per_stream': {'premium_index_kline': {'bytes': 1383641, 'segments': 144}}}
2026-06-11 20:05:37.593 | WARNING  | bybit_edge.recorder.recording_engine | [option] connection lost (sent 1011 (internal error) keepalive ping timeout; no close frame received) — reconnecting in 1.0 s
2026-06-11 20:05:39.368 | INFO     | bybit_edge.recorder.recording_engine | [option] connected to wss://stream.bybit.com/v5/public/option
2026-06-11 20:05:39.369 | INFO     | bybit_edge.recorder.recording_engine | Subscribed to 2 topic(s): ['tickers.BTC', 'tickers.ETH']
2026-06-11 20:05:48.848 | INFO     | bybit_edge.recorder.recording_engine | Storage telemetry: {'cap_gb': 50.0, 'used_gb': 0.0013, 'used_pct': 0.0, 'total_bytes': 1383641, 'total_segments': 144, 'evictions': 0, 'bytes_evicted': 0, 'per_stream': {'premium_index_kline': {'bytes': 1383641, 'segments': 144}}}
2026-06-11 20:06:09.551 | WARNING  | bybit_edge.recorder.recording_engine | [option] connection lost (sent 1011 (internal error) keepalive ping timeout; no close frame received) — reconnecting in 1.0 s
2026-06-11 20:06:11.299 | INFO     | bybit_edge.recorder.recording_engine | [option] connected to wss://stream.bybit.com/v5/public/option
2026-06-11 20:06:11.301 | INFO     | bybit_edge.recorder.recording_engine | Subscribed to 2 topic(s): ['tickers.BTC', 'tickers.ETH']
2026-06-11 20:06:18.902 | INFO     | bybit_edge.recorder.recording_engine | Storage telemetry: {'cap_gb': 50.0, 'used_gb': 0.0013, 'used_pct': 0.0, 'total_bytes': 1393271, 'total_segments': 145, 'evictions': 0, 'bytes_evicted': 0, 'per_stream': {'premium_index_kline': {'bytes': 1393271, 'segments': 145}}}
2026-06-11 20:06:41.499 | WARNING  | bybit_edge.recorder.recording_engine | [option] connection lost (sent 1011 (internal error) keepalive ping timeout; no close frame received) — reconnecting in 1.0 s
2026-06-11 20:06:43.250 | INFO     | bybit_edge.recorder.recording_engine | [option] connected to wss://stream.bybit.com/v5/public/option
2026-06-11 20:06:43.250 | INFO     | bybit_edge.recorder.recording_engine | Subscribed to 2 topic(s): ['tickers.BTC', 'tickers.ETH']
2026-06-11 20:06:48.962 | INFO     | bybit_edge.recorder.recording_engine | Storage telemetry: {'cap_gb': 50.0, 'used_gb': 0.0013, 'used_pct': 0.0, 'total_bytes': 1393271, 'total_segments': 145, 'evictions': 0, 'bytes_evicted': 0, 'per_stream': {'premium_index_kline': {'bytes': 1393271, 'segments': 145}}}
2026-06-11 20:07:13.460 | WARNING  | bybit_edge.recorder.recording_engine | [option] connection lost (sent 1011 (internal error) keepalive ping timeout; no close frame received) — reconnecting in 1.0 s
2026-06-11 20:07:15.034 | INFO     | bybit_edge.recorder.recording_engine | [option] connected to wss://stream.bybit.com/v5/public/option
2026-06-11 20:07:15.034 | INFO     | bybit_edge.recorder.recording_engine | Subscribed to 2 topic(s): ['tickers.BTC', 'tickers.ETH']
2026-06-11 20:07:19.004 | INFO     | bybit_edge.recorder.recording_engine | Storage telemetry: {'cap_gb': 50.0, 'used_gb': 0.0013, 'used_pct': 0.0, 'total_bytes': 1402902, 'total_segments': 146, 'evictions': 0, 'bytes_evicted': 0, 'per_stream': {'premium_index_kline': {'bytes': 1402902, 'segments': 146}}}
2026-06-11 20:07:45.228 | WARNING  | bybit_edge.recorder.recording_engine | [option] connection lost (sent 1011 (internal error) keepalive ping timeout; no close frame received) — reconnecting in 1.0 s
2026-06-11 20:07:47.019 | INFO     | bybit_edge.recorder.recording_engine | [option] connected to wss://stream.bybit.com/v5/public/option
2026-06-11 20:07:47.019 | INFO     | bybit_edge.recorder.recording_engine | Subscribed to 2 topic(s): ['tickers.BTC', 'tickers.ETH']
2026-06-11 20:07:49.061 | INFO     | bybit_edge.recorder.recording_engine | Storage telemetry: {'cap_gb': 50.0, 'used_gb': 0.0013, 'used_pct': 0.0, 'total_bytes': 1402902, 'total_segments': 146, 'evictions': 0, 'bytes_evicted': 0, 'per_stream': {'premium_index_kline': {'bytes': 1402902, 'segments': 146}}}
2026-06-11 20:08:17.217 | WARNING  | bybit_edge.recorder.recording_engine | [option] connection lost (sent 1011 (internal error) keepalive ping timeout; no close frame received) — reconnecting in 1.0 s
2026-06-11 20:08:18.791 | INFO     | bybit_edge.recorder.recording_engine | [option] connected to wss://stream.bybit.com/v5/public/option
2026-06-11 20:08:18.792 | INFO     | bybit_edge.recorder.recording_engine | Subscribed to 2 topic(s): ['tickers.BTC', 'tickers.ETH']
2026-06-11 20:08:19.098 | INFO     | bybit_edge.recorder.recording_engine | Storage telemetry: {'cap_gb': 50.0, 'used_gb': 0.0013, 'used_pct': 0.0, 'total_bytes': 1412523, 'total_segments': 147, 'evictions': 0, 'bytes_evicted': 0, 'per_stream': {'premium_index_kline': {'bytes': 1412523, 'segments': 147}}}
2026-06-11 20:08:49.002 | WARNING  | bybit_edge.recorder.recording_engine | [option] connection lost (sent 1011 (internal error) keepalive ping timeout; no close frame received) — reconnecting in 1.0 s
2026-06-11 20:08:49.154 | INFO     | bybit_edge.recorder.recording_engine | Storage telemetry: {'cap_gb': 50.0, 'used_gb': 0.0013, 'used_pct': 0.0, 'total_bytes': 1412523, 'total_segments': 147, 'evictions': 0, 'bytes_evicted': 0, 'per_stream': {'premium_index_kline': {'bytes': 1412523, 'segments': 147}}}
2026-06-11 20:08:50.750 | INFO     | bybit_edge.recorder.recording_engine | [option] connected to wss://stream.bybit.com/v5/public/option
2026-06-11 20:08:50.750 | INFO     | bybit_edge.recorder.recording_engine | Subscribed to 2 topic(s): ['tickers.BTC', 'tickers.ETH']
2026-06-11 20:09:19.192 | INFO     | bybit_edge.recorder.recording_engine | Storage telemetry: {'cap_gb': 50.0, 'used_gb': 0.0013, 'used_pct': 0.0, 'total_bytes': 1422141, 'total_segments': 148, 'evictions': 0, 'bytes_evicted': 0, 'per_stream': {'premium_index_kline': {'bytes': 1422141, 'segments': 148}}}
2026-06-11 20:09:20.953 | WARNING  | bybit_edge.recorder.recording_engine | [option] connection lost (sent 1011 (internal error) keepalive ping timeout; no close frame received) — reconnecting in 1.0 s
2026-06-11 20:09:22.699 | INFO     | bybit_edge.recorder.recording_engine | [option] connected to wss://stream.bybit.com/v5/public/option
2026-06-11 20:09:22.700 | INFO     | bybit_edge.recorder.recording_engine | Subscribed to 2 topic(s): ['tickers.BTC', 'tickers.ETH']
2026-06-11 20:09:49.247 | INFO     | bybit_edge.recorder.recording_engine | Storage telemetry: {'cap_gb': 50.0, 'used_gb': 0.0013, 'used_pct': 0.0, 'total_bytes': 1422141, 'total_segments': 148, 'evictions': 0, 'bytes_evicted': 0, 'per_stream': {'premium_index_kline': {'bytes': 1422141, 'segments': 148}}}
2026-06-11 20:09:52.900 | WARNING  | bybit_edge.recorder.recording_engine | [option] connection lost (sent 1011 (internal error) keepalive ping timeout; no close frame received) — reconnecting in 1.0 s
2026-06-11 20:09:54.696 | INFO     | bybit_edge.recorder.recording_engine | [option] connected to wss://stream.bybit.com/v5/public/option
2026-06-11 20:09:54.696 | INFO     | bybit_edge.recorder.recording_engine | Subscribed to 2 topic(s): ['tickers.BTC', 'tickers.ETH']
2026-06-11 20:10:19.296 | INFO     | bybit_edge.recorder.recording_engine | Storage telemetry: {'cap_gb': 50.0, 'used_gb': 0.0013, 'used_pct': 0.0, 'total_bytes': 1431759, 'total_segments': 149, 'evictions': 0, 'bytes_evicted': 0, 'per_stream': {'premium_index_kline': {'bytes': 1431759, 'segments': 149}}}
2026-06-11 20:10:24.920 | WARNING  | bybit_edge.recorder.recording_engine | [option] connection lost (sent 1011 (internal error) keepalive ping timeout; no close frame received) — reconnecting in 1.0 s
2026-06-11 20:10:26.660 | INFO     | bybit_edge.recorder.recording_engine | [option] connected to wss://stream.bybit.com/v5/public/option
2026-06-11 20:10:26.661 | INFO     | bybit_edge.recorder.recording_engine | Subscribed to 2 topic(s): ['tickers.BTC', 'tickers.ETH']
2026-06-11 20:10:49.352 | INFO     | bybit_edge.recorder.recording_engine | Storage telemetry: {'cap_gb': 50.0, 'used_gb': 0.0013, 'used_pct': 0.0, 'total_bytes': 1431759, 'total_segments': 149, 'evictions': 0, 'bytes_evicted': 0, 'per_stream': {'premium_index_kline': {'bytes': 1431759, 'segments': 149}}}
2026-06-11 20:10:56.870 | WARNING  | bybit_edge.recorder.recording_engine | [option] connection lost (sent 1011 (internal error) keepalive ping timeout; no close frame received) — reconnecting in 1.0 s
2026-06-11 20:10:58.617 | INFO     | bybit_edge.recorder.recording_engine | [option] connected to wss://stream.bybit.com/v5/public/option
2026-06-11 20:10:58.618 | INFO     | bybit_edge.recorder.recording_engine | Subscribed to 2 topic(s): ['tickers.BTC', 'tickers.ETH']
2026-06-11 20:11:19.397 | INFO     | bybit_edge.recorder.recording_engine | Storage telemetry: {'cap_gb': 50.0, 'used_gb': 0.0013, 'used_pct': 0.0, 'total_bytes': 1441363, 'total_segments': 150, 'evictions': 0, 'bytes_evicted': 0, 'per_stream': {'premium_index_kline': {'bytes': 1441363, 'segments': 150}}}
2026-06-11 20:11:28.813 | WARNING  | bybit_edge.recorder.recording_engine | [option] connection lost (sent 1011 (internal error) keepalive ping timeout; no close frame received) — reconnecting in 1.0 s
2026-06-11 20:11:30.578 | INFO     | bybit_edge.recorder.recording_engine | [option] connected to wss://stream.bybit.com/v5/public/option
2026-06-11 20:11:30.579 | INFO     | bybit_edge.recorder.recording_engine | Subscribed to 2 topic(s): ['tickers.BTC', 'tickers.ETH']
2026-06-11 20:11:49.445 | INFO     | bybit_edge.recorder.recording_engine | Storage telemetry: {'cap_gb': 50.0, 'used_gb': 0.0013, 'used_pct': 0.0, 'total_bytes': 1441363, 'total_segments': 150, 'evictions': 0, 'bytes_evicted': 0, 'per_stream': {'premium_index_kline': {'bytes': 1441363, 'segments': 150}}}
2026-06-11 20:12:00.752 | WARNING  | bybit_edge.recorder.recording_engine | [option] connection lost (sent 1011 (internal error) keepalive ping timeout; no close frame received) — reconnecting in 1.0 s
2026-06-11 20:12:02.500 | INFO     | bybit_edge.recorder.recording_engine | [option] connected to wss://stream.bybit.com/v5/public/option
2026-06-11 20:12:02.502 | INFO     | bybit_edge.recorder.recording_engine | Subscribed to 2 topic(s): ['tickers.BTC', 'tickers.ETH']
2026-06-11 20:12:19.510 | INFO     | bybit_edge.recorder.recording_engine | Storage telemetry: {'cap_gb': 50.0, 'used_gb': 0.0013, 'used_pct': 0.0, 'total_bytes': 1441363, 'total_segments': 150, 'evictions': 0, 'bytes_evicted': 0, 'per_stream': {'premium_index_kline': {'bytes': 1441363, 'segments': 150}}}
2026-06-11 20:12:32.692 | WARNING  | bybit_edge.recorder.recording_engine | [option] connection lost (sent 1011 (internal error) keepalive ping timeout; no close frame received) — reconnecting in 1.0 s
2026-06-11 20:12:34.443 | INFO     | bybit_edge.recorder.recording_engine | [option] connected to wss://stream.bybit.com/v5/public/option
2026-06-11 20:12:34.444 | INFO     | bybit_edge.recorder.recording_engine | Subscribed to 2 topic(s): ['tickers.BTC', 'tickers.ETH']
2026-06-11 20:12:49.557 | INFO     | bybit_edge.recorder.recording_engine | Storage telemetry: {'cap_gb': 50.0, 'used_gb': 0.0014, 'used_pct': 0.0, 'total_bytes': 1450980, 'total_segments': 151, 'evictions': 0, 'bytes_evicted': 0, 'per_stream': {'premium_index_kline': {'bytes': 1450980, 'segments': 151}}}
2026-06-11 20:13:04.657 | WARNING  | bybit_edge.recorder.recording_engine | [option] connection lost (sent 1011 (internal error) keepalive ping timeout; no close frame received) — reconnecting in 1.0 s
2026-06-11 20:13:06.458 | INFO     | bybit_edge.recorder.recording_engine | [option] connected to wss://stream.bybit.com/v5/public/option
2026-06-11 20:13:06.458 | INFO     | bybit_edge.recorder.recording_engine | Subscribed to 2 topic(s): ['tickers.BTC', 'tickers.ETH']
2026-06-11 20:13:19.615 | INFO     | bybit_edge.recorder.recording_engine | Storage telemetry: {'cap_gb': 50.0, 'used_gb': 0.0014, 'used_pct': 0.0, 'total_bytes': 1450980, 'total_segments': 151, 'evictions': 0, 'bytes_evicted': 0, 'per_stream': {'premium_index_kline': {'bytes': 1450980, 'segments': 151}}}
2026-06-11 20:13:36.656 | WARNING  | bybit_edge.recorder.recording_engine | [option] connection lost (sent 1011 (internal error) keepalive ping timeout; no close frame received) — reconnecting in 1.0 s
2026-06-11 20:13:38.408 | INFO     | bybit_edge.recorder.recording_engine | [option] connected to wss://stream.bybit.com/v5/public/option
2026-06-11 20:13:38.408 | INFO     | bybit_edge.recorder.recording_engine | Subscribed to 2 topic(s): ['tickers.BTC', 'tickers.ETH']
2026-06-11 20:13:49.682 | INFO     | bybit_edge.recorder.recording_engine | Storage telemetry: {'cap_gb': 50.0, 'used_gb': 0.0014, 'used_pct': 0.0, 'total_bytes': 1460603, 'total_segments': 152, 'evictions': 0, 'bytes_evicted': 0, 'per_stream': {'premium_index_kline': {'bytes': 1460603, 'segments': 152}}}
2026-06-11 20:14:08.604 | WARNING  | bybit_edge.recorder.recording_engine | [option] connection lost (sent 1011 (internal error) keepalive ping timeout; no close frame received) — reconnecting in 1.0 s
2026-06-11 20:14:10.350 | INFO     | bybit_edge.recorder.recording_engine | [option] connected to wss://stream.bybit.com/v5/public/option
2026-06-11 20:14:10.350 | INFO     | bybit_edge.recorder.recording_engine | Subscribed to 2 topic(s): ['tickers.BTC', 'tickers.ETH']
2026-06-11 20:14:19.739 | INFO     | bybit_edge.recorder.recording_engine | Storage telemetry: {'cap_gb': 50.0, 'used_gb': 0.0014, 'used_pct': 0.0, 'total_bytes': 1460603, 'total_segments': 152, 'evictions': 0, 'bytes_evicted': 0, 'per_stream': {'premium_index_kline': {'bytes': 1460603, 'segments': 152}}}
2026-06-11 20:14:40.538 | WARNING  | bybit_edge.recorder.recording_engine | [option] connection lost (sent 1011 (internal error) keepalive ping timeout; no close frame received) — reconnecting in 1.0 s
2026-06-11 20:14:42.285 | INFO     | bybit_edge.recorder.recording_engine | [option] connected to wss://stream.bybit.com/v5/public/option
2026-06-11 20:14:42.286 | INFO     | bybit_edge.recorder.recording_engine | Subscribed to 2 topic(s): ['tickers.BTC', 'tickers.ETH']
2026-06-11 20:14:49.794 | INFO     | bybit_edge.recorder.recording_engine | Storage telemetry: {'cap_gb': 50.0, 'used_gb': 0.0014, 'used_pct': 0.0, 'total_bytes': 1470233, 'total_segments': 153, 'evictions': 0, 'bytes_evicted': 0, 'per_stream': {'premium_index_kline': {'bytes': 1470233, 'segments': 153}}}
2026-06-11 20:15:12.500 | WARNING  | bybit_edge.recorder.recording_engine | [option] connection lost (sent 1011 (internal error) keepalive ping timeout; no close frame received) — reconnecting in 1.0 s
2026-06-11 20:15:14.263 | INFO     | bybit_edge.recorder.recording_engine | [option] connected to wss://stream.bybit.com/v5/public/option
2026-06-11 20:15:14.263 | INFO     | bybit_edge.recorder.recording_engine | Subscribed to 2 topic(s): ['tickers.BTC', 'tickers.ETH']
2026-06-11 20:15:19.843 | INFO     | bybit_edge.recorder.recording_engine | Storage telemetry: {'cap_gb': 50.0, 'used_gb': 0.0014, 'used_pct': 0.0, 'total_bytes': 1470233, 'total_segments': 153, 'evictions': 0, 'bytes_evicted': 0, 'per_stream': {'premium_index_kline': {'bytes': 1470233, 'segments': 153}}}
2026-06-11 20:15:44.459 | WARNING  | bybit_edge.recorder.recording_engine | [option] connection lost (sent 1011 (internal error) keepalive ping timeout; no close frame received) — reconnecting in 1.0 s
2026-06-11 20:15:46.199 | INFO     | bybit_edge.recorder.recording_engine | [option] connected to wss://stream.bybit.com/v5/public/option
2026-06-11 20:15:46.199 | INFO     | bybit_edge.recorder.recording_engine | Subscribed to 2 topic(s): ['tickers.BTC', 'tickers.ETH']
2026-06-11 20:15:49.901 | INFO     | bybit_edge.recorder.recording_engine | Storage telemetry: {'cap_gb': 50.0, 'used_gb': 0.0014, 'used_pct': 0.0, 'total_bytes': 1479852, 'total_segments': 154, 'evictions': 0, 'bytes_evicted': 0, 'per_stream': {'premium_index_kline': {'bytes': 1479852, 'segments': 154}}}
2026-06-11 20:16:16.399 | WARNING  | bybit_edge.recorder.recording_engine | [option] connection lost (sent 1011 (internal error) keepalive ping timeout; no close frame received) — reconnecting in 1.0 s
2026-06-11 20:16:18.143 | INFO     | bybit_edge.recorder.recording_engine | [option] connected to wss://stream.bybit.com/v5/public/option
2026-06-11 20:16:18.143 | INFO     | bybit_edge.recorder.recording_engine | Subscribed to 2 topic(s): ['tickers.BTC', 'tickers.ETH']
2026-06-11 20:16:19.945 | INFO     | bybit_edge.recorder.recording_engine | Storage telemetry: {'cap_gb': 50.0, 'used_gb': 0.0014, 'used_pct': 0.0, 'total_bytes': 1479852, 'total_segments': 154, 'evictions': 0, 'bytes_evicted': 0, 'per_stream': {'premium_index_kline': {'bytes': 1479852, 'segments': 154}}}
2026-06-11 20:16:48.351 | WARNING  | bybit_edge.recorder.recording_engine | [option] connection lost (sent 1011 (internal error) keepalive ping timeout; no close frame received) — reconnecting in 1.0 s
2026-06-11 20:16:50.013 | INFO     | bybit_edge.recorder.recording_engine | Storage telemetry: {'cap_gb': 50.0, 'used_gb': 0.0014, 'used_pct': 0.0, 'total_bytes': 1489483, 'total_segments': 155, 'evictions': 0, 'bytes_evicted': 0, 'per_stream': {'premium_index_kline': {'bytes': 1489483, 'segments': 155}}}
2026-06-11 20:16:50.092 | INFO     | bybit_edge.recorder.recording_engine | [option] connected to wss://stream.bybit.com/v5/public/option
2026-06-11 20:16:50.092 | INFO     | bybit_edge.recorder.recording_engine | Subscribed to 2 topic(s): ['tickers.BTC', 'tickers.ETH']
2026-06-11 20:17:20.059 | INFO     | bybit_edge.recorder.recording_engine | Storage telemetry: {'cap_gb': 50.0, 'used_gb': 0.0014, 'used_pct': 0.0, 'total_bytes': 1489483, 'total_segments': 155, 'evictions': 0, 'bytes_evicted': 0, 'per_stream': {'premium_index_kline': {'bytes': 1489483, 'segments': 155}}}
2026-06-11 20:17:20.291 | WARNING  | bybit_edge.recorder.recording_engine | [option] connection lost (sent 1011 (internal error) keepalive ping timeout; no close frame received) — reconnecting in 1.0 s
2026-06-11 20:17:22.043 | INFO     | bybit_edge.recorder.recording_engine | [option] connected to wss://stream.bybit.com/v5/public/option
2026-06-11 20:17:22.043 | INFO     | bybit_edge.recorder.recording_engine | Subscribed to 2 topic(s): ['tickers.BTC', 'tickers.ETH']
2026-06-11 20:17:50.114 | INFO     | bybit_edge.recorder.recording_engine | Storage telemetry: {'cap_gb': 50.0, 'used_gb': 0.0014, 'used_pct': 0.0, 'total_bytes': 1499103, 'total_segments': 156, 'evictions': 0, 'bytes_evicted': 0, 'per_stream': {'premium_index_kline': {'bytes': 1499103, 'segments': 156}}}
2026-06-11 20:17:52.242 | WARNING  | bybit_edge.recorder.recording_engine | [option] connection lost (sent 1011 (internal error) keepalive ping timeout; no close frame received) — reconnecting in 1.0 s
2026-06-11 20:17:53.985 | INFO     | bybit_edge.recorder.recording_engine | [option] connected to wss://stream.bybit.com/v5/public/option
2026-06-11 20:17:53.986 | INFO     | bybit_edge.recorder.recording_engine | Subscribed to 2 topic(s): ['tickers.BTC', 'tickers.ETH']
2026-06-11 20:18:20.158 | INFO     | bybit_edge.recorder.recording_engine | Storage telemetry: {'cap_gb': 50.0, 'used_gb': 0.0014, 'used_pct': 0.0, 'total_bytes': 1499103, 'total_segments': 156, 'evictions': 0, 'bytes_evicted': 0, 'per_stream': {'premium_index_kline': {'bytes': 1499103, 'segments': 156}}}
2026-06-11 20:18:24.156 | WARNING  | bybit_edge.recorder.recording_engine | [option] connection lost (sent 1011 (internal error) keepalive ping timeout; no close frame received) — reconnecting in 1.0 s
2026-06-11 20:18:25.946 | INFO     | bybit_edge.recorder.recording_engine | [option] connected to wss://stream.bybit.com/v5/public/option
2026-06-11 20:18:25.946 | INFO     | bybit_edge.recorder.recording_engine | Subscribed to 2 topic(s): ['tickers.BTC', 'tickers.ETH']
2026-06-11 20:18:50.214 | INFO     | bybit_edge.recorder.recording_engine | Storage telemetry: {'cap_gb': 50.0, 'used_gb': 0.0014, 'used_pct': 0.0, 'total_bytes': 1508723, 'total_segments': 157, 'evictions': 0, 'bytes_evicted': 0, 'per_stream': {'premium_index_kline': {'bytes': 1508723, 'segments': 157}}}
2026-06-11 20:18:56.126 | WARNING  | bybit_edge.recorder.recording_engine | [option] connection lost (sent 1011 (internal error) keepalive ping timeout; no close frame received) — reconnecting in 1.0 s
2026-06-11 20:18:57.912 | INFO     | bybit_edge.recorder.recording_engine | [option] connected to wss://stream.bybit.com/v5/public/option
2026-06-11 20:18:57.913 | INFO     | bybit_edge.recorder.recording_engine | Subscribed to 2 topic(s): ['tickers.BTC', 'tickers.ETH']
2026-06-11 20:19:20.278 | INFO     | bybit_edge.recorder.recording_engine | Storage telemetry: {'cap_gb': 50.0, 'used_gb': 0.0014, 'used_pct': 0.0, 'total_bytes': 1508723, 'total_segments': 157, 'evictions': 0, 'bytes_evicted': 0, 'per_stream': {'premium_index_kline': {'bytes': 1508723, 'segments': 157}}}
2026-06-11 20:19:28.118 | WARNING  | bybit_edge.recorder.recording_engine | [option] connection lost (sent 1011 (internal error) keepalive ping timeout; no close frame received) — reconnecting in 1.0 s
2026-06-11 20:19:29.897 | INFO     | bybit_edge.recorder.recording_engine | [option] connected to wss://stream.bybit.com/v5/public/option
2026-06-11 20:19:29.898 | INFO     | bybit_edge.recorder.recording_engine | Subscribed to 2 topic(s): ['tickers.BTC', 'tickers.ETH']
2026-06-11 20:19:50.425 | INFO     | bybit_edge.recorder.recording_engine | Storage telemetry: {'cap_gb': 50.0, 'used_gb': 0.0014, 'used_pct': 0.0, 'total_bytes': 1518354, 'total_segments': 158, 'evictions': 0, 'bytes_evicted': 0, 'per_stream': {'premium_index_kline': {'bytes': 1518354, 'segments': 158}}}
2026-06-11 20:20:00.113 | WARNING  | bybit_edge.recorder.recording_engine | [option] connection lost (sent 1011 (internal error) keepalive ping timeout; no close frame received) — reconnecting in 1.0 s
2026-06-11 20:20:01.855 | INFO     | bybit_edge.recorder.recording_engine | [option] connected to wss://stream.bybit.com/v5/public/option
2026-06-11 20:20:01.856 | INFO     | bybit_edge.recorder.recording_engine | Subscribed to 2 topic(s): ['tickers.BTC', 'tickers.ETH']
2026-06-11 20:20:20.478 | INFO     | bybit_edge.recorder.recording_engine | Storage telemetry: {'cap_gb': 50.0, 'used_gb': 0.0014, 'used_pct': 0.0, 'total_bytes': 1518354, 'total_segments': 158, 'evictions': 0, 'bytes_evicted': 0, 'per_stream': {'premium_index_kline': {'bytes': 1518354, 'segments': 158}}}
2026-06-11 20:20:32.055 | WARNING  | bybit_edge.recorder.recording_engine | [option] connection lost (sent 1011 (internal error) keepalive ping timeout; no close frame received) — reconnecting in 1.0 s
2026-06-11 20:20:33.794 | INFO     | bybit_edge.recorder.recording_engine | [option] connected to wss://stream.bybit.com/v5/public/option
2026-06-11 20:20:33.795 | INFO     | bybit_edge.recorder.recording_engine | Subscribed to 2 topic(s): ['tickers.BTC', 'tickers.ETH']
2026-06-11 20:20:50.529 | INFO     | bybit_edge.recorder.recording_engine | Storage telemetry: {'cap_gb': 50.0, 'used_gb': 0.0014, 'used_pct': 0.0, 'total_bytes': 1527984, 'total_segments': 159, 'evictions': 0, 'bytes_evicted': 0, 'per_stream': {'premium_index_kline': {'bytes': 1527984, 'segments': 159}}}
2026-06-11 20:21:04.002 | WARNING  | bybit_edge.recorder.recording_engine | [option] connection lost (sent 1011 (internal error) keepalive ping timeout; no close frame received) — reconnecting in 1.0 s
2026-06-11 20:21:05.753 | INFO     | bybit_edge.recorder.recording_engine | [option] connected to wss://stream.bybit.com/v5/public/option
2026-06-11 20:21:05.753 | INFO     | bybit_edge.recorder.recording_engine | Subscribed to 2 topic(s): ['tickers.BTC', 'tickers.ETH']
2026-06-11 20:21:20.574 | INFO     | bybit_edge.recorder.recording_engine | Storage telemetry: {'cap_gb': 50.0, 'used_gb': 0.0014, 'used_pct': 0.0, 'total_bytes': 1527984, 'total_segments': 159, 'evictions': 0, 'bytes_evicted': 0, 'per_stream': {'premium_index_kline': {'bytes': 1527984, 'segments': 159}}}
2026-06-11 20:21:35.932 | WARNING  | bybit_edge.recorder.recording_engine | [option] connection lost (sent 1011 (internal error) keepalive ping timeout; no close frame received) — reconnecting in 1.0 s
2026-06-11 20:21:37.518 | INFO     | bybit_edge.recorder.recording_engine | [option] connected to wss://stream.bybit.com/v5/public/option
2026-06-11 20:21:37.518 | INFO     | bybit_edge.recorder.recording_engine | Subscribed to 2 topic(s): ['tickers.BTC', 'tickers.ETH']
2026-06-11 20:21:50.635 | INFO     | bybit_edge.recorder.recording_engine | Storage telemetry: {'cap_gb': 50.0, 'used_gb': 0.0014, 'used_pct': 0.0, 'total_bytes': 1537615, 'total_segments': 160, 'evictions': 0, 'bytes_evicted': 0, 'per_stream': {'premium_index_kline': {'bytes': 1537615, 'segments': 160}}}
2026-06-11 20:22:07.697 | WARNING  | bybit_edge.recorder.recording_engine | [option] connection lost (sent 1011 (internal error) keepalive ping timeout; no close frame received) — reconnecting in 1.0 s
2026-06-11 20:22:09.452 | INFO     | bybit_edge.recorder.recording_engine | [option] connected to wss://stream.bybit.com/v5/public/option
2026-06-11 20:22:09.453 | INFO     | bybit_edge.recorder.recording_engine | Subscribed to 2 topic(s): ['tickers.BTC', 'tickers.ETH']
2026-06-11 20:22:20.675 | INFO     | bybit_edge.recorder.recording_engine | Storage telemetry: {'cap_gb': 50.0, 'used_gb': 0.0014, 'used_pct': 0.0, 'total_bytes': 1537615, 'total_segments': 160, 'evictions': 0, 'bytes_evicted': 0, 'per_stream': {'premium_index_kline': {'bytes': 1537615, 'segments': 160}}}
2026-06-11 20:22:39.642 | WARNING  | bybit_edge.recorder.recording_engine | [option] connection lost (sent 1011 (internal error) keepalive ping timeout; no close frame received) — reconnecting in 1.0 s
2026-06-11 20:22:41.390 | INFO     | bybit_edge.recorder.recording_engine | [option] connected to wss://stream.bybit.com/v5/public/option
2026-06-11 20:22:41.390 | INFO     | bybit_edge.recorder.recording_engine | Subscribed to 2 topic(s): ['tickers.BTC', 'tickers.ETH']
2026-06-11 20:22:50.717 | INFO     | bybit_edge.recorder.recording_engine | Storage telemetry: {'cap_gb': 50.0, 'used_gb': 0.0014, 'used_pct': 0.0, 'total_bytes': 1547245, 'total_segments': 161, 'evictions': 0, 'bytes_evicted': 0, 'per_stream': {'premium_index_kline': {'bytes': 1547245, 'segments': 161}}}
2026-06-11 20:23:11.587 | WARNING  | bybit_edge.recorder.recording_engine | [option] connection lost (sent 1011 (internal error) keepalive ping timeout; no close frame received) — reconnecting in 1.0 s
2026-06-11 20:23:13.326 | INFO     | bybit_edge.recorder.recording_engine | [option] connected to wss://stream.bybit.com/v5/public/option
2026-06-11 20:23:13.326 | INFO     | bybit_edge.recorder.recording_engine | Subscribed to 2 topic(s): ['tickers.BTC', 'tickers.ETH']
2026-06-11 20:23:20.778 | INFO     | bybit_edge.recorder.recording_engine | Storage telemetry: {'cap_gb': 50.0, 'used_gb': 0.0014, 'used_pct': 0.0, 'total_bytes': 1547245, 'total_segments': 161, 'evictions': 0, 'bytes_evicted': 0, 'per_stream': {'premium_index_kline': {'bytes': 1547245, 'segments': 161}}}
2026-06-11 20:23:43.521 | WARNING  | bybit_edge.recorder.recording_engine | [option] connection lost (sent 1011 (internal error) keepalive ping timeout; no close frame received) — reconnecting in 1.0 s
2026-06-11 20:23:45.312 | INFO     | bybit_edge.recorder.recording_engine | [option] connected to wss://stream.bybit.com/v5/public/option
2026-06-11 20:23:45.312 | INFO     | bybit_edge.recorder.recording_engine | Subscribed to 2 topic(s): ['tickers.BTC', 'tickers.ETH']
2026-06-11 20:23:50.849 | INFO     | bybit_edge.recorder.recording_engine | Storage telemetry: {'cap_gb': 50.0, 'used_gb': 0.0014, 'used_pct': 0.0, 'total_bytes': 1556874, 'total_segments': 162, 'evictions': 0, 'bytes_evicted': 0, 'per_stream': {'premium_index_kline': {'bytes': 1556874, 'segments': 162}}}
2026-06-11 20:24:15.500 | WARNING  | bybit_edge.recorder.recording_engine | [option] connection lost (sent 1011 (internal error) keepalive ping timeout; no close frame received) — reconnecting in 1.0 s
2026-06-11 20:24:17.241 | INFO     | bybit_edge.recorder.recording_engine | [option] connected to wss://stream.bybit.com/v5/public/option
2026-06-11 20:24:17.241 | INFO     | bybit_edge.recorder.recording_engine | Subscribed to 2 topic(s): ['tickers.BTC', 'tickers.ETH']
2026-06-11 20:24:20.889 | INFO     | bybit_edge.recorder.recording_engine | Storage telemetry: {'cap_gb': 50.0, 'used_gb': 0.0014, 'used_pct': 0.0, 'total_bytes': 1556874, 'total_segments': 162, 'evictions': 0, 'bytes_evicted': 0, 'per_stream': {'premium_index_kline': {'bytes': 1556874, 'segments': 162}}}
2026-06-11 20:24:47.436 | WARNING  | bybit_edge.recorder.recording_engine | [option] connection lost (sent 1011 (internal error) keepalive ping timeout; no close frame received) — reconnecting in 1.0 s
2026-06-11 20:24:49.194 | INFO     | bybit_edge.recorder.recording_engine | [option] connected to wss://stream.bybit.com/v5/public/option
2026-06-11 20:24:49.195 | INFO     | bybit_edge.recorder.recording_engine | Subscribed to 2 topic(s): ['tickers.BTC', 'tickers.ETH']
2026-06-11 20:24:50.947 | INFO     | bybit_edge.recorder.recording_engine | Storage telemetry: {'cap_gb': 50.0, 'used_gb': 0.0015, 'used_pct': 0.0, 'total_bytes': 1566497, 'total_segments': 163, 'evictions': 0, 'bytes_evicted': 0, 'per_stream': {'premium_index_kline': {'bytes': 1566497, 'segments': 163}}}
2026-06-11 20:25:19.401 | WARNING  | bybit_edge.recorder.recording_engine | [option] connection lost (sent 1011 (internal error) keepalive ping timeout; no close frame received) — reconnecting in 1.0 s
2026-06-11 20:25:21.009 | INFO     | bybit_edge.recorder.recording_engine | Storage telemetry: {'cap_gb': 50.0, 'used_gb': 0.0015, 'used_pct': 0.0, 'total_bytes': 1566497, 'total_segments': 163, 'evictions': 0, 'bytes_evicted': 0, 'per_stream': {'premium_index_kline': {'bytes': 1566497, 'segments': 163}}}
2026-06-11 20:25:21.143 | INFO     | bybit_edge.recorder.recording_engine | [option] connected to wss://stream.bybit.com/v5/public/option
2026-06-11 20:25:21.144 | INFO     | bybit_edge.recorder.recording_engine | Subscribed to 2 topic(s): ['tickers.BTC', 'tickers.ETH']
2026-06-11 20:25:51.066 | INFO     | bybit_edge.recorder.recording_engine | Storage telemetry: {'cap_gb': 50.0, 'used_gb': 0.0015, 'used_pct': 0.0, 'total_bytes': 1576126, 'total_segments': 164, 'evictions': 0, 'bytes_evicted': 0, 'per_stream': {'premium_index_kline': {'bytes': 1576126, 'segments': 164}}}
2026-06-11 20:25:51.335 | WARNING  | bybit_edge.recorder.recording_engine | [option] connection lost (sent 1011 (internal error) keepalive ping timeout; no close frame received) — reconnecting in 1.0 s
2026-06-11 20:25:53.080 | INFO     | bybit_edge.recorder.recording_engine | [option] connected to wss://stream.bybit.com/v5/public/option
2026-06-11 20:25:53.080 | INFO     | bybit_edge.recorder.recording_engine | Subscribed to 2 topic(s): ['tickers.BTC', 'tickers.ETH']
2026-06-11 20:26:21.151 | INFO     | bybit_edge.recorder.recording_engine | Storage telemetry: {'cap_gb': 50.0, 'used_gb': 0.0015, 'used_pct': 0.0, 'total_bytes': 1576126, 'total_segments': 164, 'evictions': 0, 'bytes_evicted': 0, 'per_stream': {'premium_index_kline': {'bytes': 1576126, 'segments': 164}}}
2026-06-11 20:26:23.285 | WARNING  | bybit_edge.recorder.recording_engine | [option] connection lost (sent 1011 (internal error) keepalive ping timeout; no close frame received) — reconnecting in 1.0 s
2026-06-11 20:26:25.030 | INFO     | bybit_edge.recorder.recording_engine | [option] connected to wss://stream.bybit.com/v5/public/option
2026-06-11 20:26:25.031 | INFO     | bybit_edge.recorder.recording_engine | Subscribed to 2 topic(s): ['tickers.BTC', 'tickers.ETH']
2026-06-11 20:26:51.211 | INFO     | bybit_edge.recorder.recording_engine | Storage telemetry: {'cap_gb': 50.0, 'used_gb': 0.0015, 'used_pct': 0.0, 'total_bytes': 1585752, 'total_segments': 165, 'evictions': 0, 'bytes_evicted': 0, 'per_stream': {'premium_index_kline': {'bytes': 1585752, 'segments': 165}}}
2026-06-11 20:26:55.223 | WARNING  | bybit_edge.recorder.recording_engine | [option] connection lost (sent 1011 (internal error) keepalive ping timeout; no close frame received) — reconnecting in 1.0 s
2026-06-11 20:26:56.977 | INFO     | bybit_edge.recorder.recording_engine | [option] connected to wss://stream.bybit.com/v5/public/option
2026-06-11 20:26:56.977 | INFO     | bybit_edge.recorder.recording_engine | Subscribed to 2 topic(s): ['tickers.BTC', 'tickers.ETH']
2026-06-11 20:27:21.260 | INFO     | bybit_edge.recorder.recording_engine | Storage telemetry: {'cap_gb': 50.0, 'used_gb': 0.0015, 'used_pct': 0.0, 'total_bytes': 1585752, 'total_segments': 165, 'evictions': 0, 'bytes_evicted': 0, 'per_stream': {'premium_index_kline': {'bytes': 1585752, 'segments': 165}}}
2026-06-11 20:27:27.180 | WARNING  | bybit_edge.recorder.recording_engine | [option] connection lost (sent 1011 (internal error) keepalive ping timeout; no close frame received) — reconnecting in 1.0 s
2026-06-11 20:27:28.917 | INFO     | bybit_edge.recorder.recording_engine | [option] connected to wss://stream.bybit.com/v5/public/option
2026-06-11 20:27:28.918 | INFO     | bybit_edge.recorder.recording_engine | Subscribed to 2 topic(s): ['tickers.BTC', 'tickers.ETH']
2026-06-11 20:27:51.311 | INFO     | bybit_edge.recorder.recording_engine | Storage telemetry: {'cap_gb': 50.0, 'used_gb': 0.0015, 'used_pct': 0.0, 'total_bytes': 1595387, 'total_segments': 166, 'evictions': 0, 'bytes_evicted': 0, 'per_stream': {'premium_index_kline': {'bytes': 1595387, 'segments': 166}}}
2026-06-11 20:27:59.112 | WARNING  | bybit_edge.recorder.recording_engine | [option] connection lost (sent 1011 (internal error) keepalive ping timeout; no close frame received) — reconnecting in 1.0 s
2026-06-11 20:28:00.878 | INFO     | bybit_edge.recorder.recording_engine | [option] connected to wss://stream.bybit.com/v5/public/option
2026-06-11 20:28:00.878 | INFO     | bybit_edge.recorder.recording_engine | Subscribed to 2 topic(s): ['tickers.BTC', 'tickers.ETH']
2026-06-11 20:28:21.365 | INFO     | bybit_edge.recorder.recording_engine | Storage telemetry: {'cap_gb': 50.0, 'used_gb': 0.0015, 'used_pct': 0.0, 'total_bytes': 1595387, 'total_segments': 166, 'evictions': 0, 'bytes_evicted': 0, 'per_stream': {'premium_index_kline': {'bytes': 1595387, 'segments': 166}}}
2026-06-11 20:28:31.052 | WARNING  | bybit_edge.recorder.recording_engine | [option] connection lost (sent 1011 (internal error) keepalive ping timeout; no close frame received) — reconnecting in 1.0 s
2026-06-11 20:28:32.838 | INFO     | bybit_edge.recorder.recording_engine | [option] connected to wss://stream.bybit.com/v5/public/option
2026-06-11 20:28:32.838 | INFO     | bybit_edge.recorder.recording_engine | Subscribed to 2 topic(s): ['tickers.BTC', 'tickers.ETH']
2026-06-11 20:28:51.419 | INFO     | bybit_edge.recorder.recording_engine | Storage telemetry: {'cap_gb': 50.0, 'used_gb': 0.0015, 'used_pct': 0.0, 'total_bytes': 1605029, 'total_segments': 167, 'evictions': 0, 'bytes_evicted': 0, 'per_stream': {'premium_index_kline': {'bytes': 1605029, 'segments': 167}}}
2026-06-11 20:29:03.042 | WARNING  | bybit_edge.recorder.recording_engine | [option] connection lost (sent 1011 (internal error) keepalive ping timeout; no close frame received) — reconnecting in 1.0 s
2026-06-11 20:29:04.810 | INFO     | bybit_edge.recorder.recording_engine | [option] connected to wss://stream.bybit.com/v5/public/option
2026-06-11 20:29:04.811 | INFO     | bybit_edge.recorder.recording_engine | Subscribed to 2 topic(s): ['tickers.BTC', 'tickers.ETH']
2026-06-11 20:29:21.482 | INFO     | bybit_edge.recorder.recording_engine | Storage telemetry: {'cap_gb': 50.0, 'used_gb': 0.0015, 'used_pct': 0.0, 'total_bytes': 1605029, 'total_segments': 167, 'evictions': 0, 'bytes_evicted': 0, 'per_stream': {'premium_index_kline': {'bytes': 1605029, 'segments': 167}}}
2026-06-11 20:29:35.003 | WARNING  | bybit_edge.recorder.recording_engine | [option] connection lost (sent 1011 (internal error) keepalive ping timeout; no close frame received) — reconnecting in 1.0 s
2026-06-11 20:29:36.768 | INFO     | bybit_edge.recorder.recording_engine | [option] connected to wss://stream.bybit.com/v5/public/option
2026-06-11 20:29:36.768 | INFO     | bybit_edge.recorder.recording_engine | Subscribed to 2 topic(s): ['tickers.BTC', 'tickers.ETH']
2026-06-11 20:29:51.549 | INFO     | bybit_edge.recorder.recording_engine | Storage telemetry: {'cap_gb': 50.0, 'used_gb': 0.0015, 'used_pct': 0.0, 'total_bytes': 1614669, 'total_segments': 168, 'evictions': 0, 'bytes_evicted': 0, 'per_stream': {'premium_index_kline': {'bytes': 1614669, 'segments': 168}}}
2026-06-11 20:30:06.961 | WARNING  | bybit_edge.recorder.recording_engine | [option] connection lost (sent 1011 (internal error) keepalive ping timeout; no close frame received) — reconnecting in 1.0 s
2026-06-11 20:30:08.701 | INFO     | bybit_edge.recorder.recording_engine | [option] connected to wss://stream.bybit.com/v5/public/option
2026-06-11 20:30:08.701 | INFO     | bybit_edge.recorder.recording_engine | Subscribed to 2 topic(s): ['tickers.BTC', 'tickers.ETH']
2026-06-11 20:30:21.608 | INFO     | bybit_edge.recorder.recording_engine | Storage telemetry: {'cap_gb': 50.0, 'used_gb': 0.0015, 'used_pct': 0.0, 'total_bytes': 1614669, 'total_segments': 168, 'evictions': 0, 'bytes_evicted': 0, 'per_stream': {'premium_index_kline': {'bytes': 1614669, 'segments': 168}}}
2026-06-11 20:30:38.953 | WARNING  | bybit_edge.recorder.recording_engine | [option] connection lost (sent 1011 (internal error) keepalive ping timeout; no close frame received) — reconnecting in 1.0 s
2026-06-11 20:30:40.707 | INFO     | bybit_edge.recorder.recording_engine | [option] connected to wss://stream.bybit.com/v5/public/option
2026-06-11 20:30:40.708 | INFO     | bybit_edge.recorder.recording_engine | Subscribed to 2 topic(s): ['tickers.BTC', 'tickers.ETH']
2026-06-11 20:30:51.660 | INFO     | bybit_edge.recorder.recording_engine | Storage telemetry: {'cap_gb': 50.0, 'used_gb': 0.0015, 'used_pct': 0.0, 'total_bytes': 1624307, 'total_segments': 169, 'evictions': 0, 'bytes_evicted': 0, 'per_stream': {'premium_index_kline': {'bytes': 1624307, 'segments': 169}}}
2026-06-11 20:31:10.895 | WARNING  | bybit_edge.recorder.recording_engine | [option] connection lost (sent 1011 (internal error) keepalive ping timeout; no close frame received) — reconnecting in 1.0 s
2026-06-11 20:31:12.669 | INFO     | bybit_edge.recorder.recording_engine | [option] connected to wss://stream.bybit.com/v5/public/option
2026-06-11 20:31:12.669 | INFO     | bybit_edge.recorder.recording_engine | Subscribed to 2 topic(s): ['tickers.BTC', 'tickers.ETH']
2026-06-11 20:31:21.724 | INFO     | bybit_edge.recorder.recording_engine | Storage telemetry: {'cap_gb': 50.0, 'used_gb': 0.0015, 'used_pct': 0.0, 'total_bytes': 1624307, 'total_segments': 169, 'evictions': 0, 'bytes_evicted': 0, 'per_stream': {'premium_index_kline': {'bytes': 1624307, 'segments': 169}}}
2026-06-11 20:31:42.902 | WARNING  | bybit_edge.recorder.recording_engine | [option] connection lost (sent 1011 (internal error) keepalive ping timeout; no close frame received) — reconnecting in 1.0 s
2026-06-11 20:31:44.657 | INFO     | bybit_edge.recorder.recording_engine | [option] connected to wss://stream.bybit.com/v5/public/option
2026-06-11 20:31:44.657 | INFO     | bybit_edge.recorder.recording_engine | Subscribed to 2 topic(s): ['tickers.BTC', 'tickers.ETH']
2026-06-11 20:31:51.787 | INFO     | bybit_edge.recorder.recording_engine | Storage telemetry: {'cap_gb': 50.0, 'used_gb': 0.0015, 'used_pct': 0.0, 'total_bytes': 1633940, 'total_segments': 170, 'evictions': 0, 'bytes_evicted': 0, 'per_stream': {'premium_index_kline': {'bytes': 1633940, 'segments': 170}}}
2026-06-11 20:32:14.893 | WARNING  | bybit_edge.recorder.recording_engine | [option] connection lost (sent 1011 (internal error) keepalive ping timeout; no close frame received) — reconnecting in 1.0 s
2026-06-11 20:32:16.633 | INFO     | bybit_edge.recorder.recording_engine | [option] connected to wss://stream.bybit.com/v5/public/option
2026-06-11 20:32:16.633 | INFO     | bybit_edge.recorder.recording_engine | Subscribed to 2 topic(s): ['tickers.BTC', 'tickers.ETH']
2026-06-11 20:32:21.848 | INFO     | bybit_edge.recorder.recording_engine | Storage telemetry: {'cap_gb': 50.0, 'used_gb': 0.0015, 'used_pct': 0.0, 'total_bytes': 1633940, 'total_segments': 170, 'evictions': 0, 'bytes_evicted': 0, 'per_stream': {'premium_index_kline': {'bytes': 1633940, 'segments': 170}}}
2026-06-11 20:32:46.835 | WARNING  | bybit_edge.recorder.recording_engine | [option] connection lost (sent 1011 (internal error) keepalive ping timeout; no close frame received) — reconnecting in 1.0 s
2026-06-11 20:32:48.571 | INFO     | bybit_edge.recorder.recording_engine | [option] connected to wss://stream.bybit.com/v5/public/option
2026-06-11 20:32:48.572 | INFO     | bybit_edge.recorder.recording_engine | Subscribed to 2 topic(s): ['tickers.BTC', 'tickers.ETH']
2026-06-11 20:32:51.916 | INFO     | bybit_edge.recorder.recording_engine | Storage telemetry: {'cap_gb': 50.0, 'used_gb': 0.0015, 'used_pct': 0.0, 'total_bytes': 1643586, 'total_segments': 171, 'evictions': 0, 'bytes_evicted': 0, 'per_stream': {'premium_index_kline': {'bytes': 1643586, 'segments': 171}}}
2026-06-11 20:33:18.774 | WARNING  | bybit_edge.recorder.recording_engine | [option] connection lost (sent 1011 (internal error) keepalive ping timeout; no close frame received) — reconnecting in 1.0 s
2026-06-11 20:33:20.516 | INFO     | bybit_edge.recorder.recording_engine | [option] connected to wss://stream.bybit.com/v5/public/option
2026-06-11 20:33:20.517 | INFO     | bybit_edge.recorder.recording_engine | Subscribed to 2 topic(s): ['tickers.BTC', 'tickers.ETH']
2026-06-11 20:33:21.965 | INFO     | bybit_edge.recorder.recording_engine | Storage telemetry: {'cap_gb': 50.0, 'used_gb': 0.0015, 'used_pct': 0.0, 'total_bytes': 1643586, 'total_segments': 171, 'evictions': 0, 'bytes_evicted': 0, 'per_stream': {'premium_index_kline': {'bytes': 1643586, 'segments': 171}}}
2026-06-11 20:33:50.709 | WARNING  | bybit_edge.recorder.recording_engine | [option] connection lost (sent 1011 (internal error) keepalive ping timeout; no close frame received) — reconnecting in 1.0 s
2026-06-11 20:33:52.036 | INFO     | bybit_edge.recorder.recording_engine | Storage telemetry: {'cap_gb': 50.0, 'used_gb': 0.0015, 'used_pct': 0.0, 'total_bytes': 1653226, 'total_segments': 172, 'evictions': 0, 'bytes_evicted': 0, 'per_stream': {'premium_index_kline': {'bytes': 1653226, 'segments': 172}}}
2026-06-11 20:33:52.447 | INFO     | bybit_edge.recorder.recording_engine | [option] connected to wss://stream.bybit.com/v5/public/option
2026-06-11 20:33:52.447 | INFO     | bybit_edge.recorder.recording_engine | Subscribed to 2 topic(s): ['tickers.BTC', 'tickers.ETH']
2026-06-11 20:34:22.102 | INFO     | bybit_edge.recorder.recording_engine | Storage telemetry: {'cap_gb': 50.0, 'used_gb': 0.0015, 'used_pct': 0.0, 'total_bytes': 1653226, 'total_segments': 172, 'evictions': 0, 'bytes_evicted': 0, 'per_stream': {'premium_index_kline': {'bytes': 1653226, 'segments': 172}}}
2026-06-11 20:34:22.646 | WARNING  | bybit_edge.recorder.recording_engine | [option] connection lost (sent 1011 (internal error) keepalive ping timeout; no close frame received) — reconnecting in 1.0 s
2026-06-11 20:34:24.418 | INFO     | bybit_edge.recorder.recording_engine | [option] connected to wss://stream.bybit.com/v5/public/option
2026-06-11 20:34:24.419 | INFO     | bybit_edge.recorder.recording_engine | Subscribed to 2 topic(s): ['tickers.BTC', 'tickers.ETH']
2026-06-11 20:34:52.149 | INFO     | bybit_edge.recorder.recording_engine | Storage telemetry: {'cap_gb': 50.0, 'used_gb': 0.0015, 'used_pct': 0.0, 'total_bytes': 1662855, 'total_segments': 173, 'evictions': 0, 'bytes_evicted': 0, 'per_stream': {'premium_index_kline': {'bytes': 1662855, 'segments': 173}}}
2026-06-11 20:34:54.633 | WARNING  | bybit_edge.recorder.recording_engine | [option] connection lost (sent 1011 (internal error) keepalive ping timeout; no close frame received) — reconnecting in 1.0 s
2026-06-11 20:34:56.389 | INFO     | bybit_edge.recorder.recording_engine | [option] connected to wss://stream.bybit.com/v5/public/option
2026-06-11 20:34:56.390 | INFO     | bybit_edge.recorder.recording_engine | Subscribed to 2 topic(s): ['tickers.BTC', 'tickers.ETH']
2026-06-11 20:35:22.212 | INFO     | bybit_edge.recorder.recording_engine | Storage telemetry: {'cap_gb': 50.0, 'used_gb': 0.0015, 'used_pct': 0.0, 'total_bytes': 1662855, 'total_segments': 173, 'evictions': 0, 'bytes_evicted': 0, 'per_stream': {'premium_index_kline': {'bytes': 1662855, 'segments': 173}}}
2026-06-11 20:35:26.589 | WARNING  | bybit_edge.recorder.recording_engine | [option] connection lost (sent 1011 (internal error) keepalive ping timeout; no close frame received) — reconnecting in 1.0 s
2026-06-11 20:35:28.337 | INFO     | bybit_edge.recorder.recording_engine | [option] connected to wss://stream.bybit.com/v5/public/option
2026-06-11 20:35:28.338 | INFO     | bybit_edge.recorder.recording_engine | Subscribed to 2 topic(s): ['tickers.BTC', 'tickers.ETH']
2026-06-11 20:35:52.260 | INFO     | bybit_edge.recorder.recording_engine | Storage telemetry: {'cap_gb': 50.0, 'used_gb': 0.0016, 'used_pct': 0.0, 'total_bytes': 1672492, 'total_segments': 174, 'evictions': 0, 'bytes_evicted': 0, 'per_stream': {'premium_index_kline': {'bytes': 1672492, 'segments': 174}}}
2026-06-11 20:35:58.523 | WARNING  | bybit_edge.recorder.recording_engine | [option] connection lost (sent 1011 (internal error) keepalive ping timeout; no close frame received) — reconnecting in 1.0 s
2026-06-11 20:36:00.267 | INFO     | bybit_edge.recorder.recording_engine | [option] connected to wss://stream.bybit.com/v5/public/option
2026-06-11 20:36:00.267 | INFO     | bybit_edge.recorder.recording_engine | Subscribed to 2 topic(s): ['tickers.BTC', 'tickers.ETH']
2026-06-11 20:36:22.335 | INFO     | bybit_edge.recorder.recording_engine | Storage telemetry: {'cap_gb': 50.0, 'used_gb': 0.0016, 'used_pct': 0.0, 'total_bytes': 1672492, 'total_segments': 174, 'evictions': 0, 'bytes_evicted': 0, 'per_stream': {'premium_index_kline': {'bytes': 1672492, 'segments': 174}}}
2026-06-11 20:36:30.455 | WARNING  | bybit_edge.recorder.recording_engine | [option] connection lost (sent 1011 (internal error) keepalive ping timeout; no close frame received) — reconnecting in 1.0 s
2026-06-11 20:36:32.227 | INFO     | bybit_edge.recorder.recording_engine | [option] connected to wss://stream.bybit.com/v5/public/option
2026-06-11 20:36:32.228 | INFO     | bybit_edge.recorder.recording_engine | Subscribed to 2 topic(s): ['tickers.BTC', 'tickers.ETH']
2026-06-11 20:36:52.400 | INFO     | bybit_edge.recorder.recording_engine | Storage telemetry: {'cap_gb': 50.0, 'used_gb': 0.0016, 'used_pct': 0.0, 'total_bytes': 1682121, 'total_segments': 175, 'evictions': 0, 'bytes_evicted': 0, 'per_stream': {'premium_index_kline': {'bytes': 1682121, 'segments': 175}}}
2026-06-11 20:37:02.406 | WARNING  | bybit_edge.recorder.recording_engine | [option] connection lost (sent 1011 (internal error) keepalive ping timeout; no close frame received) — reconnecting in 1.0 s
2026-06-11 20:37:04.154 | INFO     | bybit_edge.recorder.recording_engine | [option] connected to wss://stream.bybit.com/v5/public/option
2026-06-11 20:37:04.154 | INFO     | bybit_edge.recorder.recording_engine | Subscribed to 2 topic(s): ['tickers.BTC', 'tickers.ETH']
2026-06-11 20:37:22.450 | INFO     | bybit_edge.recorder.recording_engine | Storage telemetry: {'cap_gb': 50.0, 'used_gb': 0.0016, 'used_pct': 0.0, 'total_bytes': 1682121, 'total_segments': 175, 'evictions': 0, 'bytes_evicted': 0, 'per_stream': {'premium_index_kline': {'bytes': 1682121, 'segments': 175}}}
2026-06-11 20:37:34.398 | WARNING  | bybit_edge.recorder.recording_engine | [option] connection lost (sent 1011 (internal error) keepalive ping timeout; no close frame received) — reconnecting in 1.0 s
2026-06-11 20:37:36.176 | INFO     | bybit_edge.recorder.recording_engine | [option] connected to wss://stream.bybit.com/v5/public/option
2026-06-11 20:37:36.176 | INFO     | bybit_edge.recorder.recording_engine | Subscribed to 2 topic(s): ['tickers.BTC', 'tickers.ETH']
2026-06-11 20:37:52.523 | INFO     | bybit_edge.recorder.recording_engine | Storage telemetry: {'cap_gb': 50.0, 'used_gb': 0.0016, 'used_pct': 0.0, 'total_bytes': 1691758, 'total_segments': 176, 'evictions': 0, 'bytes_evicted': 0, 'per_stream': {'premium_index_kline': {'bytes': 1691758, 'segments': 176}}}
2026-06-11 20:38:06.433 | WARNING  | bybit_edge.recorder.recording_engine | [option] connection lost (sent 1011 (internal error) keepalive ping timeout; no close frame received) — reconnecting in 1.0 s
2026-06-11 20:38:08.183 | INFO     | bybit_edge.recorder.recording_engine | [option] connected to wss://stream.bybit.com/v5/public/option
2026-06-11 20:38:08.184 | INFO     | bybit_edge.recorder.recording_engine | Subscribed to 2 topic(s): ['tickers.BTC', 'tickers.ETH']
2026-06-11 20:38:22.577 | INFO     | bybit_edge.recorder.recording_engine | Storage telemetry: {'cap_gb': 50.0, 'used_gb': 0.0016, 'used_pct': 0.0, 'total_bytes': 1691758, 'total_segments': 176, 'evictions': 0, 'bytes_evicted': 0, 'per_stream': {'premium_index_kline': {'bytes': 1691758, 'segments': 176}}}
2026-06-11 20:38:38.353 | WARNING  | bybit_edge.recorder.recording_engine | [option] connection lost (sent 1011 (internal error) keepalive ping timeout; no close frame received) — reconnecting in 1.0 s
2026-06-11 20:38:40.100 | INFO     | bybit_edge.recorder.recording_engine | [option] connected to wss://stream.bybit.com/v5/public/option
2026-06-11 20:38:40.100 | INFO     | bybit_edge.recorder.recording_engine | Subscribed to 2 topic(s): ['tickers.BTC', 'tickers.ETH']
2026-06-11 20:38:52.648 | INFO     | bybit_edge.recorder.recording_engine | Storage telemetry: {'cap_gb': 50.0, 'used_gb': 0.0016, 'used_pct': 0.0, 'total_bytes': 1701406, 'total_segments': 177, 'evictions': 0, 'bytes_evicted': 0, 'per_stream': {'premium_index_kline': {'bytes': 1701406, 'segments': 177}}}
2026-06-11 20:39:10.306 | WARNING  | bybit_edge.recorder.recording_engine | [option] connection lost (sent 1011 (internal error) keepalive ping timeout; no close frame received) — reconnecting in 1.0 s
2026-06-11 20:39:12.090 | INFO     | bybit_edge.recorder.recording_engine | [option] connected to wss://stream.bybit.com/v5/public/option
2026-06-11 20:39:12.091 | INFO     | bybit_edge.recorder.recording_engine | Subscribed to 2 topic(s): ['tickers.BTC', 'tickers.ETH']
2026-06-11 20:39:22.719 | INFO     | bybit_edge.recorder.recording_engine | Storage telemetry: {'cap_gb': 50.0, 'used_gb': 0.0016, 'used_pct': 0.0, 'total_bytes': 1701406, 'total_segments': 177, 'evictions': 0, 'bytes_evicted': 0, 'per_stream': {'premium_index_kline': {'bytes': 1701406, 'segments': 177}}}
2026-06-11 20:39:42.273 | WARNING  | bybit_edge.recorder.recording_engine | [option] connection lost (sent 1011 (internal error) keepalive ping timeout; no close frame received) — reconnecting in 1.0 s
2026-06-11 20:39:44.066 | INFO     | bybit_edge.recorder.recording_engine | [option] connected to wss://stream.bybit.com/v5/public/option
2026-06-11 20:39:44.066 | INFO     | bybit_edge.recorder.recording_engine | Subscribed to 2 topic(s): ['tickers.BTC', 'tickers.ETH']
2026-06-11 20:39:52.781 | INFO     | bybit_edge.recorder.recording_engine | Storage telemetry: {'cap_gb': 50.0, 'used_gb': 0.0016, 'used_pct': 0.0, 'total_bytes': 1711050, 'total_segments': 178, 'evictions': 0, 'bytes_evicted': 0, 'per_stream': {'premium_index_kline': {'bytes': 1711050, 'segments': 178}}}
2026-06-11 20:40:14.247 | WARNING  | bybit_edge.recorder.recording_engine | [option] connection lost (sent 1011 (internal error) keepalive ping timeout; no close frame received) — reconnecting in 1.0 s
2026-06-11 20:40:15.991 | INFO     | bybit_edge.recorder.recording_engine | [option] connected to wss://stream.bybit.com/v5/public/option
2026-06-11 20:40:15.992 | INFO     | bybit_edge.recorder.recording_engine | Subscribed to 2 topic(s): ['tickers.BTC', 'tickers.ETH']
2026-06-11 20:40:22.858 | INFO     | bybit_edge.recorder.recording_engine | Storage telemetry: {'cap_gb': 50.0, 'used_gb': 0.0016, 'used_pct': 0.0, 'total_bytes': 1711050, 'total_segments': 178, 'evictions': 0, 'bytes_evicted': 0, 'per_stream': {'premium_index_kline': {'bytes': 1711050, 'segments': 178}}}
2026-06-11 20:40:46.202 | WARNING  | bybit_edge.recorder.recording_engine | [option] connection lost (sent 1011 (internal error) keepalive ping timeout; no close frame received) — reconnecting in 1.0 s
2026-06-11 20:40:47.954 | INFO     | bybit_edge.recorder.recording_engine | [option] connected to wss://stream.bybit.com/v5/public/option
2026-06-11 20:40:47.956 | INFO     | bybit_edge.recorder.recording_engine | Subscribed to 2 topic(s): ['tickers.BTC', 'tickers.ETH']
2026-06-11 20:40:52.940 | INFO     | bybit_edge.recorder.recording_engine | Storage telemetry: {'cap_gb': 50.0, 'used_gb': 0.0016, 'used_pct': 0.0, 'total_bytes': 1720695, 'total_segments': 179, 'evictions': 0, 'bytes_evicted': 0, 'per_stream': {'premium_index_kline': {'bytes': 1720695, 'segments': 179}}}
2026-06-11 20:41:18.147 | WARNING  | bybit_edge.recorder.recording_engine | [option] connection lost (sent 1011 (internal error) keepalive ping timeout; no close frame received) — reconnecting in 1.0 s
2026-06-11 20:41:19.893 | INFO     | bybit_edge.recorder.recording_engine | [option] connected to wss://stream.bybit.com/v5/public/option
2026-06-11 20:41:19.893 | INFO     | bybit_edge.recorder.recording_engine | Subscribed to 2 topic(s): ['tickers.BTC', 'tickers.ETH']
2026-06-11 20:41:23.003 | INFO     | bybit_edge.recorder.recording_engine | Storage telemetry: {'cap_gb': 50.0, 'used_gb': 0.0016, 'used_pct': 0.0, 'total_bytes': 1720695, 'total_segments': 179, 'evictions': 0, 'bytes_evicted': 0, 'per_stream': {'premium_index_kline': {'bytes': 1720695, 'segments': 179}}}
2026-06-11 20:41:50.091 | WARNING  | bybit_edge.recorder.recording_engine | [option] connection lost (sent 1011 (internal error) keepalive ping timeout; no close frame received) — reconnecting in 1.0 s
2026-06-11 20:41:51.855 | INFO     | bybit_edge.recorder.recording_engine | [option] connected to wss://stream.bybit.com/v5/public/option
2026-06-11 20:41:51.855 | INFO     | bybit_edge.recorder.recording_engine | Subscribed to 2 topic(s): ['tickers.BTC', 'tickers.ETH']
2026-06-11 20:41:53.053 | INFO     | bybit_edge.recorder.recording_engine | Storage telemetry: {'cap_gb': 50.0, 'used_gb': 0.0016, 'used_pct': 0.0, 'total_bytes': 1730341, 'total_segments': 180, 'evictions': 0, 'bytes_evicted': 0, 'per_stream': {'premium_index_kline': {'bytes': 1730341, 'segments': 180}}}
2026-06-11 20:42:22.065 | WARNING  | bybit_edge.recorder.recording_engine | [option] connection lost (sent 1011 (internal error) keepalive ping timeout; no close frame received) — reconnecting in 1.0 s
2026-06-11 20:42:23.106 | INFO     | bybit_edge.recorder.recording_engine | Storage telemetry: {'cap_gb': 50.0, 'used_gb': 0.0016, 'used_pct': 0.0, 'total_bytes': 1730341, 'total_segments': 180, 'evictions': 0, 'bytes_evicted': 0, 'per_stream': {'premium_index_kline': {'bytes': 1730341, 'segments': 180}}}
2026-06-11 20:42:23.882 | INFO     | bybit_edge.recorder.recording_engine | [option] connected to wss://stream.bybit.com/v5/public/option
2026-06-11 20:42:23.883 | INFO     | bybit_edge.recorder.recording_engine | Subscribed to 2 topic(s): ['tickers.BTC', 'tickers.ETH']
2026-06-11 20:42:53.165 | INFO     | bybit_edge.recorder.recording_engine | Storage telemetry: {'cap_gb': 50.0, 'used_gb': 0.0016, 'used_pct': 0.0, 'total_bytes': 1739988, 'total_segments': 181, 'evictions': 0, 'bytes_evicted': 0, 'per_stream': {'premium_index_kline': {'bytes': 1739988, 'segments': 181}}}
2026-06-11 20:42:54.072 | WARNING  | bybit_edge.recorder.recording_engine | [option] connection lost (sent 1011 (internal error) keepalive ping timeout; no close frame received) — reconnecting in 1.0 s
2026-06-11 20:42:55.815 | INFO     | bybit_edge.recorder.recording_engine | [option] connected to wss://stream.bybit.com/v5/public/option
2026-06-11 20:42:55.815 | INFO     | bybit_edge.recorder.recording_engine | Subscribed to 2 topic(s): ['tickers.BTC', 'tickers.ETH']
2026-06-11 20:43:23.224 | INFO     | bybit_edge.recorder.recording_engine | Storage telemetry: {'cap_gb': 50.0, 'used_gb': 0.0016, 'used_pct': 0.0, 'total_bytes': 1739988, 'total_segments': 181, 'evictions': 0, 'bytes_evicted': 0, 'per_stream': {'premium_index_kline': {'bytes': 1739988, 'segments': 181}}}
2026-06-11 20:43:26.012 | WARNING  | bybit_edge.recorder.recording_engine | [option] connection lost (sent 1011 (internal error) keepalive ping timeout; no close frame received) — reconnecting in 1.0 s
2026-06-11 20:43:27.756 | INFO     | bybit_edge.recorder.recording_engine | [option] connected to wss://stream.bybit.com/v5/public/option
2026-06-11 20:43:27.757 | INFO     | bybit_edge.recorder.recording_engine | Subscribed to 2 topic(s): ['tickers.BTC', 'tickers.ETH']
2026-06-11 20:43:53.293 | INFO     | bybit_edge.recorder.recording_engine | Storage telemetry: {'cap_gb': 50.0, 'used_gb': 0.0016, 'used_pct': 0.0, 'total_bytes': 1749634, 'total_segments': 182, 'evictions': 0, 'bytes_evicted': 0, 'per_stream': {'premium_index_kline': {'bytes': 1749634, 'segments': 182}}}
2026-06-11 20:43:57.999 | WARNING  | bybit_edge.recorder.recording_engine | [option] connection lost (sent 1011 (internal error) keepalive ping timeout; no close frame received) — reconnecting in 1.0 s
2026-06-11 20:43:59.739 | INFO     | bybit_edge.recorder.recording_engine | [option] connected to wss://stream.bybit.com/v5/public/option
2026-06-11 20:43:59.739 | INFO     | bybit_edge.recorder.recording_engine | Subscribed to 2 topic(s): ['tickers.BTC', 'tickers.ETH']
2026-06-11 20:44:23.353 | INFO     | bybit_edge.recorder.recording_engine | Storage telemetry: {'cap_gb': 50.0, 'used_gb': 0.0016, 'used_pct': 0.0, 'total_bytes': 1749634, 'total_segments': 182, 'evictions': 0, 'bytes_evicted': 0, 'per_stream': {'premium_index_kline': {'bytes': 1749634, 'segments': 182}}}
2026-06-11 20:44:29.932 | WARNING  | bybit_edge.recorder.recording_engine | [option] connection lost (sent 1011 (internal error) keepalive ping timeout; no close frame received) — reconnecting in 1.0 s
2026-06-11 20:44:31.675 | INFO     | bybit_edge.recorder.recording_engine | [option] connected to wss://stream.bybit.com/v5/public/option
2026-06-11 20:44:31.675 | INFO     | bybit_edge.recorder.recording_engine | Subscribed to 2 topic(s): ['tickers.BTC', 'tickers.ETH']
2026-06-11 20:44:53.418 | INFO     | bybit_edge.recorder.recording_engine | Storage telemetry: {'cap_gb': 50.0, 'used_gb': 0.0016, 'used_pct': 0.0, 'total_bytes': 1759274, 'total_segments': 183, 'evictions': 0, 'bytes_evicted': 0, 'per_stream': {'premium_index_kline': {'bytes': 1759274, 'segments': 183}}}
2026-06-11 20:45:01.879 | WARNING  | bybit_edge.recorder.recording_engine | [option] connection lost (sent 1011 (internal error) keepalive ping timeout; no close frame received) — reconnecting in 1.0 s
2026-06-11 20:45:03.681 | INFO     | bybit_edge.recorder.recording_engine | [option] connected to wss://stream.bybit.com/v5/public/option
2026-06-11 20:45:03.681 | INFO     | bybit_edge.recorder.recording_engine | Subscribed to 2 topic(s): ['tickers.BTC', 'tickers.ETH']
2026-06-11 20:45:23.483 | INFO     | bybit_edge.recorder.recording_engine | Storage telemetry: {'cap_gb': 50.0, 'used_gb': 0.0016, 'used_pct': 0.0, 'total_bytes': 1759274, 'total_segments': 183, 'evictions': 0, 'bytes_evicted': 0, 'per_stream': {'premium_index_kline': {'bytes': 1759274, 'segments': 183}}}
2026-06-11 20:45:33.893 | WARNING  | bybit_edge.recorder.recording_engine | [option] connection lost (sent 1011 (internal error) keepalive ping timeout; no close frame received) — reconnecting in 1.0 s
2026-06-11 20:45:35.637 | INFO     | bybit_edge.recorder.recording_engine | [option] connected to wss://stream.bybit.com/v5/public/option
2026-06-11 20:45:35.638 | INFO     | bybit_edge.recorder.recording_engine | Subscribed to 2 topic(s): ['tickers.BTC', 'tickers.ETH']
2026-06-11 20:45:53.528 | INFO     | bybit_edge.recorder.recording_engine | Storage telemetry: {'cap_gb': 50.0, 'used_gb': 0.0016, 'used_pct': 0.0, 'total_bytes': 1768924, 'total_segments': 184, 'evictions': 0, 'bytes_evicted': 0, 'per_stream': {'premium_index_kline': {'bytes': 1768924, 'segments': 184}}}
2026-06-11 20:46:05.866 | WARNING  | bybit_edge.recorder.recording_engine | [option] connection lost (sent 1011 (internal error) keepalive ping timeout; no close frame received) — reconnecting in 1.0 s
2026-06-11 20:46:07.632 | INFO     | bybit_edge.recorder.recording_engine | [option] connected to wss://stream.bybit.com/v5/public/option
2026-06-11 20:46:07.633 | INFO     | bybit_edge.recorder.recording_engine | Subscribed to 2 topic(s): ['tickers.BTC', 'tickers.ETH']
2026-06-11 20:46:23.589 | INFO     | bybit_edge.recorder.recording_engine | Storage telemetry: {'cap_gb': 50.0, 'used_gb': 0.0016, 'used_pct': 0.0, 'total_bytes': 1768924, 'total_segments': 184, 'evictions': 0, 'bytes_evicted': 0, 'per_stream': {'premium_index_kline': {'bytes': 1768924, 'segments': 184}}}
2026-06-11 20:46:37.812 | WARNING  | bybit_edge.recorder.recording_engine | [option] connection lost (sent 1011 (internal error) keepalive ping timeout; no close frame received) — reconnecting in 1.0 s
2026-06-11 20:46:39.555 | INFO     | bybit_edge.recorder.recording_engine | [option] connected to wss://stream.bybit.com/v5/public/option
2026-06-11 20:46:39.555 | INFO     | bybit_edge.recorder.recording_engine | Subscribed to 2 topic(s): ['tickers.BTC', 'tickers.ETH']
2026-06-11 20:46:53.652 | INFO     | bybit_edge.recorder.recording_engine | Storage telemetry: {'cap_gb': 50.0, 'used_gb': 0.0017, 'used_pct': 0.0, 'total_bytes': 1778574, 'total_segments': 185, 'evictions': 0, 'bytes_evicted': 0, 'per_stream': {'premium_index_kline': {'bytes': 1778574, 'segments': 185}}}
2026-06-11 20:47:09.764 | WARNING  | bybit_edge.recorder.recording_engine | [option] connection lost (sent 1011 (internal error) keepalive ping timeout; no close frame received) — reconnecting in 1.0 s
2026-06-11 20:47:11.547 | INFO     | bybit_edge.recorder.recording_engine | [option] connected to wss://stream.bybit.com/v5/public/option
2026-06-11 20:47:11.547 | INFO     | bybit_edge.recorder.recording_engine | Subscribed to 2 topic(s): ['tickers.BTC', 'tickers.ETH']
2026-06-11 20:47:23.707 | INFO     | bybit_edge.recorder.recording_engine | Storage telemetry: {'cap_gb': 50.0, 'used_gb': 0.0017, 'used_pct': 0.0, 'total_bytes': 1778574, 'total_segments': 185, 'evictions': 0, 'bytes_evicted': 0, 'per_stream': {'premium_index_kline': {'bytes': 1778574, 'segments': 185}}}
2026-06-11 20:47:41.747 | WARNING  | bybit_edge.recorder.recording_engine | [option] connection lost (sent 1011 (internal error) keepalive ping timeout; no close frame received) — reconnecting in 1.0 s
2026-06-11 20:47:43.534 | INFO     | bybit_edge.recorder.recording_engine | [option] connected to wss://stream.bybit.com/v5/public/option
2026-06-11 20:47:43.534 | INFO     | bybit_edge.recorder.recording_engine | Subscribed to 2 topic(s): ['tickers.BTC', 'tickers.ETH']
2026-06-11 20:47:53.772 | INFO     | bybit_edge.recorder.recording_engine | Storage telemetry: {'cap_gb': 50.0, 'used_gb': 0.0017, 'used_pct': 0.0, 'total_bytes': 1788213, 'total_segments': 186, 'evictions': 0, 'bytes_evicted': 0, 'per_stream': {'premium_index_kline': {'bytes': 1788213, 'segments': 186}}}
2026-06-11 20:48:13.736 | WARNING  | bybit_edge.recorder.recording_engine | [option] connection lost (sent 1011 (internal error) keepalive ping timeout; no close frame received) — reconnecting in 1.0 s
2026-06-11 20:48:15.475 | INFO     | bybit_edge.recorder.recording_engine | [option] connected to wss://stream.bybit.com/v5/public/option
2026-06-11 20:48:15.476 | INFO     | bybit_edge.recorder.recording_engine | Subscribed to 2 topic(s): ['tickers.BTC', 'tickers.ETH']
2026-06-11 20:48:23.841 | INFO     | bybit_edge.recorder.recording_engine | Storage telemetry: {'cap_gb': 50.0, 'used_gb': 0.0017, 'used_pct': 0.0, 'total_bytes': 1788213, 'total_segments': 186, 'evictions': 0, 'bytes_evicted': 0, 'per_stream': {'premium_index_kline': {'bytes': 1788213, 'segments': 186}}}
2026-06-11 20:48:45.665 | WARNING  | bybit_edge.recorder.recording_engine | [option] connection lost (sent 1011 (internal error) keepalive ping timeout; no close frame received) — reconnecting in 1.0 s
2026-06-11 20:48:47.445 | INFO     | bybit_edge.recorder.recording_engine | [option] connected to wss://stream.bybit.com/v5/public/option
2026-06-11 20:48:47.446 | INFO     | bybit_edge.recorder.recording_engine | Subscribed to 2 topic(s): ['tickers.BTC', 'tickers.ETH']
2026-06-11 20:48:53.908 | INFO     | bybit_edge.recorder.recording_engine | Storage telemetry: {'cap_gb': 50.0, 'used_gb': 0.0017, 'used_pct': 0.0, 'total_bytes': 1797854, 'total_segments': 187, 'evictions': 0, 'bytes_evicted': 0, 'per_stream': {'premium_index_kline': {'bytes': 1797854, 'segments': 187}}}
2026-06-11 20:49:17.655 | WARNING  | bybit_edge.recorder.recording_engine | [option] connection lost (sent 1011 (internal error) keepalive ping timeout; no close frame received) — reconnecting in 1.0 s
2026-06-11 20:49:19.406 | INFO     | bybit_edge.recorder.recording_engine | [option] connected to wss://stream.bybit.com/v5/public/option
2026-06-11 20:49:19.407 | INFO     | bybit_edge.recorder.recording_engine | Subscribed to 2 topic(s): ['tickers.BTC', 'tickers.ETH']
2026-06-11 20:49:23.973 | INFO     | bybit_edge.recorder.recording_engine | Storage telemetry: {'cap_gb': 50.0, 'used_gb': 0.0017, 'used_pct': 0.0, 'total_bytes': 1797854, 'total_segments': 187, 'evictions': 0, 'bytes_evicted': 0, 'per_stream': {'premium_index_kline': {'bytes': 1797854, 'segments': 187}}}
2026-06-11 20:49:49.631 | WARNING  | bybit_edge.recorder.recording_engine | [option] connection lost (sent 1011 (internal error) keepalive ping timeout; no close frame received) — reconnecting in 1.0 s
2026-06-11 20:49:51.391 | INFO     | bybit_edge.recorder.recording_engine | [option] connected to wss://stream.bybit.com/v5/public/option
2026-06-11 20:49:51.392 | INFO     | bybit_edge.recorder.recording_engine | Subscribed to 2 topic(s): ['tickers.BTC', 'tickers.ETH']
2026-06-11 20:49:54.049 | INFO     | bybit_edge.recorder.recording_engine | Storage telemetry: {'cap_gb': 50.0, 'used_gb': 0.0017, 'used_pct': 0.0, 'total_bytes': 1807502, 'total_segments': 188, 'evictions': 0, 'bytes_evicted': 0, 'per_stream': {'premium_index_kline': {'bytes': 1807502, 'segments': 188}}}
2026-06-11 20:50:21.611 | WARNING  | bybit_edge.recorder.recording_engine | [option] connection lost (sent 1011 (internal error) keepalive ping timeout; no close frame received) — reconnecting in 1.0 s
2026-06-11 20:50:23.362 | INFO     | bybit_edge.recorder.recording_engine | [option] connected to wss://stream.bybit.com/v5/public/option
2026-06-11 20:50:23.363 | INFO     | bybit_edge.recorder.recording_engine | Subscribed to 2 topic(s): ['tickers.BTC', 'tickers.ETH']
2026-06-11 20:50:24.131 | INFO     | bybit_edge.recorder.recording_engine | Storage telemetry: {'cap_gb': 50.0, 'used_gb': 0.0017, 'used_pct': 0.0, 'total_bytes': 1807502, 'total_segments': 188, 'evictions': 0, 'bytes_evicted': 0, 'per_stream': {'premium_index_kline': {'bytes': 1807502, 'segments': 188}}}
2026-06-11 20:50:53.580 | WARNING  | bybit_edge.recorder.recording_engine | [option] connection lost (sent 1011 (internal error) keepalive ping timeout; no close frame received) — reconnecting in 1.0 s
2026-06-11 20:50:54.177 | INFO     | bybit_edge.recorder.recording_engine | Storage telemetry: {'cap_gb': 50.0, 'used_gb': 0.0017, 'used_pct': 0.0, 'total_bytes': 1817150, 'total_segments': 189, 'evictions': 0, 'bytes_evicted': 0, 'per_stream': {'premium_index_kline': {'bytes': 1817150, 'segments': 189}}}
2026-06-11 20:50:55.392 | INFO     | bybit_edge.recorder.recording_engine | [option] connected to wss://stream.bybit.com/v5/public/option
2026-06-11 20:50:55.392 | INFO     | bybit_edge.recorder.recording_engine | Subscribed to 2 topic(s): ['tickers.BTC', 'tickers.ETH']
2026-06-11 20:51:24.255 | INFO     | bybit_edge.recorder.recording_engine | Storage telemetry: {'cap_gb': 50.0, 'used_gb': 0.0017, 'used_pct': 0.0, 'total_bytes': 1817150, 'total_segments': 189, 'evictions': 0, 'bytes_evicted': 0, 'per_stream': {'premium_index_kline': {'bytes': 1817150, 'segments': 189}}}
2026-06-11 20:51:25.584 | WARNING  | bybit_edge.recorder.recording_engine | [option] connection lost (sent 1011 (internal error) keepalive ping timeout; no close frame received) — reconnecting in 1.0 s
2026-06-11 20:51:27.346 | INFO     | bybit_edge.recorder.recording_engine | [option] connected to wss://stream.bybit.com/v5/public/option
2026-06-11 20:51:27.346 | INFO     | bybit_edge.recorder.recording_engine | Subscribed to 2 topic(s): ['tickers.BTC', 'tickers.ETH']
2026-06-11 20:51:54.329 | INFO     | bybit_edge.recorder.recording_engine | Storage telemetry: {'cap_gb': 50.0, 'used_gb': 0.0017, 'used_pct': 0.0, 'total_bytes': 1826790, 'total_segments': 190, 'evictions': 0, 'bytes_evicted': 0, 'per_stream': {'premium_index_kline': {'bytes': 1826790, 'segments': 190}}}
2026-06-11 20:51:57.570 | WARNING  | bybit_edge.recorder.recording_engine | [option] connection lost (sent 1011 (internal error) keepalive ping timeout; no close frame received) — reconnecting in 1.0 s
2026-06-11 20:51:59.314 | INFO     | bybit_edge.recorder.recording_engine | [option] connected to wss://stream.bybit.com/v5/public/option
2026-06-11 20:51:59.315 | INFO     | bybit_edge.recorder.recording_engine | Subscribed to 2 topic(s): ['tickers.BTC', 'tickers.ETH']
2026-06-11 20:52:24.386 | INFO     | bybit_edge.recorder.recording_engine | Storage telemetry: {'cap_gb': 50.0, 'used_gb': 0.0017, 'used_pct': 0.0, 'total_bytes': 1826790, 'total_segments': 190, 'evictions': 0, 'bytes_evicted': 0, 'per_stream': {'premium_index_kline': {'bytes': 1826790, 'segments': 190}}}
2026-06-11 20:52:29.522 | WARNING  | bybit_edge.recorder.recording_engine | [option] connection lost (sent 1011 (internal error) keepalive ping timeout; no close frame received) — reconnecting in 1.0 s
2026-06-11 20:52:31.297 | INFO     | bybit_edge.recorder.recording_engine | [option] connected to wss://stream.bybit.com/v5/public/option
2026-06-11 20:52:31.299 | INFO     | bybit_edge.recorder.recording_engine | Subscribed to 2 topic(s): ['tickers.BTC', 'tickers.ETH']
2026-06-11 20:52:54.457 | INFO     | bybit_edge.recorder.recording_engine | Storage telemetry: {'cap_gb': 50.0, 'used_gb': 0.0017, 'used_pct': 0.0, 'total_bytes': 1836430, 'total_segments': 191, 'evictions': 0, 'bytes_evicted': 0, 'per_stream': {'premium_index_kline': {'bytes': 1836430, 'segments': 191}}}
2026-06-11 20:53:01.484 | WARNING  | bybit_edge.recorder.recording_engine | [option] connection lost (sent 1011 (internal error) keepalive ping timeout; no close frame received) — reconnecting in 1.0 s
2026-06-11 20:53:03.279 | INFO     | bybit_edge.recorder.recording_engine | [option] connected to wss://stream.bybit.com/v5/public/option
2026-06-11 20:53:03.279 | INFO     | bybit_edge.recorder.recording_engine | Subscribed to 2 topic(s): ['tickers.BTC', 'tickers.ETH']
2026-06-11 20:53:24.519 | INFO     | bybit_edge.recorder.recording_engine | Storage telemetry: {'cap_gb': 50.0, 'used_gb': 0.0017, 'used_pct': 0.0, 'total_bytes': 1836430, 'total_segments': 191, 'evictions': 0, 'bytes_evicted': 0, 'per_stream': {'premium_index_kline': {'bytes': 1836430, 'segments': 191}}}
2026-06-11 20:53:33.470 | WARNING  | bybit_edge.recorder.recording_engine | [option] connection lost (sent 1011 (internal error) keepalive ping timeout; no close frame received) — reconnecting in 1.0 s
2026-06-11 20:53:35.058 | INFO     | bybit_edge.recorder.recording_engine | [option] connected to wss://stream.bybit.com/v5/public/option
2026-06-11 20:53:35.059 | INFO     | bybit_edge.recorder.recording_engine | Subscribed to 2 topic(s): ['tickers.BTC', 'tickers.ETH']
2026-06-11 20:53:54.590 | INFO     | bybit_edge.recorder.recording_engine | Storage telemetry: {'cap_gb': 50.0, 'used_gb': 0.0017, 'used_pct': 0.0, 'total_bytes': 1846069, 'total_segments': 192, 'evictions': 0, 'bytes_evicted': 0, 'per_stream': {'premium_index_kline': {'bytes': 1846069, 'segments': 192}}}
2026-06-11 20:54:05.249 | WARNING  | bybit_edge.recorder.recording_engine | [option] connection lost (sent 1011 (internal error) keepalive ping timeout; no close frame received) — reconnecting in 1.0 s
2026-06-11 20:54:07.031 | INFO     | bybit_edge.recorder.recording_engine | [option] connected to wss://stream.bybit.com/v5/public/option
2026-06-11 20:54:07.031 | INFO     | bybit_edge.recorder.recording_engine | Subscribed to 2 topic(s): ['tickers.BTC', 'tickers.ETH']
2026-06-11 20:54:24.647 | INFO     | bybit_edge.recorder.recording_engine | Storage telemetry: {'cap_gb': 50.0, 'used_gb': 0.0017, 'used_pct': 0.0, 'total_bytes': 1846069, 'total_segments': 192, 'evictions': 0, 'bytes_evicted': 0, 'per_stream': {'premium_index_kline': {'bytes': 1846069, 'segments': 192}}}
2026-06-11 20:54:37.223 | WARNING  | bybit_edge.recorder.recording_engine | [option] connection lost (sent 1011 (internal error) keepalive ping timeout; no close frame received) — reconnecting in 1.0 s
2026-06-11 20:54:38.966 | INFO     | bybit_edge.recorder.recording_engine | [option] connected to wss://stream.bybit.com/v5/public/option
2026-06-11 20:54:38.967 | INFO     | bybit_edge.recorder.recording_engine | Subscribed to 2 topic(s): ['tickers.BTC', 'tickers.ETH']
2026-06-11 20:54:54.706 | INFO     | bybit_edge.recorder.recording_engine | Storage telemetry: {'cap_gb': 50.0, 'used_gb': 0.0017, 'used_pct': 0.0, 'total_bytes': 1855707, 'total_segments': 193, 'evictions': 0, 'bytes_evicted': 0, 'per_stream': {'premium_index_kline': {'bytes': 1855707, 'segments': 193}}}
2026-06-11 20:55:09.160 | WARNING  | bybit_edge.recorder.recording_engine | [option] connection lost (sent 1011 (internal error) keepalive ping timeout; no close frame received) — reconnecting in 1.0 s
2026-06-11 20:55:10.963 | INFO     | bybit_edge.recorder.recording_engine | [option] connected to wss://stream.bybit.com/v5/public/option
2026-06-11 20:55:10.963 | INFO     | bybit_edge.recorder.recording_engine | Subscribed to 2 topic(s): ['tickers.BTC', 'tickers.ETH']
2026-06-11 20:55:24.782 | INFO     | bybit_edge.recorder.recording_engine | Storage telemetry: {'cap_gb': 50.0, 'used_gb': 0.0017, 'used_pct': 0.0, 'total_bytes': 1855707, 'total_segments': 193, 'evictions': 0, 'bytes_evicted': 0, 'per_stream': {'premium_index_kline': {'bytes': 1855707, 'segments': 193}}}
2026-06-11 20:55:41.164 | WARNING  | bybit_edge.recorder.recording_engine | [option] connection lost (sent 1011 (internal error) keepalive ping timeout; no close frame received) — reconnecting in 1.0 s
2026-06-11 20:55:42.908 | INFO     | bybit_edge.recorder.recording_engine | [option] connected to wss://stream.bybit.com/v5/public/option
2026-06-11 20:55:42.908 | INFO     | bybit_edge.recorder.recording_engine | Subscribed to 2 topic(s): ['tickers.BTC', 'tickers.ETH']
2026-06-11 20:55:54.856 | INFO     | bybit_edge.recorder.recording_engine | Storage telemetry: {'cap_gb': 50.0, 'used_gb': 0.0017, 'used_pct': 0.0, 'total_bytes': 1865347, 'total_segments': 194, 'evictions': 0, 'bytes_evicted': 0, 'per_stream': {'premium_index_kline': {'bytes': 1865347, 'segments': 194}}}
2026-06-11 20:56:13.101 | WARNING  | bybit_edge.recorder.recording_engine | [option] connection lost (sent 1011 (internal error) keepalive ping timeout; no close frame received) — reconnecting in 1.0 s
2026-06-11 20:56:14.879 | INFO     | bybit_edge.recorder.recording_engine | [option] connected to wss://stream.bybit.com/v5/public/option
2026-06-11 20:56:14.879 | INFO     | bybit_edge.recorder.recording_engine | Subscribed to 2 topic(s): ['tickers.BTC', 'tickers.ETH']
2026-06-11 20:56:24.915 | INFO     | bybit_edge.recorder.recording_engine | Storage telemetry: {'cap_gb': 50.0, 'used_gb': 0.0017, 'used_pct': 0.0, 'total_bytes': 1865347, 'total_segments': 194, 'evictions': 0, 'bytes_evicted': 0, 'per_stream': {'premium_index_kline': {'bytes': 1865347, 'segments': 194}}}
2026-06-11 20:56:45.087 | WARNING  | bybit_edge.recorder.recording_engine | [option] connection lost (sent 1011 (internal error) keepalive ping timeout; no close frame received) — reconnecting in 1.0 s
2026-06-11 20:56:46.688 | INFO     | bybit_edge.recorder.recording_engine | [option] connected to wss://stream.bybit.com/v5/public/option
2026-06-11 20:56:46.689 | INFO     | bybit_edge.recorder.recording_engine | Subscribed to 2 topic(s): ['tickers.BTC', 'tickers.ETH']
2026-06-11 20:56:54.983 | INFO     | bybit_edge.recorder.recording_engine | Storage telemetry: {'cap_gb': 50.0, 'used_gb': 0.0017, 'used_pct': 0.0, 'total_bytes': 1874986, 'total_segments': 195, 'evictions': 0, 'bytes_evicted': 0, 'per_stream': {'premium_index_kline': {'bytes': 1874986, 'segments': 195}}}
2026-06-11 20:57:16.874 | WARNING  | bybit_edge.recorder.recording_engine | [option] connection lost (sent 1011 (internal error) keepalive ping timeout; no close frame received) — reconnecting in 1.0 s
2026-06-11 20:57:18.636 | INFO     | bybit_edge.recorder.recording_engine | [option] connected to wss://stream.bybit.com/v5/public/option
2026-06-11 20:57:18.637 | INFO     | bybit_edge.recorder.recording_engine | Subscribed to 2 topic(s): ['tickers.BTC', 'tickers.ETH']
2026-06-11 20:57:25.046 | INFO     | bybit_edge.recorder.recording_engine | Storage telemetry: {'cap_gb': 50.0, 'used_gb': 0.0017, 'used_pct': 0.0, 'total_bytes': 1874986, 'total_segments': 195, 'evictions': 0, 'bytes_evicted': 0, 'per_stream': {'premium_index_kline': {'bytes': 1874986, 'segments': 195}}}
2026-06-11 20:57:48.861 | WARNING  | bybit_edge.recorder.recording_engine | [option] connection lost (sent 1011 (internal error) keepalive ping timeout; no close frame received) — reconnecting in 1.0 s
2026-06-11 20:57:50.598 | INFO     | bybit_edge.recorder.recording_engine | [option] connected to wss://stream.bybit.com/v5/public/option
2026-06-11 20:57:50.598 | INFO     | bybit_edge.recorder.recording_engine | Subscribed to 2 topic(s): ['tickers.BTC', 'tickers.ETH']
2026-06-11 20:57:55.110 | INFO     | bybit_edge.recorder.recording_engine | Storage telemetry: {'cap_gb': 50.0, 'used_gb': 0.0018, 'used_pct': 0.0, 'total_bytes': 1884631, 'total_segments': 196, 'evictions': 0, 'bytes_evicted': 0, 'per_stream': {'premium_index_kline': {'bytes': 1884631, 'segments': 196}}}
2026-06-11 20:58:20.815 | WARNING  | bybit_edge.recorder.recording_engine | [option] connection lost (sent 1011 (internal error) keepalive ping timeout; no close frame received) — reconnecting in 1.0 s
2026-06-11 20:58:22.600 | INFO     | bybit_edge.recorder.recording_engine | [option] connected to wss://stream.bybit.com/v5/public/option
2026-06-11 20:58:22.601 | INFO     | bybit_edge.recorder.recording_engine | Subscribed to 2 topic(s): ['tickers.BTC', 'tickers.ETH']
2026-06-11 20:58:25.176 | INFO     | bybit_edge.recorder.recording_engine | Storage telemetry: {'cap_gb': 50.0, 'used_gb': 0.0018, 'used_pct': 0.0, 'total_bytes': 1884631, 'total_segments': 196, 'evictions': 0, 'bytes_evicted': 0, 'per_stream': {'premium_index_kline': {'bytes': 1884631, 'segments': 196}}}
2026-06-11 20:58:52.815 | WARNING  | bybit_edge.recorder.recording_engine | [option] connection lost (sent 1011 (internal error) keepalive ping timeout; no close frame received) — reconnecting in 1.0 s
2026-06-11 20:58:54.555 | INFO     | bybit_edge.recorder.recording_engine | [option] connected to wss://stream.bybit.com/v5/public/option
2026-06-11 20:58:54.556 | INFO     | bybit_edge.recorder.recording_engine | Subscribed to 2 topic(s): ['tickers.BTC', 'tickers.ETH']
2026-06-11 20:58:55.248 | INFO     | bybit_edge.recorder.recording_engine | Storage telemetry: {'cap_gb': 50.0, 'used_gb': 0.0018, 'used_pct': 0.0, 'total_bytes': 1894270, 'total_segments': 197, 'evictions': 0, 'bytes_evicted': 0, 'per_stream': {'premium_index_kline': {'bytes': 1894270, 'segments': 197}}}
2026-06-11 20:59:24.766 | WARNING  | bybit_edge.recorder.recording_engine | [option] connection lost (sent 1011 (internal error) keepalive ping timeout; no close frame received) — reconnecting in 1.0 s
2026-06-11 20:59:25.311 | INFO     | bybit_edge.recorder.recording_engine | Storage telemetry: {'cap_gb': 50.0, 'used_gb': 0.0018, 'used_pct': 0.0, 'total_bytes': 1894270, 'total_segments': 197, 'evictions': 0, 'bytes_evicted': 0, 'per_stream': {'premium_index_kline': {'bytes': 1894270, 'segments': 197}}}
2026-06-11 20:59:26.514 | INFO     | bybit_edge.recorder.recording_engine | [option] connected to wss://stream.bybit.com/v5/public/option
2026-06-11 20:59:26.515 | INFO     | bybit_edge.recorder.recording_engine | Subscribed to 2 topic(s): ['tickers.BTC', 'tickers.ETH']
2026-06-11 20:59:55.374 | INFO     | bybit_edge.recorder.recording_engine | Storage telemetry: {'cap_gb': 50.0, 'used_gb': 0.0018, 'used_pct': 0.0, 'total_bytes': 1903915, 'total_segments': 198, 'evictions': 0, 'bytes_evicted': 0, 'per_stream': {'premium_index_kline': {'bytes': 1903915, 'segments': 198}}}
2026-06-11 20:59:56.706 | WARNING  | bybit_edge.recorder.recording_engine | [option] connection lost (sent 1011 (internal error) keepalive ping timeout; no close frame received) — reconnecting in 1.0 s
2026-06-11 20:59:58.452 | INFO     | bybit_edge.recorder.recording_engine | [option] connected to wss://stream.bybit.com/v5/public/option
2026-06-11 20:59:58.452 | INFO     | bybit_edge.recorder.recording_engine | Subscribed to 2 topic(s): ['tickers.BTC', 'tickers.ETH']
2026-06-11 21:00:25.430 | INFO     | bybit_edge.recorder.recording_engine | Storage telemetry: {'cap_gb': 50.0, 'used_gb': 0.0018, 'used_pct': 0.0, 'total_bytes': 1903915, 'total_segments': 198, 'evictions': 0, 'bytes_evicted': 0, 'per_stream': {'premium_index_kline': {'bytes': 1903915, 'segments': 198}}}
2026-06-11 21:00:28.628 | WARNING  | bybit_edge.recorder.recording_engine | [option] connection lost (sent 1011 (internal error) keepalive ping timeout; no close frame received) — reconnecting in 1.0 s
2026-06-11 21:00:30.428 | INFO     | bybit_edge.recorder.recording_engine | [option] connected to wss://stream.bybit.com/v5/public/option
2026-06-11 21:00:30.428 | INFO     | bybit_edge.recorder.recording_engine | Subscribed to 2 topic(s): ['tickers.BTC', 'tickers.ETH']
2026-06-11 21:00:55.490 | INFO     | bybit_edge.recorder.recording_engine | Storage telemetry: {'cap_gb': 50.0, 'used_gb': 0.0018, 'used_pct': 0.0, 'total_bytes': 1913559, 'total_segments': 199, 'evictions': 0, 'bytes_evicted': 0, 'per_stream': {'premium_index_kline': {'bytes': 1913559, 'segments': 199}}}
2026-06-11 21:01:00.627 | WARNING  | bybit_edge.recorder.recording_engine | [option] connection lost (sent 1011 (internal error) keepalive ping timeout; no close frame received) — reconnecting in 1.0 s
2026-06-11 21:01:02.375 | INFO     | bybit_edge.recorder.recording_engine | [option] connected to wss://stream.bybit.com/v5/public/option
2026-06-11 21:01:02.376 | INFO     | bybit_edge.recorder.recording_engine | Subscribed to 2 topic(s): ['tickers.BTC', 'tickers.ETH']
2026-06-11 21:01:25.569 | INFO     | bybit_edge.recorder.recording_engine | Storage telemetry: {'cap_gb': 50.0, 'used_gb': 0.0018, 'used_pct': 0.0, 'total_bytes': 1913559, 'total_segments': 199, 'evictions': 0, 'bytes_evicted': 0, 'per_stream': {'premium_index_kline': {'bytes': 1913559, 'segments': 199}}}
2026-06-11 21:01:32.554 | WARNING  | bybit_edge.recorder.recording_engine | [option] connection lost (sent 1011 (internal error) keepalive ping timeout; no close frame received) — reconnecting in 1.0 s
2026-06-11 21:01:34.312 | INFO     | bybit_edge.recorder.recording_engine | [option] connected to wss://stream.bybit.com/v5/public/option
2026-06-11 21:01:34.313 | INFO     | bybit_edge.recorder.recording_engine | Subscribed to 2 topic(s): ['tickers.BTC', 'tickers.ETH']
2026-06-11 21:01:55.643 | INFO     | bybit_edge.recorder.recording_engine | Storage telemetry: {'cap_gb': 50.0, 'used_gb': 0.0018, 'used_pct': 0.0, 'total_bytes': 1923204, 'total_segments': 200, 'evictions': 0, 'bytes_evicted': 0, 'per_stream': {'premium_index_kline': {'bytes': 1923204, 'segments': 200}}}
2026-06-11 21:02:04.505 | WARNING  | bybit_edge.recorder.recording_engine | [option] connection lost (sent 1011 (internal error) keepalive ping timeout; no close frame received) — reconnecting in 1.0 s
2026-06-11 21:02:06.270 | INFO     | bybit_edge.recorder.recording_engine | [option] connected to wss://stream.bybit.com/v5/public/option
2026-06-11 21:02:06.270 | INFO     | bybit_edge.recorder.recording_engine | Subscribed to 2 topic(s): ['tickers.BTC', 'tickers.ETH']
2026-06-11 21:02:25.702 | INFO     | bybit_edge.recorder.recording_engine | Storage telemetry: {'cap_gb': 50.0, 'used_gb': 0.0018, 'used_pct': 0.0, 'total_bytes': 1923204, 'total_segments': 200, 'evictions': 0, 'bytes_evicted': 0, 'per_stream': {'premium_index_kline': {'bytes': 1923204, 'segments': 200}}}
2026-06-11 21:02:36.482 | WARNING  | bybit_edge.recorder.recording_engine | [option] connection lost (sent 1011 (internal error) keepalive ping timeout; no close frame received) — reconnecting in 1.0 s
2026-06-11 21:02:38.231 | INFO     | bybit_edge.recorder.recording_engine | [option] connected to wss://stream.bybit.com/v5/public/option
2026-06-11 21:02:38.232 | INFO     | bybit_edge.recorder.recording_engine | Subscribed to 2 topic(s): ['tickers.BTC', 'tickers.ETH']
2026-06-11 21:02:55.766 | INFO     | bybit_edge.recorder.recording_engine | Storage telemetry: {'cap_gb': 50.0, 'used_gb': 0.0018, 'used_pct': 0.0, 'total_bytes': 1932855, 'total_segments': 201, 'evictions': 0, 'bytes_evicted': 0, 'per_stream': {'premium_index_kline': {'bytes': 1932855, 'segments': 201}}}
2026-06-11 21:03:08.432 | WARNING  | bybit_edge.recorder.recording_engine | [option] connection lost (sent 1011 (internal error) keepalive ping timeout; no close frame received) — reconnecting in 1.0 s
2026-06-11 21:03:10.178 | INFO     | bybit_edge.recorder.recording_engine | [option] connected to wss://stream.bybit.com/v5/public/option
2026-06-11 21:03:10.178 | INFO     | bybit_edge.recorder.recording_engine | Subscribed to 2 topic(s): ['tickers.BTC', 'tickers.ETH']
2026-06-11 21:03:25.828 | INFO     | bybit_edge.recorder.recording_engine | Storage telemetry: {'cap_gb': 50.0, 'used_gb': 0.0018, 'used_pct': 0.0, 'total_bytes': 1932855, 'total_segments': 201, 'evictions': 0, 'bytes_evicted': 0, 'per_stream': {'premium_index_kline': {'bytes': 1932855, 'segments': 201}}}
2026-06-11 21:03:40.396 | WARNING  | bybit_edge.recorder.recording_engine | [option] connection lost (sent 1011 (internal error) keepalive ping timeout; no close frame received) — reconnecting in 1.0 s
2026-06-11 21:03:42.136 | INFO     | bybit_edge.recorder.recording_engine | [option] connected to wss://stream.bybit.com/v5/public/option
2026-06-11 21:03:42.136 | INFO     | bybit_edge.recorder.recording_engine | Subscribed to 2 topic(s): ['tickers.BTC', 'tickers.ETH']
2026-06-11 21:03:55.889 | INFO     | bybit_edge.recorder.recording_engine | Storage telemetry: {'cap_gb': 50.0, 'used_gb': 0.0018, 'used_pct': 0.0, 'total_bytes': 1942514, 'total_segments': 202, 'evictions': 0, 'bytes_evicted': 0, 'per_stream': {'premium_index_kline': {'bytes': 1942514, 'segments': 202}}}
2026-06-11 21:04:12.330 | WARNING  | bybit_edge.recorder.recording_engine | [option] connection lost (sent 1011 (internal error) keepalive ping timeout; no close frame received) — reconnecting in 1.0 s
2026-06-11 21:04:14.079 | INFO     | bybit_edge.recorder.recording_engine | [option] connected to wss://stream.bybit.com/v5/public/option
2026-06-11 21:04:14.079 | INFO     | bybit_edge.recorder.recording_engine | Subscribed to 2 topic(s): ['tickers.BTC', 'tickers.ETH']
2026-06-11 21:04:25.958 | INFO     | bybit_edge.recorder.recording_engine | Storage telemetry: {'cap_gb': 50.0, 'used_gb': 0.0018, 'used_pct': 0.0, 'total_bytes': 1942514, 'total_segments': 202, 'evictions': 0, 'bytes_evicted': 0, 'per_stream': {'premium_index_kline': {'bytes': 1942514, 'segments': 202}}}
2026-06-11 21:04:44.261 | WARNING  | bybit_edge.recorder.recording_engine | [option] connection lost (sent 1011 (internal error) keepalive ping timeout; no close frame received) — reconnecting in 1.0 s
2026-06-11 21:04:45.873 | INFO     | bybit_edge.recorder.recording_engine | [option] connected to wss://stream.bybit.com/v5/public/option
2026-06-11 21:04:45.873 | INFO     | bybit_edge.recorder.recording_engine | Subscribed to 2 topic(s): ['tickers.BTC', 'tickers.ETH']
2026-06-11 21:04:56.031 | INFO     | bybit_edge.recorder.recording_engine | Storage telemetry: {'cap_gb': 50.0, 'used_gb': 0.0018, 'used_pct': 0.0, 'total_bytes': 1952175, 'total_segments': 203, 'evictions': 0, 'bytes_evicted': 0, 'per_stream': {'premium_index_kline': {'bytes': 1952175, 'segments': 203}}}
2026-06-11 21:05:16.073 | WARNING  | bybit_edge.recorder.recording_engine | [option] connection lost (sent 1011 (internal error) keepalive ping timeout; no close frame received) — reconnecting in 1.0 s
2026-06-11 21:05:17.822 | INFO     | bybit_edge.recorder.recording_engine | [option] connected to wss://stream.bybit.com/v5/public/option
2026-06-11 21:05:17.822 | INFO     | bybit_edge.recorder.recording_engine | Subscribed to 2 topic(s): ['tickers.BTC', 'tickers.ETH']
2026-06-11 21:05:26.105 | INFO     | bybit_edge.recorder.recording_engine | Storage telemetry: {'cap_gb': 50.0, 'used_gb': 0.0018, 'used_pct': 0.0, 'total_bytes': 1952175, 'total_segments': 203, 'evictions': 0, 'bytes_evicted': 0, 'per_stream': {'premium_index_kline': {'bytes': 1952175, 'segments': 203}}}
2026-06-11 21:05:48.038 | WARNING  | bybit_edge.recorder.recording_engine | [option] connection lost (sent 1011 (internal error) keepalive ping timeout; no close frame received) — reconnecting in 1.0 s
2026-06-11 21:05:49.806 | INFO     | bybit_edge.recorder.recording_engine | [option] connected to wss://stream.bybit.com/v5/public/option
2026-06-11 21:05:49.807 | INFO     | bybit_edge.recorder.recording_engine | Subscribed to 2 topic(s): ['tickers.BTC', 'tickers.ETH']
2026-06-11 21:05:56.186 | INFO     | bybit_edge.recorder.recording_engine | Storage telemetry: {'cap_gb': 50.0, 'used_gb': 0.0018, 'used_pct': 0.0, 'total_bytes': 1961836, 'total_segments': 204, 'evictions': 0, 'bytes_evicted': 0, 'per_stream': {'premium_index_kline': {'bytes': 1961836, 'segments': 204}}}
2026-06-11 21:06:19.980 | WARNING  | bybit_edge.recorder.recording_engine | [option] connection lost (sent 1011 (internal error) keepalive ping timeout; no close frame received) — reconnecting in 1.0 s
2026-06-11 21:06:21.789 | INFO     | bybit_edge.recorder.recording_engine | [option] connected to wss://stream.bybit.com/v5/public/option
2026-06-11 21:06:21.790 | INFO     | bybit_edge.recorder.recording_engine | Subscribed to 2 topic(s): ['tickers.BTC', 'tickers.ETH']
2026-06-11 21:06:26.256 | INFO     | bybit_edge.recorder.recording_engine | Storage telemetry: {'cap_gb': 50.0, 'used_gb': 0.0018, 'used_pct': 0.0, 'total_bytes': 1961836, 'total_segments': 204, 'evictions': 0, 'bytes_evicted': 0, 'per_stream': {'premium_index_kline': {'bytes': 1961836, 'segments': 204}}}
2026-06-11 21:06:52.001 | WARNING  | bybit_edge.recorder.recording_engine | [option] connection lost (sent 1011 (internal error) keepalive ping timeout; no close frame received) — reconnecting in 1.0 s
2026-06-11 21:06:53.743 | INFO     | bybit_edge.recorder.recording_engine | [option] connected to wss://stream.bybit.com/v5/public/option
2026-06-11 21:06:53.743 | INFO     | bybit_edge.recorder.recording_engine | Subscribed to 2 topic(s): ['tickers.BTC', 'tickers.ETH']
2026-06-11 21:06:56.350 | INFO     | bybit_edge.recorder.recording_engine | Storage telemetry: {'cap_gb': 50.0, 'used_gb': 0.0018, 'used_pct': 0.0, 'total_bytes': 1971491, 'total_segments': 205, 'evictions': 0, 'bytes_evicted': 0, 'per_stream': {'premium_index_kline': {'bytes': 1971491, 'segments': 205}}}
2026-06-11 21:07:23.921 | WARNING  | bybit_edge.recorder.recording_engine | [option] connection lost (sent 1011 (internal error) keepalive ping timeout; no close frame received) — reconnecting in 1.0 s
2026-06-11 21:07:25.662 | INFO     | bybit_edge.recorder.recording_engine | [option] connected to wss://stream.bybit.com/v5/public/option
2026-06-11 21:07:25.662 | INFO     | bybit_edge.recorder.recording_engine | Subscribed to 2 topic(s): ['tickers.BTC', 'tickers.ETH']
2026-06-11 21:07:26.408 | INFO     | bybit_edge.recorder.recording_engine | Storage telemetry: {'cap_gb': 50.0, 'used_gb': 0.0018, 'used_pct': 0.0, 'total_bytes': 1971491, 'total_segments': 205, 'evictions': 0, 'bytes_evicted': 0, 'per_stream': {'premium_index_kline': {'bytes': 1971491, 'segments': 205}}}
2026-06-11 21:07:55.870 | WARNING  | bybit_edge.recorder.recording_engine | [option] connection lost (sent 1011 (internal error) keepalive ping timeout; no close frame received) — reconnecting in 1.0 s
2026-06-11 21:07:56.466 | INFO     | bybit_edge.recorder.recording_engine | Storage telemetry: {'cap_gb': 50.0, 'used_gb': 0.0018, 'used_pct': 0.0, 'total_bytes': 1981136, 'total_segments': 206, 'evictions': 0, 'bytes_evicted': 0, 'per_stream': {'premium_index_kline': {'bytes': 1981136, 'segments': 206}}}
2026-06-11 21:07:57.627 | INFO     | bybit_edge.recorder.recording_engine | [option] connected to wss://stream.bybit.com/v5/public/option
2026-06-11 21:07:57.628 | INFO     | bybit_edge.recorder.recording_engine | Subscribed to 2 topic(s): ['tickers.BTC', 'tickers.ETH']
2026-06-11 21:08:26.525 | INFO     | bybit_edge.recorder.recording_engine | Storage telemetry: {'cap_gb': 50.0, 'used_gb': 0.0018, 'used_pct': 0.0, 'total_bytes': 1981136, 'total_segments': 206, 'evictions': 0, 'bytes_evicted': 0, 'per_stream': {'premium_index_kline': {'bytes': 1981136, 'segments': 206}}}
2026-06-11 21:08:27.850 | WARNING  | bybit_edge.recorder.recording_engine | [option] connection lost (sent 1011 (internal error) keepalive ping timeout; no close frame received) — reconnecting in 1.0 s
2026-06-11 21:08:29.595 | INFO     | bybit_edge.recorder.recording_engine | [option] connected to wss://stream.bybit.com/v5/public/option
2026-06-11 21:08:29.596 | INFO     | bybit_edge.recorder.recording_engine | Subscribed to 2 topic(s): ['tickers.BTC', 'tickers.ETH']
2026-06-11 21:08:56.592 | INFO     | bybit_edge.recorder.recording_engine | Storage telemetry: {'cap_gb': 50.0, 'used_gb': 0.0019, 'used_pct': 0.0, 'total_bytes': 1990791, 'total_segments': 207, 'evictions': 0, 'bytes_evicted': 0, 'per_stream': {'premium_index_kline': {'bytes': 1990791, 'segments': 207}}}
2026-06-11 21:08:59.776 | WARNING  | bybit_edge.recorder.recording_engine | [option] connection lost (sent 1011 (internal error) keepalive ping timeout; no close frame received) — reconnecting in 1.0 s
2026-06-11 21:09:01.512 | INFO     | bybit_edge.recorder.recording_engine | [option] connected to wss://stream.bybit.com/v5/public/option
2026-06-11 21:09:01.513 | INFO     | bybit_edge.recorder.recording_engine | Subscribed to 2 topic(s): ['tickers.BTC', 'tickers.ETH']
2026-06-11 21:09:26.651 | INFO     | bybit_edge.recorder.recording_engine | Storage telemetry: {'cap_gb': 50.0, 'used_gb': 0.0019, 'used_pct': 0.0, 'total_bytes': 1990791, 'total_segments': 207, 'evictions': 0, 'bytes_evicted': 0, 'per_stream': {'premium_index_kline': {'bytes': 1990791, 'segments': 207}}}
2026-06-11 21:09:31.714 | WARNING  | bybit_edge.recorder.recording_engine | [option] connection lost (sent 1011 (internal error) keepalive ping timeout; no close frame received) — reconnecting in 1.0 s
2026-06-11 21:09:33.486 | INFO     | bybit_edge.recorder.recording_engine | [option] connected to wss://stream.bybit.com/v5/public/option
2026-06-11 21:09:33.486 | INFO     | bybit_edge.recorder.recording_engine | Subscribed to 2 topic(s): ['tickers.BTC', 'tickers.ETH']
2026-06-11 21:09:56.711 | INFO     | bybit_edge.recorder.recording_engine | Storage telemetry: {'cap_gb': 50.0, 'used_gb': 0.0019, 'used_pct': 0.0, 'total_bytes': 2000423, 'total_segments': 208, 'evictions': 0, 'bytes_evicted': 0, 'per_stream': {'premium_index_kline': {'bytes': 2000423, 'segments': 208}}}
2026-06-11 21:10:03.681 | WARNING  | bybit_edge.recorder.recording_engine | [option] connection lost (sent 1011 (internal error) keepalive ping timeout; no close frame received) — reconnecting in 1.0 s
2026-06-11 21:10:05.474 | INFO     | bybit_edge.recorder.recording_engine | [option] connected to wss://stream.bybit.com/v5/public/option
2026-06-11 21:10:05.475 | INFO     | bybit_edge.recorder.recording_engine | Subscribed to 2 topic(s): ['tickers.BTC', 'tickers.ETH']
2026-06-11 21:10:26.790 | INFO     | bybit_edge.recorder.recording_engine | Storage telemetry: {'cap_gb': 50.0, 'used_gb': 0.0019, 'used_pct': 0.0, 'total_bytes': 2000423, 'total_segments': 208, 'evictions': 0, 'bytes_evicted': 0, 'per_stream': {'premium_index_kline': {'bytes': 2000423, 'segments': 208}}}
2026-06-11 21:10:35.684 | WARNING  | bybit_edge.recorder.recording_engine | [option] connection lost (sent 1011 (internal error) keepalive ping timeout; no close frame received) — reconnecting in 1.0 s
2026-06-11 21:10:37.431 | INFO     | bybit_edge.recorder.recording_engine | [option] connected to wss://stream.bybit.com/v5/public/option
2026-06-11 21:10:37.432 | INFO     | bybit_edge.recorder.recording_engine | Subscribed to 2 topic(s): ['tickers.BTC', 'tickers.ETH']
2026-06-11 21:10:56.866 | INFO     | bybit_edge.recorder.recording_engine | Storage telemetry: {'cap_gb': 50.0, 'used_gb': 0.0019, 'used_pct': 0.0, 'total_bytes': 2010056, 'total_segments': 209, 'evictions': 0, 'bytes_evicted': 0, 'per_stream': {'premium_index_kline': {'bytes': 2010056, 'segments': 209}}}
2026-06-11 21:11:07.633 | WARNING  | bybit_edge.recorder.recording_engine | [option] connection lost (sent 1011 (internal error) keepalive ping timeout; no close frame received) — reconnecting in 1.0 s
2026-06-11 21:11:09.439 | INFO     | bybit_edge.recorder.recording_engine | [option] connected to wss://stream.bybit.com/v5/public/option
2026-06-11 21:11:09.440 | INFO     | bybit_edge.recorder.recording_engine | Subscribed to 2 topic(s): ['tickers.BTC', 'tickers.ETH']
2026-06-11 21:11:26.935 | INFO     | bybit_edge.recorder.recording_engine | Storage telemetry: {'cap_gb': 50.0, 'used_gb': 0.0019, 'used_pct': 0.0, 'total_bytes': 2010056, 'total_segments': 209, 'evictions': 0, 'bytes_evicted': 0, 'per_stream': {'premium_index_kline': {'bytes': 2010056, 'segments': 209}}}
2026-06-11 21:11:39.622 | WARNING  | bybit_edge.recorder.recording_engine | [option] connection lost (sent 1011 (internal error) keepalive ping timeout; no close frame received) — reconnecting in 1.0 s
2026-06-11 21:11:41.371 | INFO     | bybit_edge.recorder.recording_engine | [option] connected to wss://stream.bybit.com/v5/public/option
2026-06-11 21:11:41.372 | INFO     | bybit_edge.recorder.recording_engine | Subscribed to 2 topic(s): ['tickers.BTC', 'tickers.ETH']
2026-06-11 21:11:57.000 | INFO     | bybit_edge.recorder.recording_engine | Storage telemetry: {'cap_gb': 50.0, 'used_gb': 0.0019, 'used_pct': 0.0, 'total_bytes': 2019689, 'total_segments': 210, 'evictions': 0, 'bytes_evicted': 0, 'per_stream': {'premium_index_kline': {'bytes': 2019689, 'segments': 210}}}
2026-06-11 21:12:11.568 | WARNING  | bybit_edge.recorder.recording_engine | [option] connection lost (sent 1011 (internal error) keepalive ping timeout; no close frame received) — reconnecting in 1.0 s
2026-06-11 21:12:13.346 | INFO     | bybit_edge.recorder.recording_engine | [option] connected to wss://stream.bybit.com/v5/public/option
2026-06-11 21:12:13.346 | INFO     | bybit_edge.recorder.recording_engine | Subscribed to 2 topic(s): ['tickers.BTC', 'tickers.ETH']
2026-06-11 21:12:27.070 | INFO     | bybit_edge.recorder.recording_engine | Storage telemetry: {'cap_gb': 50.0, 'used_gb': 0.0019, 'used_pct': 0.0, 'total_bytes': 2019689, 'total_segments': 210, 'evictions': 0, 'bytes_evicted': 0, 'per_stream': {'premium_index_kline': {'bytes': 2019689, 'segments': 210}}}
2026-06-11 21:12:43.530 | WARNING  | bybit_edge.recorder.recording_engine | [option] connection lost (sent 1011 (internal error) keepalive ping timeout; no close frame received) — reconnecting in 1.0 s
2026-06-11 21:12:45.279 | INFO     | bybit_edge.recorder.recording_engine | [option] connected to wss://stream.bybit.com/v5/public/option
2026-06-11 21:12:45.279 | INFO     | bybit_edge.recorder.recording_engine | Subscribed to 2 topic(s): ['tickers.BTC', 'tickers.ETH']
2026-06-11 21:12:57.131 | INFO     | bybit_edge.recorder.recording_engine | Storage telemetry: {'cap_gb': 50.0, 'used_gb': 0.0019, 'used_pct': 0.0, 'total_bytes': 2029328, 'total_segments': 211, 'evictions': 0, 'bytes_evicted': 0, 'per_stream': {'premium_index_kline': {'bytes': 2029328, 'segments': 211}}}
2026-06-11 21:13:15.466 | WARNING  | bybit_edge.recorder.recording_engine | [option] connection lost (sent 1011 (internal error) keepalive ping timeout; no close frame received) — reconnecting in 1.0 s
2026-06-11 21:13:17.235 | INFO     | bybit_edge.recorder.recording_engine | [option] connected to wss://stream.bybit.com/v5/public/option
2026-06-11 21:13:17.235 | INFO     | bybit_edge.recorder.recording_engine | Subscribed to 2 topic(s): ['tickers.BTC', 'tickers.ETH']
2026-06-11 21:13:27.199 | INFO     | bybit_edge.recorder.recording_engine | Storage telemetry: {'cap_gb': 50.0, 'used_gb': 0.0019, 'used_pct': 0.0, 'total_bytes': 2029328, 'total_segments': 211, 'evictions': 0, 'bytes_evicted': 0, 'per_stream': {'premium_index_kline': {'bytes': 2029328, 'segments': 211}}}
2026-06-11 21:13:47.442 | WARNING  | bybit_edge.recorder.recording_engine | [option] connection lost (sent 1011 (internal error) keepalive ping timeout; no close frame received) — reconnecting in 1.0 s
2026-06-11 21:13:49.036 | INFO     | bybit_edge.recorder.recording_engine | [option] connected to wss://stream.bybit.com/v5/public/option
2026-06-11 21:13:49.036 | INFO     | bybit_edge.recorder.recording_engine | Subscribed to 2 topic(s): ['tickers.BTC', 'tickers.ETH']
2026-06-11 21:13:57.264 | INFO     | bybit_edge.recorder.recording_engine | Storage telemetry: {'cap_gb': 50.0, 'used_gb': 0.0019, 'used_pct': 0.0, 'total_bytes': 2038968, 'total_segments': 212, 'evictions': 0, 'bytes_evicted': 0, 'per_stream': {'premium_index_kline': {'bytes': 2038968, 'segments': 212}}}
2026-06-11 21:14:19.234 | WARNING  | bybit_edge.recorder.recording_engine | [option] connection lost (sent 1011 (internal error) keepalive ping timeout; no close frame received) — reconnecting in 1.0 s
2026-06-11 21:14:20.826 | INFO     | bybit_edge.recorder.recording_engine | [option] connected to wss://stream.bybit.com/v5/public/option
2026-06-11 21:14:20.828 | INFO     | bybit_edge.recorder.recording_engine | Subscribed to 2 topic(s): ['tickers.BTC', 'tickers.ETH']
2026-06-11 21:14:27.332 | INFO     | bybit_edge.recorder.recording_engine | Storage telemetry: {'cap_gb': 50.0, 'used_gb': 0.0019, 'used_pct': 0.0, 'total_bytes': 2038968, 'total_segments': 212, 'evictions': 0, 'bytes_evicted': 0, 'per_stream': {'premium_index_kline': {'bytes': 2038968, 'segments': 212}}}
2026-06-11 21:14:51.032 | WARNING  | bybit_edge.recorder.recording_engine | [option] connection lost (sent 1011 (internal error) keepalive ping timeout; no close frame received) — reconnecting in 1.0 s
2026-06-11 21:14:52.780 | INFO     | bybit_edge.recorder.recording_engine | [option] connected to wss://stream.bybit.com/v5/public/option
2026-06-11 21:14:52.780 | INFO     | bybit_edge.recorder.recording_engine | Subscribed to 2 topic(s): ['tickers.BTC', 'tickers.ETH']
2026-06-11 21:14:57.402 | INFO     | bybit_edge.recorder.recording_engine | Storage telemetry: {'cap_gb': 50.0, 'used_gb': 0.0019, 'used_pct': 0.0, 'total_bytes': 2048608, 'total_segments': 213, 'evictions': 0, 'bytes_evicted': 0, 'per_stream': {'premium_index_kline': {'bytes': 2048608, 'segments': 213}}}
2026-06-11 21:15:22.959 | WARNING  | bybit_edge.recorder.recording_engine | [option] connection lost (sent 1011 (internal error) keepalive ping timeout; no close frame received) — reconnecting in 1.0 s
2026-06-11 21:15:24.730 | INFO     | bybit_edge.recorder.recording_engine | [option] connected to wss://stream.bybit.com/v5/public/option
2026-06-11 21:15:24.731 | INFO     | bybit_edge.recorder.recording_engine | Subscribed to 2 topic(s): ['tickers.BTC', 'tickers.ETH']
2026-06-11 21:15:27.474 | INFO     | bybit_edge.recorder.recording_engine | Storage telemetry: {'cap_gb': 50.0, 'used_gb': 0.0019, 'used_pct': 0.0, 'total_bytes': 2048608, 'total_segments': 213, 'evictions': 0, 'bytes_evicted': 0, 'per_stream': {'premium_index_kline': {'bytes': 2048608, 'segments': 213}}}
2026-06-11 21:15:54.918 | WARNING  | bybit_edge.recorder.recording_engine | [option] connection lost (sent 1011 (internal error) keepalive ping timeout; no close frame received) — reconnecting in 1.0 s
2026-06-11 21:15:56.665 | INFO     | bybit_edge.recorder.recording_engine | [option] connected to wss://stream.bybit.com/v5/public/option
2026-06-11 21:15:56.666 | INFO     | bybit_edge.recorder.recording_engine | Subscribed to 2 topic(s): ['tickers.BTC', 'tickers.ETH']
2026-06-11 21:15:57.537 | INFO     | bybit_edge.recorder.recording_engine | Storage telemetry: {'cap_gb': 50.0, 'used_gb': 0.0019, 'used_pct': 0.0, 'total_bytes': 2058257, 'total_segments': 214, 'evictions': 0, 'bytes_evicted': 0, 'per_stream': {'premium_index_kline': {'bytes': 2058257, 'segments': 214}}}
2026-06-11 21:16:26.859 | WARNING  | bybit_edge.recorder.recording_engine | [option] connection lost (sent 1011 (internal error) keepalive ping timeout; no close frame received) — reconnecting in 1.0 s
2026-06-11 21:16:27.593 | INFO     | bybit_edge.recorder.recording_engine | Storage telemetry: {'cap_gb': 50.0, 'used_gb': 0.0019, 'used_pct': 0.0, 'total_bytes': 2058257, 'total_segments': 214, 'evictions': 0, 'bytes_evicted': 0, 'per_stream': {'premium_index_kline': {'bytes': 2058257, 'segments': 214}}}
2026-06-11 21:16:28.619 | INFO     | bybit_edge.recorder.recording_engine | [option] connected to wss://stream.bybit.com/v5/public/option
2026-06-11 21:16:28.619 | INFO     | bybit_edge.recorder.recording_engine | Subscribed to 2 topic(s): ['tickers.BTC', 'tickers.ETH']
2026-06-11 21:16:57.680 | INFO     | bybit_edge.recorder.recording_engine | Storage telemetry: {'cap_gb': 50.0, 'used_gb': 0.0019, 'used_pct': 0.0, 'total_bytes': 2067914, 'total_segments': 215, 'evictions': 0, 'bytes_evicted': 0, 'per_stream': {'premium_index_kline': {'bytes': 2067914, 'segments': 215}}}
2026-06-11 21:16:58.833 | WARNING  | bybit_edge.recorder.recording_engine | [option] connection lost (sent 1011 (internal error) keepalive ping timeout; no close frame received) — reconnecting in 1.0 s
2026-06-11 21:17:00.408 | INFO     | bybit_edge.recorder.recording_engine | [option] connected to wss://stream.bybit.com/v5/public/option
2026-06-11 21:17:00.409 | INFO     | bybit_edge.recorder.recording_engine | Subscribed to 2 topic(s): ['tickers.BTC', 'tickers.ETH']
2026-06-11 21:17:27.765 | INFO     | bybit_edge.recorder.recording_engine | Storage telemetry: {'cap_gb': 50.0, 'used_gb': 0.0019, 'used_pct': 0.0, 'total_bytes': 2067914, 'total_segments': 215, 'evictions': 0, 'bytes_evicted': 0, 'per_stream': {'premium_index_kline': {'bytes': 2067914, 'segments': 215}}}
2026-06-11 21:17:30.592 | WARNING  | bybit_edge.recorder.recording_engine | [option] connection lost (sent 1011 (internal error) keepalive ping timeout; no close frame received) — reconnecting in 1.0 s
2026-06-11 21:17:32.177 | INFO     | bybit_edge.recorder.recording_engine | [option] connected to wss://stream.bybit.com/v5/public/option
2026-06-11 21:17:32.177 | INFO     | bybit_edge.recorder.recording_engine | Subscribed to 2 topic(s): ['tickers.BTC', 'tickers.ETH']
2026-06-11 21:17:57.840 | INFO     | bybit_edge.recorder.recording_engine | Storage telemetry: {'cap_gb': 50.0, 'used_gb': 0.0019, 'used_pct': 0.0, 'total_bytes': 2077560, 'total_segments': 216, 'evictions': 0, 'bytes_evicted': 0, 'per_stream': {'premium_index_kline': {'bytes': 2077560, 'segments': 216}}}
2026-06-11 21:18:02.354 | WARNING  | bybit_edge.recorder.recording_engine | [option] connection lost (sent 1011 (internal error) keepalive ping timeout; no close frame received) — reconnecting in 1.0 s
2026-06-11 21:18:03.935 | INFO     | bybit_edge.recorder.recording_engine | [option] connected to wss://stream.bybit.com/v5/public/option
2026-06-11 21:18:03.935 | INFO     | bybit_edge.recorder.recording_engine | Subscribed to 2 topic(s): ['tickers.BTC', 'tickers.ETH']
2026-06-11 21:18:27.917 | INFO     | bybit_edge.recorder.recording_engine | Storage telemetry: {'cap_gb': 50.0, 'used_gb': 0.0019, 'used_pct': 0.0, 'total_bytes': 2077560, 'total_segments': 216, 'evictions': 0, 'bytes_evicted': 0, 'per_stream': {'premium_index_kline': {'bytes': 2077560, 'segments': 216}}}
2026-06-11 21:18:34.118 | WARNING  | bybit_edge.recorder.recording_engine | [option] connection lost (sent 1011 (internal error) keepalive ping timeout; no close frame received) — reconnecting in 1.0 s
2026-06-11 21:18:35.862 | INFO     | bybit_edge.recorder.recording_engine | [option] connected to wss://stream.bybit.com/v5/public/option
2026-06-11 21:18:35.863 | INFO     | bybit_edge.recorder.recording_engine | Subscribed to 2 topic(s): ['tickers.BTC', 'tickers.ETH']
2026-06-11 21:18:58.012 | INFO     | bybit_edge.recorder.recording_engine | Storage telemetry: {'cap_gb': 50.0, 'used_gb': 0.0019, 'used_pct': 0.0, 'total_bytes': 2087216, 'total_segments': 217, 'evictions': 0, 'bytes_evicted': 0, 'per_stream': {'premium_index_kline': {'bytes': 2087216, 'segments': 217}}}
2026-06-11 21:19:06.038 | WARNING  | bybit_edge.recorder.recording_engine | [option] connection lost (sent 1011 (internal error) keepalive ping timeout; no close frame received) — reconnecting in 1.0 s
2026-06-11 21:19:07.793 | INFO     | bybit_edge.recorder.recording_engine | [option] connected to wss://stream.bybit.com/v5/public/option
2026-06-11 21:19:07.793 | INFO     | bybit_edge.recorder.recording_engine | Subscribed to 2 topic(s): ['tickers.BTC', 'tickers.ETH']
2026-06-11 21:19:28.075 | INFO     | bybit_edge.recorder.recording_engine | Storage telemetry: {'cap_gb': 50.0, 'used_gb': 0.0019, 'used_pct': 0.0, 'total_bytes': 2087216, 'total_segments': 217, 'evictions': 0, 'bytes_evicted': 0, 'per_stream': {'premium_index_kline': {'bytes': 2087216, 'segments': 217}}}
2026-06-11 21:19:37.985 | WARNING  | bybit_edge.recorder.recording_engine | [option] connection lost (sent 1011 (internal error) keepalive ping timeout; no close frame received) — reconnecting in 1.0 s
2026-06-11 21:19:39.731 | INFO     | bybit_edge.recorder.recording_engine | [option] connected to wss://stream.bybit.com/v5/public/option
2026-06-11 21:19:39.731 | INFO     | bybit_edge.recorder.recording_engine | Subscribed to 2 topic(s): ['tickers.BTC', 'tickers.ETH']
2026-06-11 21:19:58.156 | INFO     | bybit_edge.recorder.recording_engine | Storage telemetry: {'cap_gb': 50.0, 'used_gb': 0.002, 'used_pct': 0.0, 'total_bytes': 2096859, 'total_segments': 218, 'evictions': 0, 'bytes_evicted': 0, 'per_stream': {'premium_index_kline': {'bytes': 2096859, 'segments': 218}}}
2026-06-11 21:20:09.934 | WARNING  | bybit_edge.recorder.recording_engine | [option] connection lost (sent 1011 (internal error) keepalive ping timeout; no close frame received) — reconnecting in 1.0 s
2026-06-11 21:20:11.712 | INFO     | bybit_edge.recorder.recording_engine | [option] connected to wss://stream.bybit.com/v5/public/option
2026-06-11 21:20:11.712 | INFO     | bybit_edge.recorder.recording_engine | Subscribed to 2 topic(s): ['tickers.BTC', 'tickers.ETH']
2026-06-11 21:20:28.222 | INFO     | bybit_edge.recorder.recording_engine | Storage telemetry: {'cap_gb': 50.0, 'used_gb': 0.002, 'used_pct': 0.0, 'total_bytes': 2096859, 'total_segments': 218, 'evictions': 0, 'bytes_evicted': 0, 'per_stream': {'premium_index_kline': {'bytes': 2096859, 'segments': 218}}}
2026-06-11 21:20:41.930 | WARNING  | bybit_edge.recorder.recording_engine | [option] connection lost (sent 1011 (internal error) keepalive ping timeout; no close frame received) — reconnecting in 1.0 s
2026-06-11 21:20:43.711 | INFO     | bybit_edge.recorder.recording_engine | [option] connected to wss://stream.bybit.com/v5/public/option
2026-06-11 21:20:43.711 | INFO     | bybit_edge.recorder.recording_engine | Subscribed to 2 topic(s): ['tickers.BTC', 'tickers.ETH']
2026-06-11 21:20:58.301 | INFO     | bybit_edge.recorder.recording_engine | Storage telemetry: {'cap_gb': 50.0, 'used_gb': 0.002, 'used_pct': 0.0, 'total_bytes': 2106514, 'total_segments': 219, 'evictions': 0, 'bytes_evicted': 0, 'per_stream': {'premium_index_kline': {'bytes': 2106514, 'segments': 219}}}
2026-06-11 21:21:13.910 | WARNING  | bybit_edge.recorder.recording_engine | [option] connection lost (sent 1011 (internal error) keepalive ping timeout; no close frame received) — reconnecting in 1.0 s
2026-06-11 21:21:15.489 | INFO     | bybit_edge.recorder.recording_engine | [option] connected to wss://stream.bybit.com/v5/public/option
2026-06-11 21:21:15.490 | INFO     | bybit_edge.recorder.recording_engine | Subscribed to 2 topic(s): ['tickers.BTC', 'tickers.ETH']
2026-06-11 21:21:28.370 | INFO     | bybit_edge.recorder.recording_engine | Storage telemetry: {'cap_gb': 50.0, 'used_gb': 0.002, 'used_pct': 0.0, 'total_bytes': 2106514, 'total_segments': 219, 'evictions': 0, 'bytes_evicted': 0, 'per_stream': {'premium_index_kline': {'bytes': 2106514, 'segments': 219}}}
2026-06-11 21:21:45.680 | WARNING  | bybit_edge.recorder.recording_engine | [option] connection lost (sent 1011 (internal error) keepalive ping timeout; no close frame received) — reconnecting in 1.0 s
2026-06-11 21:21:47.256 | INFO     | bybit_edge.recorder.recording_engine | [option] connected to wss://stream.bybit.com/v5/public/option
2026-06-11 21:21:47.257 | INFO     | bybit_edge.recorder.recording_engine | Subscribed to 2 topic(s): ['tickers.BTC', 'tickers.ETH']
2026-06-11 21:21:58.446 | INFO     | bybit_edge.recorder.recording_engine | Storage telemetry: {'cap_gb': 50.0, 'used_gb': 0.002, 'used_pct': 0.0, 'total_bytes': 2116156, 'total_segments': 220, 'evictions': 0, 'bytes_evicted': 0, 'per_stream': {'premium_index_kline': {'bytes': 2116156, 'segments': 220}}}
2026-06-11 21:22:17.465 | WARNING  | bybit_edge.recorder.recording_engine | [option] connection lost (sent 1011 (internal error) keepalive ping timeout; no close frame received) — reconnecting in 1.0 s
2026-06-11 21:22:19.201 | INFO     | bybit_edge.recorder.recording_engine | [option] connected to wss://stream.bybit.com/v5/public/option
2026-06-11 21:22:19.202 | INFO     | bybit_edge.recorder.recording_engine | Subscribed to 2 topic(s): ['tickers.BTC', 'tickers.ETH']
2026-06-11 21:22:28.523 | INFO     | bybit_edge.recorder.recording_engine | Storage telemetry: {'cap_gb': 50.0, 'used_gb': 0.002, 'used_pct': 0.0, 'total_bytes': 2116156, 'total_segments': 220, 'evictions': 0, 'bytes_evicted': 0, 'per_stream': {'premium_index_kline': {'bytes': 2116156, 'segments': 220}}}
2026-06-11 21:22:49.408 | WARNING  | bybit_edge.recorder.recording_engine | [option] connection lost (sent 1011 (internal error) keepalive ping timeout; no close frame received) — reconnecting in 1.0 s
2026-06-11 21:22:51.166 | INFO     | bybit_edge.recorder.recording_engine | [option] connected to wss://stream.bybit.com/v5/public/option
2026-06-11 21:22:51.166 | INFO     | bybit_edge.recorder.recording_engine | Subscribed to 2 topic(s): ['tickers.BTC', 'tickers.ETH']
2026-06-11 21:22:58.610 | INFO     | bybit_edge.recorder.recording_engine | Storage telemetry: {'cap_gb': 50.0, 'used_gb': 0.002, 'used_pct': 0.0, 'total_bytes': 2125809, 'total_segments': 221, 'evictions': 0, 'bytes_evicted': 0, 'per_stream': {'premium_index_kline': {'bytes': 2125809, 'segments': 221}}}
2026-06-11 21:23:21.377 | WARNING  | bybit_edge.recorder.recording_engine | [option] connection lost (sent 1011 (internal error) keepalive ping timeout; no close frame received) — reconnecting in 1.0 s
2026-06-11 21:23:23.123 | INFO     | bybit_edge.recorder.recording_engine | [option] connected to wss://stream.bybit.com/v5/public/option
2026-06-11 21:23:23.124 | INFO     | bybit_edge.recorder.recording_engine | Subscribed to 2 topic(s): ['tickers.BTC', 'tickers.ETH']
2026-06-11 21:23:28.676 | INFO     | bybit_edge.recorder.recording_engine | Storage telemetry: {'cap_gb': 50.0, 'used_gb': 0.002, 'used_pct': 0.0, 'total_bytes': 2125809, 'total_segments': 221, 'evictions': 0, 'bytes_evicted': 0, 'per_stream': {'premium_index_kline': {'bytes': 2125809, 'segments': 221}}}
2026-06-11 21:23:53.314 | WARNING  | bybit_edge.recorder.recording_engine | [option] connection lost (sent 1011 (internal error) keepalive ping timeout; no close frame received) — reconnecting in 1.0 s
2026-06-11 21:23:55.072 | INFO     | bybit_edge.recorder.recording_engine | [option] connected to wss://stream.bybit.com/v5/public/option
2026-06-11 21:23:55.072 | INFO     | bybit_edge.recorder.recording_engine | Subscribed to 2 topic(s): ['tickers.BTC', 'tickers.ETH']
2026-06-11 21:23:58.735 | INFO     | bybit_edge.recorder.recording_engine | Storage telemetry: {'cap_gb': 50.0, 'used_gb': 0.002, 'used_pct': 0.0, 'total_bytes': 2135465, 'total_segments': 222, 'evictions': 0, 'bytes_evicted': 0, 'per_stream': {'premium_index_kline': {'bytes': 2135465, 'segments': 222}}}
2026-06-11 21:24:25.283 | WARNING  | bybit_edge.recorder.recording_engine | [option] connection lost (sent 1011 (internal error) keepalive ping timeout; no close frame received) — reconnecting in 1.0 s
2026-06-11 21:24:27.026 | INFO     | bybit_edge.recorder.recording_engine | [option] connected to wss://stream.bybit.com/v5/public/option
2026-06-11 21:24:27.026 | INFO     | bybit_edge.recorder.recording_engine | Subscribed to 2 topic(s): ['tickers.BTC', 'tickers.ETH']
2026-06-11 21:24:28.809 | INFO     | bybit_edge.recorder.recording_engine | Storage telemetry: {'cap_gb': 50.0, 'used_gb': 0.002, 'used_pct': 0.0, 'total_bytes': 2135465, 'total_segments': 222, 'evictions': 0, 'bytes_evicted': 0, 'per_stream': {'premium_index_kline': {'bytes': 2135465, 'segments': 222}}}
2026-06-11 21:24:57.219 | WARNING  | bybit_edge.recorder.recording_engine | [option] connection lost (sent 1011 (internal error) keepalive ping timeout; no close frame received) — reconnecting in 1.0 s
2026-06-11 21:24:58.880 | INFO     | bybit_edge.recorder.recording_engine | Storage telemetry: {'cap_gb': 50.0, 'used_gb': 0.002, 'used_pct': 0.0, 'total_bytes': 2145112, 'total_segments': 223, 'evictions': 0, 'bytes_evicted': 0, 'per_stream': {'premium_index_kline': {'bytes': 2145112, 'segments': 223}}}
2026-06-11 21:24:58.979 | INFO     | bybit_edge.recorder.recording_engine | [option] connected to wss://stream.bybit.com/v5/public/option
2026-06-11 21:24:58.980 | INFO     | bybit_edge.recorder.recording_engine | Subscribed to 2 topic(s): ['tickers.BTC', 'tickers.ETH']
2026-06-11 21:25:28.948 | INFO     | bybit_edge.recorder.recording_engine | Storage telemetry: {'cap_gb': 50.0, 'used_gb': 0.002, 'used_pct': 0.0, 'total_bytes': 2145112, 'total_segments': 223, 'evictions': 0, 'bytes_evicted': 0, 'per_stream': {'premium_index_kline': {'bytes': 2145112, 'segments': 223}}}
2026-06-11 21:25:29.175 | WARNING  | bybit_edge.recorder.recording_engine | [option] connection lost (sent 1011 (internal error) keepalive ping timeout; no close frame received) — reconnecting in 1.0 s
2026-06-11 21:25:30.945 | INFO     | bybit_edge.recorder.recording_engine | [option] connected to wss://stream.bybit.com/v5/public/option
2026-06-11 21:25:30.946 | INFO     | bybit_edge.recorder.recording_engine | Subscribed to 2 topic(s): ['tickers.BTC', 'tickers.ETH']
2026-06-11 21:25:59.029 | INFO     | bybit_edge.recorder.recording_engine | Storage telemetry: {'cap_gb': 50.0, 'used_gb': 0.002, 'used_pct': 0.0, 'total_bytes': 2154739, 'total_segments': 224, 'evictions': 0, 'bytes_evicted': 0, 'per_stream': {'premium_index_kline': {'bytes': 2154739, 'segments': 224}}}
2026-06-11 21:26:01.138 | WARNING  | bybit_edge.recorder.recording_engine | [option] connection lost (sent 1011 (internal error) keepalive ping timeout; no close frame received) — reconnecting in 1.0 s
2026-06-11 21:26:02.736 | INFO     | bybit_edge.recorder.recording_engine | [option] connected to wss://stream.bybit.com/v5/public/option
2026-06-11 21:26:02.736 | INFO     | bybit_edge.recorder.recording_engine | Subscribed to 2 topic(s): ['tickers.BTC', 'tickers.ETH']
2026-06-11 21:26:29.103 | INFO     | bybit_edge.recorder.recording_engine | Storage telemetry: {'cap_gb': 50.0, 'used_gb': 0.002, 'used_pct': 0.0, 'total_bytes': 2154739, 'total_segments': 224, 'evictions': 0, 'bytes_evicted': 0, 'per_stream': {'premium_index_kline': {'bytes': 2154739, 'segments': 224}}}
2026-06-11 21:26:32.931 | WARNING  | bybit_edge.recorder.recording_engine | [option] connection lost (sent 1011 (internal error) keepalive ping timeout; no close frame received) — reconnecting in 1.0 s
2026-06-11 21:26:34.694 | INFO     | bybit_edge.recorder.recording_engine | [option] connected to wss://stream.bybit.com/v5/public/option
2026-06-11 21:26:34.696 | INFO     | bybit_edge.recorder.recording_engine | Subscribed to 2 topic(s): ['tickers.BTC', 'tickers.ETH']
2026-06-11 21:26:59.188 | INFO     | bybit_edge.recorder.recording_engine | Storage telemetry: {'cap_gb': 50.0, 'used_gb': 0.002, 'used_pct': 0.0, 'total_bytes': 2164375, 'total_segments': 225, 'evictions': 0, 'bytes_evicted': 0, 'per_stream': {'premium_index_kline': {'bytes': 2164375, 'segments': 225}}}
2026-06-11 21:27:04.898 | WARNING  | bybit_edge.recorder.recording_engine | [option] connection lost (sent 1011 (internal error) keepalive ping timeout; no close frame received) — reconnecting in 1.0 s
2026-06-11 21:27:06.642 | INFO     | bybit_edge.recorder.recording_engine | [option] connected to wss://stream.bybit.com/v5/public/option
2026-06-11 21:27:06.642 | INFO     | bybit_edge.recorder.recording_engine | Subscribed to 2 topic(s): ['tickers.BTC', 'tickers.ETH']
2026-06-11 21:27:29.271 | INFO     | bybit_edge.recorder.recording_engine | Storage telemetry: {'cap_gb': 50.0, 'used_gb': 0.002, 'used_pct': 0.0, 'total_bytes': 2164375, 'total_segments': 225, 'evictions': 0, 'bytes_evicted': 0, 'per_stream': {'premium_index_kline': {'bytes': 2164375, 'segments': 225}}}
2026-06-11 21:27:36.855 | WARNING  | bybit_edge.recorder.recording_engine | [option] connection lost (sent 1011 (internal error) keepalive ping timeout; no close frame received) — reconnecting in 1.0 s
2026-06-11 21:27:38.599 | INFO     | bybit_edge.recorder.recording_engine | [option] connected to wss://stream.bybit.com/v5/public/option
2026-06-11 21:27:38.600 | INFO     | bybit_edge.recorder.recording_engine | Subscribed to 2 topic(s): ['tickers.BTC', 'tickers.ETH']
2026-06-11 21:27:59.332 | INFO     | bybit_edge.recorder.recording_engine | Storage telemetry: {'cap_gb': 50.0, 'used_gb': 0.002, 'used_pct': 0.0, 'total_bytes': 2173994, 'total_segments': 226, 'evictions': 0, 'bytes_evicted': 0, 'per_stream': {'premium_index_kline': {'bytes': 2173994, 'segments': 226}}}
2026-06-11 21:28:08.782 | WARNING  | bybit_edge.recorder.recording_engine | [option] connection lost (sent 1011 (internal error) keepalive ping timeout; no close frame received) — reconnecting in 1.0 s
2026-06-11 21:28:10.525 | INFO     | bybit_edge.recorder.recording_engine | [option] connected to wss://stream.bybit.com/v5/public/option
2026-06-11 21:28:10.526 | INFO     | bybit_edge.recorder.recording_engine | Subscribed to 2 topic(s): ['tickers.BTC', 'tickers.ETH']
2026-06-11 21:28:29.407 | INFO     | bybit_edge.recorder.recording_engine | Storage telemetry: {'cap_gb': 50.0, 'used_gb': 0.002, 'used_pct': 0.0, 'total_bytes': 2173994, 'total_segments': 226, 'evictions': 0, 'bytes_evicted': 0, 'per_stream': {'premium_index_kline': {'bytes': 2173994, 'segments': 226}}}
2026-06-11 21:28:40.718 | WARNING  | bybit_edge.recorder.recording_engine | [option] connection lost (sent 1011 (internal error) keepalive ping timeout; no close frame received) — reconnecting in 1.0 s
2026-06-11 21:28:42.296 | INFO     | bybit_edge.recorder.recording_engine | [option] connected to wss://stream.bybit.com/v5/public/option
2026-06-11 21:28:42.296 | INFO     | bybit_edge.recorder.recording_engine | Subscribed to 2 topic(s): ['tickers.BTC', 'tickers.ETH']
2026-06-11 21:28:59.477 | INFO     | bybit_edge.recorder.recording_engine | Storage telemetry: {'cap_gb': 50.0, 'used_gb': 0.002, 'used_pct': 0.0, 'total_bytes': 2183623, 'total_segments': 227, 'evictions': 0, 'bytes_evicted': 0, 'per_stream': {'premium_index_kline': {'bytes': 2183623, 'segments': 227}}}
2026-06-11 21:29:12.491 | WARNING  | bybit_edge.recorder.recording_engine | [option] connection lost (sent 1011 (internal error) keepalive ping timeout; no close frame received) — reconnecting in 1.0 s
2026-06-11 21:29:14.235 | INFO     | bybit_edge.recorder.recording_engine | [option] connected to wss://stream.bybit.com/v5/public/option
2026-06-11 21:29:14.236 | INFO     | bybit_edge.recorder.recording_engine | Subscribed to 2 topic(s): ['tickers.BTC', 'tickers.ETH']
2026-06-11 21:29:29.565 | INFO     | bybit_edge.recorder.recording_engine | Storage telemetry: {'cap_gb': 50.0, 'used_gb': 0.002, 'used_pct': 0.0, 'total_bytes': 2183623, 'total_segments': 227, 'evictions': 0, 'bytes_evicted': 0, 'per_stream': {'premium_index_kline': {'bytes': 2183623, 'segments': 227}}}
2026-06-11 21:29:44.438 | WARNING  | bybit_edge.recorder.recording_engine | [option] connection lost (sent 1011 (internal error) keepalive ping timeout; no close frame received) — reconnecting in 1.0 s
2026-06-11 21:29:46.180 | INFO     | bybit_edge.recorder.recording_engine | [option] connected to wss://stream.bybit.com/v5/public/option
2026-06-11 21:29:46.181 | INFO     | bybit_edge.recorder.recording_engine | Subscribed to 2 topic(s): ['tickers.BTC', 'tickers.ETH']
2026-06-11 21:29:59.633 | INFO     | bybit_edge.recorder.recording_engine | Storage telemetry: {'cap_gb': 50.0, 'used_gb': 0.002, 'used_pct': 0.0, 'total_bytes': 2193233, 'total_segments': 228, 'evictions': 0, 'bytes_evicted': 0, 'per_stream': {'premium_index_kline': {'bytes': 2193233, 'segments': 228}}}
2026-06-11 21:30:16.398 | WARNING  | bybit_edge.recorder.recording_engine | [option] connection lost (sent 1011 (internal error) keepalive ping timeout; no close frame received) — reconnecting in 1.0 s
2026-06-11 21:30:18.159 | INFO     | bybit_edge.recorder.recording_engine | [option] connected to wss://stream.bybit.com/v5/public/option
2026-06-11 21:30:18.159 | INFO     | bybit_edge.recorder.recording_engine | Subscribed to 2 topic(s): ['tickers.BTC', 'tickers.ETH']
2026-06-11 21:30:29.713 | INFO     | bybit_edge.recorder.recording_engine | Storage telemetry: {'cap_gb': 50.0, 'used_gb': 0.002, 'used_pct': 0.0, 'total_bytes': 2193233, 'total_segments': 228, 'evictions': 0, 'bytes_evicted': 0, 'per_stream': {'premium_index_kline': {'bytes': 2193233, 'segments': 228}}}
2026-06-11 21:30:48.337 | WARNING  | bybit_edge.recorder.recording_engine | [option] connection lost (sent 1011 (internal error) keepalive ping timeout; no close frame received) — reconnecting in 1.0 s
2026-06-11 21:30:50.113 | INFO     | bybit_edge.recorder.recording_engine | [option] connected to wss://stream.bybit.com/v5/public/option
2026-06-11 21:30:50.114 | INFO     | bybit_edge.recorder.recording_engine | Subscribed to 2 topic(s): ['tickers.BTC', 'tickers.ETH']
2026-06-11 21:30:59.793 | INFO     | bybit_edge.recorder.recording_engine | Storage telemetry: {'cap_gb': 50.0, 'used_gb': 0.0021, 'used_pct': 0.0, 'total_bytes': 2202844, 'total_segments': 229, 'evictions': 0, 'bytes_evicted': 0, 'per_stream': {'premium_index_kline': {'bytes': 2202844, 'segments': 229}}}
2026-06-11 21:31:20.305 | WARNING  | bybit_edge.recorder.recording_engine | [option] connection lost (sent 1011 (internal error) keepalive ping timeout; no close frame received) — reconnecting in 1.0 s
2026-06-11 21:31:22.066 | INFO     | bybit_edge.recorder.recording_engine | [option] connected to wss://stream.bybit.com/v5/public/option
2026-06-11 21:31:22.066 | INFO     | bybit_edge.recorder.recording_engine | Subscribed to 2 topic(s): ['tickers.BTC', 'tickers.ETH']
2026-06-11 21:31:29.870 | INFO     | bybit_edge.recorder.recording_engine | Storage telemetry: {'cap_gb': 50.0, 'used_gb': 0.0021, 'used_pct': 0.0, 'total_bytes': 2202844, 'total_segments': 229, 'evictions': 0, 'bytes_evicted': 0, 'per_stream': {'premium_index_kline': {'bytes': 2202844, 'segments': 229}}}
2026-06-11 21:31:52.248 | WARNING  | bybit_edge.recorder.recording_engine | [option] connection lost (sent 1011 (internal error) keepalive ping timeout; no close frame received) — reconnecting in 1.0 s
2026-06-11 21:31:54.008 | INFO     | bybit_edge.recorder.recording_engine | [option] connected to wss://stream.bybit.com/v5/public/option
2026-06-11 21:31:54.009 | INFO     | bybit_edge.recorder.recording_engine | Subscribed to 2 topic(s): ['tickers.BTC', 'tickers.ETH']
2026-06-11 21:31:59.941 | INFO     | bybit_edge.recorder.recording_engine | Storage telemetry: {'cap_gb': 50.0, 'used_gb': 0.0021, 'used_pct': 0.0, 'total_bytes': 2212447, 'total_segments': 230, 'evictions': 0, 'bytes_evicted': 0, 'per_stream': {'premium_index_kline': {'bytes': 2212447, 'segments': 230}}}
2026-06-11 21:32:24.219 | WARNING  | bybit_edge.recorder.recording_engine | [option] connection lost (sent 1011 (internal error) keepalive ping timeout; no close frame received) — reconnecting in 1.0 s
2026-06-11 21:32:25.965 | INFO     | bybit_edge.recorder.recording_engine | [option] connected to wss://stream.bybit.com/v5/public/option
2026-06-11 21:32:25.966 | INFO     | bybit_edge.recorder.recording_engine | Subscribed to 2 topic(s): ['tickers.BTC', 'tickers.ETH']
2026-06-11 21:32:30.000 | INFO     | bybit_edge.recorder.recording_engine | Storage telemetry: {'cap_gb': 50.0, 'used_gb': 0.0021, 'used_pct': 0.0, 'total_bytes': 2212447, 'total_segments': 230, 'evictions': 0, 'bytes_evicted': 0, 'per_stream': {'premium_index_kline': {'bytes': 2212447, 'segments': 230}}}
2026-06-11 21:32:56.153 | WARNING  | bybit_edge.recorder.recording_engine | [option] connection lost (sent 1011 (internal error) keepalive ping timeout; no close frame received) — reconnecting in 1.0 s
2026-06-11 21:32:57.912 | INFO     | bybit_edge.recorder.recording_engine | [option] connected to wss://stream.bybit.com/v5/public/option
2026-06-11 21:32:57.912 | INFO     | bybit_edge.recorder.recording_engine | Subscribed to 2 topic(s): ['tickers.BTC', 'tickers.ETH']
2026-06-11 21:33:00.064 | INFO     | bybit_edge.recorder.recording_engine | Storage telemetry: {'cap_gb': 50.0, 'used_gb': 0.0021, 'used_pct': 0.0, 'total_bytes': 2222054, 'total_segments': 231, 'evictions': 0, 'bytes_evicted': 0, 'per_stream': {'premium_index_kline': {'bytes': 2222054, 'segments': 231}}}
2026-06-11 21:33:28.097 | WARNING  | bybit_edge.recorder.recording_engine | [option] connection lost (sent 1011 (internal error) keepalive ping timeout; no close frame received) — reconnecting in 1.0 s
2026-06-11 21:33:29.839 | INFO     | bybit_edge.recorder.recording_engine | [option] connected to wss://stream.bybit.com/v5/public/option
2026-06-11 21:33:29.840 | INFO     | bybit_edge.recorder.recording_engine | Subscribed to 2 topic(s): ['tickers.BTC', 'tickers.ETH']
2026-06-11 21:33:30.140 | INFO     | bybit_edge.recorder.recording_engine | Storage telemetry: {'cap_gb': 50.0, 'used_gb': 0.0021, 'used_pct': 0.0, 'total_bytes': 2222054, 'total_segments': 231, 'evictions': 0, 'bytes_evicted': 0, 'per_stream': {'premium_index_kline': {'bytes': 2222054, 'segments': 231}}}
2026-06-11 21:34:00.050 | WARNING  | bybit_edge.recorder.recording_engine | [option] connection lost (sent 1011 (internal error) keepalive ping timeout; no close frame received) — reconnecting in 1.0 s
2026-06-11 21:34:00.222 | INFO     | bybit_edge.recorder.recording_engine | Storage telemetry: {'cap_gb': 50.0, 'used_gb': 0.0021, 'used_pct': 0.0, 'total_bytes': 2231668, 'total_segments': 232, 'evictions': 0, 'bytes_evicted': 0, 'per_stream': {'premium_index_kline': {'bytes': 2231668, 'segments': 232}}}
2026-06-11 21:34:01.821 | INFO     | bybit_edge.recorder.recording_engine | [option] connected to wss://stream.bybit.com/v5/public/option
2026-06-11 21:34:01.822 | INFO     | bybit_edge.recorder.recording_engine | Subscribed to 2 topic(s): ['tickers.BTC', 'tickers.ETH']
2026-06-11 21:34:30.295 | INFO     | bybit_edge.recorder.recording_engine | Storage telemetry: {'cap_gb': 50.0, 'used_gb': 0.0021, 'used_pct': 0.0, 'total_bytes': 2231668, 'total_segments': 232, 'evictions': 0, 'bytes_evicted': 0, 'per_stream': {'premium_index_kline': {'bytes': 2231668, 'segments': 232}}}
2026-06-11 21:34:32.033 | WARNING  | bybit_edge.recorder.recording_engine | [option] connection lost (sent 1011 (internal error) keepalive ping timeout; no close frame received) — reconnecting in 1.0 s
2026-06-11 21:34:33.815 | INFO     | bybit_edge.recorder.recording_engine | [option] connected to wss://stream.bybit.com/v5/public/option
2026-06-11 21:34:33.815 | INFO     | bybit_edge.recorder.recording_engine | Subscribed to 2 topic(s): ['tickers.BTC', 'tickers.ETH']
2026-06-11 21:35:00.369 | INFO     | bybit_edge.recorder.recording_engine | Storage telemetry: {'cap_gb': 50.0, 'used_gb': 0.0021, 'used_pct': 0.0, 'total_bytes': 2241278, 'total_segments': 233, 'evictions': 0, 'bytes_evicted': 0, 'per_stream': {'premium_index_kline': {'bytes': 2241278, 'segments': 233}}}
2026-06-11 21:35:03.989 | WARNING  | bybit_edge.recorder.recording_engine | [option] connection lost (sent 1011 (internal error) keepalive ping timeout; no close frame received) — reconnecting in 1.0 s
2026-06-11 21:35:05.733 | INFO     | bybit_edge.recorder.recording_engine | [option] connected to wss://stream.bybit.com/v5/public/option
2026-06-11 21:35:05.733 | INFO     | bybit_edge.recorder.recording_engine | Subscribed to 2 topic(s): ['tickers.BTC', 'tickers.ETH']
2026-06-11 21:35:30.456 | INFO     | bybit_edge.recorder.recording_engine | Storage telemetry: {'cap_gb': 50.0, 'used_gb': 0.0021, 'used_pct': 0.0, 'total_bytes': 2241278, 'total_segments': 233, 'evictions': 0, 'bytes_evicted': 0, 'per_stream': {'premium_index_kline': {'bytes': 2241278, 'segments': 233}}}
2026-06-11 21:35:35.936 | WARNING  | bybit_edge.recorder.recording_engine | [option] connection lost (sent 1011 (internal error) keepalive ping timeout; no close frame received) — reconnecting in 1.0 s
2026-06-11 21:35:37.681 | INFO     | bybit_edge.recorder.recording_engine | [option] connected to wss://stream.bybit.com/v5/public/option
2026-06-11 21:35:37.682 | INFO     | bybit_edge.recorder.recording_engine | Subscribed to 2 topic(s): ['tickers.BTC', 'tickers.ETH']
2026-06-11 21:36:00.514 | INFO     | bybit_edge.recorder.recording_engine | Storage telemetry: {'cap_gb': 50.0, 'used_gb': 0.0021, 'used_pct': 0.0, 'total_bytes': 2250899, 'total_segments': 234, 'evictions': 0, 'bytes_evicted': 0, 'per_stream': {'premium_index_kline': {'bytes': 2250899, 'segments': 234}}}
2026-06-11 21:36:07.873 | WARNING  | bybit_edge.recorder.recording_engine | [option] connection lost (sent 1011 (internal error) keepalive ping timeout; no close frame received) — reconnecting in 1.0 s
2026-06-11 21:36:09.625 | INFO     | bybit_edge.recorder.recording_engine | [option] connected to wss://stream.bybit.com/v5/public/option
2026-06-11 21:36:09.626 | INFO     | bybit_edge.recorder.recording_engine | Subscribed to 2 topic(s): ['tickers.BTC', 'tickers.ETH']
2026-06-11 21:36:30.595 | INFO     | bybit_edge.recorder.recording_engine | Storage telemetry: {'cap_gb': 50.0, 'used_gb': 0.0021, 'used_pct': 0.0, 'total_bytes': 2250899, 'total_segments': 234, 'evictions': 0, 'bytes_evicted': 0, 'per_stream': {'premium_index_kline': {'bytes': 2250899, 'segments': 234}}}
2026-06-11 21:36:39.820 | WARNING  | bybit_edge.recorder.recording_engine | [option] connection lost (sent 1011 (internal error) keepalive ping timeout; no close frame received) — reconnecting in 1.0 s
2026-06-11 21:36:41.553 | INFO     | bybit_edge.recorder.recording_engine | [option] connected to wss://stream.bybit.com/v5/public/option
2026-06-11 21:36:41.553 | INFO     | bybit_edge.recorder.recording_engine | Subscribed to 2 topic(s): ['tickers.BTC', 'tickers.ETH']
2026-06-11 21:37:00.679 | INFO     | bybit_edge.recorder.recording_engine | Storage telemetry: {'cap_gb': 50.0, 'used_gb': 0.0021, 'used_pct': 0.0, 'total_bytes': 2260522, 'total_segments': 235, 'evictions': 0, 'bytes_evicted': 0, 'per_stream': {'premium_index_kline': {'bytes': 2260522, 'segments': 235}}}
2026-06-11 21:37:11.761 | WARNING  | bybit_edge.recorder.recording_engine | [option] connection lost (sent 1011 (internal error) keepalive ping timeout; no close frame received) — reconnecting in 1.0 s
2026-06-11 21:37:13.504 | INFO     | bybit_edge.recorder.recording_engine | [option] connected to wss://stream.bybit.com/v5/public/option
2026-06-11 21:37:13.505 | INFO     | bybit_edge.recorder.recording_engine | Subscribed to 2 topic(s): ['tickers.BTC', 'tickers.ETH']
2026-06-11 21:37:30.757 | INFO     | bybit_edge.recorder.recording_engine | Storage telemetry: {'cap_gb': 50.0, 'used_gb': 0.0021, 'used_pct': 0.0, 'total_bytes': 2260522, 'total_segments': 235, 'evictions': 0, 'bytes_evicted': 0, 'per_stream': {'premium_index_kline': {'bytes': 2260522, 'segments': 235}}}
2026-06-11 21:37:43.698 | WARNING  | bybit_edge.recorder.recording_engine | [option] connection lost (sent 1011 (internal error) keepalive ping timeout; no close frame received) — reconnecting in 1.0 s
2026-06-11 21:37:45.438 | INFO     | bybit_edge.recorder.recording_engine | [option] connected to wss://stream.bybit.com/v5/public/option
2026-06-11 21:37:45.439 | INFO     | bybit_edge.recorder.recording_engine | Subscribed to 2 topic(s): ['tickers.BTC', 'tickers.ETH']
2026-06-11 21:38:00.840 | INFO     | bybit_edge.recorder.recording_engine | Storage telemetry: {'cap_gb': 50.0, 'used_gb': 0.0021, 'used_pct': 0.0, 'total_bytes': 2270142, 'total_segments': 236, 'evictions': 0, 'bytes_evicted': 0, 'per_stream': {'premium_index_kline': {'bytes': 2270142, 'segments': 236}}}
2026-06-11 21:38:15.618 | WARNING  | bybit_edge.recorder.recording_engine | [option] connection lost (sent 1011 (internal error) keepalive ping timeout; no close frame received) — reconnecting in 1.0 s
2026-06-11 21:38:17.396 | INFO     | bybit_edge.recorder.recording_engine | [option] connected to wss://stream.bybit.com/v5/public/option
2026-06-11 21:38:17.397 | INFO     | bybit_edge.recorder.recording_engine | Subscribed to 2 topic(s): ['tickers.BTC', 'tickers.ETH']
2026-06-11 21:38:30.919 | INFO     | bybit_edge.recorder.recording_engine | Storage telemetry: {'cap_gb': 50.0, 'used_gb': 0.0021, 'used_pct': 0.0, 'total_bytes': 2270142, 'total_segments': 236, 'evictions': 0, 'bytes_evicted': 0, 'per_stream': {'premium_index_kline': {'bytes': 2270142, 'segments': 236}}}
2026-06-11 21:38:47.599 | WARNING  | bybit_edge.recorder.recording_engine | [option] connection lost (sent 1011 (internal error) keepalive ping timeout; no close frame received) — reconnecting in 1.0 s
2026-06-11 21:38:49.171 | INFO     | bybit_edge.recorder.recording_engine | [option] connected to wss://stream.bybit.com/v5/public/option
2026-06-11 21:38:49.172 | INFO     | bybit_edge.recorder.recording_engine | Subscribed to 2 topic(s): ['tickers.BTC', 'tickers.ETH']
2026-06-11 21:39:00.994 | INFO     | bybit_edge.recorder.recording_engine | Storage telemetry: {'cap_gb': 50.0, 'used_gb': 0.0021, 'used_pct': 0.0, 'total_bytes': 2279768, 'total_segments': 237, 'evictions': 0, 'bytes_evicted': 0, 'per_stream': {'premium_index_kline': {'bytes': 2279768, 'segments': 237}}}
2026-06-11 21:39:19.377 | WARNING  | bybit_edge.recorder.recording_engine | [option] connection lost (sent 1011 (internal error) keepalive ping timeout; no close frame received) — reconnecting in 1.0 s
2026-06-11 21:39:21.177 | INFO     | bybit_edge.recorder.recording_engine | [option] connected to wss://stream.bybit.com/v5/public/option
2026-06-11 21:39:21.178 | INFO     | bybit_edge.recorder.recording_engine | Subscribed to 2 topic(s): ['tickers.BTC', 'tickers.ETH']
2026-06-11 21:39:31.068 | INFO     | bybit_edge.recorder.recording_engine | Storage telemetry: {'cap_gb': 50.0, 'used_gb': 0.0021, 'used_pct': 0.0, 'total_bytes': 2279768, 'total_segments': 237, 'evictions': 0, 'bytes_evicted': 0, 'per_stream': {'premium_index_kline': {'bytes': 2279768, 'segments': 237}}}
2026-06-11 21:39:51.373 | WARNING  | bybit_edge.recorder.recording_engine | [option] connection lost (sent 1011 (internal error) keepalive ping timeout; no close frame received) — reconnecting in 1.0 s
2026-06-11 21:39:53.128 | INFO     | bybit_edge.recorder.recording_engine | [option] connected to wss://stream.bybit.com/v5/public/option
2026-06-11 21:39:53.128 | INFO     | bybit_edge.recorder.recording_engine | Subscribed to 2 topic(s): ['tickers.BTC', 'tickers.ETH']
2026-06-11 21:40:01.127 | INFO     | bybit_edge.recorder.recording_engine | Storage telemetry: {'cap_gb': 50.0, 'used_gb': 0.0021, 'used_pct': 0.0, 'total_bytes': 2289387, 'total_segments': 238, 'evictions': 0, 'bytes_evicted': 0, 'per_stream': {'premium_index_kline': {'bytes': 2289387, 'segments': 238}}}
2026-06-11 21:40:23.315 | WARNING  | bybit_edge.recorder.recording_engine | [option] connection lost (sent 1011 (internal error) keepalive ping timeout; no close frame received) — reconnecting in 1.0 s
2026-06-11 21:40:25.073 | INFO     | bybit_edge.recorder.recording_engine | [option] connected to wss://stream.bybit.com/v5/public/option
2026-06-11 21:40:25.073 | INFO     | bybit_edge.recorder.recording_engine | Subscribed to 2 topic(s): ['tickers.BTC', 'tickers.ETH']
2026-06-11 21:40:31.201 | INFO     | bybit_edge.recorder.recording_engine | Storage telemetry: {'cap_gb': 50.0, 'used_gb': 0.0021, 'used_pct': 0.0, 'total_bytes': 2289387, 'total_segments': 238, 'evictions': 0, 'bytes_evicted': 0, 'per_stream': {'premium_index_kline': {'bytes': 2289387, 'segments': 238}}}
2026-06-11 21:40:55.251 | WARNING  | bybit_edge.recorder.recording_engine | [option] connection lost (sent 1011 (internal error) keepalive ping timeout; no close frame received) — reconnecting in 1.0 s
2026-06-11 21:40:57.017 | INFO     | bybit_edge.recorder.recording_engine | [option] connected to wss://stream.bybit.com/v5/public/option
2026-06-11 21:40:57.018 | INFO     | bybit_edge.recorder.recording_engine | Subscribed to 2 topic(s): ['tickers.BTC', 'tickers.ETH']
2026-06-11 21:41:01.281 | INFO     | bybit_edge.recorder.recording_engine | Storage telemetry: {'cap_gb': 50.0, 'used_gb': 0.0021, 'used_pct': 0.0, 'total_bytes': 2299004, 'total_segments': 239, 'evictions': 0, 'bytes_evicted': 0, 'per_stream': {'premium_index_kline': {'bytes': 2299004, 'segments': 239}}}
2026-06-11 21:41:27.202 | WARNING  | bybit_edge.recorder.recording_engine | [option] connection lost (sent 1011 (internal error) keepalive ping timeout; no close frame received) — reconnecting in 1.0 s
2026-06-11 21:41:28.795 | INFO     | bybit_edge.recorder.recording_engine | [option] connected to wss://stream.bybit.com/v5/public/option
2026-06-11 21:41:28.795 | INFO     | bybit_edge.recorder.recording_engine | Subscribed to 2 topic(s): ['tickers.BTC', 'tickers.ETH']
2026-06-11 21:41:31.358 | INFO     | bybit_edge.recorder.recording_engine | Storage telemetry: {'cap_gb': 50.0, 'used_gb': 0.0021, 'used_pct': 0.0, 'total_bytes': 2299004, 'total_segments': 239, 'evictions': 0, 'bytes_evicted': 0, 'per_stream': {'premium_index_kline': {'bytes': 2299004, 'segments': 239}}}
2026-06-11 21:41:58.974 | WARNING  | bybit_edge.recorder.recording_engine | [option] connection lost (sent 1011 (internal error) keepalive ping timeout; no close frame received) — reconnecting in 1.0 s
2026-06-11 21:42:00.725 | INFO     | bybit_edge.recorder.recording_engine | [option] connected to wss://stream.bybit.com/v5/public/option
2026-06-11 21:42:00.726 | INFO     | bybit_edge.recorder.recording_engine | Subscribed to 2 topic(s): ['tickers.BTC', 'tickers.ETH']
2026-06-11 21:42:01.440 | INFO     | bybit_edge.recorder.recording_engine | Storage telemetry: {'cap_gb': 50.0, 'used_gb': 0.0022, 'used_pct': 0.0, 'total_bytes': 2308637, 'total_segments': 240, 'evictions': 0, 'bytes_evicted': 0, 'per_stream': {'premium_index_kline': {'bytes': 2308637, 'segments': 240}}}
2026-06-11 21:42:30.929 | WARNING  | bybit_edge.recorder.recording_engine | [option] connection lost (sent 1011 (internal error) keepalive ping timeout; no close frame received) — reconnecting in 1.0 s
2026-06-11 21:42:31.517 | INFO     | bybit_edge.recorder.recording_engine | Storage telemetry: {'cap_gb': 50.0, 'used_gb': 0.0022, 'used_pct': 0.0, 'total_bytes': 2308637, 'total_segments': 240, 'evictions': 0, 'bytes_evicted': 0, 'per_stream': {'premium_index_kline': {'bytes': 2308637, 'segments': 240}}}
2026-06-11 21:42:32.684 | INFO     | bybit_edge.recorder.recording_engine | [option] connected to wss://stream.bybit.com/v5/public/option
2026-06-11 21:42:32.685 | INFO     | bybit_edge.recorder.recording_engine | Subscribed to 2 topic(s): ['tickers.BTC', 'tickers.ETH']
2026-06-11 21:43:01.583 | INFO     | bybit_edge.recorder.recording_engine | Storage telemetry: {'cap_gb': 50.0, 'used_gb': 0.0022, 'used_pct': 0.0, 'total_bytes': 2318286, 'total_segments': 241, 'evictions': 0, 'bytes_evicted': 0, 'per_stream': {'premium_index_kline': {'bytes': 2318286, 'segments': 241}}}
2026-06-11 21:43:02.900 | WARNING  | bybit_edge.recorder.recording_engine | [option] connection lost (sent 1011 (internal error) keepalive ping timeout; no close frame received) — reconnecting in 1.0 s
2026-06-11 21:43:04.640 | INFO     | bybit_edge.recorder.recording_engine | [option] connected to wss://stream.bybit.com/v5/public/option
2026-06-11 21:43:04.640 | INFO     | bybit_edge.recorder.recording_engine | Subscribed to 2 topic(s): ['tickers.BTC', 'tickers.ETH']
2026-06-11 21:43:31.657 | INFO     | bybit_edge.recorder.recording_engine | Storage telemetry: {'cap_gb': 50.0, 'used_gb': 0.0022, 'used_pct': 0.0, 'total_bytes': 2318286, 'total_segments': 241, 'evictions': 0, 'bytes_evicted': 0, 'per_stream': {'premium_index_kline': {'bytes': 2318286, 'segments': 241}}}
2026-06-11 21:43:34.845 | WARNING  | bybit_edge.recorder.recording_engine | [option] connection lost (sent 1011 (internal error) keepalive ping timeout; no close frame received) — reconnecting in 1.0 s
2026-06-11 21:43:36.429 | INFO     | bybit_edge.recorder.recording_engine | [option] connected to wss://stream.bybit.com/v5/public/option
2026-06-11 21:43:36.429 | INFO     | bybit_edge.recorder.recording_engine | Subscribed to 2 topic(s): ['tickers.BTC', 'tickers.ETH']
2026-06-11 21:44:01.725 | INFO     | bybit_edge.recorder.recording_engine | Storage telemetry: {'cap_gb': 50.0, 'used_gb': 0.0022, 'used_pct': 0.0, 'total_bytes': 2327934, 'total_segments': 242, 'evictions': 0, 'bytes_evicted': 0, 'per_stream': {'premium_index_kline': {'bytes': 2327934, 'segments': 242}}}
2026-06-11 21:44:06.621 | WARNING  | bybit_edge.recorder.recording_engine | [option] connection lost (sent 1011 (internal error) keepalive ping timeout; no close frame received) — reconnecting in 1.0 s
2026-06-11 21:44:08.361 | INFO     | bybit_edge.recorder.recording_engine | [option] connected to wss://stream.bybit.com/v5/public/option
2026-06-11 21:44:08.362 | INFO     | bybit_edge.recorder.recording_engine | Subscribed to 2 topic(s): ['tickers.BTC', 'tickers.ETH']
2026-06-11 21:44:31.805 | INFO     | bybit_edge.recorder.recording_engine | Storage telemetry: {'cap_gb': 50.0, 'used_gb': 0.0022, 'used_pct': 0.0, 'total_bytes': 2327934, 'total_segments': 242, 'evictions': 0, 'bytes_evicted': 0, 'per_stream': {'premium_index_kline': {'bytes': 2327934, 'segments': 242}}}
2026-06-11 21:44:38.567 | WARNING  | bybit_edge.recorder.recording_engine | [option] connection lost (sent 1011 (internal error) keepalive ping timeout; no close frame received) — reconnecting in 1.0 s
2026-06-11 21:44:40.328 | INFO     | bybit_edge.recorder.recording_engine | [option] connected to wss://stream.bybit.com/v5/public/option
2026-06-11 21:44:40.329 | INFO     | bybit_edge.recorder.recording_engine | Subscribed to 2 topic(s): ['tickers.BTC', 'tickers.ETH']
2026-06-11 21:45:01.871 | INFO     | bybit_edge.recorder.recording_engine | Storage telemetry: {'cap_gb': 50.0, 'used_gb': 0.0022, 'used_pct': 0.0, 'total_bytes': 2337563, 'total_segments': 243, 'evictions': 0, 'bytes_evicted': 0, 'per_stream': {'premium_index_kline': {'bytes': 2337563, 'segments': 243}}}
2026-06-11 21:45:10.509 | WARNING  | bybit_edge.recorder.recording_engine | [option] connection lost (sent 1011 (internal error) keepalive ping timeout; no close frame received) — reconnecting in 1.0 s
2026-06-11 21:45:12.549 | INFO     | bybit_edge.recorder.recording_engine | [option] connected to wss://stream.bybit.com/v5/public/option
2026-06-11 21:45:12.550 | INFO     | bybit_edge.recorder.recording_engine | Subscribed to 2 topic(s): ['tickers.BTC', 'tickers.ETH']
2026-06-11 21:45:31.957 | INFO     | bybit_edge.recorder.recording_engine | Storage telemetry: {'cap_gb': 50.0, 'used_gb': 0.0022, 'used_pct': 0.0, 'total_bytes': 2337563, 'total_segments': 243, 'evictions': 0, 'bytes_evicted': 0, 'per_stream': {'premium_index_kline': {'bytes': 2337563, 'segments': 243}}}
2026-06-11 21:45:42.749 | WARNING  | bybit_edge.recorder.recording_engine | [option] connection lost (sent 1011 (internal error) keepalive ping timeout; no close frame received) — reconnecting in 1.0 s
2026-06-11 21:45:44.493 | INFO     | bybit_edge.recorder.recording_engine | [option] connected to wss://stream.bybit.com/v5/public/option
2026-06-11 21:45:44.495 | INFO     | bybit_edge.recorder.recording_engine | Subscribed to 2 topic(s): ['tickers.BTC', 'tickers.ETH']
2026-06-11 21:46:02.029 | INFO     | bybit_edge.recorder.recording_engine | Storage telemetry: {'cap_gb': 50.0, 'used_gb': 0.0022, 'used_pct': 0.0, 'total_bytes': 2347206, 'total_segments': 244, 'evictions': 0, 'bytes_evicted': 0, 'per_stream': {'premium_index_kline': {'bytes': 2347206, 'segments': 244}}}
2026-06-11 21:46:14.704 | WARNING  | bybit_edge.recorder.recording_engine | [option] connection lost (sent 1011 (internal error) keepalive ping timeout; no close frame received) — reconnecting in 1.0 s
2026-06-11 21:46:16.455 | INFO     | bybit_edge.recorder.recording_engine | [option] connected to wss://stream.bybit.com/v5/public/option
2026-06-11 21:46:16.455 | INFO     | bybit_edge.recorder.recording_engine | Subscribed to 2 topic(s): ['tickers.BTC', 'tickers.ETH']
2026-06-11 21:46:32.103 | INFO     | bybit_edge.recorder.recording_engine | Storage telemetry: {'cap_gb': 50.0, 'used_gb': 0.0022, 'used_pct': 0.0, 'total_bytes': 2347206, 'total_segments': 244, 'evictions': 0, 'bytes_evicted': 0, 'per_stream': {'premium_index_kline': {'bytes': 2347206, 'segments': 244}}}
2026-06-11 21:46:46.645 | WARNING  | bybit_edge.recorder.recording_engine | [option] connection lost (sent 1011 (internal error) keepalive ping timeout; no close frame received) — reconnecting in 1.0 s
2026-06-11 21:46:48.379 | INFO     | bybit_edge.recorder.recording_engine | [option] connected to wss://stream.bybit.com/v5/public/option
2026-06-11 21:46:48.379 | INFO     | bybit_edge.recorder.recording_engine | Subscribed to 2 topic(s): ['tickers.BTC', 'tickers.ETH']
2026-06-11 21:47:02.182 | INFO     | bybit_edge.recorder.recording_engine | Storage telemetry: {'cap_gb': 50.0, 'used_gb': 0.0022, 'used_pct': 0.0, 'total_bytes': 2356854, 'total_segments': 245, 'evictions': 0, 'bytes_evicted': 0, 'per_stream': {'premium_index_kline': {'bytes': 2356854, 'segments': 245}}}
2026-06-11 21:47:18.583 | WARNING  | bybit_edge.recorder.recording_engine | [option] connection lost (sent 1011 (internal error) keepalive ping timeout; no close frame received) — reconnecting in 1.0 s
2026-06-11 21:47:20.342 | INFO     | bybit_edge.recorder.recording_engine | [option] connected to wss://stream.bybit.com/v5/public/option
2026-06-11 21:47:20.343 | INFO     | bybit_edge.recorder.recording_engine | Subscribed to 2 topic(s): ['tickers.BTC', 'tickers.ETH']
2026-06-11 21:47:32.275 | INFO     | bybit_edge.recorder.recording_engine | Storage telemetry: {'cap_gb': 50.0, 'used_gb': 0.0022, 'used_pct': 0.0, 'total_bytes': 2356854, 'total_segments': 245, 'evictions': 0, 'bytes_evicted': 0, 'per_stream': {'premium_index_kline': {'bytes': 2356854, 'segments': 245}}}
2026-06-11 21:47:50.560 | WARNING  | bybit_edge.recorder.recording_engine | [option] connection lost (sent 1011 (internal error) keepalive ping timeout; no close frame received) — reconnecting in 1.0 s
2026-06-11 21:47:52.375 | INFO     | bybit_edge.recorder.recording_engine | [option] connected to wss://stream.bybit.com/v5/public/option
2026-06-11 21:47:52.375 | INFO     | bybit_edge.recorder.recording_engine | Subscribed to 2 topic(s): ['tickers.BTC', 'tickers.ETH']
2026-06-11 21:48:02.357 | INFO     | bybit_edge.recorder.recording_engine | Storage telemetry: {'cap_gb': 50.0, 'used_gb': 0.0022, 'used_pct': 0.0, 'total_bytes': 2366499, 'total_segments': 246, 'evictions': 0, 'bytes_evicted': 0, 'per_stream': {'premium_index_kline': {'bytes': 2366499, 'segments': 246}}}
2026-06-11 21:48:22.554 | WARNING  | bybit_edge.recorder.recording_engine | [option] connection lost (sent 1011 (internal error) keepalive ping timeout; no close frame received) — reconnecting in 1.0 s
2026-06-11 21:48:24.303 | INFO     | bybit_edge.recorder.recording_engine | [option] connected to wss://stream.bybit.com/v5/public/option
2026-06-11 21:48:24.303 | INFO     | bybit_edge.recorder.recording_engine | Subscribed to 2 topic(s): ['tickers.BTC', 'tickers.ETH']
2026-06-11 21:48:32.436 | INFO     | bybit_edge.recorder.recording_engine | Storage telemetry: {'cap_gb': 50.0, 'used_gb': 0.0022, 'used_pct': 0.0, 'total_bytes': 2366499, 'total_segments': 246, 'evictions': 0, 'bytes_evicted': 0, 'per_stream': {'premium_index_kline': {'bytes': 2366499, 'segments': 246}}}
2026-06-11 21:48:54.493 | WARNING  | bybit_edge.recorder.recording_engine | [option] connection lost (sent 1011 (internal error) keepalive ping timeout; no close frame received) — reconnecting in 1.0 s
2026-06-11 21:48:56.238 | INFO     | bybit_edge.recorder.recording_engine | [option] connected to wss://stream.bybit.com/v5/public/option
2026-06-11 21:48:56.239 | INFO     | bybit_edge.recorder.recording_engine | Subscribed to 2 topic(s): ['tickers.BTC', 'tickers.ETH']
2026-06-11 21:49:02.517 | INFO     | bybit_edge.recorder.recording_engine | Storage telemetry: {'cap_gb': 50.0, 'used_gb': 0.0022, 'used_pct': 0.0, 'total_bytes': 2376137, 'total_segments': 247, 'evictions': 0, 'bytes_evicted': 0, 'per_stream': {'premium_index_kline': {'bytes': 2376137, 'segments': 247}}}
2026-06-11 21:49:26.423 | WARNING  | bybit_edge.recorder.recording_engine | [option] connection lost (sent 1011 (internal error) keepalive ping timeout; no close frame received) — reconnecting in 1.0 s
2026-06-11 21:49:28.166 | INFO     | bybit_edge.recorder.recording_engine | [option] connected to wss://stream.bybit.com/v5/public/option
2026-06-11 21:49:28.166 | INFO     | bybit_edge.recorder.recording_engine | Subscribed to 2 topic(s): ['tickers.BTC', 'tickers.ETH']
2026-06-11 21:49:32.585 | INFO     | bybit_edge.recorder.recording_engine | Storage telemetry: {'cap_gb': 50.0, 'used_gb': 0.0022, 'used_pct': 0.0, 'total_bytes': 2376137, 'total_segments': 247, 'evictions': 0, 'bytes_evicted': 0, 'per_stream': {'premium_index_kline': {'bytes': 2376137, 'segments': 247}}}
2026-06-11 21:49:58.378 | WARNING  | bybit_edge.recorder.recording_engine | [option] connection lost (sent 1011 (internal error) keepalive ping timeout; no close frame received) — reconnecting in 1.0 s
2026-06-11 21:50:00.119 | INFO     | bybit_edge.recorder.recording_engine | [option] connected to wss://stream.bybit.com/v5/public/option
2026-06-11 21:50:00.119 | INFO     | bybit_edge.recorder.recording_engine | Subscribed to 2 topic(s): ['tickers.BTC', 'tickers.ETH']
2026-06-11 21:50:02.664 | INFO     | bybit_edge.recorder.recording_engine | Storage telemetry: {'cap_gb': 50.0, 'used_gb': 0.0022, 'used_pct': 0.0, 'total_bytes': 2385777, 'total_segments': 248, 'evictions': 0, 'bytes_evicted': 0, 'per_stream': {'premium_index_kline': {'bytes': 2385777, 'segments': 248}}}
2026-06-11 21:50:30.310 | WARNING  | bybit_edge.recorder.recording_engine | [option] connection lost (sent 1011 (internal error) keepalive ping timeout; no close frame received) — reconnecting in 1.0 s
2026-06-11 21:50:32.059 | INFO     | bybit_edge.recorder.recording_engine | [option] connected to wss://stream.bybit.com/v5/public/option
2026-06-11 21:50:32.060 | INFO     | bybit_edge.recorder.recording_engine | Subscribed to 2 topic(s): ['tickers.BTC', 'tickers.ETH']
2026-06-11 21:50:32.726 | INFO     | bybit_edge.recorder.recording_engine | Storage telemetry: {'cap_gb': 50.0, 'used_gb': 0.0022, 'used_pct': 0.0, 'total_bytes': 2385777, 'total_segments': 248, 'evictions': 0, 'bytes_evicted': 0, 'per_stream': {'premium_index_kline': {'bytes': 2385777, 'segments': 248}}}
2026-06-11 21:51:02.274 | WARNING  | bybit_edge.recorder.recording_engine | [option] connection lost (sent 1011 (internal error) keepalive ping timeout; no close frame received) — reconnecting in 1.0 s
2026-06-11 21:51:02.813 | INFO     | bybit_edge.recorder.recording_engine | Storage telemetry: {'cap_gb': 50.0, 'used_gb': 0.0022, 'used_pct': 0.0, 'total_bytes': 2395420, 'total_segments': 249, 'evictions': 0, 'bytes_evicted': 0, 'per_stream': {'premium_index_kline': {'bytes': 2395420, 'segments': 249}}}
2026-06-11 21:51:04.012 | INFO     | bybit_edge.recorder.recording_engine | [option] connected to wss://stream.bybit.com/v5/public/option
2026-06-11 21:51:04.013 | INFO     | bybit_edge.recorder.recording_engine | Subscribed to 2 topic(s): ['tickers.BTC', 'tickers.ETH']
2026-06-11 21:51:32.882 | INFO     | bybit_edge.recorder.recording_engine | Storage telemetry: {'cap_gb': 50.0, 'used_gb': 0.0022, 'used_pct': 0.0, 'total_bytes': 2395420, 'total_segments': 249, 'evictions': 0, 'bytes_evicted': 0, 'per_stream': {'premium_index_kline': {'bytes': 2395420, 'segments': 249}}}
2026-06-11 21:51:34.222 | WARNING  | bybit_edge.recorder.recording_engine | [option] connection lost (sent 1011 (internal error) keepalive ping timeout; no close frame received) — reconnecting in 1.0 s
2026-06-11 21:51:35.976 | INFO     | bybit_edge.recorder.recording_engine | [option] connected to wss://stream.bybit.com/v5/public/option
2026-06-11 21:51:35.977 | INFO     | bybit_edge.recorder.recording_engine | Subscribed to 2 topic(s): ['tickers.BTC', 'tickers.ETH']
2026-06-11 21:52:02.961 | INFO     | bybit_edge.recorder.recording_engine | Storage telemetry: {'cap_gb': 50.0, 'used_gb': 0.0022, 'used_pct': 0.0, 'total_bytes': 2405070, 'total_segments': 250, 'evictions': 0, 'bytes_evicted': 0, 'per_stream': {'premium_index_kline': {'bytes': 2405070, 'segments': 250}}}
2026-06-11 21:52:06.166 | WARNING  | bybit_edge.recorder.recording_engine | [option] connection lost (sent 1011 (internal error) keepalive ping timeout; no close frame received) — reconnecting in 1.0 s
2026-06-11 21:52:07.914 | INFO     | bybit_edge.recorder.recording_engine | [option] connected to wss://stream.bybit.com/v5/public/option
2026-06-11 21:52:07.916 | INFO     | bybit_edge.recorder.recording_engine | Subscribed to 2 topic(s): ['tickers.BTC', 'tickers.ETH']
2026-06-11 21:52:33.038 | INFO     | bybit_edge.recorder.recording_engine | Storage telemetry: {'cap_gb': 50.0, 'used_gb': 0.0022, 'used_pct': 0.0, 'total_bytes': 2405070, 'total_segments': 250, 'evictions': 0, 'bytes_evicted': 0, 'per_stream': {'premium_index_kline': {'bytes': 2405070, 'segments': 250}}}
2026-06-11 21:52:38.099 | WARNING  | bybit_edge.recorder.recording_engine | [option] connection lost (sent 1011 (internal error) keepalive ping timeout; no close frame received) — reconnecting in 1.0 s
2026-06-11 21:52:39.846 | INFO     | bybit_edge.recorder.recording_engine | [option] connected to wss://stream.bybit.com/v5/public/option
2026-06-11 21:52:39.847 | INFO     | bybit_edge.recorder.recording_engine | Subscribed to 2 topic(s): ['tickers.BTC', 'tickers.ETH']
2026-06-11 21:53:03.132 | INFO     | bybit_edge.recorder.recording_engine | Storage telemetry: {'cap_gb': 50.0, 'used_gb': 0.0022, 'used_pct': 0.0, 'total_bytes': 2414727, 'total_segments': 251, 'evictions': 0, 'bytes_evicted': 0, 'per_stream': {'premium_index_kline': {'bytes': 2414727, 'segments': 251}}}
2026-06-11 21:53:10.031 | WARNING  | bybit_edge.recorder.recording_engine | [option] connection lost (sent 1011 (internal error) keepalive ping timeout; no close frame received) — reconnecting in 1.0 s
2026-06-11 21:53:11.809 | INFO     | bybit_edge.recorder.recording_engine | [option] connected to wss://stream.bybit.com/v5/public/option
2026-06-11 21:53:11.810 | INFO     | bybit_edge.recorder.recording_engine | Subscribed to 2 topic(s): ['tickers.BTC', 'tickers.ETH']
2026-06-11 21:53:33.217 | INFO     | bybit_edge.recorder.recording_engine | Storage telemetry: {'cap_gb': 50.0, 'used_gb': 0.0022, 'used_pct': 0.0, 'total_bytes': 2414727, 'total_segments': 251, 'evictions': 0, 'bytes_evicted': 0, 'per_stream': {'premium_index_kline': {'bytes': 2414727, 'segments': 251}}}
2026-06-11 21:53:42.019 | WARNING  | bybit_edge.recorder.recording_engine | [option] connection lost (sent 1011 (internal error) keepalive ping timeout; no close frame received) — reconnecting in 1.0 s
2026-06-11 21:53:43.779 | INFO     | bybit_edge.recorder.recording_engine | [option] connected to wss://stream.bybit.com/v5/public/option
2026-06-11 21:53:43.779 | INFO     | bybit_edge.recorder.recording_engine | Subscribed to 2 topic(s): ['tickers.BTC', 'tickers.ETH']
2026-06-11 21:54:03.295 | INFO     | bybit_edge.recorder.recording_engine | Storage telemetry: {'cap_gb': 50.0, 'used_gb': 0.0023, 'used_pct': 0.0, 'total_bytes': 2424375, 'total_segments': 252, 'evictions': 0, 'bytes_evicted': 0, 'per_stream': {'premium_index_kline': {'bytes': 2424375, 'segments': 252}}}
2026-06-11 21:54:13.986 | WARNING  | bybit_edge.recorder.recording_engine | [option] connection lost (sent 1011 (internal error) keepalive ping timeout; no close frame received) — reconnecting in 1.0 s
2026-06-11 21:54:15.726 | INFO     | bybit_edge.recorder.recording_engine | [option] connected to wss://stream.bybit.com/v5/public/option
2026-06-11 21:54:15.726 | INFO     | bybit_edge.recorder.recording_engine | Subscribed to 2 topic(s): ['tickers.BTC', 'tickers.ETH']
2026-06-11 21:54:33.379 | INFO     | bybit_edge.recorder.recording_engine | Storage telemetry: {'cap_gb': 50.0, 'used_gb': 0.0023, 'used_pct': 0.0, 'total_bytes': 2424375, 'total_segments': 252, 'evictions': 0, 'bytes_evicted': 0, 'per_stream': {'premium_index_kline': {'bytes': 2424375, 'segments': 252}}}
2026-06-11 21:54:45.937 | WARNING  | bybit_edge.recorder.recording_engine | [option] connection lost (sent 1011 (internal error) keepalive ping timeout; no close frame received) — reconnecting in 1.0 s
2026-06-11 21:54:47.691 | INFO     | bybit_edge.recorder.recording_engine | [option] connected to wss://stream.bybit.com/v5/public/option
2026-06-11 21:54:47.692 | INFO     | bybit_edge.recorder.recording_engine | Subscribed to 2 topic(s): ['tickers.BTC', 'tickers.ETH']
2026-06-11 21:55:03.465 | INFO     | bybit_edge.recorder.recording_engine | Storage telemetry: {'cap_gb': 50.0, 'used_gb': 0.0023, 'used_pct': 0.0, 'total_bytes': 2434031, 'total_segments': 253, 'evictions': 0, 'bytes_evicted': 0, 'per_stream': {'premium_index_kline': {'bytes': 2434031, 'segments': 253}}}
2026-06-11 21:55:17.903 | WARNING  | bybit_edge.recorder.recording_engine | [option] connection lost (sent 1011 (internal error) keepalive ping timeout; no close frame received) — reconnecting in 1.0 s
2026-06-11 21:55:19.645 | INFO     | bybit_edge.recorder.recording_engine | [option] connected to wss://stream.bybit.com/v5/public/option
2026-06-11 21:55:19.646 | INFO     | bybit_edge.recorder.recording_engine | Subscribed to 2 topic(s): ['tickers.BTC', 'tickers.ETH']
2026-06-11 21:55:33.554 | INFO     | bybit_edge.recorder.recording_engine | Storage telemetry: {'cap_gb': 50.0, 'used_gb': 0.0023, 'used_pct': 0.0, 'total_bytes': 2434031, 'total_segments': 253, 'evictions': 0, 'bytes_evicted': 0, 'per_stream': {'premium_index_kline': {'bytes': 2434031, 'segments': 253}}}
2026-06-11 21:55:49.848 | WARNING  | bybit_edge.recorder.recording_engine | [option] connection lost (sent 1011 (internal error) keepalive ping timeout; no close frame received) — reconnecting in 1.0 s
2026-06-11 21:55:51.588 | INFO     | bybit_edge.recorder.recording_engine | [option] connected to wss://stream.bybit.com/v5/public/option
2026-06-11 21:55:51.589 | INFO     | bybit_edge.recorder.recording_engine | Subscribed to 2 topic(s): ['tickers.BTC', 'tickers.ETH']
2026-06-11 21:56:03.633 | INFO     | bybit_edge.recorder.recording_engine | Storage telemetry: {'cap_gb': 50.0, 'used_gb': 0.0023, 'used_pct': 0.0, 'total_bytes': 2443680, 'total_segments': 254, 'evictions': 0, 'bytes_evicted': 0, 'per_stream': {'premium_index_kline': {'bytes': 2443680, 'segments': 254}}}
2026-06-11 21:56:21.796 | WARNING  | bybit_edge.recorder.recording_engine | [option] connection lost (sent 1011 (internal error) keepalive ping timeout; no close frame received) — reconnecting in 1.0 s
2026-06-11 21:56:23.537 | INFO     | bybit_edge.recorder.recording_engine | [option] connected to wss://stream.bybit.com/v5/public/option
2026-06-11 21:56:23.537 | INFO     | bybit_edge.recorder.recording_engine | Subscribed to 2 topic(s): ['tickers.BTC', 'tickers.ETH']
2026-06-11 21:56:33.709 | INFO     | bybit_edge.recorder.recording_engine | Storage telemetry: {'cap_gb': 50.0, 'used_gb': 0.0023, 'used_pct': 0.0, 'total_bytes': 2443680, 'total_segments': 254, 'evictions': 0, 'bytes_evicted': 0, 'per_stream': {'premium_index_kline': {'bytes': 2443680, 'segments': 254}}}
2026-06-11 21:56:53.740 | WARNING  | bybit_edge.recorder.recording_engine | [option] connection lost (sent 1011 (internal error) keepalive ping timeout; no close frame received) — reconnecting in 1.0 s
2026-06-11 21:56:55.310 | INFO     | bybit_edge.recorder.recording_engine | [option] connected to wss://stream.bybit.com/v5/public/option
2026-06-11 21:56:55.311 | INFO     | bybit_edge.recorder.recording_engine | Subscribed to 2 topic(s): ['tickers.BTC', 'tickers.ETH']
2026-06-11 21:57:03.795 | INFO     | bybit_edge.recorder.recording_engine | Storage telemetry: {'cap_gb': 50.0, 'used_gb': 0.0023, 'used_pct': 0.0, 'total_bytes': 2453337, 'total_segments': 255, 'evictions': 0, 'bytes_evicted': 0, 'per_stream': {'premium_index_kline': {'bytes': 2453337, 'segments': 255}}}
2026-06-11 21:57:25.492 | WARNING  | bybit_edge.recorder.recording_engine | [option] connection lost (sent 1011 (internal error) keepalive ping timeout; no close frame received) — reconnecting in 1.0 s
2026-06-11 21:57:27.277 | INFO     | bybit_edge.recorder.recording_engine | [option] connected to wss://stream.bybit.com/v5/public/option
2026-06-11 21:57:27.278 | INFO     | bybit_edge.recorder.recording_engine | Subscribed to 2 topic(s): ['tickers.BTC', 'tickers.ETH']
2026-06-11 21:57:33.885 | INFO     | bybit_edge.recorder.recording_engine | Storage telemetry: {'cap_gb': 50.0, 'used_gb': 0.0023, 'used_pct': 0.0, 'total_bytes': 2453337, 'total_segments': 255, 'evictions': 0, 'bytes_evicted': 0, 'per_stream': {'premium_index_kline': {'bytes': 2453337, 'segments': 255}}}
2026-06-11 21:57:57.472 | WARNING  | bybit_edge.recorder.recording_engine | [option] connection lost (sent 1011 (internal error) keepalive ping timeout; no close frame received) — reconnecting in 1.0 s
2026-06-11 21:57:59.221 | INFO     | bybit_edge.recorder.recording_engine | [option] connected to wss://stream.bybit.com/v5/public/option
2026-06-11 21:57:59.222 | INFO     | bybit_edge.recorder.recording_engine | Subscribed to 2 topic(s): ['tickers.BTC', 'tickers.ETH']
2026-06-11 21:58:03.978 | INFO     | bybit_edge.recorder.recording_engine | Storage telemetry: {'cap_gb': 50.0, 'used_gb': 0.0023, 'used_pct': 0.0, 'total_bytes': 2462992, 'total_segments': 256, 'evictions': 0, 'bytes_evicted': 0, 'per_stream': {'premium_index_kline': {'bytes': 2462992, 'segments': 256}}}
2026-06-11 21:58:29.396 | WARNING  | bybit_edge.recorder.recording_engine | [option] connection lost (sent 1011 (internal error) keepalive ping timeout; no close frame received) — reconnecting in 1.0 s
2026-06-11 21:58:31.137 | INFO     | bybit_edge.recorder.recording_engine | [option] connected to wss://stream.bybit.com/v5/public/option
2026-06-11 21:58:31.138 | INFO     | bybit_edge.recorder.recording_engine | Subscribed to 2 topic(s): ['tickers.BTC', 'tickers.ETH']
2026-06-11 21:58:34.069 | INFO     | bybit_edge.recorder.recording_engine | Storage telemetry: {'cap_gb': 50.0, 'used_gb': 0.0023, 'used_pct': 0.0, 'total_bytes': 2462992, 'total_segments': 256, 'evictions': 0, 'bytes_evicted': 0, 'per_stream': {'premium_index_kline': {'bytes': 2462992, 'segments': 256}}}
2026-06-11 21:59:01.325 | WARNING  | bybit_edge.recorder.recording_engine | [option] connection lost (sent 1011 (internal error) keepalive ping timeout; no close frame received) — reconnecting in 1.0 s
2026-06-11 21:59:02.898 | INFO     | bybit_edge.recorder.recording_engine | [option] connected to wss://stream.bybit.com/v5/public/option
2026-06-11 21:59:02.899 | INFO     | bybit_edge.recorder.recording_engine | Subscribed to 2 topic(s): ['tickers.BTC', 'tickers.ETH']
2026-06-11 21:59:04.132 | INFO     | bybit_edge.recorder.recording_engine | Storage telemetry: {'cap_gb': 50.0, 'used_gb': 0.0023, 'used_pct': 0.0, 'total_bytes': 2472644, 'total_segments': 257, 'evictions': 0, 'bytes_evicted': 0, 'per_stream': {'premium_index_kline': {'bytes': 2472644, 'segments': 257}}}
2026-06-11 21:59:33.097 | WARNING  | bybit_edge.recorder.recording_engine | [option] connection lost (sent 1011 (internal error) keepalive ping timeout; no close frame received) — reconnecting in 1.0 s
2026-06-11 21:59:34.200 | INFO     | bybit_edge.recorder.recording_engine | Storage telemetry: {'cap_gb': 50.0, 'used_gb': 0.0023, 'used_pct': 0.0, 'total_bytes': 2472644, 'total_segments': 257, 'evictions': 0, 'bytes_evicted': 0, 'per_stream': {'premium_index_kline': {'bytes': 2472644, 'segments': 257}}}
2026-06-11 21:59:34.925 | INFO     | bybit_edge.recorder.recording_engine | [option] connected to wss://stream.bybit.com/v5/public/option
2026-06-11 21:59:34.925 | INFO     | bybit_edge.recorder.recording_engine | Subscribed to 2 topic(s): ['tickers.BTC', 'tickers.ETH']
2026-06-11 22:00:04.283 | INFO     | bybit_edge.recorder.recording_engine | Storage telemetry: {'cap_gb': 50.0, 'used_gb': 0.0023, 'used_pct': 0.0, 'total_bytes': 2482292, 'total_segments': 258, 'evictions': 0, 'bytes_evicted': 0, 'per_stream': {'premium_index_kline': {'bytes': 2482292, 'segments': 258}}}
2026-06-11 22:00:05.119 | WARNING  | bybit_edge.recorder.recording_engine | [option] connection lost (sent 1011 (internal error) keepalive ping timeout; no close frame received) — reconnecting in 1.0 s
2026-06-11 22:00:06.856 | INFO     | bybit_edge.recorder.recording_engine | [option] connected to wss://stream.bybit.com/v5/public/option
2026-06-11 22:00:06.857 | INFO     | bybit_edge.recorder.recording_engine | Subscribed to 2 topic(s): ['tickers.BTC', 'tickers.ETH']
2026-06-11 22:00:34.356 | INFO     | bybit_edge.recorder.recording_engine | Storage telemetry: {'cap_gb': 50.0, 'used_gb': 0.0023, 'used_pct': 0.0, 'total_bytes': 2482292, 'total_segments': 258, 'evictions': 0, 'bytes_evicted': 0, 'per_stream': {'premium_index_kline': {'bytes': 2482292, 'segments': 258}}}
2026-06-11 22:00:37.061 | WARNING  | bybit_edge.recorder.recording_engine | [option] connection lost (sent 1011 (internal error) keepalive ping timeout; no close frame received) — reconnecting in 1.0 s
2026-06-11 22:00:38.806 | INFO     | bybit_edge.recorder.recording_engine | [option] connected to wss://stream.bybit.com/v5/public/option
2026-06-11 22:00:38.807 | INFO     | bybit_edge.recorder.recording_engine | Subscribed to 2 topic(s): ['tickers.BTC', 'tickers.ETH']
2026-06-11 22:01:04.433 | INFO     | bybit_edge.recorder.recording_engine | Storage telemetry: {'cap_gb': 50.0, 'used_gb': 0.0023, 'used_pct': 0.0, 'total_bytes': 2491942, 'total_segments': 259, 'evictions': 0, 'bytes_evicted': 0, 'per_stream': {'premium_index_kline': {'bytes': 2491942, 'segments': 259}}}
2026-06-11 22:01:09.001 | WARNING  | bybit_edge.recorder.recording_engine | [option] connection lost (sent 1011 (internal error) keepalive ping timeout; no close frame received) — reconnecting in 1.0 s
2026-06-11 22:01:10.791 | INFO     | bybit_edge.recorder.recording_engine | [option] connected to wss://stream.bybit.com/v5/public/option
2026-06-11 22:01:10.791 | INFO     | bybit_edge.recorder.recording_engine | Subscribed to 2 topic(s): ['tickers.BTC', 'tickers.ETH']
2026-06-11 22:01:34.521 | INFO     | bybit_edge.recorder.recording_engine | Storage telemetry: {'cap_gb': 50.0, 'used_gb': 0.0023, 'used_pct': 0.0, 'total_bytes': 2491942, 'total_segments': 259, 'evictions': 0, 'bytes_evicted': 0, 'per_stream': {'premium_index_kline': {'bytes': 2491942, 'segments': 259}}}
2026-06-11 22:01:40.971 | WARNING  | bybit_edge.recorder.recording_engine | [option] connection lost (sent 1011 (internal error) keepalive ping timeout; no close frame received) — reconnecting in 1.0 s
2026-06-11 22:01:42.785 | INFO     | bybit_edge.recorder.recording_engine | [option] connected to wss://stream.bybit.com/v5/public/option
2026-06-11 22:01:42.786 | INFO     | bybit_edge.recorder.recording_engine | Subscribed to 2 topic(s): ['tickers.BTC', 'tickers.ETH']
2026-06-11 22:02:04.596 | INFO     | bybit_edge.recorder.recording_engine | Storage telemetry: {'cap_gb': 50.0, 'used_gb': 0.0023, 'used_pct': 0.0, 'total_bytes': 2501582, 'total_segments': 260, 'evictions': 0, 'bytes_evicted': 0, 'per_stream': {'premium_index_kline': {'bytes': 2501582, 'segments': 260}}}
2026-06-11 22:02:12.973 | WARNING  | bybit_edge.recorder.recording_engine | [option] connection lost (sent 1011 (internal error) keepalive ping timeout; no close frame received) — reconnecting in 1.0 s
2026-06-11 22:02:14.726 | INFO     | bybit_edge.recorder.recording_engine | [option] connected to wss://stream.bybit.com/v5/public/option
2026-06-11 22:02:14.727 | INFO     | bybit_edge.recorder.recording_engine | Subscribed to 2 topic(s): ['tickers.BTC', 'tickers.ETH']
2026-06-11 22:02:34.685 | INFO     | bybit_edge.recorder.recording_engine | Storage telemetry: {'cap_gb': 50.0, 'used_gb': 0.0023, 'used_pct': 0.0, 'total_bytes': 2501582, 'total_segments': 260, 'evictions': 0, 'bytes_evicted': 0, 'per_stream': {'premium_index_kline': {'bytes': 2501582, 'segments': 260}}}
2026-06-11 22:02:44.911 | WARNING  | bybit_edge.recorder.recording_engine | [option] connection lost (sent 1011 (internal error) keepalive ping timeout; no close frame received) — reconnecting in 1.0 s
2026-06-11 22:02:46.722 | INFO     | bybit_edge.recorder.recording_engine | [option] connected to wss://stream.bybit.com/v5/public/option
2026-06-11 22:02:46.722 | INFO     | bybit_edge.recorder.recording_engine | Subscribed to 2 topic(s): ['tickers.BTC', 'tickers.ETH']
2026-06-11 22:03:04.764 | INFO     | bybit_edge.recorder.recording_engine | Storage telemetry: {'cap_gb': 50.0, 'used_gb': 0.0023, 'used_pct': 0.0, 'total_bytes': 2511221, 'total_segments': 261, 'evictions': 0, 'bytes_evicted': 0, 'per_stream': {'premium_index_kline': {'bytes': 2511221, 'segments': 261}}}
2026-06-11 22:03:16.932 | WARNING  | bybit_edge.recorder.recording_engine | [option] connection lost (sent 1011 (internal error) keepalive ping timeout; no close frame received) — reconnecting in 1.0 s
2026-06-11 22:03:18.693 | INFO     | bybit_edge.recorder.recording_engine | [option] connected to wss://stream.bybit.com/v5/public/option
2026-06-11 22:03:18.693 | INFO     | bybit_edge.recorder.recording_engine | Subscribed to 2 topic(s): ['tickers.BTC', 'tickers.ETH']
2026-06-11 22:03:34.848 | INFO     | bybit_edge.recorder.recording_engine | Storage telemetry: {'cap_gb': 50.0, 'used_gb': 0.0023, 'used_pct': 0.0, 'total_bytes': 2511221, 'total_segments': 261, 'evictions': 0, 'bytes_evicted': 0, 'per_stream': {'premium_index_kline': {'bytes': 2511221, 'segments': 261}}}
2026-06-11 22:03:48.903 | WARNING  | bybit_edge.recorder.recording_engine | [option] connection lost (sent 1011 (internal error) keepalive ping timeout; no close frame received) — reconnecting in 1.0 s
2026-06-11 22:03:50.646 | INFO     | bybit_edge.recorder.recording_engine | [option] connected to wss://stream.bybit.com/v5/public/option
2026-06-11 22:03:50.646 | INFO     | bybit_edge.recorder.recording_engine | Subscribed to 2 topic(s): ['tickers.BTC', 'tickers.ETH']
2026-06-11 22:04:04.919 | INFO     | bybit_edge.recorder.recording_engine | Storage telemetry: {'cap_gb': 50.0, 'used_gb': 0.0023, 'used_pct': 0.0, 'total_bytes': 2520877, 'total_segments': 262, 'evictions': 0, 'bytes_evicted': 0, 'per_stream': {'premium_index_kline': {'bytes': 2520877, 'segments': 262}}}
2026-06-11 22:04:20.851 | WARNING  | bybit_edge.recorder.recording_engine | [option] connection lost (sent 1011 (internal error) keepalive ping timeout; no close frame received) — reconnecting in 1.0 s
2026-06-11 22:04:22.436 | INFO     | bybit_edge.recorder.recording_engine | [option] connected to wss://stream.bybit.com/v5/public/option
2026-06-11 22:04:22.437 | INFO     | bybit_edge.recorder.recording_engine | Subscribed to 2 topic(s): ['tickers.BTC', 'tickers.ETH']
2026-06-11 22:04:35.006 | INFO     | bybit_edge.recorder.recording_engine | Storage telemetry: {'cap_gb': 50.0, 'used_gb': 0.0023, 'used_pct': 0.0, 'total_bytes': 2520877, 'total_segments': 262, 'evictions': 0, 'bytes_evicted': 0, 'per_stream': {'premium_index_kline': {'bytes': 2520877, 'segments': 262}}}
2026-06-11 22:04:52.647 | WARNING  | bybit_edge.recorder.recording_engine | [option] connection lost (sent 1011 (internal error) keepalive ping timeout; no close frame received) — reconnecting in 1.0 s
2026-06-11 22:04:54.388 | INFO     | bybit_edge.recorder.recording_engine | [option] connected to wss://stream.bybit.com/v5/public/option
2026-06-11 22:04:54.389 | INFO     | bybit_edge.recorder.recording_engine | Subscribed to 2 topic(s): ['tickers.BTC', 'tickers.ETH']
2026-06-11 22:05:05.082 | INFO     | bybit_edge.recorder.recording_engine | Storage telemetry: {'cap_gb': 50.0, 'used_gb': 0.0024, 'used_pct': 0.0, 'total_bytes': 2530525, 'total_segments': 263, 'evictions': 0, 'bytes_evicted': 0, 'per_stream': {'premium_index_kline': {'bytes': 2530525, 'segments': 263}}}
2026-06-11 22:05:24.602 | WARNING  | bybit_edge.recorder.recording_engine | [option] connection lost (sent 1011 (internal error) keepalive ping timeout; no close frame received) — reconnecting in 1.0 s
2026-06-11 22:05:26.351 | INFO     | bybit_edge.recorder.recording_engine | [option] connected to wss://stream.bybit.com/v5/public/option
2026-06-11 22:05:26.352 | INFO     | bybit_edge.recorder.recording_engine | Subscribed to 2 topic(s): ['tickers.BTC', 'tickers.ETH']
2026-06-11 22:05:35.159 | INFO     | bybit_edge.recorder.recording_engine | Storage telemetry: {'cap_gb': 50.0, 'used_gb': 0.0024, 'used_pct': 0.0, 'total_bytes': 2530525, 'total_segments': 263, 'evictions': 0, 'bytes_evicted': 0, 'per_stream': {'premium_index_kline': {'bytes': 2530525, 'segments': 263}}}
2026-06-11 22:05:56.540 | WARNING  | bybit_edge.recorder.recording_engine | [option] connection lost (sent 1011 (internal error) keepalive ping timeout; no close frame received) — reconnecting in 1.0 s
2026-06-11 22:05:58.278 | INFO     | bybit_edge.recorder.recording_engine | [option] connected to wss://stream.bybit.com/v5/public/option
2026-06-11 22:05:58.279 | INFO     | bybit_edge.recorder.recording_engine | Subscribed to 2 topic(s): ['tickers.BTC', 'tickers.ETH']
2026-06-11 22:06:05.236 | INFO     | bybit_edge.recorder.recording_engine | Storage telemetry: {'cap_gb': 50.0, 'used_gb': 0.0024, 'used_pct': 0.0, 'total_bytes': 2540167, 'total_segments': 264, 'evictions': 0, 'bytes_evicted': 0, 'per_stream': {'premium_index_kline': {'bytes': 2540167, 'segments': 264}}}
2026-06-11 22:06:28.477 | WARNING  | bybit_edge.recorder.recording_engine | [option] connection lost (sent 1011 (internal error) keepalive ping timeout; no close frame received) — reconnecting in 1.0 s
2026-06-11 22:06:30.222 | INFO     | bybit_edge.recorder.recording_engine | [option] connected to wss://stream.bybit.com/v5/public/option
2026-06-11 22:06:30.223 | INFO     | bybit_edge.recorder.recording_engine | Subscribed to 2 topic(s): ['tickers.BTC', 'tickers.ETH']
2026-06-11 22:06:35.335 | INFO     | bybit_edge.recorder.recording_engine | Storage telemetry: {'cap_gb': 50.0, 'used_gb': 0.0024, 'used_pct': 0.0, 'total_bytes': 2540167, 'total_segments': 264, 'evictions': 0, 'bytes_evicted': 0, 'per_stream': {'premium_index_kline': {'bytes': 2540167, 'segments': 264}}}
2026-06-11 22:07:00.412 | WARNING  | bybit_edge.recorder.recording_engine | [option] connection lost (sent 1011 (internal error) keepalive ping timeout; no close frame received) — reconnecting in 1.0 s
2026-06-11 22:07:02.151 | INFO     | bybit_edge.recorder.recording_engine | [option] connected to wss://stream.bybit.com/v5/public/option
2026-06-11 22:07:02.152 | INFO     | bybit_edge.recorder.recording_engine | Subscribed to 2 topic(s): ['tickers.BTC', 'tickers.ETH']
2026-06-11 22:07:05.410 | INFO     | bybit_edge.recorder.recording_engine | Storage telemetry: {'cap_gb': 50.0, 'used_gb': 0.0024, 'used_pct': 0.0, 'total_bytes': 2549817, 'total_segments': 265, 'evictions': 0, 'bytes_evicted': 0, 'per_stream': {'premium_index_kline': {'bytes': 2549817, 'segments': 265}}}
2026-06-11 22:07:32.334 | WARNING  | bybit_edge.recorder.recording_engine | [option] connection lost (sent 1011 (internal error) keepalive ping timeout; no close frame received) — reconnecting in 1.0 s
2026-06-11 22:07:33.932 | INFO     | bybit_edge.recorder.recording_engine | [option] connected to wss://stream.bybit.com/v5/public/option
2026-06-11 22:07:33.933 | INFO     | bybit_edge.recorder.recording_engine | Subscribed to 2 topic(s): ['tickers.BTC', 'tickers.ETH']
2026-06-11 22:07:35.491 | INFO     | bybit_edge.recorder.recording_engine | Storage telemetry: {'cap_gb': 50.0, 'used_gb': 0.0024, 'used_pct': 0.0, 'total_bytes': 2549817, 'total_segments': 265, 'evictions': 0, 'bytes_evicted': 0, 'per_stream': {'premium_index_kline': {'bytes': 2549817, 'segments': 265}}}
2026-06-11 22:08:04.142 | WARNING  | bybit_edge.recorder.recording_engine | [option] connection lost (sent 1011 (internal error) keepalive ping timeout; no close frame received) — reconnecting in 1.0 s
2026-06-11 22:08:05.579 | INFO     | bybit_edge.recorder.recording_engine | Storage telemetry: {'cap_gb': 50.0, 'used_gb': 0.0024, 'used_pct': 0.0, 'total_bytes': 2559461, 'total_segments': 266, 'evictions': 0, 'bytes_evicted': 0, 'per_stream': {'premium_index_kline': {'bytes': 2559461, 'segments': 266}}}
2026-06-11 22:08:05.943 | INFO     | bybit_edge.recorder.recording_engine | [option] connected to wss://stream.bybit.com/v5/public/option
2026-06-11 22:08:05.944 | INFO     | bybit_edge.recorder.recording_engine | Subscribed to 2 topic(s): ['tickers.BTC', 'tickers.ETH']
2026-06-11 22:08:35.659 | INFO     | bybit_edge.recorder.recording_engine | Storage telemetry: {'cap_gb': 50.0, 'used_gb': 0.0024, 'used_pct': 0.0, 'total_bytes': 2559461, 'total_segments': 266, 'evictions': 0, 'bytes_evicted': 0, 'per_stream': {'premium_index_kline': {'bytes': 2559461, 'segments': 266}}}
2026-06-11 22:08:36.141 | WARNING  | bybit_edge.recorder.recording_engine | [option] connection lost (sent 1011 (internal error) keepalive ping timeout; no close frame received) — reconnecting in 1.0 s
2026-06-11 22:08:37.881 | INFO     | bybit_edge.recorder.recording_engine | [option] connected to wss://stream.bybit.com/v5/public/option
2026-06-11 22:08:37.881 | INFO     | bybit_edge.recorder.recording_engine | Subscribed to 2 topic(s): ['tickers.BTC', 'tickers.ETH']
2026-06-11 22:09:05.738 | INFO     | bybit_edge.recorder.recording_engine | Storage telemetry: {'cap_gb': 50.0, 'used_gb': 0.0024, 'used_pct': 0.0, 'total_bytes': 2569111, 'total_segments': 267, 'evictions': 0, 'bytes_evicted': 0, 'per_stream': {'premium_index_kline': {'bytes': 2569111, 'segments': 267}}}
2026-06-11 22:09:08.067 | WARNING  | bybit_edge.recorder.recording_engine | [option] connection lost (sent 1011 (internal error) keepalive ping timeout; no close frame received) — reconnecting in 1.0 s
2026-06-11 22:09:09.813 | INFO     | bybit_edge.recorder.recording_engine | [option] connected to wss://stream.bybit.com/v5/public/option
2026-06-11 22:09:09.814 | INFO     | bybit_edge.recorder.recording_engine | Subscribed to 2 topic(s): ['tickers.BTC', 'tickers.ETH']
2026-06-11 22:09:35.815 | INFO     | bybit_edge.recorder.recording_engine | Storage telemetry: {'cap_gb': 50.0, 'used_gb': 0.0024, 'used_pct': 0.0, 'total_bytes': 2569111, 'total_segments': 267, 'evictions': 0, 'bytes_evicted': 0, 'per_stream': {'premium_index_kline': {'bytes': 2569111, 'segments': 267}}}
2026-06-11 22:09:40.007 | WARNING  | bybit_edge.recorder.recording_engine | [option] connection lost (sent 1011 (internal error) keepalive ping timeout; no close frame received) — reconnecting in 1.0 s
2026-06-11 22:09:41.776 | INFO     | bybit_edge.recorder.recording_engine | [option] connected to wss://stream.bybit.com/v5/public/option
2026-06-11 22:09:41.776 | INFO     | bybit_edge.recorder.recording_engine | Subscribed to 2 topic(s): ['tickers.BTC', 'tickers.ETH']
2026-06-11 22:10:05.884 | INFO     | bybit_edge.recorder.recording_engine | Storage telemetry: {'cap_gb': 50.0, 'used_gb': 0.0024, 'used_pct': 0.0, 'total_bytes': 2578754, 'total_segments': 268, 'evictions': 0, 'bytes_evicted': 0, 'per_stream': {'premium_index_kline': {'bytes': 2578754, 'segments': 268}}}
2026-06-11 22:10:11.976 | WARNING  | bybit_edge.recorder.recording_engine | [option] connection lost (sent 1011 (internal error) keepalive ping timeout; no close frame received) — reconnecting in 1.0 s
2026-06-11 22:10:13.719 | INFO     | bybit_edge.recorder.recording_engine | [option] connected to wss://stream.bybit.com/v5/public/option
2026-06-11 22:10:13.719 | INFO     | bybit_edge.recorder.recording_engine | Subscribed to 2 topic(s): ['tickers.BTC', 'tickers.ETH']
2026-06-11 22:10:35.948 | INFO     | bybit_edge.recorder.recording_engine | Storage telemetry: {'cap_gb': 50.0, 'used_gb': 0.0024, 'used_pct': 0.0, 'total_bytes': 2578754, 'total_segments': 268, 'evictions': 0, 'bytes_evicted': 0, 'per_stream': {'premium_index_kline': {'bytes': 2578754, 'segments': 268}}}
2026-06-11 22:10:43.917 | WARNING  | bybit_edge.recorder.recording_engine | [option] connection lost (sent 1011 (internal error) keepalive ping timeout; no close frame received) — reconnecting in 1.0 s
2026-06-11 22:10:45.679 | INFO     | bybit_edge.recorder.recording_engine | [option] connected to wss://stream.bybit.com/v5/public/option
2026-06-11 22:10:45.679 | INFO     | bybit_edge.recorder.recording_engine | Subscribed to 2 topic(s): ['tickers.BTC', 'tickers.ETH']
2026-06-11 22:11:06.028 | INFO     | bybit_edge.recorder.recording_engine | Storage telemetry: {'cap_gb': 50.0, 'used_gb': 0.0024, 'used_pct': 0.0, 'total_bytes': 2588402, 'total_segments': 269, 'evictions': 0, 'bytes_evicted': 0, 'per_stream': {'premium_index_kline': {'bytes': 2588402, 'segments': 269}}}
2026-06-11 22:11:15.873 | WARNING  | bybit_edge.recorder.recording_engine | [option] connection lost (sent 1011 (internal error) keepalive ping timeout; no close frame received) — reconnecting in 1.0 s
2026-06-11 22:11:17.609 | INFO     | bybit_edge.recorder.recording_engine | [option] connected to wss://stream.bybit.com/v5/public/option
2026-06-11 22:11:17.610 | INFO     | bybit_edge.recorder.recording_engine | Subscribed to 2 topic(s): ['tickers.BTC', 'tickers.ETH']
2026-06-11 22:11:36.116 | INFO     | bybit_edge.recorder.recording_engine | Storage telemetry: {'cap_gb': 50.0, 'used_gb': 0.0024, 'used_pct': 0.0, 'total_bytes': 2588402, 'total_segments': 269, 'evictions': 0, 'bytes_evicted': 0, 'per_stream': {'premium_index_kline': {'bytes': 2588402, 'segments': 269}}}
2026-06-11 22:11:47.817 | WARNING  | bybit_edge.recorder.recording_engine | [option] connection lost (sent 1011 (internal error) keepalive ping timeout; no close frame received) — reconnecting in 1.0 s
2026-06-11 22:11:49.581 | INFO     | bybit_edge.recorder.recording_engine | [option] connected to wss://stream.bybit.com/v5/public/option
2026-06-11 22:11:49.581 | INFO     | bybit_edge.recorder.recording_engine | Subscribed to 2 topic(s): ['tickers.BTC', 'tickers.ETH']
2026-06-11 22:12:06.196 | INFO     | bybit_edge.recorder.recording_engine | Storage telemetry: {'cap_gb': 50.0, 'used_gb': 0.0024, 'used_pct': 0.0, 'total_bytes': 2598046, 'total_segments': 270, 'evictions': 0, 'bytes_evicted': 0, 'per_stream': {'premium_index_kline': {'bytes': 2598046, 'segments': 270}}}
2026-06-11 22:12:19.790 | WARNING  | bybit_edge.recorder.recording_engine | [option] connection lost (sent 1011 (internal error) keepalive ping timeout; no close frame received) — reconnecting in 1.0 s
2026-06-11 22:12:21.527 | INFO     | bybit_edge.recorder.recording_engine | [option] connected to wss://stream.bybit.com/v5/public/option
2026-06-11 22:12:21.528 | INFO     | bybit_edge.recorder.recording_engine | Subscribed to 2 topic(s): ['tickers.BTC', 'tickers.ETH']
2026-06-11 22:12:36.261 | INFO     | bybit_edge.recorder.recording_engine | Storage telemetry: {'cap_gb': 50.0, 'used_gb': 0.0024, 'used_pct': 0.0, 'total_bytes': 2598046, 'total_segments': 270, 'evictions': 0, 'bytes_evicted': 0, 'per_stream': {'premium_index_kline': {'bytes': 2598046, 'segments': 270}}}
2026-06-11 22:12:51.722 | WARNING  | bybit_edge.recorder.recording_engine | [option] connection lost (sent 1011 (internal error) keepalive ping timeout; no close frame received) — reconnecting in 1.0 s
2026-06-11 22:12:53.481 | INFO     | bybit_edge.recorder.recording_engine | [option] connected to wss://stream.bybit.com/v5/public/option
2026-06-11 22:12:53.482 | INFO     | bybit_edge.recorder.recording_engine | Subscribed to 2 topic(s): ['tickers.BTC', 'tickers.ETH']
2026-06-11 22:13:06.348 | INFO     | bybit_edge.recorder.recording_engine | Storage telemetry: {'cap_gb': 50.0, 'used_gb': 0.0024, 'used_pct': 0.0, 'total_bytes': 2607687, 'total_segments': 271, 'evictions': 0, 'bytes_evicted': 0, 'per_stream': {'premium_index_kline': {'bytes': 2607687, 'segments': 271}}}
2026-06-11 22:13:23.693 | WARNING  | bybit_edge.recorder.recording_engine | [option] connection lost (sent 1011 (internal error) keepalive ping timeout; no close frame received) — reconnecting in 1.0 s
2026-06-11 22:13:25.496 | INFO     | bybit_edge.recorder.recording_engine | [option] connected to wss://stream.bybit.com/v5/public/option
2026-06-11 22:13:25.497 | INFO     | bybit_edge.recorder.recording_engine | Subscribed to 2 topic(s): ['tickers.BTC', 'tickers.ETH']
2026-06-11 22:13:36.425 | INFO     | bybit_edge.recorder.recording_engine | Storage telemetry: {'cap_gb': 50.0, 'used_gb': 0.0024, 'used_pct': 0.0, 'total_bytes': 2607687, 'total_segments': 271, 'evictions': 0, 'bytes_evicted': 0, 'per_stream': {'premium_index_kline': {'bytes': 2607687, 'segments': 271}}}
2026-06-11 22:13:55.708 | WARNING  | bybit_edge.recorder.recording_engine | [option] connection lost (sent 1011 (internal error) keepalive ping timeout; no close frame received) — reconnecting in 1.0 s
2026-06-11 22:13:57.456 | INFO     | bybit_edge.recorder.recording_engine | [option] connected to wss://stream.bybit.com/v5/public/option
2026-06-11 22:13:57.456 | INFO     | bybit_edge.recorder.recording_engine | Subscribed to 2 topic(s): ['tickers.BTC', 'tickers.ETH']
2026-06-11 22:14:06.514 | INFO     | bybit_edge.recorder.recording_engine | Storage telemetry: {'cap_gb': 50.0, 'used_gb': 0.0024, 'used_pct': 0.0, 'total_bytes': 2617323, 'total_segments': 272, 'evictions': 0, 'bytes_evicted': 0, 'per_stream': {'premium_index_kline': {'bytes': 2617323, 'segments': 272}}}
2026-06-11 22:14:27.659 | WARNING  | bybit_edge.recorder.recording_engine | [option] connection lost (sent 1011 (internal error) keepalive ping timeout; no close frame received) — reconnecting in 1.0 s
2026-06-11 22:14:29.416 | INFO     | bybit_edge.recorder.recording_engine | [option] connected to wss://stream.bybit.com/v5/public/option
2026-06-11 22:14:29.417 | INFO     | bybit_edge.recorder.recording_engine | Subscribed to 2 topic(s): ['tickers.BTC', 'tickers.ETH']
2026-06-11 22:14:36.593 | INFO     | bybit_edge.recorder.recording_engine | Storage telemetry: {'cap_gb': 50.0, 'used_gb': 0.0024, 'used_pct': 0.0, 'total_bytes': 2617323, 'total_segments': 272, 'evictions': 0, 'bytes_evicted': 0, 'per_stream': {'premium_index_kline': {'bytes': 2617323, 'segments': 272}}}
2026-06-11 22:14:59.609 | WARNING  | bybit_edge.recorder.recording_engine | [option] connection lost (sent 1011 (internal error) keepalive ping timeout; no close frame received) — reconnecting in 1.0 s
2026-06-11 22:15:01.358 | INFO     | bybit_edge.recorder.recording_engine | [option] connected to wss://stream.bybit.com/v5/public/option
2026-06-11 22:15:01.359 | INFO     | bybit_edge.recorder.recording_engine | Subscribed to 2 topic(s): ['tickers.BTC', 'tickers.ETH']
2026-06-11 22:15:06.703 | INFO     | bybit_edge.recorder.recording_engine | Storage telemetry: {'cap_gb': 50.0, 'used_gb': 0.0024, 'used_pct': 0.0, 'total_bytes': 2626947, 'total_segments': 273, 'evictions': 0, 'bytes_evicted': 0, 'per_stream': {'premium_index_kline': {'bytes': 2626947, 'segments': 273}}}
2026-06-11 22:15:31.550 | WARNING  | bybit_edge.recorder.recording_engine | [option] connection lost (sent 1011 (internal error) keepalive ping timeout; no close frame received) — reconnecting in 1.0 s
2026-06-11 22:15:33.288 | INFO     | bybit_edge.recorder.recording_engine | [option] connected to wss://stream.bybit.com/v5/public/option
2026-06-11 22:15:33.288 | INFO     | bybit_edge.recorder.recording_engine | Subscribed to 2 topic(s): ['tickers.BTC', 'tickers.ETH']
2026-06-11 22:15:36.779 | INFO     | bybit_edge.recorder.recording_engine | Storage telemetry: {'cap_gb': 50.0, 'used_gb': 0.0024, 'used_pct': 0.0, 'total_bytes': 2626947, 'total_segments': 273, 'evictions': 0, 'bytes_evicted': 0, 'per_stream': {'premium_index_kline': {'bytes': 2626947, 'segments': 273}}}
2026-06-11 22:16:03.479 | WARNING  | bybit_edge.recorder.recording_engine | [option] connection lost (sent 1011 (internal error) keepalive ping timeout; no close frame received) — reconnecting in 1.0 s
2026-06-11 22:16:05.222 | INFO     | bybit_edge.recorder.recording_engine | [option] connected to wss://stream.bybit.com/v5/public/option
2026-06-11 22:16:05.223 | INFO     | bybit_edge.recorder.recording_engine | Subscribed to 2 topic(s): ['tickers.BTC', 'tickers.ETH']
2026-06-11 22:16:06.871 | INFO     | bybit_edge.recorder.recording_engine | Storage telemetry: {'cap_gb': 50.0, 'used_gb': 0.0025, 'used_pct': 0.0, 'total_bytes': 2636589, 'total_segments': 274, 'evictions': 0, 'bytes_evicted': 0, 'per_stream': {'premium_index_kline': {'bytes': 2636589, 'segments': 274}}}
2026-06-11 22:16:35.430 | WARNING  | bybit_edge.recorder.recording_engine | [option] connection lost (sent 1011 (internal error) keepalive ping timeout; no close frame received) — reconnecting in 1.0 s
2026-06-11 22:16:36.942 | INFO     | bybit_edge.recorder.recording_engine | Storage telemetry: {'cap_gb': 50.0, 'used_gb': 0.0025, 'used_pct': 0.0, 'total_bytes': 2636589, 'total_segments': 274, 'evictions': 0, 'bytes_evicted': 0, 'per_stream': {'premium_index_kline': {'bytes': 2636589, 'segments': 274}}}
2026-06-11 22:16:37.172 | INFO     | bybit_edge.recorder.recording_engine | [option] connected to wss://stream.bybit.com/v5/public/option
2026-06-11 22:16:37.172 | INFO     | bybit_edge.recorder.recording_engine | Subscribed to 2 topic(s): ['tickers.BTC', 'tickers.ETH']
2026-06-11 22:17:07.016 | INFO     | bybit_edge.recorder.recording_engine | Storage telemetry: {'cap_gb': 50.0, 'used_gb': 0.0025, 'used_pct': 0.0, 'total_bytes': 2646224, 'total_segments': 275, 'evictions': 0, 'bytes_evicted': 0, 'per_stream': {'premium_index_kline': {'bytes': 2646224, 'segments': 275}}}
2026-06-11 22:17:07.364 | WARNING  | bybit_edge.recorder.recording_engine | [option] connection lost (sent 1011 (internal error) keepalive ping timeout; no close frame received) — reconnecting in 1.0 s
2026-06-11 22:17:09.101 | INFO     | bybit_edge.recorder.recording_engine | [option] connected to wss://stream.bybit.com/v5/public/option
2026-06-11 22:17:09.101 | INFO     | bybit_edge.recorder.recording_engine | Subscribed to 2 topic(s): ['tickers.BTC', 'tickers.ETH']
2026-06-11 22:17:37.106 | INFO     | bybit_edge.recorder.recording_engine | Storage telemetry: {'cap_gb': 50.0, 'used_gb': 0.0025, 'used_pct': 0.0, 'total_bytes': 2646224, 'total_segments': 275, 'evictions': 0, 'bytes_evicted': 0, 'per_stream': {'premium_index_kline': {'bytes': 2646224, 'segments': 275}}}
2026-06-11 22:17:39.286 | WARNING  | bybit_edge.recorder.recording_engine | [option] connection lost (sent 1011 (internal error) keepalive ping timeout; no close frame received) — reconnecting in 1.0 s
2026-06-11 22:17:40.953 | INFO     | bybit_edge.recorder.recording_engine | [option] connected to wss://stream.bybit.com/v5/public/option
2026-06-11 22:17:40.954 | INFO     | bybit_edge.recorder.recording_engine | Subscribed to 2 topic(s): ['tickers.BTC', 'tickers.ETH']
2026-06-11 22:18:07.194 | INFO     | bybit_edge.recorder.recording_engine | Storage telemetry: {'cap_gb': 50.0, 'used_gb': 0.0025, 'used_pct': 0.0, 'total_bytes': 2655857, 'total_segments': 276, 'evictions': 0, 'bytes_evicted': 0, 'per_stream': {'premium_index_kline': {'bytes': 2655857, 'segments': 276}}}
2026-06-11 22:18:11.167 | WARNING  | bybit_edge.recorder.recording_engine | [option] connection lost (sent 1011 (internal error) keepalive ping timeout; no close frame received) — reconnecting in 1.0 s
2026-06-11 22:18:12.915 | INFO     | bybit_edge.recorder.recording_engine | [option] connected to wss://stream.bybit.com/v5/public/option
2026-06-11 22:18:12.916 | INFO     | bybit_edge.recorder.recording_engine | Subscribed to 2 topic(s): ['tickers.BTC', 'tickers.ETH']
2026-06-11 22:18:37.280 | INFO     | bybit_edge.recorder.recording_engine | Storage telemetry: {'cap_gb': 50.0, 'used_gb': 0.0025, 'used_pct': 0.0, 'total_bytes': 2655857, 'total_segments': 276, 'evictions': 0, 'bytes_evicted': 0, 'per_stream': {'premium_index_kline': {'bytes': 2655857, 'segments': 276}}}
2026-06-11 22:18:43.112 | WARNING  | bybit_edge.recorder.recording_engine | [option] connection lost (sent 1011 (internal error) keepalive ping timeout; no close frame received) — reconnecting in 1.0 s
2026-06-11 22:18:44.937 | INFO     | bybit_edge.recorder.recording_engine | [option] connected to wss://stream.bybit.com/v5/public/option
2026-06-11 22:18:44.937 | INFO     | bybit_edge.recorder.recording_engine | Subscribed to 2 topic(s): ['tickers.BTC', 'tickers.ETH']
2026-06-11 22:19:07.366 | INFO     | bybit_edge.recorder.recording_engine | Storage telemetry: {'cap_gb': 50.0, 'used_gb': 0.0025, 'used_pct': 0.0, 'total_bytes': 2665493, 'total_segments': 277, 'evictions': 0, 'bytes_evicted': 0, 'per_stream': {'premium_index_kline': {'bytes': 2665493, 'segments': 277}}}
2026-06-11 22:19:15.129 | WARNING  | bybit_edge.recorder.recording_engine | [option] connection lost (sent 1011 (internal error) keepalive ping timeout; no close frame received) — reconnecting in 1.0 s
2026-06-11 22:19:16.872 | INFO     | bybit_edge.recorder.recording_engine | [option] connected to wss://stream.bybit.com/v5/public/option
2026-06-11 22:19:16.873 | INFO     | bybit_edge.recorder.recording_engine | Subscribed to 2 topic(s): ['tickers.BTC', 'tickers.ETH']
2026-06-11 22:19:37.444 | INFO     | bybit_edge.recorder.recording_engine | Storage telemetry: {'cap_gb': 50.0, 'used_gb': 0.0025, 'used_pct': 0.0, 'total_bytes': 2665493, 'total_segments': 277, 'evictions': 0, 'bytes_evicted': 0, 'per_stream': {'premium_index_kline': {'bytes': 2665493, 'segments': 277}}}
2026-06-11 22:19:47.081 | WARNING  | bybit_edge.recorder.recording_engine | [option] connection lost (sent 1011 (internal error) keepalive ping timeout; no close frame received) — reconnecting in 1.0 s
2026-06-11 22:19:48.815 | INFO     | bybit_edge.recorder.recording_engine | [option] connected to wss://stream.bybit.com/v5/public/option
2026-06-11 22:19:48.815 | INFO     | bybit_edge.recorder.recording_engine | Subscribed to 2 topic(s): ['tickers.BTC', 'tickers.ETH']
2026-06-11 22:20:07.523 | INFO     | bybit_edge.recorder.recording_engine | Storage telemetry: {'cap_gb': 50.0, 'used_gb': 0.0025, 'used_pct': 0.0, 'total_bytes': 2675111, 'total_segments': 278, 'evictions': 0, 'bytes_evicted': 0, 'per_stream': {'premium_index_kline': {'bytes': 2675111, 'segments': 278}}}
2026-06-11 22:20:19.014 | WARNING  | bybit_edge.recorder.recording_engine | [option] connection lost (sent 1011 (internal error) keepalive ping timeout; no close frame received) — reconnecting in 1.0 s
2026-06-11 22:20:20.764 | INFO     | bybit_edge.recorder.recording_engine | [option] connected to wss://stream.bybit.com/v5/public/option
2026-06-11 22:20:20.764 | INFO     | bybit_edge.recorder.recording_engine | Subscribed to 2 topic(s): ['tickers.BTC', 'tickers.ETH']
2026-06-11 22:20:37.658 | INFO     | bybit_edge.recorder.recording_engine | Storage telemetry: {'cap_gb': 50.0, 'used_gb': 0.0025, 'used_pct': 0.0, 'total_bytes': 2675111, 'total_segments': 278, 'evictions': 0, 'bytes_evicted': 0, 'per_stream': {'premium_index_kline': {'bytes': 2675111, 'segments': 278}}}
2026-06-11 22:20:50.958 | WARNING  | bybit_edge.recorder.recording_engine | [option] connection lost (sent 1011 (internal error) keepalive ping timeout; no close frame received) — reconnecting in 1.0 s
2026-06-11 22:20:52.766 | INFO     | bybit_edge.recorder.recording_engine | [option] connected to wss://stream.bybit.com/v5/public/option
2026-06-11 22:20:52.766 | INFO     | bybit_edge.recorder.recording_engine | Subscribed to 2 topic(s): ['tickers.BTC', 'tickers.ETH']
2026-06-11 22:21:07.743 | INFO     | bybit_edge.recorder.recording_engine | Storage telemetry: {'cap_gb': 50.0, 'used_gb': 0.0025, 'used_pct': 0.01, 'total_bytes': 2684726, 'total_segments': 279, 'evictions': 0, 'bytes_evicted': 0, 'per_stream': {'premium_index_kline': {'bytes': 2684726, 'segments': 279}}}
2026-06-11 22:21:22.976 | WARNING  | bybit_edge.recorder.recording_engine | [option] connection lost (sent 1011 (internal error) keepalive ping timeout; no close frame received) — reconnecting in 1.0 s
2026-06-11 22:21:24.714 | INFO     | bybit_edge.recorder.recording_engine | [option] connected to wss://stream.bybit.com/v5/public/option
2026-06-11 22:21:24.715 | INFO     | bybit_edge.recorder.recording_engine | Subscribed to 2 topic(s): ['tickers.BTC', 'tickers.ETH']
2026-06-11 22:21:37.822 | INFO     | bybit_edge.recorder.recording_engine | Storage telemetry: {'cap_gb': 50.0, 'used_gb': 0.0025, 'used_pct': 0.01, 'total_bytes': 2684726, 'total_segments': 279, 'evictions': 0, 'bytes_evicted': 0, 'per_stream': {'premium_index_kline': {'bytes': 2684726, 'segments': 279}}}
2026-06-11 22:21:54.927 | WARNING  | bybit_edge.recorder.recording_engine | [option] connection lost (sent 1011 (internal error) keepalive ping timeout; no close frame received) — reconnecting in 1.0 s
2026-06-11 22:21:56.659 | INFO     | bybit_edge.recorder.recording_engine | [option] connected to wss://stream.bybit.com/v5/public/option
2026-06-11 22:21:56.660 | INFO     | bybit_edge.recorder.recording_engine | Subscribed to 2 topic(s): ['tickers.BTC', 'tickers.ETH']
2026-06-11 22:22:07.904 | INFO     | bybit_edge.recorder.recording_engine | Storage telemetry: {'cap_gb': 50.0, 'used_gb': 0.0025, 'used_pct': 0.01, 'total_bytes': 2694347, 'total_segments': 280, 'evictions': 0, 'bytes_evicted': 0, 'per_stream': {'premium_index_kline': {'bytes': 2694347, 'segments': 280}}}
2026-06-11 22:22:26.851 | WARNING  | bybit_edge.recorder.recording_engine | [option] connection lost (sent 1011 (internal error) keepalive ping timeout; no close frame received) — reconnecting in 1.0 s
2026-06-11 22:22:28.584 | INFO     | bybit_edge.recorder.recording_engine | [option] connected to wss://stream.bybit.com/v5/public/option
2026-06-11 22:22:28.585 | INFO     | bybit_edge.recorder.recording_engine | Subscribed to 2 topic(s): ['tickers.BTC', 'tickers.ETH']
2026-06-11 22:22:37.978 | INFO     | bybit_edge.recorder.recording_engine | Storage telemetry: {'cap_gb': 50.0, 'used_gb': 0.0025, 'used_pct': 0.01, 'total_bytes': 2694347, 'total_segments': 280, 'evictions': 0, 'bytes_evicted': 0, 'per_stream': {'premium_index_kline': {'bytes': 2694347, 'segments': 280}}}
2026-06-11 22:22:58.783 | WARNING  | bybit_edge.recorder.recording_engine | [option] connection lost (sent 1011 (internal error) keepalive ping timeout; no close frame received) — reconnecting in 1.0 s
2026-06-11 22:23:00.531 | INFO     | bybit_edge.recorder.recording_engine | [option] connected to wss://stream.bybit.com/v5/public/option
2026-06-11 22:23:00.531 | INFO     | bybit_edge.recorder.recording_engine | Subscribed to 2 topic(s): ['tickers.BTC', 'tickers.ETH']
2026-06-11 22:23:08.053 | INFO     | bybit_edge.recorder.recording_engine | Storage telemetry: {'cap_gb': 50.0, 'used_gb': 0.0025, 'used_pct': 0.01, 'total_bytes': 2703960, 'total_segments': 281, 'evictions': 0, 'bytes_evicted': 0, 'per_stream': {'premium_index_kline': {'bytes': 2703960, 'segments': 281}}}
2026-06-11 22:23:30.762 | WARNING  | bybit_edge.recorder.recording_engine | [option] connection lost (sent 1011 (internal error) keepalive ping timeout; no close frame received) — reconnecting in 1.0 s
2026-06-11 22:23:32.499 | INFO     | bybit_edge.recorder.recording_engine | [option] connected to wss://stream.bybit.com/v5/public/option
2026-06-11 22:23:32.499 | INFO     | bybit_edge.recorder.recording_engine | Subscribed to 2 topic(s): ['tickers.BTC', 'tickers.ETH']
2026-06-11 22:23:38.140 | INFO     | bybit_edge.recorder.recording_engine | Storage telemetry: {'cap_gb': 50.0, 'used_gb': 0.0025, 'used_pct': 0.01, 'total_bytes': 2703960, 'total_segments': 281, 'evictions': 0, 'bytes_evicted': 0, 'per_stream': {'premium_index_kline': {'bytes': 2703960, 'segments': 281}}}
2026-06-11 22:24:02.703 | WARNING  | bybit_edge.recorder.recording_engine | [option] connection lost (sent 1011 (internal error) keepalive ping timeout; no close frame received) — reconnecting in 1.0 s
2026-06-11 22:24:04.485 | INFO     | bybit_edge.recorder.recording_engine | [option] connected to wss://stream.bybit.com/v5/public/option
2026-06-11 22:24:04.485 | INFO     | bybit_edge.recorder.recording_engine | Subscribed to 2 topic(s): ['tickers.BTC', 'tickers.ETH']
2026-06-11 22:24:08.228 | INFO     | bybit_edge.recorder.recording_engine | Storage telemetry: {'cap_gb': 50.0, 'used_gb': 0.0025, 'used_pct': 0.01, 'total_bytes': 2713573, 'total_segments': 282, 'evictions': 0, 'bytes_evicted': 0, 'per_stream': {'premium_index_kline': {'bytes': 2713573, 'segments': 282}}}
2026-06-11 22:24:34.685 | WARNING  | bybit_edge.recorder.recording_engine | [option] connection lost (sent 1011 (internal error) keepalive ping timeout; no close frame received) — reconnecting in 1.0 s
2026-06-11 22:24:36.442 | INFO     | bybit_edge.recorder.recording_engine | [option] connected to wss://stream.bybit.com/v5/public/option
2026-06-11 22:24:36.443 | INFO     | bybit_edge.recorder.recording_engine | Subscribed to 2 topic(s): ['tickers.BTC', 'tickers.ETH']
2026-06-11 22:24:38.300 | INFO     | bybit_edge.recorder.recording_engine | Storage telemetry: {'cap_gb': 50.0, 'used_gb': 0.0025, 'used_pct': 0.01, 'total_bytes': 2713573, 'total_segments': 282, 'evictions': 0, 'bytes_evicted': 0, 'per_stream': {'premium_index_kline': {'bytes': 2713573, 'segments': 282}}}
2026-06-11 22:25:06.633 | WARNING  | bybit_edge.recorder.recording_engine | [option] connection lost (sent 1011 (internal error) keepalive ping timeout; no close frame received) — reconnecting in 1.0 s
2026-06-11 22:25:08.384 | INFO     | bybit_edge.recorder.recording_engine | Storage telemetry: {'cap_gb': 50.0, 'used_gb': 0.0025, 'used_pct': 0.01, 'total_bytes': 2723187, 'total_segments': 283, 'evictions': 0, 'bytes_evicted': 0, 'per_stream': {'premium_index_kline': {'bytes': 2723187, 'segments': 283}}}
2026-06-11 22:25:08.404 | INFO     | bybit_edge.recorder.recording_engine | [option] connected to wss://stream.bybit.com/v5/public/option
2026-06-11 22:25:08.405 | INFO     | bybit_edge.recorder.recording_engine | Subscribed to 2 topic(s): ['tickers.BTC', 'tickers.ETH']
2026-06-11 22:25:38.464 | INFO     | bybit_edge.recorder.recording_engine | Storage telemetry: {'cap_gb': 50.0, 'used_gb': 0.0025, 'used_pct': 0.01, 'total_bytes': 2723187, 'total_segments': 283, 'evictions': 0, 'bytes_evicted': 0, 'per_stream': {'premium_index_kline': {'bytes': 2723187, 'segments': 283}}}
2026-06-11 22:25:38.643 | WARNING  | bybit_edge.recorder.recording_engine | [option] connection lost (sent 1011 (internal error) keepalive ping timeout; no close frame received) — reconnecting in 1.0 s
2026-06-11 22:25:40.395 | INFO     | bybit_edge.recorder.recording_engine | [option] connected to wss://stream.bybit.com/v5/public/option
2026-06-11 22:25:40.396 | INFO     | bybit_edge.recorder.recording_engine | Subscribed to 2 topic(s): ['tickers.BTC', 'tickers.ETH']
2026-06-11 22:26:08.609 | INFO     | bybit_edge.recorder.recording_engine | Storage telemetry: {'cap_gb': 50.0, 'used_gb': 0.0025, 'used_pct': 0.01, 'total_bytes': 2732802, 'total_segments': 284, 'evictions': 0, 'bytes_evicted': 0, 'per_stream': {'premium_index_kline': {'bytes': 2732802, 'segments': 284}}}
2026-06-11 22:26:10.595 | WARNING  | bybit_edge.recorder.recording_engine | [option] connection lost (sent 1011 (internal error) keepalive ping timeout; no close frame received) — reconnecting in 1.0 s
2026-06-11 22:26:12.341 | INFO     | bybit_edge.recorder.recording_engine | [option] connected to wss://stream.bybit.com/v5/public/option
2026-06-11 22:26:12.342 | INFO     | bybit_edge.recorder.recording_engine | Subscribed to 2 topic(s): ['tickers.BTC', 'tickers.ETH']
2026-06-11 22:26:38.700 | INFO     | bybit_edge.recorder.recording_engine | Storage telemetry: {'cap_gb': 50.0, 'used_gb': 0.0025, 'used_pct': 0.01, 'total_bytes': 2732802, 'total_segments': 284, 'evictions': 0, 'bytes_evicted': 0, 'per_stream': {'premium_index_kline': {'bytes': 2732802, 'segments': 284}}}
2026-06-11 22:26:42.529 | WARNING  | bybit_edge.recorder.recording_engine | [option] connection lost (sent 1011 (internal error) keepalive ping timeout; no close frame received) — reconnecting in 1.0 s
2026-06-11 22:26:44.270 | INFO     | bybit_edge.recorder.recording_engine | [option] connected to wss://stream.bybit.com/v5/public/option
2026-06-11 22:26:44.271 | INFO     | bybit_edge.recorder.recording_engine | Subscribed to 2 topic(s): ['tickers.BTC', 'tickers.ETH']
2026-06-11 22:27:08.800 | INFO     | bybit_edge.recorder.recording_engine | Storage telemetry: {'cap_gb': 50.0, 'used_gb': 0.0026, 'used_pct': 0.01, 'total_bytes': 2742413, 'total_segments': 285, 'evictions': 0, 'bytes_evicted': 0, 'per_stream': {'premium_index_kline': {'bytes': 2742413, 'segments': 285}}}
2026-06-11 22:27:14.459 | WARNING  | bybit_edge.recorder.recording_engine | [option] connection lost (sent 1011 (internal error) keepalive ping timeout; no close frame received) — reconnecting in 1.0 s
2026-06-11 22:27:16.208 | INFO     | bybit_edge.recorder.recording_engine | [option] connected to wss://stream.bybit.com/v5/public/option
2026-06-11 22:27:16.209 | INFO     | bybit_edge.recorder.recording_engine | Subscribed to 2 topic(s): ['tickers.BTC', 'tickers.ETH']
2026-06-11 22:27:38.884 | INFO     | bybit_edge.recorder.recording_engine | Storage telemetry: {'cap_gb': 50.0, 'used_gb': 0.0026, 'used_pct': 0.01, 'total_bytes': 2742413, 'total_segments': 285, 'evictions': 0, 'bytes_evicted': 0, 'per_stream': {'premium_index_kline': {'bytes': 2742413, 'segments': 285}}}
2026-06-11 22:27:46.414 | WARNING  | bybit_edge.recorder.recording_engine | [option] connection lost (sent 1011 (internal error) keepalive ping timeout; no close frame received) — reconnecting in 1.0 s
2026-06-11 22:27:48.158 | INFO     | bybit_edge.recorder.recording_engine | [option] connected to wss://stream.bybit.com/v5/public/option
2026-06-11 22:27:48.158 | INFO     | bybit_edge.recorder.recording_engine | Subscribed to 2 topic(s): ['tickers.BTC', 'tickers.ETH']
2026-06-11 22:28:08.969 | INFO     | bybit_edge.recorder.recording_engine | Storage telemetry: {'cap_gb': 50.0, 'used_gb': 0.0026, 'used_pct': 0.01, 'total_bytes': 2752023, 'total_segments': 286, 'evictions': 0, 'bytes_evicted': 0, 'per_stream': {'premium_index_kline': {'bytes': 2752023, 'segments': 286}}}
2026-06-11 22:28:18.360 | WARNING  | bybit_edge.recorder.recording_engine | [option] connection lost (sent 1011 (internal error) keepalive ping timeout; no close frame received) — reconnecting in 1.0 s
2026-06-11 22:28:20.109 | INFO     | bybit_edge.recorder.recording_engine | [option] connected to wss://stream.bybit.com/v5/public/option
2026-06-11 22:28:20.110 | INFO     | bybit_edge.recorder.recording_engine | Subscribed to 2 topic(s): ['tickers.BTC', 'tickers.ETH']
2026-06-11 22:28:39.049 | INFO     | bybit_edge.recorder.recording_engine | Storage telemetry: {'cap_gb': 50.0, 'used_gb': 0.0026, 'used_pct': 0.01, 'total_bytes': 2752023, 'total_segments': 286, 'evictions': 0, 'bytes_evicted': 0, 'per_stream': {'premium_index_kline': {'bytes': 2752023, 'segments': 286}}}
2026-06-11 22:28:50.304 | WARNING  | bybit_edge.recorder.recording_engine | [option] connection lost (sent 1011 (internal error) keepalive ping timeout; no close frame received) — reconnecting in 1.0 s
2026-06-11 22:28:52.053 | INFO     | bybit_edge.recorder.recording_engine | [option] connected to wss://stream.bybit.com/v5/public/option
2026-06-11 22:28:52.054 | INFO     | bybit_edge.recorder.recording_engine | Subscribed to 2 topic(s): ['tickers.BTC', 'tickers.ETH']
2026-06-11 22:29:09.122 | INFO     | bybit_edge.recorder.recording_engine | Storage telemetry: {'cap_gb': 50.0, 'used_gb': 0.0026, 'used_pct': 0.01, 'total_bytes': 2761640, 'total_segments': 287, 'evictions': 0, 'bytes_evicted': 0, 'per_stream': {'premium_index_kline': {'bytes': 2761640, 'segments': 287}}}
2026-06-11 22:29:22.247 | WARNING  | bybit_edge.recorder.recording_engine | [option] connection lost (sent 1011 (internal error) keepalive ping timeout; no close frame received) — reconnecting in 1.0 s
2026-06-11 22:29:24.015 | INFO     | bybit_edge.recorder.recording_engine | [option] connected to wss://stream.bybit.com/v5/public/option
2026-06-11 22:29:24.016 | INFO     | bybit_edge.recorder.recording_engine | Subscribed to 2 topic(s): ['tickers.BTC', 'tickers.ETH']
2026-06-11 22:29:39.215 | INFO     | bybit_edge.recorder.recording_engine | Storage telemetry: {'cap_gb': 50.0, 'used_gb': 0.0026, 'used_pct': 0.01, 'total_bytes': 2761640, 'total_segments': 287, 'evictions': 0, 'bytes_evicted': 0, 'per_stream': {'premium_index_kline': {'bytes': 2761640, 'segments': 287}}}
2026-06-11 22:29:54.205 | WARNING  | bybit_edge.recorder.recording_engine | [option] connection lost (sent 1011 (internal error) keepalive ping timeout; no close frame received) — reconnecting in 1.0 s
2026-06-11 22:29:55.940 | INFO     | bybit_edge.recorder.recording_engine | [option] connected to wss://stream.bybit.com/v5/public/option
2026-06-11 22:29:55.941 | INFO     | bybit_edge.recorder.recording_engine | Subscribed to 2 topic(s): ['tickers.BTC', 'tickers.ETH']
2026-06-11 22:30:09.296 | INFO     | bybit_edge.recorder.recording_engine | Storage telemetry: {'cap_gb': 50.0, 'used_gb': 0.0026, 'used_pct': 0.01, 'total_bytes': 2771246, 'total_segments': 288, 'evictions': 0, 'bytes_evicted': 0, 'per_stream': {'premium_index_kline': {'bytes': 2771246, 'segments': 288}}}
2026-06-11 22:30:26.122 | WARNING  | bybit_edge.recorder.recording_engine | [option] connection lost (sent 1011 (internal error) keepalive ping timeout; no close frame received) — reconnecting in 1.0 s
2026-06-11 22:30:27.914 | INFO     | bybit_edge.recorder.recording_engine | [option] connected to wss://stream.bybit.com/v5/public/option
2026-06-11 22:30:27.914 | INFO     | bybit_edge.recorder.recording_engine | Subscribed to 2 topic(s): ['tickers.BTC', 'tickers.ETH']
2026-06-11 22:30:39.375 | INFO     | bybit_edge.recorder.recording_engine | Storage telemetry: {'cap_gb': 50.0, 'used_gb': 0.0026, 'used_pct': 0.01, 'total_bytes': 2771246, 'total_segments': 288, 'evictions': 0, 'bytes_evicted': 0, 'per_stream': {'premium_index_kline': {'bytes': 2771246, 'segments': 288}}}
2026-06-11 22:30:58.100 | WARNING  | bybit_edge.recorder.recording_engine | [option] connection lost (sent 1011 (internal error) keepalive ping timeout; no close frame received) — reconnecting in 1.0 s
2026-06-11 22:30:59.851 | INFO     | bybit_edge.recorder.recording_engine | [option] connected to wss://stream.bybit.com/v5/public/option
2026-06-11 22:30:59.852 | INFO     | bybit_edge.recorder.recording_engine | Subscribed to 2 topic(s): ['tickers.BTC', 'tickers.ETH']
2026-06-11 22:31:09.461 | INFO     | bybit_edge.recorder.recording_engine | Storage telemetry: {'cap_gb': 50.0, 'used_gb': 0.0026, 'used_pct': 0.01, 'total_bytes': 2780859, 'total_segments': 289, 'evictions': 0, 'bytes_evicted': 0, 'per_stream': {'premium_index_kline': {'bytes': 2780859, 'segments': 289}}}
2026-06-11 22:31:30.056 | WARNING  | bybit_edge.recorder.recording_engine | [option] connection lost (sent 1011 (internal error) keepalive ping timeout; no close frame received) — reconnecting in 1.0 s
2026-06-11 22:31:31.796 | INFO     | bybit_edge.recorder.recording_engine | [option] connected to wss://stream.bybit.com/v5/public/option
2026-06-11 22:31:31.797 | INFO     | bybit_edge.recorder.recording_engine | Subscribed to 2 topic(s): ['tickers.BTC', 'tickers.ETH']
2026-06-11 22:31:39.534 | INFO     | bybit_edge.recorder.recording_engine | Storage telemetry: {'cap_gb': 50.0, 'used_gb': 0.0026, 'used_pct': 0.01, 'total_bytes': 2780859, 'total_segments': 289, 'evictions': 0, 'bytes_evicted': 0, 'per_stream': {'premium_index_kline': {'bytes': 2780859, 'segments': 289}}}
2026-06-11 22:32:02.005 | WARNING  | bybit_edge.recorder.recording_engine | [option] connection lost (sent 1011 (internal error) keepalive ping timeout; no close frame received) — reconnecting in 1.0 s
2026-06-11 22:32:03.578 | INFO     | bybit_edge.recorder.recording_engine | [option] connected to wss://stream.bybit.com/v5/public/option
2026-06-11 22:32:03.579 | INFO     | bybit_edge.recorder.recording_engine | Subscribed to 2 topic(s): ['tickers.BTC', 'tickers.ETH']
2026-06-11 22:32:09.628 | INFO     | bybit_edge.recorder.recording_engine | Storage telemetry: {'cap_gb': 50.0, 'used_gb': 0.0026, 'used_pct': 0.01, 'total_bytes': 2790467, 'total_segments': 290, 'evictions': 0, 'bytes_evicted': 0, 'per_stream': {'premium_index_kline': {'bytes': 2790467, 'segments': 290}}}
2026-06-11 22:32:33.795 | WARNING  | bybit_edge.recorder.recording_engine | [option] connection lost (sent 1011 (internal error) keepalive ping timeout; no close frame received) — reconnecting in 1.0 s
2026-06-11 22:32:35.534 | INFO     | bybit_edge.recorder.recording_engine | [option] connected to wss://stream.bybit.com/v5/public/option
2026-06-11 22:32:35.534 | INFO     | bybit_edge.recorder.recording_engine | Subscribed to 2 topic(s): ['tickers.BTC', 'tickers.ETH']
2026-06-11 22:32:39.717 | INFO     | bybit_edge.recorder.recording_engine | Storage telemetry: {'cap_gb': 50.0, 'used_gb': 0.0026, 'used_pct': 0.01, 'total_bytes': 2790467, 'total_segments': 290, 'evictions': 0, 'bytes_evicted': 0, 'per_stream': {'premium_index_kline': {'bytes': 2790467, 'segments': 290}}}
2026-06-11 22:33:05.749 | WARNING  | bybit_edge.recorder.recording_engine | [option] connection lost (sent 1011 (internal error) keepalive ping timeout; no close frame received) — reconnecting in 1.0 s
2026-06-11 22:33:07.486 | INFO     | bybit_edge.recorder.recording_engine | [option] connected to wss://stream.bybit.com/v5/public/option
2026-06-11 22:33:07.487 | INFO     | bybit_edge.recorder.recording_engine | Subscribed to 2 topic(s): ['tickers.BTC', 'tickers.ETH']
2026-06-11 22:33:09.820 | INFO     | bybit_edge.recorder.recording_engine | Storage telemetry: {'cap_gb': 50.0, 'used_gb': 0.0026, 'used_pct': 0.01, 'total_bytes': 2800083, 'total_segments': 291, 'evictions': 0, 'bytes_evicted': 0, 'per_stream': {'premium_index_kline': {'bytes': 2800083, 'segments': 291}}}
2026-06-11 22:33:37.693 | WARNING  | bybit_edge.recorder.recording_engine | [option] connection lost (sent 1011 (internal error) keepalive ping timeout; no close frame received) — reconnecting in 1.0 s
2026-06-11 22:33:39.434 | INFO     | bybit_edge.recorder.recording_engine | [option] connected to wss://stream.bybit.com/v5/public/option
2026-06-11 22:33:39.434 | INFO     | bybit_edge.recorder.recording_engine | Subscribed to 2 topic(s): ['tickers.BTC', 'tickers.ETH']
2026-06-11 22:33:39.895 | INFO     | bybit_edge.recorder.recording_engine | Storage telemetry: {'cap_gb': 50.0, 'used_gb': 0.0026, 'used_pct': 0.01, 'total_bytes': 2800083, 'total_segments': 291, 'evictions': 0, 'bytes_evicted': 0, 'per_stream': {'premium_index_kline': {'bytes': 2800083, 'segments': 291}}}
2026-06-11 22:34:09.631 | WARNING  | bybit_edge.recorder.recording_engine | [option] connection lost (sent 1011 (internal error) keepalive ping timeout; no close frame received) — reconnecting in 1.0 s
2026-06-11 22:34:09.982 | INFO     | bybit_edge.recorder.recording_engine | Storage telemetry: {'cap_gb': 50.0, 'used_gb': 0.0026, 'used_pct': 0.01, 'total_bytes': 2809696, 'total_segments': 292, 'evictions': 0, 'bytes_evicted': 0, 'per_stream': {'premium_index_kline': {'bytes': 2809696, 'segments': 292}}}
2026-06-11 22:34:11.361 | INFO     | bybit_edge.recorder.recording_engine | [option] connected to wss://stream.bybit.com/v5/public/option
2026-06-11 22:34:11.361 | INFO     | bybit_edge.recorder.recording_engine | Subscribed to 2 topic(s): ['tickers.BTC', 'tickers.ETH']
2026-06-11 22:34:40.076 | INFO     | bybit_edge.recorder.recording_engine | Storage telemetry: {'cap_gb': 50.0, 'used_gb': 0.0026, 'used_pct': 0.01, 'total_bytes': 2809696, 'total_segments': 292, 'evictions': 0, 'bytes_evicted': 0, 'per_stream': {'premium_index_kline': {'bytes': 2809696, 'segments': 292}}}
2026-06-11 22:34:41.564 | WARNING  | bybit_edge.recorder.recording_engine | [option] connection lost (sent 1011 (internal error) keepalive ping timeout; no close frame received) — reconnecting in 1.0 s
2026-06-11 22:34:43.337 | INFO     | bybit_edge.recorder.recording_engine | [option] connected to wss://stream.bybit.com/v5/public/option
2026-06-11 22:34:43.337 | INFO     | bybit_edge.recorder.recording_engine | Subscribed to 2 topic(s): ['tickers.BTC', 'tickers.ETH']
2026-06-11 22:35:10.161 | INFO     | bybit_edge.recorder.recording_engine | Storage telemetry: {'cap_gb': 50.0, 'used_gb': 0.0026, 'used_pct': 0.01, 'total_bytes': 2819319, 'total_segments': 293, 'evictions': 0, 'bytes_evicted': 0, 'per_stream': {'premium_index_kline': {'bytes': 2819319, 'segments': 293}}}
2026-06-11 22:35:13.525 | WARNING  | bybit_edge.recorder.recording_engine | [option] connection lost (sent 1011 (internal error) keepalive ping timeout; no close frame received) — reconnecting in 1.0 s
2026-06-11 22:35:15.265 | INFO     | bybit_edge.recorder.recording_engine | [option] connected to wss://stream.bybit.com/v5/public/option
2026-06-11 22:35:15.265 | INFO     | bybit_edge.recorder.recording_engine | Subscribed to 2 topic(s): ['tickers.BTC', 'tickers.ETH']
2026-06-11 22:35:40.259 | INFO     | bybit_edge.recorder.recording_engine | Storage telemetry: {'cap_gb': 50.0, 'used_gb': 0.0026, 'used_pct': 0.01, 'total_bytes': 2819319, 'total_segments': 293, 'evictions': 0, 'bytes_evicted': 0, 'per_stream': {'premium_index_kline': {'bytes': 2819319, 'segments': 293}}}
2026-06-11 22:35:45.483 | WARNING  | bybit_edge.recorder.recording_engine | [option] connection lost (sent 1011 (internal error) keepalive ping timeout; no close frame received) — reconnecting in 1.0 s
2026-06-11 22:35:47.261 | INFO     | bybit_edge.recorder.recording_engine | [option] connected to wss://stream.bybit.com/v5/public/option
2026-06-11 22:35:47.262 | INFO     | bybit_edge.recorder.recording_engine | Subscribed to 2 topic(s): ['tickers.BTC', 'tickers.ETH']
2026-06-11 22:36:10.339 | INFO     | bybit_edge.recorder.recording_engine | Storage telemetry: {'cap_gb': 50.0, 'used_gb': 0.0026, 'used_pct': 0.01, 'total_bytes': 2828946, 'total_segments': 294, 'evictions': 0, 'bytes_evicted': 0, 'per_stream': {'premium_index_kline': {'bytes': 2828946, 'segments': 294}}}
2026-06-11 22:36:17.458 | WARNING  | bybit_edge.recorder.recording_engine | [option] connection lost (sent 1011 (internal error) keepalive ping timeout; no close frame received) — reconnecting in 1.0 s
2026-06-11 22:36:19.219 | INFO     | bybit_edge.recorder.recording_engine | [option] connected to wss://stream.bybit.com/v5/public/option
2026-06-11 22:36:19.221 | INFO     | bybit_edge.recorder.recording_engine | Subscribed to 2 topic(s): ['tickers.BTC', 'tickers.ETH']
2026-06-11 22:36:40.414 | INFO     | bybit_edge.recorder.recording_engine | Storage telemetry: {'cap_gb': 50.0, 'used_gb': 0.0026, 'used_pct': 0.01, 'total_bytes': 2828946, 'total_segments': 294, 'evictions': 0, 'bytes_evicted': 0, 'per_stream': {'premium_index_kline': {'bytes': 2828946, 'segments': 294}}}
2026-06-11 22:36:49.418 | WARNING  | bybit_edge.recorder.recording_engine | [option] connection lost (sent 1011 (internal error) keepalive ping timeout; no close frame received) — reconnecting in 1.0 s
2026-06-11 22:36:51.146 | INFO     | bybit_edge.recorder.recording_engine | [option] connected to wss://stream.bybit.com/v5/public/option
2026-06-11 22:36:51.146 | INFO     | bybit_edge.recorder.recording_engine | Subscribed to 2 topic(s): ['tickers.BTC', 'tickers.ETH']
2026-06-11 22:37:10.502 | INFO     | bybit_edge.recorder.recording_engine | Storage telemetry: {'cap_gb': 50.0, 'used_gb': 0.0026, 'used_pct': 0.01, 'total_bytes': 2838570, 'total_segments': 295, 'evictions': 0, 'bytes_evicted': 0, 'per_stream': {'premium_index_kline': {'bytes': 2838570, 'segments': 295}}}
2026-06-11 22:37:21.340 | WARNING  | bybit_edge.recorder.recording_engine | [option] connection lost (sent 1011 (internal error) keepalive ping timeout; no close frame received) — reconnecting in 1.0 s
2026-06-11 22:37:23.078 | INFO     | bybit_edge.recorder.recording_engine | [option] connected to wss://stream.bybit.com/v5/public/option
2026-06-11 22:37:23.078 | INFO     | bybit_edge.recorder.recording_engine | Subscribed to 2 topic(s): ['tickers.BTC', 'tickers.ETH']
2026-06-11 22:37:40.592 | INFO     | bybit_edge.recorder.recording_engine | Storage telemetry: {'cap_gb': 50.0, 'used_gb': 0.0026, 'used_pct': 0.01, 'total_bytes': 2838570, 'total_segments': 295, 'evictions': 0, 'bytes_evicted': 0, 'per_stream': {'premium_index_kline': {'bytes': 2838570, 'segments': 295}}}
2026-06-11 22:37:53.269 | WARNING  | bybit_edge.recorder.recording_engine | [option] connection lost (sent 1011 (internal error) keepalive ping timeout; no close frame received) — reconnecting in 1.0 s
2026-06-11 22:37:55.035 | INFO     | bybit_edge.recorder.recording_engine | [option] connected to wss://stream.bybit.com/v5/public/option
2026-06-11 22:37:55.035 | INFO     | bybit_edge.recorder.recording_engine | Subscribed to 2 topic(s): ['tickers.BTC', 'tickers.ETH']
2026-06-11 22:38:10.718 | INFO     | bybit_edge.recorder.recording_engine | Storage telemetry: {'cap_gb': 50.0, 'used_gb': 0.0027, 'used_pct': 0.01, 'total_bytes': 2848200, 'total_segments': 296, 'evictions': 0, 'bytes_evicted': 0, 'per_stream': {'premium_index_kline': {'bytes': 2848200, 'segments': 296}}}
2026-06-11 22:38:25.250 | WARNING  | bybit_edge.recorder.recording_engine | [option] connection lost (sent 1011 (internal error) keepalive ping timeout; no close frame received) — reconnecting in 1.0 s
2026-06-11 22:38:27.075 | INFO     | bybit_edge.recorder.recording_engine | [option] connected to wss://stream.bybit.com/v5/public/option
2026-06-11 22:38:27.075 | INFO     | bybit_edge.recorder.recording_engine | Subscribed to 2 topic(s): ['tickers.BTC', 'tickers.ETH']
2026-06-11 22:38:40.828 | INFO     | bybit_edge.recorder.recording_engine | Storage telemetry: {'cap_gb': 50.0, 'used_gb': 0.0027, 'used_pct': 0.01, 'total_bytes': 2848200, 'total_segments': 296, 'evictions': 0, 'bytes_evicted': 0, 'per_stream': {'premium_index_kline': {'bytes': 2848200, 'segments': 296}}}
2026-06-11 22:38:57.316 | WARNING  | bybit_edge.recorder.recording_engine | [option] connection lost (sent 1011 (internal error) keepalive ping timeout; no close frame received) — reconnecting in 1.0 s
2026-06-11 22:38:59.129 | INFO     | bybit_edge.recorder.recording_engine | [option] connected to wss://stream.bybit.com/v5/public/option
2026-06-11 22:38:59.130 | INFO     | bybit_edge.recorder.recording_engine | Subscribed to 2 topic(s): ['tickers.BTC', 'tickers.ETH']
2026-06-11 22:39:10.923 | INFO     | bybit_edge.recorder.recording_engine | Storage telemetry: {'cap_gb': 50.0, 'used_gb': 0.0027, 'used_pct': 0.01, 'total_bytes': 2857841, 'total_segments': 297, 'evictions': 0, 'bytes_evicted': 0, 'per_stream': {'premium_index_kline': {'bytes': 2857841, 'segments': 297}}}
2026-06-11 22:39:29.364 | WARNING  | bybit_edge.recorder.recording_engine | [option] connection lost (sent 1011 (internal error) keepalive ping timeout; no close frame received) — reconnecting in 1.0 s
2026-06-11 22:39:31.174 | INFO     | bybit_edge.recorder.recording_engine | [option] connected to wss://stream.bybit.com/v5/public/option
2026-06-11 22:39:31.175 | INFO     | bybit_edge.recorder.recording_engine | Subscribed to 2 topic(s): ['tickers.BTC', 'tickers.ETH']
2026-06-11 22:39:41.006 | INFO     | bybit_edge.recorder.recording_engine | Storage telemetry: {'cap_gb': 50.0, 'used_gb': 0.0027, 'used_pct': 0.01, 'total_bytes': 2857841, 'total_segments': 297, 'evictions': 0, 'bytes_evicted': 0, 'per_stream': {'premium_index_kline': {'bytes': 2857841, 'segments': 297}}}
2026-06-11 22:40:01.400 | WARNING  | bybit_edge.recorder.recording_engine | [option] connection lost (sent 1011 (internal error) keepalive ping timeout; no close frame received) — reconnecting in 1.0 s
2026-06-11 22:40:03.280 | INFO     | bybit_edge.recorder.recording_engine | [option] connected to wss://stream.bybit.com/v5/public/option
2026-06-11 22:40:03.280 | INFO     | bybit_edge.recorder.recording_engine | Subscribed to 2 topic(s): ['tickers.BTC', 'tickers.ETH']
2026-06-11 22:40:11.082 | INFO     | bybit_edge.recorder.recording_engine | Storage telemetry: {'cap_gb': 50.0, 'used_gb': 0.0027, 'used_pct': 0.01, 'total_bytes': 2867477, 'total_segments': 298, 'evictions': 0, 'bytes_evicted': 0, 'per_stream': {'premium_index_kline': {'bytes': 2867477, 'segments': 298}}}
2026-06-11 22:40:33.492 | WARNING  | bybit_edge.recorder.recording_engine | [option] connection lost (sent 1011 (internal error) keepalive ping timeout; no close frame received) — reconnecting in 1.0 s
2026-06-11 22:40:35.235 | INFO     | bybit_edge.recorder.recording_engine | [option] connected to wss://stream.bybit.com/v5/public/option
2026-06-11 22:40:35.235 | INFO     | bybit_edge.recorder.recording_engine | Subscribed to 2 topic(s): ['tickers.BTC', 'tickers.ETH']
2026-06-11 22:40:41.171 | INFO     | bybit_edge.recorder.recording_engine | Storage telemetry: {'cap_gb': 50.0, 'used_gb': 0.0027, 'used_pct': 0.01, 'total_bytes': 2867477, 'total_segments': 298, 'evictions': 0, 'bytes_evicted': 0, 'per_stream': {'premium_index_kline': {'bytes': 2867477, 'segments': 298}}}
2026-06-11 22:41:05.436 | WARNING  | bybit_edge.recorder.recording_engine | [option] connection lost (sent 1011 (internal error) keepalive ping timeout; no close frame received) — reconnecting in 1.0 s
2026-06-11 22:41:07.170 | INFO     | bybit_edge.recorder.recording_engine | [option] connected to wss://stream.bybit.com/v5/public/option
2026-06-11 22:41:07.171 | INFO     | bybit_edge.recorder.recording_engine | Subscribed to 2 topic(s): ['tickers.BTC', 'tickers.ETH']
2026-06-11 22:41:11.267 | INFO     | bybit_edge.recorder.recording_engine | Storage telemetry: {'cap_gb': 50.0, 'used_gb': 0.0027, 'used_pct': 0.01, 'total_bytes': 2877100, 'total_segments': 299, 'evictions': 0, 'bytes_evicted': 0, 'per_stream': {'premium_index_kline': {'bytes': 2877100, 'segments': 299}}}
2026-06-11 22:41:37.368 | WARNING  | bybit_edge.recorder.recording_engine | [option] connection lost (sent 1011 (internal error) keepalive ping timeout; no close frame received) — reconnecting in 1.0 s
2026-06-11 22:41:38.965 | INFO     | bybit_edge.recorder.recording_engine | [option] connected to wss://stream.bybit.com/v5/public/option
2026-06-11 22:41:38.965 | INFO     | bybit_edge.recorder.recording_engine | Subscribed to 2 topic(s): ['tickers.BTC', 'tickers.ETH']
2026-06-11 22:41:41.370 | INFO     | bybit_edge.recorder.recording_engine | Storage telemetry: {'cap_gb': 50.0, 'used_gb': 0.0027, 'used_pct': 0.01, 'total_bytes': 2877100, 'total_segments': 299, 'evictions': 0, 'bytes_evicted': 0, 'per_stream': {'premium_index_kline': {'bytes': 2877100, 'segments': 299}}}
2026-06-11 22:42:09.144 | WARNING  | bybit_edge.recorder.recording_engine | [option] connection lost (sent 1011 (internal error) keepalive ping timeout; no close frame received) — reconnecting in 1.0 s
2026-06-11 22:42:10.735 | INFO     | bybit_edge.recorder.recording_engine | [option] connected to wss://stream.bybit.com/v5/public/option
2026-06-11 22:42:10.735 | INFO     | bybit_edge.recorder.recording_engine | Subscribed to 2 topic(s): ['tickers.BTC', 'tickers.ETH']
2026-06-11 22:42:11.467 | INFO     | bybit_edge.recorder.recording_engine | Storage telemetry: {'cap_gb': 50.0, 'used_gb': 0.0027, 'used_pct': 0.01, 'total_bytes': 2886731, 'total_segments': 300, 'evictions': 0, 'bytes_evicted': 0, 'per_stream': {'premium_index_kline': {'bytes': 2886731, 'segments': 300}}}
2026-06-11 22:42:40.936 | WARNING  | bybit_edge.recorder.recording_engine | [option] connection lost (sent 1011 (internal error) keepalive ping timeout; no close frame received) — reconnecting in 1.0 s
2026-06-11 22:42:41.560 | INFO     | bybit_edge.recorder.recording_engine | Storage telemetry: {'cap_gb': 50.0, 'used_gb': 0.0027, 'used_pct': 0.01, 'total_bytes': 2886731, 'total_segments': 300, 'evictions': 0, 'bytes_evicted': 0, 'per_stream': {'premium_index_kline': {'bytes': 2886731, 'segments': 300}}}
2026-06-11 22:42:42.669 | INFO     | bybit_edge.recorder.recording_engine | [option] connected to wss://stream.bybit.com/v5/public/option
2026-06-11 22:42:42.670 | INFO     | bybit_edge.recorder.recording_engine | Subscribed to 2 topic(s): ['tickers.BTC', 'tickers.ETH']
2026-06-11 22:43:11.652 | INFO     | bybit_edge.recorder.recording_engine | Storage telemetry: {'cap_gb': 50.0, 'used_gb': 0.0027, 'used_pct': 0.01, 'total_bytes': 2896372, 'total_segments': 301, 'evictions': 0, 'bytes_evicted': 0, 'per_stream': {'premium_index_kline': {'bytes': 2896372, 'segments': 301}}}
2026-06-11 22:43:12.887 | WARNING  | bybit_edge.recorder.recording_engine | [option] connection lost (sent 1011 (internal error) keepalive ping timeout; no close frame received) — reconnecting in 1.0 s
2026-06-11 22:43:14.635 | INFO     | bybit_edge.recorder.recording_engine | [option] connected to wss://stream.bybit.com/v5/public/option
2026-06-11 22:43:14.636 | INFO     | bybit_edge.recorder.recording_engine | Subscribed to 2 topic(s): ['tickers.BTC', 'tickers.ETH']
2026-06-11 22:43:41.727 | INFO     | bybit_edge.recorder.recording_engine | Storage telemetry: {'cap_gb': 50.0, 'used_gb': 0.0027, 'used_pct': 0.01, 'total_bytes': 2896372, 'total_segments': 301, 'evictions': 0, 'bytes_evicted': 0, 'per_stream': {'premium_index_kline': {'bytes': 2896372, 'segments': 301}}}
2026-06-11 22:43:44.833 | WARNING  | bybit_edge.recorder.recording_engine | [option] connection lost (sent 1011 (internal error) keepalive ping timeout; no close frame received) — reconnecting in 1.0 s
2026-06-11 22:43:46.573 | INFO     | bybit_edge.recorder.recording_engine | [option] connected to wss://stream.bybit.com/v5/public/option
2026-06-11 22:43:46.574 | INFO     | bybit_edge.recorder.recording_engine | Subscribed to 2 topic(s): ['tickers.BTC', 'tickers.ETH']
2026-06-11 22:44:11.813 | INFO     | bybit_edge.recorder.recording_engine | Storage telemetry: {'cap_gb': 50.0, 'used_gb': 0.0027, 'used_pct': 0.01, 'total_bytes': 2906012, 'total_segments': 302, 'evictions': 0, 'bytes_evicted': 0, 'per_stream': {'premium_index_kline': {'bytes': 2906012, 'segments': 302}}}
2026-06-11 22:44:16.761 | WARNING  | bybit_edge.recorder.recording_engine | [option] connection lost (sent 1011 (internal error) keepalive ping timeout; no close frame received) — reconnecting in 1.0 s
2026-06-11 22:44:18.497 | INFO     | bybit_edge.recorder.recording_engine | [option] connected to wss://stream.bybit.com/v5/public/option
2026-06-11 22:44:18.498 | INFO     | bybit_edge.recorder.recording_engine | Subscribed to 2 topic(s): ['tickers.BTC', 'tickers.ETH']
2026-06-11 22:44:41.907 | INFO     | bybit_edge.recorder.recording_engine | Storage telemetry: {'cap_gb': 50.0, 'used_gb': 0.0027, 'used_pct': 0.01, 'total_bytes': 2906012, 'total_segments': 302, 'evictions': 0, 'bytes_evicted': 0, 'per_stream': {'premium_index_kline': {'bytes': 2906012, 'segments': 302}}}
2026-06-11 22:44:48.912 | WARNING  | bybit_edge.recorder.recording_engine | [option] connection lost (sent 1011 (internal error) keepalive ping timeout; no close frame received) — reconnecting in 1.0 s
2026-06-11 22:44:50.656 | INFO     | bybit_edge.recorder.recording_engine | [option] connected to wss://stream.bybit.com/v5/public/option
2026-06-11 22:44:50.657 | INFO     | bybit_edge.recorder.recording_engine | Subscribed to 2 topic(s): ['tickers.BTC', 'tickers.ETH']
2026-06-11 22:45:12.004 | INFO     | bybit_edge.recorder.recording_engine | Storage telemetry: {'cap_gb': 50.0, 'used_gb': 0.0027, 'used_pct': 0.01, 'total_bytes': 2915652, 'total_segments': 303, 'evictions': 0, 'bytes_evicted': 0, 'per_stream': {'premium_index_kline': {'bytes': 2915652, 'segments': 303}}}
2026-06-11 22:45:20.856 | WARNING  | bybit_edge.recorder.recording_engine | [option] connection lost (sent 1011 (internal error) keepalive ping timeout; no close frame received) — reconnecting in 1.0 s
2026-06-11 22:45:22.649 | INFO     | bybit_edge.recorder.recording_engine | [option] connected to wss://stream.bybit.com/v5/public/option
2026-06-11 22:45:22.650 | INFO     | bybit_edge.recorder.recording_engine | Subscribed to 2 topic(s): ['tickers.BTC', 'tickers.ETH']
2026-06-11 22:45:42.100 | INFO     | bybit_edge.recorder.recording_engine | Storage telemetry: {'cap_gb': 50.0, 'used_gb': 0.0027, 'used_pct': 0.01, 'total_bytes': 2915652, 'total_segments': 303, 'evictions': 0, 'bytes_evicted': 0, 'per_stream': {'premium_index_kline': {'bytes': 2915652, 'segments': 303}}}
2026-06-11 22:45:52.850 | WARNING  | bybit_edge.recorder.recording_engine | [option] connection lost (sent 1011 (internal error) keepalive ping timeout; no close frame received) — reconnecting in 1.0 s
2026-06-11 22:45:54.604 | INFO     | bybit_edge.recorder.recording_engine | [option] connected to wss://stream.bybit.com/v5/public/option
2026-06-11 22:45:54.604 | INFO     | bybit_edge.recorder.recording_engine | Subscribed to 2 topic(s): ['tickers.BTC', 'tickers.ETH']
2026-06-11 22:46:12.184 | INFO     | bybit_edge.recorder.recording_engine | Storage telemetry: {'cap_gb': 50.0, 'used_gb': 0.0027, 'used_pct': 0.01, 'total_bytes': 2925292, 'total_segments': 304, 'evictions': 0, 'bytes_evicted': 0, 'per_stream': {'premium_index_kline': {'bytes': 2925292, 'segments': 304}}}
2026-06-11 22:46:24.775 | WARNING  | bybit_edge.recorder.recording_engine | [option] connection lost (sent 1011 (internal error) keepalive ping timeout; no close frame received) — reconnecting in 1.0 s
2026-06-11 22:46:26.511 | INFO     | bybit_edge.recorder.recording_engine | [option] connected to wss://stream.bybit.com/v5/public/option
2026-06-11 22:46:26.512 | INFO     | bybit_edge.recorder.recording_engine | Subscribed to 2 topic(s): ['tickers.BTC', 'tickers.ETH']
2026-06-11 22:46:42.298 | INFO     | bybit_edge.recorder.recording_engine | Storage telemetry: {'cap_gb': 50.0, 'used_gb': 0.0027, 'used_pct': 0.01, 'total_bytes': 2925292, 'total_segments': 304, 'evictions': 0, 'bytes_evicted': 0, 'per_stream': {'premium_index_kline': {'bytes': 2925292, 'segments': 304}}}
2026-06-11 22:46:56.728 | WARNING  | bybit_edge.recorder.recording_engine | [option] connection lost (sent 1011 (internal error) keepalive ping timeout; no close frame received) — reconnecting in 1.0 s
2026-06-11 22:46:58.479 | INFO     | bybit_edge.recorder.recording_engine | [option] connected to wss://stream.bybit.com/v5/public/option
2026-06-11 22:46:58.480 | INFO     | bybit_edge.recorder.recording_engine | Subscribed to 2 topic(s): ['tickers.BTC', 'tickers.ETH']
2026-06-11 22:47:12.403 | INFO     | bybit_edge.recorder.recording_engine | Storage telemetry: {'cap_gb': 50.0, 'used_gb': 0.0027, 'used_pct': 0.01, 'total_bytes': 2934937, 'total_segments': 305, 'evictions': 0, 'bytes_evicted': 0, 'per_stream': {'premium_index_kline': {'bytes': 2934937, 'segments': 305}}}
2026-06-11 22:47:28.683 | WARNING  | bybit_edge.recorder.recording_engine | [option] connection lost (sent 1011 (internal error) keepalive ping timeout; no close frame received) — reconnecting in 1.0 s
2026-06-11 22:47:30.423 | INFO     | bybit_edge.recorder.recording_engine | [option] connected to wss://stream.bybit.com/v5/public/option
2026-06-11 22:47:30.424 | INFO     | bybit_edge.recorder.recording_engine | Subscribed to 2 topic(s): ['tickers.BTC', 'tickers.ETH']
2026-06-11 22:47:42.502 | INFO     | bybit_edge.recorder.recording_engine | Storage telemetry: {'cap_gb': 50.0, 'used_gb': 0.0027, 'used_pct': 0.01, 'total_bytes': 2934937, 'total_segments': 305, 'evictions': 0, 'bytes_evicted': 0, 'per_stream': {'premium_index_kline': {'bytes': 2934937, 'segments': 305}}}
2026-06-11 22:48:00.623 | WARNING  | bybit_edge.recorder.recording_engine | [option] connection lost (sent 1011 (internal error) keepalive ping timeout; no close frame received) — reconnecting in 1.0 s
2026-06-11 22:48:02.372 | INFO     | bybit_edge.recorder.recording_engine | [option] connected to wss://stream.bybit.com/v5/public/option
2026-06-11 22:48:02.373 | INFO     | bybit_edge.recorder.recording_engine | Subscribed to 2 topic(s): ['tickers.BTC', 'tickers.ETH']
2026-06-11 22:48:12.591 | INFO     | bybit_edge.recorder.recording_engine | Storage telemetry: {'cap_gb': 50.0, 'used_gb': 0.0027, 'used_pct': 0.01, 'total_bytes': 2944581, 'total_segments': 306, 'evictions': 0, 'bytes_evicted': 0, 'per_stream': {'premium_index_kline': {'bytes': 2944581, 'segments': 306}}}
2026-06-11 22:48:32.564 | WARNING  | bybit_edge.recorder.recording_engine | [option] connection lost (sent 1011 (internal error) keepalive ping timeout; no close frame received) — reconnecting in 1.0 s
2026-06-11 22:48:34.319 | INFO     | bybit_edge.recorder.recording_engine | [option] connected to wss://stream.bybit.com/v5/public/option
2026-06-11 22:48:34.319 | INFO     | bybit_edge.recorder.recording_engine | Subscribed to 2 topic(s): ['tickers.BTC', 'tickers.ETH']
2026-06-11 22:48:42.683 | INFO     | bybit_edge.recorder.recording_engine | Storage telemetry: {'cap_gb': 50.0, 'used_gb': 0.0027, 'used_pct': 0.01, 'total_bytes': 2944581, 'total_segments': 306, 'evictions': 0, 'bytes_evicted': 0, 'per_stream': {'premium_index_kline': {'bytes': 2944581, 'segments': 306}}}
2026-06-11 22:49:04.521 | WARNING  | bybit_edge.recorder.recording_engine | [option] connection lost (sent 1011 (internal error) keepalive ping timeout; no close frame received) — reconnecting in 1.0 s
2026-06-11 22:49:06.259 | INFO     | bybit_edge.recorder.recording_engine | [option] connected to wss://stream.bybit.com/v5/public/option
2026-06-11 22:49:06.260 | INFO     | bybit_edge.recorder.recording_engine | Subscribed to 2 topic(s): ['tickers.BTC', 'tickers.ETH']
2026-06-11 22:49:12.770 | INFO     | bybit_edge.recorder.recording_engine | Storage telemetry: {'cap_gb': 50.0, 'used_gb': 0.0028, 'used_pct': 0.01, 'total_bytes': 2954232, 'total_segments': 307, 'evictions': 0, 'bytes_evicted': 0, 'per_stream': {'premium_index_kline': {'bytes': 2954232, 'segments': 307}}}
2026-06-11 22:49:36.450 | WARNING  | bybit_edge.recorder.recording_engine | [option] connection lost (sent 1011 (internal error) keepalive ping timeout; no close frame received) — reconnecting in 1.0 s
2026-06-11 22:49:38.205 | INFO     | bybit_edge.recorder.recording_engine | [option] connected to wss://stream.bybit.com/v5/public/option
2026-06-11 22:49:38.206 | INFO     | bybit_edge.recorder.recording_engine | Subscribed to 2 topic(s): ['tickers.BTC', 'tickers.ETH']
2026-06-11 22:49:42.863 | INFO     | bybit_edge.recorder.recording_engine | Storage telemetry: {'cap_gb': 50.0, 'used_gb': 0.0028, 'used_pct': 0.01, 'total_bytes': 2954232, 'total_segments': 307, 'evictions': 0, 'bytes_evicted': 0, 'per_stream': {'premium_index_kline': {'bytes': 2954232, 'segments': 307}}}
2026-06-11 22:50:08.405 | WARNING  | bybit_edge.recorder.recording_engine | [option] connection lost (sent 1011 (internal error) keepalive ping timeout; no close frame received) — reconnecting in 1.0 s
2026-06-11 22:50:10.151 | INFO     | bybit_edge.recorder.recording_engine | [option] connected to wss://stream.bybit.com/v5/public/option
2026-06-11 22:50:10.151 | INFO     | bybit_edge.recorder.recording_engine | Subscribed to 2 topic(s): ['tickers.BTC', 'tickers.ETH']
2026-06-11 22:50:12.955 | INFO     | bybit_edge.recorder.recording_engine | Storage telemetry: {'cap_gb': 50.0, 'used_gb': 0.0028, 'used_pct': 0.01, 'total_bytes': 2963882, 'total_segments': 308, 'evictions': 0, 'bytes_evicted': 0, 'per_stream': {'premium_index_kline': {'bytes': 2963882, 'segments': 308}}}
2026-06-11 22:50:40.329 | WARNING  | bybit_edge.recorder.recording_engine | [option] connection lost (sent 1011 (internal error) keepalive ping timeout; no close frame received) — reconnecting in 1.0 s
2026-06-11 22:50:42.126 | INFO     | bybit_edge.recorder.recording_engine | [option] connected to wss://stream.bybit.com/v5/public/option
2026-06-11 22:50:42.126 | INFO     | bybit_edge.recorder.recording_engine | Subscribed to 2 topic(s): ['tickers.BTC', 'tickers.ETH']
2026-06-11 22:50:43.061 | INFO     | bybit_edge.recorder.recording_engine | Storage telemetry: {'cap_gb': 50.0, 'used_gb': 0.0028, 'used_pct': 0.01, 'total_bytes': 2963882, 'total_segments': 308, 'evictions': 0, 'bytes_evicted': 0, 'per_stream': {'premium_index_kline': {'bytes': 2963882, 'segments': 308}}}
2026-06-11 22:51:12.314 | WARNING  | bybit_edge.recorder.recording_engine | [option] connection lost (sent 1011 (internal error) keepalive ping timeout; no close frame received) — reconnecting in 1.0 s
2026-06-11 22:51:13.146 | INFO     | bybit_edge.recorder.recording_engine | Storage telemetry: {'cap_gb': 50.0, 'used_gb': 0.0028, 'used_pct': 0.01, 'total_bytes': 2973537, 'total_segments': 309, 'evictions': 0, 'bytes_evicted': 0, 'per_stream': {'premium_index_kline': {'bytes': 2973537, 'segments': 309}}}
2026-06-11 22:51:14.056 | INFO     | bybit_edge.recorder.recording_engine | [option] connected to wss://stream.bybit.com/v5/public/option
2026-06-11 22:51:14.056 | INFO     | bybit_edge.recorder.recording_engine | Subscribed to 2 topic(s): ['tickers.BTC', 'tickers.ETH']
2026-06-11 22:51:43.245 | INFO     | bybit_edge.recorder.recording_engine | Storage telemetry: {'cap_gb': 50.0, 'used_gb': 0.0028, 'used_pct': 0.01, 'total_bytes': 2973537, 'total_segments': 309, 'evictions': 0, 'bytes_evicted': 0, 'per_stream': {'premium_index_kline': {'bytes': 2973537, 'segments': 309}}}
2026-06-11 22:51:44.257 | WARNING  | bybit_edge.recorder.recording_engine | [option] connection lost (sent 1011 (internal error) keepalive ping timeout; no close frame received) — reconnecting in 1.0 s
2026-06-11 22:51:46.007 | INFO     | bybit_edge.recorder.recording_engine | [option] connected to wss://stream.bybit.com/v5/public/option
2026-06-11 22:51:46.007 | INFO     | bybit_edge.recorder.recording_engine | Subscribed to 2 topic(s): ['tickers.BTC', 'tickers.ETH']
2026-06-11 22:52:13.324 | INFO     | bybit_edge.recorder.recording_engine | Storage telemetry: {'cap_gb': 50.0, 'used_gb': 0.0028, 'used_pct': 0.01, 'total_bytes': 2983196, 'total_segments': 310, 'evictions': 0, 'bytes_evicted': 0, 'per_stream': {'premium_index_kline': {'bytes': 2983196, 'segments': 310}}}
2026-06-11 22:52:16.178 | WARNING  | bybit_edge.recorder.recording_engine | [option] connection lost (sent 1011 (internal error) keepalive ping timeout; no close frame received) — reconnecting in 1.0 s
2026-06-11 22:52:17.914 | INFO     | bybit_edge.recorder.recording_engine | [option] connected to wss://stream.bybit.com/v5/public/option
2026-06-11 22:52:17.915 | INFO     | bybit_edge.recorder.recording_engine | Subscribed to 2 topic(s): ['tickers.BTC', 'tickers.ETH']
2026-06-11 22:52:43.424 | INFO     | bybit_edge.recorder.recording_engine | Storage telemetry: {'cap_gb': 50.0, 'used_gb': 0.0028, 'used_pct': 0.01, 'total_bytes': 2983196, 'total_segments': 310, 'evictions': 0, 'bytes_evicted': 0, 'per_stream': {'premium_index_kline': {'bytes': 2983196, 'segments': 310}}}
2026-06-11 22:52:48.096 | WARNING  | bybit_edge.recorder.recording_engine | [option] connection lost (sent 1011 (internal error) keepalive ping timeout; no close frame received) — reconnecting in 1.0 s
2026-06-11 22:52:49.676 | INFO     | bybit_edge.recorder.recording_engine | [option] connected to wss://stream.bybit.com/v5/public/option
2026-06-11 22:52:49.677 | INFO     | bybit_edge.recorder.recording_engine | Subscribed to 2 topic(s): ['tickers.BTC', 'tickers.ETH']
2026-06-11 22:53:13.507 | INFO     | bybit_edge.recorder.recording_engine | Storage telemetry: {'cap_gb': 50.0, 'used_gb': 0.0028, 'used_pct': 0.01, 'total_bytes': 2992846, 'total_segments': 311, 'evictions': 0, 'bytes_evicted': 0, 'per_stream': {'premium_index_kline': {'bytes': 2992846, 'segments': 311}}}
2026-06-11 22:53:19.865 | WARNING  | bybit_edge.recorder.recording_engine | [option] connection lost (sent 1011 (internal error) keepalive ping timeout; no close frame received) — reconnecting in 1.0 s
2026-06-11 22:53:21.435 | INFO     | bybit_edge.recorder.recording_engine | [option] connected to wss://stream.bybit.com/v5/public/option
2026-06-11 22:53:21.435 | INFO     | bybit_edge.recorder.recording_engine | Subscribed to 2 topic(s): ['tickers.BTC', 'tickers.ETH']
2026-06-11 22:53:43.586 | INFO     | bybit_edge.recorder.recording_engine | Storage telemetry: {'cap_gb': 50.0, 'used_gb': 0.0028, 'used_pct': 0.01, 'total_bytes': 2992846, 'total_segments': 311, 'evictions': 0, 'bytes_evicted': 0, 'per_stream': {'premium_index_kline': {'bytes': 2992846, 'segments': 311}}}
2026-06-11 22:53:51.634 | WARNING  | bybit_edge.recorder.recording_engine | [option] connection lost (sent 1011 (internal error) keepalive ping timeout; no close frame received) — reconnecting in 1.0 s
2026-06-11 22:53:53.377 | INFO     | bybit_edge.recorder.recording_engine | [option] connected to wss://stream.bybit.com/v5/public/option
2026-06-11 22:53:53.379 | INFO     | bybit_edge.recorder.recording_engine | Subscribed to 2 topic(s): ['tickers.BTC', 'tickers.ETH']
2026-06-11 22:54:13.653 | INFO     | bybit_edge.recorder.recording_engine | Storage telemetry: {'cap_gb': 50.0, 'used_gb': 0.0028, 'used_pct': 0.01, 'total_bytes': 3002503, 'total_segments': 312, 'evictions': 0, 'bytes_evicted': 0, 'per_stream': {'premium_index_kline': {'bytes': 3002503, 'segments': 312}}}
2026-06-11 22:54:23.573 | WARNING  | bybit_edge.recorder.recording_engine | [option] connection lost (sent 1011 (internal error) keepalive ping timeout; no close frame received) — reconnecting in 1.0 s
2026-06-11 22:54:25.321 | INFO     | bybit_edge.recorder.recording_engine | [option] connected to wss://stream.bybit.com/v5/public/option
2026-06-11 22:54:25.321 | INFO     | bybit_edge.recorder.recording_engine | Subscribed to 2 topic(s): ['tickers.BTC', 'tickers.ETH']
2026-06-11 22:54:43.762 | INFO     | bybit_edge.recorder.recording_engine | Storage telemetry: {'cap_gb': 50.0, 'used_gb': 0.0028, 'used_pct': 0.01, 'total_bytes': 3002503, 'total_segments': 312, 'evictions': 0, 'bytes_evicted': 0, 'per_stream': {'premium_index_kline': {'bytes': 3002503, 'segments': 312}}}
2026-06-11 22:54:55.517 | WARNING  | bybit_edge.recorder.recording_engine | [option] connection lost (sent 1011 (internal error) keepalive ping timeout; no close frame received) — reconnecting in 1.0 s
2026-06-11 22:54:57.256 | INFO     | bybit_edge.recorder.recording_engine | [option] connected to wss://stream.bybit.com/v5/public/option
2026-06-11 22:54:57.257 | INFO     | bybit_edge.recorder.recording_engine | Subscribed to 2 topic(s): ['tickers.BTC', 'tickers.ETH']
2026-06-11 22:55:13.857 | INFO     | bybit_edge.recorder.recording_engine | Storage telemetry: {'cap_gb': 50.0, 'used_gb': 0.0028, 'used_pct': 0.01, 'total_bytes': 3012151, 'total_segments': 313, 'evictions': 0, 'bytes_evicted': 0, 'per_stream': {'premium_index_kline': {'bytes': 3012151, 'segments': 313}}}
2026-06-11 22:55:27.434 | WARNING  | bybit_edge.recorder.recording_engine | [option] connection lost (sent 1011 (internal error) keepalive ping timeout; no close frame received) — reconnecting in 1.0 s
2026-06-11 22:55:29.037 | INFO     | bybit_edge.recorder.recording_engine | [option] connected to wss://stream.bybit.com/v5/public/option
2026-06-11 22:55:29.038 | INFO     | bybit_edge.recorder.recording_engine | Subscribed to 2 topic(s): ['tickers.BTC', 'tickers.ETH']
2026-06-11 22:55:43.950 | INFO     | bybit_edge.recorder.recording_engine | Storage telemetry: {'cap_gb': 50.0, 'used_gb': 0.0028, 'used_pct': 0.01, 'total_bytes': 3012151, 'total_segments': 313, 'evictions': 0, 'bytes_evicted': 0, 'per_stream': {'premium_index_kline': {'bytes': 3012151, 'segments': 313}}}
2026-06-11 22:55:59.225 | WARNING  | bybit_edge.recorder.recording_engine | [option] connection lost (sent 1011 (internal error) keepalive ping timeout; no close frame received) — reconnecting in 1.0 s
2026-06-11 22:56:00.997 | INFO     | bybit_edge.recorder.recording_engine | [option] connected to wss://stream.bybit.com/v5/public/option
2026-06-11 22:56:00.997 | INFO     | bybit_edge.recorder.recording_engine | Subscribed to 2 topic(s): ['tickers.BTC', 'tickers.ETH']
2026-06-11 22:56:14.054 | INFO     | bybit_edge.recorder.recording_engine | Storage telemetry: {'cap_gb': 50.0, 'used_gb': 0.0028, 'used_pct': 0.01, 'total_bytes': 3021800, 'total_segments': 314, 'evictions': 0, 'bytes_evicted': 0, 'per_stream': {'premium_index_kline': {'bytes': 3021800, 'segments': 314}}}
2026-06-11 22:56:31.182 | WARNING  | bybit_edge.recorder.recording_engine | [option] connection lost (sent 1011 (internal error) keepalive ping timeout; no close frame received) — reconnecting in 1.0 s
2026-06-11 22:56:32.950 | INFO     | bybit_edge.recorder.recording_engine | [option] connected to wss://stream.bybit.com/v5/public/option
2026-06-11 22:56:32.950 | INFO     | bybit_edge.recorder.recording_engine | Subscribed to 2 topic(s): ['tickers.BTC', 'tickers.ETH']
2026-06-11 22:56:44.152 | INFO     | bybit_edge.recorder.recording_engine | Storage telemetry: {'cap_gb': 50.0, 'used_gb': 0.0028, 'used_pct': 0.01, 'total_bytes': 3021800, 'total_segments': 314, 'evictions': 0, 'bytes_evicted': 0, 'per_stream': {'premium_index_kline': {'bytes': 3021800, 'segments': 314}}}
2026-06-11 22:57:03.167 | WARNING  | bybit_edge.recorder.recording_engine | [option] connection lost (sent 1011 (internal error) keepalive ping timeout; no close frame received) — reconnecting in 1.0 s
2026-06-11 22:57:04.923 | INFO     | bybit_edge.recorder.recording_engine | [option] connected to wss://stream.bybit.com/v5/public/option
2026-06-11 22:57:04.924 | INFO     | bybit_edge.recorder.recording_engine | Subscribed to 2 topic(s): ['tickers.BTC', 'tickers.ETH']
2026-06-11 22:57:14.235 | INFO     | bybit_edge.recorder.recording_engine | Storage telemetry: {'cap_gb': 50.0, 'used_gb': 0.0028, 'used_pct': 0.01, 'total_bytes': 3031450, 'total_segments': 315, 'evictions': 0, 'bytes_evicted': 0, 'per_stream': {'premium_index_kline': {'bytes': 3031450, 'segments': 315}}}
2026-06-11 22:57:35.121 | WARNING  | bybit_edge.recorder.recording_engine | [option] connection lost (sent 1011 (internal error) keepalive ping timeout; no close frame received) — reconnecting in 1.0 s
2026-06-11 22:57:36.881 | INFO     | bybit_edge.recorder.recording_engine | [option] connected to wss://stream.bybit.com/v5/public/option
2026-06-11 22:57:36.881 | INFO     | bybit_edge.recorder.recording_engine | Subscribed to 2 topic(s): ['tickers.BTC', 'tickers.ETH']
2026-06-11 22:57:44.331 | INFO     | bybit_edge.recorder.recording_engine | Storage telemetry: {'cap_gb': 50.0, 'used_gb': 0.0028, 'used_pct': 0.01, 'total_bytes': 3031450, 'total_segments': 315, 'evictions': 0, 'bytes_evicted': 0, 'per_stream': {'premium_index_kline': {'bytes': 3031450, 'segments': 315}}}
2026-06-11 22:58:07.086 | WARNING  | bybit_edge.recorder.recording_engine | [option] connection lost (sent 1011 (internal error) keepalive ping timeout; no close frame received) — reconnecting in 1.0 s
2026-06-11 22:58:08.827 | INFO     | bybit_edge.recorder.recording_engine | [option] connected to wss://stream.bybit.com/v5/public/option
2026-06-11 22:58:08.828 | INFO     | bybit_edge.recorder.recording_engine | Subscribed to 2 topic(s): ['tickers.BTC', 'tickers.ETH']
2026-06-11 22:58:14.415 | INFO     | bybit_edge.recorder.recording_engine | Storage telemetry: {'cap_gb': 50.0, 'used_gb': 0.0028, 'used_pct': 0.01, 'total_bytes': 3041101, 'total_segments': 316, 'evictions': 0, 'bytes_evicted': 0, 'per_stream': {'premium_index_kline': {'bytes': 3041101, 'segments': 316}}}
2026-06-11 22:58:39.036 | WARNING  | bybit_edge.recorder.recording_engine | [option] connection lost (sent 1011 (internal error) keepalive ping timeout; no close frame received) — reconnecting in 1.0 s
2026-06-11 22:58:40.804 | INFO     | bybit_edge.recorder.recording_engine | [option] connected to wss://stream.bybit.com/v5/public/option
2026-06-11 22:58:40.804 | INFO     | bybit_edge.recorder.recording_engine | Subscribed to 2 topic(s): ['tickers.BTC', 'tickers.ETH']
2026-06-11 22:58:44.490 | INFO     | bybit_edge.recorder.recording_engine | Storage telemetry: {'cap_gb': 50.0, 'used_gb': 0.0028, 'used_pct': 0.01, 'total_bytes': 3041101, 'total_segments': 316, 'evictions': 0, 'bytes_evicted': 0, 'per_stream': {'premium_index_kline': {'bytes': 3041101, 'segments': 316}}}
2026-06-11 22:59:10.992 | WARNING  | bybit_edge.recorder.recording_engine | [option] connection lost (sent 1011 (internal error) keepalive ping timeout; no close frame received) — reconnecting in 1.0 s
2026-06-11 22:59:12.781 | INFO     | bybit_edge.recorder.recording_engine | [option] connected to wss://stream.bybit.com/v5/public/option
2026-06-11 22:59:12.781 | INFO     | bybit_edge.recorder.recording_engine | Subscribed to 2 topic(s): ['tickers.BTC', 'tickers.ETH']
2026-06-11 22:59:14.579 | INFO     | bybit_edge.recorder.recording_engine | Storage telemetry: {'cap_gb': 50.0, 'used_gb': 0.0028, 'used_pct': 0.01, 'total_bytes': 3050746, 'total_segments': 317, 'evictions': 0, 'bytes_evicted': 0, 'per_stream': {'premium_index_kline': {'bytes': 3050746, 'segments': 317}}}
2026-06-11 22:59:42.979 | WARNING  | bybit_edge.recorder.recording_engine | [option] connection lost (sent 1011 (internal error) keepalive ping timeout; no close frame received) — reconnecting in 1.0 s
2026-06-11 22:59:44.671 | INFO     | bybit_edge.recorder.recording_engine | Storage telemetry: {'cap_gb': 50.0, 'used_gb': 0.0028, 'used_pct': 0.01, 'total_bytes': 3050746, 'total_segments': 317, 'evictions': 0, 'bytes_evicted': 0, 'per_stream': {'premium_index_kline': {'bytes': 3050746, 'segments': 317}}}
2026-06-11 22:59:44.717 | INFO     | bybit_edge.recorder.recording_engine | [option] connected to wss://stream.bybit.com/v5/public/option
2026-06-11 22:59:44.718 | INFO     | bybit_edge.recorder.recording_engine | Subscribed to 2 topic(s): ['tickers.BTC', 'tickers.ETH']
2026-06-11 23:00:14.784 | INFO     | bybit_edge.recorder.recording_engine | Storage telemetry: {'cap_gb': 50.0, 'used_gb': 0.0029, 'used_pct': 0.01, 'total_bytes': 3060384, 'total_segments': 318, 'evictions': 0, 'bytes_evicted': 0, 'per_stream': {'premium_index_kline': {'bytes': 3060384, 'segments': 318}}}
2026-06-11 23:00:14.963 | WARNING  | bybit_edge.recorder.recording_engine | [option] connection lost (sent 1011 (internal error) keepalive ping timeout; no close frame received) — reconnecting in 1.0 s
2026-06-11 23:00:16.717 | INFO     | bybit_edge.recorder.recording_engine | [option] connected to wss://stream.bybit.com/v5/public/option
2026-06-11 23:00:16.718 | INFO     | bybit_edge.recorder.recording_engine | Subscribed to 2 topic(s): ['tickers.BTC', 'tickers.ETH']
2026-06-11 23:00:44.877 | INFO     | bybit_edge.recorder.recording_engine | Storage telemetry: {'cap_gb': 50.0, 'used_gb': 0.0029, 'used_pct': 0.01, 'total_bytes': 3060384, 'total_segments': 318, 'evictions': 0, 'bytes_evicted': 0, 'per_stream': {'premium_index_kline': {'bytes': 3060384, 'segments': 318}}}
2026-06-11 23:00:46.913 | WARNING  | bybit_edge.recorder.recording_engine | [option] connection lost (sent 1011 (internal error) keepalive ping timeout; no close frame received) — reconnecting in 1.0 s
2026-06-11 23:00:48.490 | INFO     | bybit_edge.recorder.recording_engine | [option] connected to wss://stream.bybit.com/v5/public/option
2026-06-11 23:00:48.490 | INFO     | bybit_edge.recorder.recording_engine | Subscribed to 2 topic(s): ['tickers.BTC', 'tickers.ETH']
2026-06-11 23:01:14.967 | INFO     | bybit_edge.recorder.recording_engine | Storage telemetry: {'cap_gb': 50.0, 'used_gb': 0.0029, 'used_pct': 0.01, 'total_bytes': 3070022, 'total_segments': 319, 'evictions': 0, 'bytes_evicted': 0, 'per_stream': {'premium_index_kline': {'bytes': 3070022, 'segments': 319}}}
2026-06-11 23:01:18.684 | WARNING  | bybit_edge.recorder.recording_engine | [option] connection lost (sent 1011 (internal error) keepalive ping timeout; no close frame received) — reconnecting in 1.0 s
2026-06-11 23:01:20.293 | INFO     | bybit_edge.recorder.recording_engine | [option] connected to wss://stream.bybit.com/v5/public/option
2026-06-11 23:01:20.294 | INFO     | bybit_edge.recorder.recording_engine | Subscribed to 2 topic(s): ['tickers.BTC', 'tickers.ETH']
2026-06-11 23:01:45.072 | INFO     | bybit_edge.recorder.recording_engine | Storage telemetry: {'cap_gb': 50.0, 'used_gb': 0.0029, 'used_pct': 0.01, 'total_bytes': 3070022, 'total_segments': 319, 'evictions': 0, 'bytes_evicted': 0, 'per_stream': {'premium_index_kline': {'bytes': 3070022, 'segments': 319}}}
2026-06-11 23:01:50.467 | WARNING  | bybit_edge.recorder.recording_engine | [option] connection lost (sent 1011 (internal error) keepalive ping timeout; no close frame received) — reconnecting in 1.0 s
2026-06-11 23:01:52.209 | INFO     | bybit_edge.recorder.recording_engine | [option] connected to wss://stream.bybit.com/v5/public/option
2026-06-11 23:01:52.210 | INFO     | bybit_edge.recorder.recording_engine | Subscribed to 2 topic(s): ['tickers.BTC', 'tickers.ETH']
2026-06-11 23:02:15.153 | INFO     | bybit_edge.recorder.recording_engine | Storage telemetry: {'cap_gb': 50.0, 'used_gb': 0.0029, 'used_pct': 0.01, 'total_bytes': 3079652, 'total_segments': 320, 'evictions': 0, 'bytes_evicted': 0, 'per_stream': {'premium_index_kline': {'bytes': 3079652, 'segments': 320}}}
2026-06-11 23:02:22.410 | WARNING  | bybit_edge.recorder.recording_engine | [option] connection lost (sent 1011 (internal error) keepalive ping timeout; no close frame received) — reconnecting in 1.0 s
2026-06-11 23:02:24.162 | INFO     | bybit_edge.recorder.recording_engine | [option] connected to wss://stream.bybit.com/v5/public/option
2026-06-11 23:02:24.162 | INFO     | bybit_edge.recorder.recording_engine | Subscribed to 2 topic(s): ['tickers.BTC', 'tickers.ETH']
2026-06-11 23:02:45.250 | INFO     | bybit_edge.recorder.recording_engine | Storage telemetry: {'cap_gb': 50.0, 'used_gb': 0.0029, 'used_pct': 0.01, 'total_bytes': 3079652, 'total_segments': 320, 'evictions': 0, 'bytes_evicted': 0, 'per_stream': {'premium_index_kline': {'bytes': 3079652, 'segments': 320}}}
2026-06-11 23:02:54.361 | WARNING  | bybit_edge.recorder.recording_engine | [option] connection lost (sent 1011 (internal error) keepalive ping timeout; no close frame received) — reconnecting in 1.0 s
2026-06-11 23:02:56.113 | INFO     | bybit_edge.recorder.recording_engine | [option] connected to wss://stream.bybit.com/v5/public/option
2026-06-11 23:02:56.113 | INFO     | bybit_edge.recorder.recording_engine | Subscribed to 2 topic(s): ['tickers.BTC', 'tickers.ETH']
2026-06-11 23:03:15.350 | INFO     | bybit_edge.recorder.recording_engine | Storage telemetry: {'cap_gb': 50.0, 'used_gb': 0.0029, 'used_pct': 0.01, 'total_bytes': 3089281, 'total_segments': 321, 'evictions': 0, 'bytes_evicted': 0, 'per_stream': {'premium_index_kline': {'bytes': 3089281, 'segments': 321}}}
2026-06-11 23:03:26.316 | WARNING  | bybit_edge.recorder.recording_engine | [option] connection lost (sent 1011 (internal error) keepalive ping timeout; no close frame received) — reconnecting in 1.0 s
2026-06-11 23:03:28.061 | INFO     | bybit_edge.recorder.recording_engine | [option] connected to wss://stream.bybit.com/v5/public/option
2026-06-11 23:03:28.062 | INFO     | bybit_edge.recorder.recording_engine | Subscribed to 2 topic(s): ['tickers.BTC', 'tickers.ETH']
2026-06-11 23:03:45.442 | INFO     | bybit_edge.recorder.recording_engine | Storage telemetry: {'cap_gb': 50.0, 'used_gb': 0.0029, 'used_pct': 0.01, 'total_bytes': 3089281, 'total_segments': 321, 'evictions': 0, 'bytes_evicted': 0, 'per_stream': {'premium_index_kline': {'bytes': 3089281, 'segments': 321}}}
2026-06-11 23:03:58.271 | WARNING  | bybit_edge.recorder.recording_engine | [option] connection lost (sent 1011 (internal error) keepalive ping timeout; no close frame received) — reconnecting in 1.0 s
2026-06-11 23:04:00.024 | INFO     | bybit_edge.recorder.recording_engine | [option] connected to wss://stream.bybit.com/v5/public/option
2026-06-11 23:04:00.025 | INFO     | bybit_edge.recorder.recording_engine | Subscribed to 2 topic(s): ['tickers.BTC', 'tickers.ETH']
2026-06-11 23:04:15.541 | INFO     | bybit_edge.recorder.recording_engine | Storage telemetry: {'cap_gb': 50.0, 'used_gb': 0.0029, 'used_pct': 0.01, 'total_bytes': 3098920, 'total_segments': 322, 'evictions': 0, 'bytes_evicted': 0, 'per_stream': {'premium_index_kline': {'bytes': 3098920, 'segments': 322}}}
2026-06-11 23:04:30.215 | WARNING  | bybit_edge.recorder.recording_engine | [option] connection lost (sent 1011 (internal error) keepalive ping timeout; no close frame received) — reconnecting in 1.0 s
2026-06-11 23:04:31.888 | INFO     | bybit_edge.recorder.recording_engine | [option] connected to wss://stream.bybit.com/v5/public/option
2026-06-11 23:04:31.889 | INFO     | bybit_edge.recorder.recording_engine | Subscribed to 2 topic(s): ['tickers.BTC', 'tickers.ETH']
2026-06-11 23:04:45.633 | INFO     | bybit_edge.recorder.recording_engine | Storage telemetry: {'cap_gb': 50.0, 'used_gb': 0.0029, 'used_pct': 0.01, 'total_bytes': 3098920, 'total_segments': 322, 'evictions': 0, 'bytes_evicted': 0, 'per_stream': {'premium_index_kline': {'bytes': 3098920, 'segments': 322}}}
2026-06-11 23:05:02.074 | WARNING  | bybit_edge.recorder.recording_engine | [option] connection lost (sent 1011 (internal error) keepalive ping timeout; no close frame received) — reconnecting in 1.0 s
2026-06-11 23:05:03.647 | INFO     | bybit_edge.recorder.recording_engine | [option] connected to wss://stream.bybit.com/v5/public/option
2026-06-11 23:05:03.647 | INFO     | bybit_edge.recorder.recording_engine | Subscribed to 2 topic(s): ['tickers.BTC', 'tickers.ETH']
2026-06-11 23:05:15.733 | INFO     | bybit_edge.recorder.recording_engine | Storage telemetry: {'cap_gb': 50.0, 'used_gb': 0.0029, 'used_pct': 0.01, 'total_bytes': 3108561, 'total_segments': 323, 'evictions': 0, 'bytes_evicted': 0, 'per_stream': {'premium_index_kline': {'bytes': 3108561, 'segments': 323}}}
2026-06-11 23:05:33.840 | WARNING  | bybit_edge.recorder.recording_engine | [option] connection lost (sent 1011 (internal error) keepalive ping timeout; no close frame received) — reconnecting in 1.0 s
2026-06-11 23:05:35.631 | INFO     | bybit_edge.recorder.recording_engine | [option] connected to wss://stream.bybit.com/v5/public/option
2026-06-11 23:05:35.632 | INFO     | bybit_edge.recorder.recording_engine | Subscribed to 2 topic(s): ['tickers.BTC', 'tickers.ETH']
2026-06-11 23:05:45.836 | INFO     | bybit_edge.recorder.recording_engine | Storage telemetry: {'cap_gb': 50.0, 'used_gb': 0.0029, 'used_pct': 0.01, 'total_bytes': 3108561, 'total_segments': 323, 'evictions': 0, 'bytes_evicted': 0, 'per_stream': {'premium_index_kline': {'bytes': 3108561, 'segments': 323}}}
2026-06-11 23:06:05.825 | WARNING  | bybit_edge.recorder.recording_engine | [option] connection lost (sent 1011 (internal error) keepalive ping timeout; no close frame received) — reconnecting in 1.0 s
2026-06-11 23:06:07.396 | INFO     | bybit_edge.recorder.recording_engine | [option] connected to wss://stream.bybit.com/v5/public/option
2026-06-11 23:06:07.396 | INFO     | bybit_edge.recorder.recording_engine | Subscribed to 2 topic(s): ['tickers.BTC', 'tickers.ETH']
2026-06-11 23:06:15.930 | INFO     | bybit_edge.recorder.recording_engine | Storage telemetry: {'cap_gb': 50.0, 'used_gb': 0.0029, 'used_pct': 0.01, 'total_bytes': 3118211, 'total_segments': 324, 'evictions': 0, 'bytes_evicted': 0, 'per_stream': {'premium_index_kline': {'bytes': 3118211, 'segments': 324}}}
2026-06-11 23:06:37.595 | WARNING  | bybit_edge.recorder.recording_engine | [option] connection lost (sent 1011 (internal error) keepalive ping timeout; no close frame received) — reconnecting in 1.0 s
2026-06-11 23:06:39.335 | INFO     | bybit_edge.recorder.recording_engine | [option] connected to wss://stream.bybit.com/v5/public/option
2026-06-11 23:06:39.335 | INFO     | bybit_edge.recorder.recording_engine | Subscribed to 2 topic(s): ['tickers.BTC', 'tickers.ETH']
2026-06-11 23:06:46.023 | INFO     | bybit_edge.recorder.recording_engine | Storage telemetry: {'cap_gb': 50.0, 'used_gb': 0.0029, 'used_pct': 0.01, 'total_bytes': 3118211, 'total_segments': 324, 'evictions': 0, 'bytes_evicted': 0, 'per_stream': {'premium_index_kline': {'bytes': 3118211, 'segments': 324}}}
2026-06-11 23:07:09.526 | WARNING  | bybit_edge.recorder.recording_engine | [option] connection lost (sent 1011 (internal error) keepalive ping timeout; no close frame received) — reconnecting in 1.0 s
2026-06-11 23:07:11.267 | INFO     | bybit_edge.recorder.recording_engine | [option] connected to wss://stream.bybit.com/v5/public/option
2026-06-11 23:07:11.267 | INFO     | bybit_edge.recorder.recording_engine | Subscribed to 2 topic(s): ['tickers.BTC', 'tickers.ETH']
2026-06-11 23:07:16.110 | INFO     | bybit_edge.recorder.recording_engine | Storage telemetry: {'cap_gb': 50.0, 'used_gb': 0.0029, 'used_pct': 0.01, 'total_bytes': 3127856, 'total_segments': 325, 'evictions': 0, 'bytes_evicted': 0, 'per_stream': {'premium_index_kline': {'bytes': 3127856, 'segments': 325}}}
2026-06-11 23:07:41.455 | WARNING  | bybit_edge.recorder.recording_engine | [option] connection lost (sent 1011 (internal error) keepalive ping timeout; no close frame received) — reconnecting in 1.0 s
2026-06-11 23:07:43.208 | INFO     | bybit_edge.recorder.recording_engine | [option] connected to wss://stream.bybit.com/v5/public/option
2026-06-11 23:07:43.209 | INFO     | bybit_edge.recorder.recording_engine | Subscribed to 2 topic(s): ['tickers.BTC', 'tickers.ETH']
2026-06-11 23:07:46.214 | INFO     | bybit_edge.recorder.recording_engine | Storage telemetry: {'cap_gb': 50.0, 'used_gb': 0.0029, 'used_pct': 0.01, 'total_bytes': 3127856, 'total_segments': 325, 'evictions': 0, 'bytes_evicted': 0, 'per_stream': {'premium_index_kline': {'bytes': 3127856, 'segments': 325}}}
2026-06-11 23:08:13.423 | WARNING  | bybit_edge.recorder.recording_engine | [option] connection lost (sent 1011 (internal error) keepalive ping timeout; no close frame received) — reconnecting in 1.0 s
2026-06-11 23:08:15.175 | INFO     | bybit_edge.recorder.recording_engine | [option] connected to wss://stream.bybit.com/v5/public/option
2026-06-11 23:08:15.175 | INFO     | bybit_edge.recorder.recording_engine | Subscribed to 2 topic(s): ['tickers.BTC', 'tickers.ETH']
2026-06-11 23:08:16.302 | INFO     | bybit_edge.recorder.recording_engine | Storage telemetry: {'cap_gb': 50.0, 'used_gb': 0.0029, 'used_pct': 0.01, 'total_bytes': 3137504, 'total_segments': 326, 'evictions': 0, 'bytes_evicted': 0, 'per_stream': {'premium_index_kline': {'bytes': 3137504, 'segments': 326}}}
2026-06-11 23:08:45.369 | WARNING  | bybit_edge.recorder.recording_engine | [option] connection lost (sent 1011 (internal error) keepalive ping timeout; no close frame received) — reconnecting in 1.0 s
2026-06-11 23:08:46.401 | INFO     | bybit_edge.recorder.recording_engine | Storage telemetry: {'cap_gb': 50.0, 'used_gb': 0.0029, 'used_pct': 0.01, 'total_bytes': 3137504, 'total_segments': 326, 'evictions': 0, 'bytes_evicted': 0, 'per_stream': {'premium_index_kline': {'bytes': 3137504, 'segments': 326}}}
2026-06-11 23:08:47.135 | INFO     | bybit_edge.recorder.recording_engine | [option] connected to wss://stream.bybit.com/v5/public/option
2026-06-11 23:08:47.135 | INFO     | bybit_edge.recorder.recording_engine | Subscribed to 2 topic(s): ['tickers.BTC', 'tickers.ETH']
2026-06-11 23:09:16.485 | INFO     | bybit_edge.recorder.recording_engine | Storage telemetry: {'cap_gb': 50.0, 'used_gb': 0.0029, 'used_pct': 0.01, 'total_bytes': 3147152, 'total_segments': 327, 'evictions': 0, 'bytes_evicted': 0, 'per_stream': {'premium_index_kline': {'bytes': 3147152, 'segments': 327}}}
2026-06-11 23:09:17.309 | WARNING  | bybit_edge.recorder.recording_engine | [option] connection lost (sent 1011 (internal error) keepalive ping timeout; no close frame received) — reconnecting in 1.0 s
2026-06-11 23:09:19.062 | INFO     | bybit_edge.recorder.recording_engine | [option] connected to wss://stream.bybit.com/v5/public/option
2026-06-11 23:09:19.063 | INFO     | bybit_edge.recorder.recording_engine | Subscribed to 2 topic(s): ['tickers.BTC', 'tickers.ETH']
2026-06-11 23:09:46.569 | INFO     | bybit_edge.recorder.recording_engine | Storage telemetry: {'cap_gb': 50.0, 'used_gb': 0.0029, 'used_pct': 0.01, 'total_bytes': 3147152, 'total_segments': 327, 'evictions': 0, 'bytes_evicted': 0, 'per_stream': {'premium_index_kline': {'bytes': 3147152, 'segments': 327}}}
2026-06-11 23:09:49.256 | WARNING  | bybit_edge.recorder.recording_engine | [option] connection lost (sent 1011 (internal error) keepalive ping timeout; no close frame received) — reconnecting in 1.0 s
2026-06-11 23:09:51.049 | INFO     | bybit_edge.recorder.recording_engine | [option] connected to wss://stream.bybit.com/v5/public/option
2026-06-11 23:09:51.049 | INFO     | bybit_edge.recorder.recording_engine | Subscribed to 2 topic(s): ['tickers.BTC', 'tickers.ETH']
2026-06-11 23:10:16.653 | INFO     | bybit_edge.recorder.recording_engine | Storage telemetry: {'cap_gb': 50.0, 'used_gb': 0.0029, 'used_pct': 0.01, 'total_bytes': 3156801, 'total_segments': 328, 'evictions': 0, 'bytes_evicted': 0, 'per_stream': {'premium_index_kline': {'bytes': 3156801, 'segments': 328}}}
2026-06-11 23:10:21.233 | WARNING  | bybit_edge.recorder.recording_engine | [option] connection lost (sent 1011 (internal error) keepalive ping timeout; no close frame received) — reconnecting in 1.0 s
2026-06-11 23:10:23.007 | INFO     | bybit_edge.recorder.recording_engine | [option] connected to wss://stream.bybit.com/v5/public/option
2026-06-11 23:10:23.008 | INFO     | bybit_edge.recorder.recording_engine | Subscribed to 2 topic(s): ['tickers.BTC', 'tickers.ETH']
2026-06-11 23:10:46.759 | INFO     | bybit_edge.recorder.recording_engine | Storage telemetry: {'cap_gb': 50.0, 'used_gb': 0.0029, 'used_pct': 0.01, 'total_bytes': 3156801, 'total_segments': 328, 'evictions': 0, 'bytes_evicted': 0, 'per_stream': {'premium_index_kline': {'bytes': 3156801, 'segments': 328}}}
2026-06-11 23:10:53.206 | WARNING  | bybit_edge.recorder.recording_engine | [option] connection lost (sent 1011 (internal error) keepalive ping timeout; no close frame received) — reconnecting in 1.0 s
2026-06-11 23:10:54.796 | INFO     | bybit_edge.recorder.recording_engine | [option] connected to wss://stream.bybit.com/v5/public/option
2026-06-11 23:10:54.797 | INFO     | bybit_edge.recorder.recording_engine | Subscribed to 2 topic(s): ['tickers.BTC', 'tickers.ETH']
2026-06-11 23:11:16.841 | INFO     | bybit_edge.recorder.recording_engine | Storage telemetry: {'cap_gb': 50.0, 'used_gb': 0.0029, 'used_pct': 0.01, 'total_bytes': 3166452, 'total_segments': 329, 'evictions': 0, 'bytes_evicted': 0, 'per_stream': {'premium_index_kline': {'bytes': 3166452, 'segments': 329}}}
2026-06-11 23:11:24.984 | WARNING  | bybit_edge.recorder.recording_engine | [option] connection lost (sent 1011 (internal error) keepalive ping timeout; no close frame received) — reconnecting in 1.0 s
2026-06-11 23:11:26.748 | INFO     | bybit_edge.recorder.recording_engine | [option] connected to wss://stream.bybit.com/v5/public/option
2026-06-11 23:11:26.748 | INFO     | bybit_edge.recorder.recording_engine | Subscribed to 2 topic(s): ['tickers.BTC', 'tickers.ETH']
2026-06-11 23:11:46.953 | INFO     | bybit_edge.recorder.recording_engine | Storage telemetry: {'cap_gb': 50.0, 'used_gb': 0.0029, 'used_pct': 0.01, 'total_bytes': 3166452, 'total_segments': 329, 'evictions': 0, 'bytes_evicted': 0, 'per_stream': {'premium_index_kline': {'bytes': 3166452, 'segments': 329}}}
2026-06-11 23:11:56.965 | WARNING  | bybit_edge.recorder.recording_engine | [option] connection lost (sent 1011 (internal error) keepalive ping timeout; no close frame received) — reconnecting in 1.0 s
2026-06-11 23:11:58.539 | INFO     | bybit_edge.recorder.recording_engine | [option] connected to wss://stream.bybit.com/v5/public/option
2026-06-11 23:11:58.540 | INFO     | bybit_edge.recorder.recording_engine | Subscribed to 2 topic(s): ['tickers.BTC', 'tickers.ETH']
2026-06-11 23:12:17.053 | INFO     | bybit_edge.recorder.recording_engine | Storage telemetry: {'cap_gb': 50.0, 'used_gb': 0.003, 'used_pct': 0.01, 'total_bytes': 3176100, 'total_segments': 330, 'evictions': 0, 'bytes_evicted': 0, 'per_stream': {'premium_index_kline': {'bytes': 3176100, 'segments': 330}}}
2026-06-11 23:12:28.732 | WARNING  | bybit_edge.recorder.recording_engine | [option] connection lost (sent 1011 (internal error) keepalive ping timeout; no close frame received) — reconnecting in 1.0 s
2026-06-11 23:12:30.472 | INFO     | bybit_edge.recorder.recording_engine | [option] connected to wss://stream.bybit.com/v5/public/option
2026-06-11 23:12:30.472 | INFO     | bybit_edge.recorder.recording_engine | Subscribed to 2 topic(s): ['tickers.BTC', 'tickers.ETH']
2026-06-11 23:12:47.144 | INFO     | bybit_edge.recorder.recording_engine | Storage telemetry: {'cap_gb': 50.0, 'used_gb': 0.003, 'used_pct': 0.01, 'total_bytes': 3176100, 'total_segments': 330, 'evictions': 0, 'bytes_evicted': 0, 'per_stream': {'premium_index_kline': {'bytes': 3176100, 'segments': 330}}}
2026-06-11 23:13:00.685 | WARNING  | bybit_edge.recorder.recording_engine | [option] connection lost (sent 1011 (internal error) keepalive ping timeout; no close frame received) — reconnecting in 1.0 s
2026-06-11 23:13:02.447 | INFO     | bybit_edge.recorder.recording_engine | [option] connected to wss://stream.bybit.com/v5/public/option
2026-06-11 23:13:02.448 | INFO     | bybit_edge.recorder.recording_engine | Subscribed to 2 topic(s): ['tickers.BTC', 'tickers.ETH']
2026-06-11 23:13:17.236 | INFO     | bybit_edge.recorder.recording_engine | Storage telemetry: {'cap_gb': 50.0, 'used_gb': 0.003, 'used_pct': 0.01, 'total_bytes': 3185748, 'total_segments': 331, 'evictions': 0, 'bytes_evicted': 0, 'per_stream': {'premium_index_kline': {'bytes': 3185748, 'segments': 331}}}
2026-06-11 23:13:32.643 | WARNING  | bybit_edge.recorder.recording_engine | [option] connection lost (sent 1011 (internal error) keepalive ping timeout; no close frame received) — reconnecting in 1.0 s
2026-06-11 23:13:34.388 | INFO     | bybit_edge.recorder.recording_engine | [option] connected to wss://stream.bybit.com/v5/public/option
2026-06-11 23:13:34.388 | INFO     | bybit_edge.recorder.recording_engine | Subscribed to 2 topic(s): ['tickers.BTC', 'tickers.ETH']
2026-06-11 23:13:47.342 | INFO     | bybit_edge.recorder.recording_engine | Storage telemetry: {'cap_gb': 50.0, 'used_gb': 0.003, 'used_pct': 0.01, 'total_bytes': 3185748, 'total_segments': 331, 'evictions': 0, 'bytes_evicted': 0, 'per_stream': {'premium_index_kline': {'bytes': 3185748, 'segments': 331}}}
2026-06-11 23:14:04.587 | WARNING  | bybit_edge.recorder.recording_engine | [option] connection lost (sent 1011 (internal error) keepalive ping timeout; no close frame received) — reconnecting in 1.0 s
2026-06-11 23:14:06.341 | INFO     | bybit_edge.recorder.recording_engine | [option] connected to wss://stream.bybit.com/v5/public/option
2026-06-11 23:14:06.342 | INFO     | bybit_edge.recorder.recording_engine | Subscribed to 2 topic(s): ['tickers.BTC', 'tickers.ETH']
2026-06-11 23:14:17.439 | INFO     | bybit_edge.recorder.recording_engine | Storage telemetry: {'cap_gb': 50.0, 'used_gb': 0.003, 'used_pct': 0.01, 'total_bytes': 3195402, 'total_segments': 332, 'evictions': 0, 'bytes_evicted': 0, 'per_stream': {'premium_index_kline': {'bytes': 3195402, 'segments': 332}}}
2026-06-11 23:14:36.548 | WARNING  | bybit_edge.recorder.recording_engine | [option] connection lost (sent 1011 (internal error) keepalive ping timeout; no close frame received) — reconnecting in 1.0 s
2026-06-11 23:14:38.289 | INFO     | bybit_edge.recorder.recording_engine | [option] connected to wss://stream.bybit.com/v5/public/option
2026-06-11 23:14:38.289 | INFO     | bybit_edge.recorder.recording_engine | Subscribed to 2 topic(s): ['tickers.BTC', 'tickers.ETH']
2026-06-11 23:14:47.540 | INFO     | bybit_edge.recorder.recording_engine | Storage telemetry: {'cap_gb': 50.0, 'used_gb': 0.003, 'used_pct': 0.01, 'total_bytes': 3195402, 'total_segments': 332, 'evictions': 0, 'bytes_evicted': 0, 'per_stream': {'premium_index_kline': {'bytes': 3195402, 'segments': 332}}}
2026-06-11 23:15:08.495 | WARNING  | bybit_edge.recorder.recording_engine | [option] connection lost (sent 1011 (internal error) keepalive ping timeout; no close frame received) — reconnecting in 1.0 s
2026-06-11 23:15:10.274 | INFO     | bybit_edge.recorder.recording_engine | [option] connected to wss://stream.bybit.com/v5/public/option
2026-06-11 23:15:10.275 | INFO     | bybit_edge.recorder.recording_engine | Subscribed to 2 topic(s): ['tickers.BTC', 'tickers.ETH']
2026-06-11 23:15:17.635 | INFO     | bybit_edge.recorder.recording_engine | Storage telemetry: {'cap_gb': 50.0, 'used_gb': 0.003, 'used_pct': 0.01, 'total_bytes': 3205070, 'total_segments': 333, 'evictions': 0, 'bytes_evicted': 0, 'per_stream': {'premium_index_kline': {'bytes': 3205070, 'segments': 333}}}
2026-06-11 23:15:40.460 | WARNING  | bybit_edge.recorder.recording_engine | [option] connection lost (sent 1011 (internal error) keepalive ping timeout; no close frame received) — reconnecting in 1.0 s
2026-06-11 23:15:42.210 | INFO     | bybit_edge.recorder.recording_engine | [option] connected to wss://stream.bybit.com/v5/public/option
2026-06-11 23:15:42.211 | INFO     | bybit_edge.recorder.recording_engine | Subscribed to 2 topic(s): ['tickers.BTC', 'tickers.ETH']
2026-06-11 23:15:47.719 | INFO     | bybit_edge.recorder.recording_engine | Storage telemetry: {'cap_gb': 50.0, 'used_gb': 0.003, 'used_pct': 0.01, 'total_bytes': 3205070, 'total_segments': 333, 'evictions': 0, 'bytes_evicted': 0, 'per_stream': {'premium_index_kline': {'bytes': 3205070, 'segments': 333}}}
2026-06-11 23:16:12.423 | WARNING  | bybit_edge.recorder.recording_engine | [option] connection lost (sent 1011 (internal error) keepalive ping timeout; no close frame received) — reconnecting in 1.0 s
2026-06-11 23:16:14.190 | INFO     | bybit_edge.recorder.recording_engine | [option] connected to wss://stream.bybit.com/v5/public/option
2026-06-11 23:16:14.191 | INFO     | bybit_edge.recorder.recording_engine | Subscribed to 2 topic(s): ['tickers.BTC', 'tickers.ETH']
2026-06-11 23:16:17.818 | INFO     | bybit_edge.recorder.recording_engine | Storage telemetry: {'cap_gb': 50.0, 'used_gb': 0.003, 'used_pct': 0.01, 'total_bytes': 3214746, 'total_segments': 334, 'evictions': 0, 'bytes_evicted': 0, 'per_stream': {'premium_index_kline': {'bytes': 3214746, 'segments': 334}}}
2026-06-11 23:16:44.379 | WARNING  | bybit_edge.recorder.recording_engine | [option] connection lost (sent 1011 (internal error) keepalive ping timeout; no close frame received) — reconnecting in 1.0 s
2026-06-11 23:16:46.120 | INFO     | bybit_edge.recorder.recording_engine | [option] connected to wss://stream.bybit.com/v5/public/option
2026-06-11 23:16:46.120 | INFO     | bybit_edge.recorder.recording_engine | Subscribed to 2 topic(s): ['tickers.BTC', 'tickers.ETH']
2026-06-11 23:16:47.925 | INFO     | bybit_edge.recorder.recording_engine | Storage telemetry: {'cap_gb': 50.0, 'used_gb': 0.003, 'used_pct': 0.01, 'total_bytes': 3214746, 'total_segments': 334, 'evictions': 0, 'bytes_evicted': 0, 'per_stream': {'premium_index_kline': {'bytes': 3214746, 'segments': 334}}}
2026-06-11 23:17:16.308 | WARNING  | bybit_edge.recorder.recording_engine | [option] connection lost (sent 1011 (internal error) keepalive ping timeout; no close frame received) — reconnecting in 1.0 s
2026-06-11 23:17:18.025 | INFO     | bybit_edge.recorder.recording_engine | Storage telemetry: {'cap_gb': 50.0, 'used_gb': 0.003, 'used_pct': 0.01, 'total_bytes': 3224424, 'total_segments': 335, 'evictions': 0, 'bytes_evicted': 0, 'per_stream': {'premium_index_kline': {'bytes': 3224424, 'segments': 335}}}
2026-06-11 23:17:18.048 | INFO     | bybit_edge.recorder.recording_engine | [option] connected to wss://stream.bybit.com/v5/public/option
2026-06-11 23:17:18.048 | INFO     | bybit_edge.recorder.recording_engine | Subscribed to 2 topic(s): ['tickers.BTC', 'tickers.ETH']
2026-06-11 23:17:48.131 | INFO     | bybit_edge.recorder.recording_engine | Storage telemetry: {'cap_gb': 50.0, 'used_gb': 0.003, 'used_pct': 0.01, 'total_bytes': 3224424, 'total_segments': 335, 'evictions': 0, 'bytes_evicted': 0, 'per_stream': {'premium_index_kline': {'bytes': 3224424, 'segments': 335}}}
2026-06-11 23:17:48.312 | WARNING  | bybit_edge.recorder.recording_engine | [option] connection lost (sent 1011 (internal error) keepalive ping timeout; no close frame received) — reconnecting in 1.0 s
2026-06-11 23:17:50.066 | INFO     | bybit_edge.recorder.recording_engine | [option] connected to wss://stream.bybit.com/v5/public/option
2026-06-11 23:17:50.067 | INFO     | bybit_edge.recorder.recording_engine | Subscribed to 2 topic(s): ['tickers.BTC', 'tickers.ETH']
2026-06-11 23:18:18.238 | INFO     | bybit_edge.recorder.recording_engine | Storage telemetry: {'cap_gb': 50.0, 'used_gb': 0.003, 'used_pct': 0.01, 'total_bytes': 3234100, 'total_segments': 336, 'evictions': 0, 'bytes_evicted': 0, 'per_stream': {'premium_index_kline': {'bytes': 3234100, 'segments': 336}}}
2026-06-11 23:18:20.261 | WARNING  | bybit_edge.recorder.recording_engine | [option] connection lost (sent 1011 (internal error) keepalive ping timeout; no close frame received) — reconnecting in 1.0 s
2026-06-11 23:18:22.023 | INFO     | bybit_edge.recorder.recording_engine | [option] connected to wss://stream.bybit.com/v5/public/option
2026-06-11 23:18:22.025 | INFO     | bybit_edge.recorder.recording_engine | Subscribed to 2 topic(s): ['tickers.BTC', 'tickers.ETH']
2026-06-11 23:18:48.358 | INFO     | bybit_edge.recorder.recording_engine | Storage telemetry: {'cap_gb': 50.0, 'used_gb': 0.003, 'used_pct': 0.01, 'total_bytes': 3234100, 'total_segments': 336, 'evictions': 0, 'bytes_evicted': 0, 'per_stream': {'premium_index_kline': {'bytes': 3234100, 'segments': 336}}}
2026-06-11 23:18:52.225 | WARNING  | bybit_edge.recorder.recording_engine | [option] connection lost (sent 1011 (internal error) keepalive ping timeout; no close frame received) — reconnecting in 1.0 s
2026-06-11 23:18:53.990 | INFO     | bybit_edge.recorder.recording_engine | [option] connected to wss://stream.bybit.com/v5/public/option
2026-06-11 23:18:53.990 | INFO     | bybit_edge.recorder.recording_engine | Subscribed to 2 topic(s): ['tickers.BTC', 'tickers.ETH']
2026-06-11 23:19:18.450 | INFO     | bybit_edge.recorder.recording_engine | Storage telemetry: {'cap_gb': 50.0, 'used_gb': 0.003, 'used_pct': 0.01, 'total_bytes': 3243770, 'total_segments': 337, 'evictions': 0, 'bytes_evicted': 0, 'per_stream': {'premium_index_kline': {'bytes': 3243770, 'segments': 337}}}
2026-06-11 23:19:24.185 | WARNING  | bybit_edge.recorder.recording_engine | [option] connection lost (sent 1011 (internal error) keepalive ping timeout; no close frame received) — reconnecting in 1.0 s
2026-06-11 23:19:25.928 | INFO     | bybit_edge.recorder.recording_engine | [option] connected to wss://stream.bybit.com/v5/public/option
2026-06-11 23:19:25.929 | INFO     | bybit_edge.recorder.recording_engine | Subscribed to 2 topic(s): ['tickers.BTC', 'tickers.ETH']
2026-06-11 23:19:48.523 | INFO     | bybit_edge.recorder.recording_engine | Storage telemetry: {'cap_gb': 50.0, 'used_gb': 0.003, 'used_pct': 0.01, 'total_bytes': 3243770, 'total_segments': 337, 'evictions': 0, 'bytes_evicted': 0, 'per_stream': {'premium_index_kline': {'bytes': 3243770, 'segments': 337}}}
2026-06-11 23:19:56.106 | WARNING  | bybit_edge.recorder.recording_engine | [option] connection lost (sent 1011 (internal error) keepalive ping timeout; no close frame received) — reconnecting in 1.0 s
2026-06-11 23:19:57.859 | INFO     | bybit_edge.recorder.recording_engine | [option] connected to wss://stream.bybit.com/v5/public/option
2026-06-11 23:19:57.860 | INFO     | bybit_edge.recorder.recording_engine | Subscribed to 2 topic(s): ['tickers.BTC', 'tickers.ETH']
2026-06-11 23:20:18.621 | INFO     | bybit_edge.recorder.recording_engine | Storage telemetry: {'cap_gb': 50.0, 'used_gb': 0.003, 'used_pct': 0.01, 'total_bytes': 3253437, 'total_segments': 338, 'evictions': 0, 'bytes_evicted': 0, 'per_stream': {'premium_index_kline': {'bytes': 3253437, 'segments': 338}}}
2026-06-11 23:20:28.072 | WARNING  | bybit_edge.recorder.recording_engine | [option] connection lost (sent 1011 (internal error) keepalive ping timeout; no close frame received) — reconnecting in 1.0 s
2026-06-11 23:20:29.849 | INFO     | bybit_edge.recorder.recording_engine | [option] connected to wss://stream.bybit.com/v5/public/option
2026-06-11 23:20:29.850 | INFO     | bybit_edge.recorder.recording_engine | Subscribed to 2 topic(s): ['tickers.BTC', 'tickers.ETH']
2026-06-11 23:20:48.769 | INFO     | bybit_edge.recorder.recording_engine | Storage telemetry: {'cap_gb': 50.0, 'used_gb': 0.003, 'used_pct': 0.01, 'total_bytes': 3253437, 'total_segments': 338, 'evictions': 0, 'bytes_evicted': 0, 'per_stream': {'premium_index_kline': {'bytes': 3253437, 'segments': 338}}}
2026-06-11 23:21:00.043 | WARNING  | bybit_edge.recorder.recording_engine | [option] connection lost (sent 1011 (internal error) keepalive ping timeout; no close frame received) — reconnecting in 1.0 s
2026-06-11 23:21:01.779 | INFO     | bybit_edge.recorder.recording_engine | [option] connected to wss://stream.bybit.com/v5/public/option
2026-06-11 23:21:01.780 | INFO     | bybit_edge.recorder.recording_engine | Subscribed to 2 topic(s): ['tickers.BTC', 'tickers.ETH']
2026-06-11 23:21:18.871 | INFO     | bybit_edge.recorder.recording_engine | Storage telemetry: {'cap_gb': 50.0, 'used_gb': 0.003, 'used_pct': 0.01, 'total_bytes': 3263098, 'total_segments': 339, 'evictions': 0, 'bytes_evicted': 0, 'per_stream': {'premium_index_kline': {'bytes': 3263098, 'segments': 339}}}
2026-06-11 23:21:31.975 | WARNING  | bybit_edge.recorder.recording_engine | [option] connection lost (sent 1011 (internal error) keepalive ping timeout; no close frame received) — reconnecting in 1.0 s
2026-06-11 23:21:33.723 | INFO     | bybit_edge.recorder.recording_engine | [option] connected to wss://stream.bybit.com/v5/public/option
2026-06-11 23:21:33.723 | INFO     | bybit_edge.recorder.recording_engine | Subscribed to 2 topic(s): ['tickers.BTC', 'tickers.ETH']
2026-06-11 23:21:48.981 | INFO     | bybit_edge.recorder.recording_engine | Storage telemetry: {'cap_gb': 50.0, 'used_gb': 0.003, 'used_pct': 0.01, 'total_bytes': 3263098, 'total_segments': 339, 'evictions': 0, 'bytes_evicted': 0, 'per_stream': {'premium_index_kline': {'bytes': 3263098, 'segments': 339}}}
2026-06-11 23:22:03.911 | WARNING  | bybit_edge.recorder.recording_engine | [option] connection lost (sent 1011 (internal error) keepalive ping timeout; no close frame received) — reconnecting in 1.0 s
2026-06-11 23:22:05.693 | INFO     | bybit_edge.recorder.recording_engine | [option] connected to wss://stream.bybit.com/v5/public/option
2026-06-11 23:22:05.693 | INFO     | bybit_edge.recorder.recording_engine | Subscribed to 2 topic(s): ['tickers.BTC', 'tickers.ETH']
2026-06-11 23:22:19.081 | INFO     | bybit_edge.recorder.recording_engine | Storage telemetry: {'cap_gb': 50.0, 'used_gb': 0.003, 'used_pct': 0.01, 'total_bytes': 3272756, 'total_segments': 340, 'evictions': 0, 'bytes_evicted': 0, 'per_stream': {'premium_index_kline': {'bytes': 3272756, 'segments': 340}}}
2026-06-11 23:22:35.890 | WARNING  | bybit_edge.recorder.recording_engine | [option] connection lost (sent 1011 (internal error) keepalive ping timeout; no close frame received) — reconnecting in 1.0 s
2026-06-11 23:22:37.682 | INFO     | bybit_edge.recorder.recording_engine | [option] connected to wss://stream.bybit.com/v5/public/option
2026-06-11 23:22:37.682 | INFO     | bybit_edge.recorder.recording_engine | Subscribed to 2 topic(s): ['tickers.BTC', 'tickers.ETH']
2026-06-11 23:22:49.178 | INFO     | bybit_edge.recorder.recording_engine | Storage telemetry: {'cap_gb': 50.0, 'used_gb': 0.003, 'used_pct': 0.01, 'total_bytes': 3272756, 'total_segments': 340, 'evictions': 0, 'bytes_evicted': 0, 'per_stream': {'premium_index_kline': {'bytes': 3272756, 'segments': 340}}}
2026-06-11 23:23:07.885 | WARNING  | bybit_edge.recorder.recording_engine | [option] connection lost (sent 1011 (internal error) keepalive ping timeout; no close frame received) — reconnecting in 1.0 s
2026-06-11 23:23:09.467 | INFO     | bybit_edge.recorder.recording_engine | [option] connected to wss://stream.bybit.com/v5/public/option
2026-06-11 23:23:09.468 | INFO     | bybit_edge.recorder.recording_engine | Subscribed to 2 topic(s): ['tickers.BTC', 'tickers.ETH']
2026-06-11 23:23:19.274 | INFO     | bybit_edge.recorder.recording_engine | Storage telemetry: {'cap_gb': 50.0, 'used_gb': 0.0031, 'used_pct': 0.01, 'total_bytes': 3282416, 'total_segments': 341, 'evictions': 0, 'bytes_evicted': 0, 'per_stream': {'premium_index_kline': {'bytes': 3282416, 'segments': 341}}}
2026-06-11 23:23:39.662 | WARNING  | bybit_edge.recorder.recording_engine | [option] connection lost (sent 1011 (internal error) keepalive ping timeout; no close frame received) — reconnecting in 1.0 s
2026-06-11 23:23:41.406 | INFO     | bybit_edge.recorder.recording_engine | [option] connected to wss://stream.bybit.com/v5/public/option
2026-06-11 23:23:41.407 | INFO     | bybit_edge.recorder.recording_engine | Subscribed to 2 topic(s): ['tickers.BTC', 'tickers.ETH']
2026-06-11 23:23:49.375 | INFO     | bybit_edge.recorder.recording_engine | Storage telemetry: {'cap_gb': 50.0, 'used_gb': 0.0031, 'used_pct': 0.01, 'total_bytes': 3282416, 'total_segments': 341, 'evictions': 0, 'bytes_evicted': 0, 'per_stream': {'premium_index_kline': {'bytes': 3282416, 'segments': 341}}}
2026-06-11 23:24:11.604 | WARNING  | bybit_edge.recorder.recording_engine | [option] connection lost (sent 1011 (internal error) keepalive ping timeout; no close frame received) — reconnecting in 1.0 s
2026-06-11 23:24:13.345 | INFO     | bybit_edge.recorder.recording_engine | [option] connected to wss://stream.bybit.com/v5/public/option
2026-06-11 23:24:13.345 | INFO     | bybit_edge.recorder.recording_engine | Subscribed to 2 topic(s): ['tickers.BTC', 'tickers.ETH']
2026-06-11 23:24:19.475 | INFO     | bybit_edge.recorder.recording_engine | Storage telemetry: {'cap_gb': 50.0, 'used_gb': 0.0031, 'used_pct': 0.01, 'total_bytes': 3292079, 'total_segments': 342, 'evictions': 0, 'bytes_evicted': 0, 'per_stream': {'premium_index_kline': {'bytes': 3292079, 'segments': 342}}}
2026-06-11 23:24:43.557 | WARNING  | bybit_edge.recorder.recording_engine | [option] connection lost (sent 1011 (internal error) keepalive ping timeout; no close frame received) — reconnecting in 1.0 s
2026-06-11 23:24:45.302 | INFO     | bybit_edge.recorder.recording_engine | [option] connected to wss://stream.bybit.com/v5/public/option
2026-06-11 23:24:45.304 | INFO     | bybit_edge.recorder.recording_engine | Subscribed to 2 topic(s): ['tickers.BTC', 'tickers.ETH']
2026-06-11 23:24:49.565 | INFO     | bybit_edge.recorder.recording_engine | Storage telemetry: {'cap_gb': 50.0, 'used_gb': 0.0031, 'used_pct': 0.01, 'total_bytes': 3292079, 'total_segments': 342, 'evictions': 0, 'bytes_evicted': 0, 'per_stream': {'premium_index_kline': {'bytes': 3292079, 'segments': 342}}}
2026-06-11 23:25:15.498 | WARNING  | bybit_edge.recorder.recording_engine | [option] connection lost (sent 1011 (internal error) keepalive ping timeout; no close frame received) — reconnecting in 1.0 s
2026-06-11 23:25:17.254 | INFO     | bybit_edge.recorder.recording_engine | [option] connected to wss://stream.bybit.com/v5/public/option
2026-06-11 23:25:17.255 | INFO     | bybit_edge.recorder.recording_engine | Subscribed to 2 topic(s): ['tickers.BTC', 'tickers.ETH']
2026-06-11 23:25:19.666 | INFO     | bybit_edge.recorder.recording_engine | Storage telemetry: {'cap_gb': 50.0, 'used_gb': 0.0031, 'used_pct': 0.01, 'total_bytes': 3301747, 'total_segments': 343, 'evictions': 0, 'bytes_evicted': 0, 'per_stream': {'premium_index_kline': {'bytes': 3301747, 'segments': 343}}}
2026-06-11 23:25:47.464 | WARNING  | bybit_edge.recorder.recording_engine | [option] connection lost (sent 1011 (internal error) keepalive ping timeout; no close frame received) — reconnecting in 1.0 s
2026-06-11 23:25:49.254 | INFO     | bybit_edge.recorder.recording_engine | [option] connected to wss://stream.bybit.com/v5/public/option
2026-06-11 23:25:49.255 | INFO     | bybit_edge.recorder.recording_engine | Subscribed to 2 topic(s): ['tickers.BTC', 'tickers.ETH']
2026-06-11 23:25:49.776 | INFO     | bybit_edge.recorder.recording_engine | Storage telemetry: {'cap_gb': 50.0, 'used_gb': 0.0031, 'used_pct': 0.01, 'total_bytes': 3301747, 'total_segments': 343, 'evictions': 0, 'bytes_evicted': 0, 'per_stream': {'premium_index_kline': {'bytes': 3301747, 'segments': 343}}}
2026-06-11 23:26:19.446 | WARNING  | bybit_edge.recorder.recording_engine | [option] connection lost (sent 1011 (internal error) keepalive ping timeout; no close frame received) — reconnecting in 1.0 s
2026-06-11 23:26:19.870 | INFO     | bybit_edge.recorder.recording_engine | Storage telemetry: {'cap_gb': 50.0, 'used_gb': 0.0031, 'used_pct': 0.01, 'total_bytes': 3311416, 'total_segments': 344, 'evictions': 0, 'bytes_evicted': 0, 'per_stream': {'premium_index_kline': {'bytes': 3311416, 'segments': 344}}}
2026-06-11 23:26:21.207 | INFO     | bybit_edge.recorder.recording_engine | [option] connected to wss://stream.bybit.com/v5/public/option
2026-06-11 23:26:21.208 | INFO     | bybit_edge.recorder.recording_engine | Subscribed to 2 topic(s): ['tickers.BTC', 'tickers.ETH']
2026-06-11 23:26:49.949 | INFO     | bybit_edge.recorder.recording_engine | Storage telemetry: {'cap_gb': 50.0, 'used_gb': 0.0031, 'used_pct': 0.01, 'total_bytes': 3311416, 'total_segments': 344, 'evictions': 0, 'bytes_evicted': 0, 'per_stream': {'premium_index_kline': {'bytes': 3311416, 'segments': 344}}}
2026-06-11 23:26:51.399 | WARNING  | bybit_edge.recorder.recording_engine | [option] connection lost (sent 1011 (internal error) keepalive ping timeout; no close frame received) — reconnecting in 1.0 s
2026-06-11 23:26:53.142 | INFO     | bybit_edge.recorder.recording_engine | [option] connected to wss://stream.bybit.com/v5/public/option
2026-06-11 23:26:53.144 | INFO     | bybit_edge.recorder.recording_engine | Subscribed to 2 topic(s): ['tickers.BTC', 'tickers.ETH']
2026-06-11 23:27:20.048 | INFO     | bybit_edge.recorder.recording_engine | Storage telemetry: {'cap_gb': 50.0, 'used_gb': 0.0031, 'used_pct': 0.01, 'total_bytes': 3321093, 'total_segments': 345, 'evictions': 0, 'bytes_evicted': 0, 'per_stream': {'premium_index_kline': {'bytes': 3321093, 'segments': 345}}}
2026-06-11 23:27:23.321 | WARNING  | bybit_edge.recorder.recording_engine | [option] connection lost (sent 1011 (internal error) keepalive ping timeout; no close frame received) — reconnecting in 1.0 s
2026-06-11 23:27:25.098 | INFO     | bybit_edge.recorder.recording_engine | [option] connected to wss://stream.bybit.com/v5/public/option
2026-06-11 23:27:25.098 | INFO     | bybit_edge.recorder.recording_engine | Subscribed to 2 topic(s): ['tickers.BTC', 'tickers.ETH']
2026-06-11 23:27:50.153 | INFO     | bybit_edge.recorder.recording_engine | Storage telemetry: {'cap_gb': 50.0, 'used_gb': 0.0031, 'used_pct': 0.01, 'total_bytes': 3321093, 'total_segments': 345, 'evictions': 0, 'bytes_evicted': 0, 'per_stream': {'premium_index_kline': {'bytes': 3321093, 'segments': 345}}}
2026-06-11 23:27:55.276 | WARNING  | bybit_edge.recorder.recording_engine | [option] connection lost (sent 1011 (internal error) keepalive ping timeout; no close frame received) — reconnecting in 1.0 s
2026-06-11 23:27:57.013 | INFO     | bybit_edge.recorder.recording_engine | [option] connected to wss://stream.bybit.com/v5/public/option
2026-06-11 23:27:57.013 | INFO     | bybit_edge.recorder.recording_engine | Subscribed to 2 topic(s): ['tickers.BTC', 'tickers.ETH']
2026-06-11 23:28:20.286 | INFO     | bybit_edge.recorder.recording_engine | Storage telemetry: {'cap_gb': 50.0, 'used_gb': 0.0031, 'used_pct': 0.01, 'total_bytes': 3330791, 'total_segments': 346, 'evictions': 0, 'bytes_evicted': 0, 'per_stream': {'premium_index_kline': {'bytes': 3330791, 'segments': 346}}}
2026-06-11 23:28:27.215 | WARNING  | bybit_edge.recorder.recording_engine | [option] connection lost (sent 1011 (internal error) keepalive ping timeout; no close frame received) — reconnecting in 1.0 s
2026-06-11 23:28:28.786 | INFO     | bybit_edge.recorder.recording_engine | [option] connected to wss://stream.bybit.com/v5/public/option
2026-06-11 23:28:28.786 | INFO     | bybit_edge.recorder.recording_engine | Subscribed to 2 topic(s): ['tickers.BTC', 'tickers.ETH']
2026-06-11 23:28:50.394 | INFO     | bybit_edge.recorder.recording_engine | Storage telemetry: {'cap_gb': 50.0, 'used_gb': 0.0031, 'used_pct': 0.01, 'total_bytes': 3330791, 'total_segments': 346, 'evictions': 0, 'bytes_evicted': 0, 'per_stream': {'premium_index_kline': {'bytes': 3330791, 'segments': 346}}}
2026-06-11 23:28:58.985 | WARNING  | bybit_edge.recorder.recording_engine | [option] connection lost (sent 1011 (internal error) keepalive ping timeout; no close frame received) — reconnecting in 1.0 s
2026-06-11 23:29:00.559 | INFO     | bybit_edge.recorder.recording_engine | [option] connected to wss://stream.bybit.com/v5/public/option
2026-06-11 23:29:00.559 | INFO     | bybit_edge.recorder.recording_engine | Subscribed to 2 topic(s): ['tickers.BTC', 'tickers.ETH']
2026-06-11 23:29:20.500 | INFO     | bybit_edge.recorder.recording_engine | Storage telemetry: {'cap_gb': 50.0, 'used_gb': 0.0031, 'used_pct': 0.01, 'total_bytes': 3340489, 'total_segments': 347, 'evictions': 0, 'bytes_evicted': 0, 'per_stream': {'premium_index_kline': {'bytes': 3340489, 'segments': 347}}}
2026-06-11 23:29:30.774 | WARNING  | bybit_edge.recorder.recording_engine | [option] connection lost (sent 1011 (internal error) keepalive ping timeout; no close frame received) — reconnecting in 1.0 s
2026-06-11 23:29:32.514 | INFO     | bybit_edge.recorder.recording_engine | [option] connected to wss://stream.bybit.com/v5/public/option
2026-06-11 23:29:32.514 | INFO     | bybit_edge.recorder.recording_engine | Subscribed to 2 topic(s): ['tickers.BTC', 'tickers.ETH']
2026-06-11 23:29:50.616 | INFO     | bybit_edge.recorder.recording_engine | Storage telemetry: {'cap_gb': 50.0, 'used_gb': 0.0031, 'used_pct': 0.01, 'total_bytes': 3340489, 'total_segments': 347, 'evictions': 0, 'bytes_evicted': 0, 'per_stream': {'premium_index_kline': {'bytes': 3340489, 'segments': 347}}}
2026-06-11 23:30:02.727 | WARNING  | bybit_edge.recorder.recording_engine | [option] connection lost (sent 1011 (internal error) keepalive ping timeout; no close frame received) — reconnecting in 1.0 s
2026-06-11 23:30:04.473 | INFO     | bybit_edge.recorder.recording_engine | [option] connected to wss://stream.bybit.com/v5/public/option
2026-06-11 23:30:04.473 | INFO     | bybit_edge.recorder.recording_engine | Subscribed to 2 topic(s): ['tickers.BTC', 'tickers.ETH']
2026-06-11 23:30:20.717 | INFO     | bybit_edge.recorder.recording_engine | Storage telemetry: {'cap_gb': 50.0, 'used_gb': 0.0031, 'used_pct': 0.01, 'total_bytes': 3350189, 'total_segments': 348, 'evictions': 0, 'bytes_evicted': 0, 'per_stream': {'premium_index_kline': {'bytes': 3350189, 'segments': 348}}}
2026-06-11 23:30:34.679 | WARNING  | bybit_edge.recorder.recording_engine | [option] connection lost (sent 1011 (internal error) keepalive ping timeout; no close frame received) — reconnecting in 1.0 s
2026-06-11 23:30:36.247 | INFO     | bybit_edge.recorder.recording_engine | [option] connected to wss://stream.bybit.com/v5/public/option
2026-06-11 23:30:36.248 | INFO     | bybit_edge.recorder.recording_engine | Subscribed to 2 topic(s): ['tickers.BTC', 'tickers.ETH']
2026-06-11 23:30:50.828 | INFO     | bybit_edge.recorder.recording_engine | Storage telemetry: {'cap_gb': 50.0, 'used_gb': 0.0031, 'used_pct': 0.01, 'total_bytes': 3350189, 'total_segments': 348, 'evictions': 0, 'bytes_evicted': 0, 'per_stream': {'premium_index_kline': {'bytes': 3350189, 'segments': 348}}}
2026-06-11 23:31:06.445 | WARNING  | bybit_edge.recorder.recording_engine | [option] connection lost (sent 1011 (internal error) keepalive ping timeout; no close frame received) — reconnecting in 1.0 s
2026-06-11 23:31:08.215 | INFO     | bybit_edge.recorder.recording_engine | [option] connected to wss://stream.bybit.com/v5/public/option
2026-06-11 23:31:08.216 | INFO     | bybit_edge.recorder.recording_engine | Subscribed to 2 topic(s): ['tickers.BTC', 'tickers.ETH']
2026-06-11 23:31:20.930 | INFO     | bybit_edge.recorder.recording_engine | Storage telemetry: {'cap_gb': 50.0, 'used_gb': 0.0031, 'used_pct': 0.01, 'total_bytes': 3359883, 'total_segments': 349, 'evictions': 0, 'bytes_evicted': 0, 'per_stream': {'premium_index_kline': {'bytes': 3359883, 'segments': 349}}}
2026-06-11 23:31:38.403 | WARNING  | bybit_edge.recorder.recording_engine | [option] connection lost (sent 1011 (internal error) keepalive ping timeout; no close frame received) — reconnecting in 1.0 s
2026-06-11 23:31:40.166 | INFO     | bybit_edge.recorder.recording_engine | [option] connected to wss://stream.bybit.com/v5/public/option
2026-06-11 23:31:40.166 | INFO     | bybit_edge.recorder.recording_engine | Subscribed to 2 topic(s): ['tickers.BTC', 'tickers.ETH']
2026-06-11 23:31:51.036 | INFO     | bybit_edge.recorder.recording_engine | Storage telemetry: {'cap_gb': 50.0, 'used_gb': 0.0031, 'used_pct': 0.01, 'total_bytes': 3359883, 'total_segments': 349, 'evictions': 0, 'bytes_evicted': 0, 'per_stream': {'premium_index_kline': {'bytes': 3359883, 'segments': 349}}}
2026-06-11 23:32:10.366 | WARNING  | bybit_edge.recorder.recording_engine | [option] connection lost (sent 1011 (internal error) keepalive ping timeout; no close frame received) — reconnecting in 1.0 s
2026-06-11 23:32:12.113 | INFO     | bybit_edge.recorder.recording_engine | [option] connected to wss://stream.bybit.com/v5/public/option
2026-06-11 23:32:12.114 | INFO     | bybit_edge.recorder.recording_engine | Subscribed to 2 topic(s): ['tickers.BTC', 'tickers.ETH']
2026-06-11 23:32:21.142 | INFO     | bybit_edge.recorder.recording_engine | Storage telemetry: {'cap_gb': 50.0, 'used_gb': 0.0031, 'used_pct': 0.01, 'total_bytes': 3369572, 'total_segments': 350, 'evictions': 0, 'bytes_evicted': 0, 'per_stream': {'premium_index_kline': {'bytes': 3369572, 'segments': 350}}}
2026-06-11 23:32:42.317 | WARNING  | bybit_edge.recorder.recording_engine | [option] connection lost (sent 1011 (internal error) keepalive ping timeout; no close frame received) — reconnecting in 1.0 s
2026-06-11 23:32:43.908 | INFO     | bybit_edge.recorder.recording_engine | [option] connected to wss://stream.bybit.com/v5/public/option
2026-06-11 23:32:43.908 | INFO     | bybit_edge.recorder.recording_engine | Subscribed to 2 topic(s): ['tickers.BTC', 'tickers.ETH']
2026-06-11 23:32:51.258 | INFO     | bybit_edge.recorder.recording_engine | Storage telemetry: {'cap_gb': 50.0, 'used_gb': 0.0031, 'used_pct': 0.01, 'total_bytes': 3369572, 'total_segments': 350, 'evictions': 0, 'bytes_evicted': 0, 'per_stream': {'premium_index_kline': {'bytes': 3369572, 'segments': 350}}}
2026-06-11 23:33:14.103 | WARNING  | bybit_edge.recorder.recording_engine | [option] connection lost (sent 1011 (internal error) keepalive ping timeout; no close frame received) — reconnecting in 1.0 s
2026-06-11 23:33:15.858 | INFO     | bybit_edge.recorder.recording_engine | [option] connected to wss://stream.bybit.com/v5/public/option
2026-06-11 23:33:15.858 | INFO     | bybit_edge.recorder.recording_engine | Subscribed to 2 topic(s): ['tickers.BTC', 'tickers.ETH']
2026-06-11 23:33:21.344 | INFO     | bybit_edge.recorder.recording_engine | Storage telemetry: {'cap_gb': 50.0, 'used_gb': 0.0031, 'used_pct': 0.01, 'total_bytes': 3379251, 'total_segments': 351, 'evictions': 0, 'bytes_evicted': 0, 'per_stream': {'premium_index_kline': {'bytes': 3379251, 'segments': 351}}}
2026-06-11 23:33:46.071 | WARNING  | bybit_edge.recorder.recording_engine | [option] connection lost (sent 1011 (internal error) keepalive ping timeout; no close frame received) — reconnecting in 1.0 s
2026-06-11 23:33:48.677 | INFO     | bybit_edge.recorder.recording_engine | [option] connected to wss://stream.bybit.com/v5/public/option
2026-06-11 23:33:48.677 | INFO     | bybit_edge.recorder.recording_engine | Subscribed to 2 topic(s): ['tickers.BTC', 'tickers.ETH']
2026-06-11 23:33:51.441 | INFO     | bybit_edge.recorder.recording_engine | Storage telemetry: {'cap_gb': 50.0, 'used_gb': 0.0031, 'used_pct': 0.01, 'total_bytes': 3379251, 'total_segments': 351, 'evictions': 0, 'bytes_evicted': 0, 'per_stream': {'premium_index_kline': {'bytes': 3379251, 'segments': 351}}}
2026-06-11 23:34:18.877 | WARNING  | bybit_edge.recorder.recording_engine | [option] connection lost (sent 1011 (internal error) keepalive ping timeout; no close frame received) — reconnecting in 1.0 s
2026-06-11 23:34:20.616 | INFO     | bybit_edge.recorder.recording_engine | [option] connected to wss://stream.bybit.com/v5/public/option
2026-06-11 23:34:20.617 | INFO     | bybit_edge.recorder.recording_engine | Subscribed to 2 topic(s): ['tickers.BTC', 'tickers.ETH']
2026-06-11 23:34:21.540 | INFO     | bybit_edge.recorder.recording_engine | Storage telemetry: {'cap_gb': 50.0, 'used_gb': 0.0032, 'used_pct': 0.01, 'total_bytes': 3388929, 'total_segments': 352, 'evictions': 0, 'bytes_evicted': 0, 'per_stream': {'premium_index_kline': {'bytes': 3388929, 'segments': 352}}}
2026-06-11 23:34:50.796 | WARNING  | bybit_edge.recorder.recording_engine | [option] connection lost (sent 1011 (internal error) keepalive ping timeout; no close frame received) — reconnecting in 1.0 s
2026-06-11 23:34:51.632 | INFO     | bybit_edge.recorder.recording_engine | Storage telemetry: {'cap_gb': 50.0, 'used_gb': 0.0032, 'used_pct': 0.01, 'total_bytes': 3388929, 'total_segments': 352, 'evictions': 0, 'bytes_evicted': 0, 'per_stream': {'premium_index_kline': {'bytes': 3388929, 'segments': 352}}}
2026-06-11 23:34:52.574 | INFO     | bybit_edge.recorder.recording_engine | [option] connected to wss://stream.bybit.com/v5/public/option
2026-06-11 23:34:52.575 | INFO     | bybit_edge.recorder.recording_engine | Subscribed to 2 topic(s): ['tickers.BTC', 'tickers.ETH']
2026-06-11 23:35:21.732 | INFO     | bybit_edge.recorder.recording_engine | Storage telemetry: {'cap_gb': 50.0, 'used_gb': 0.0032, 'used_pct': 0.01, 'total_bytes': 3398615, 'total_segments': 353, 'evictions': 0, 'bytes_evicted': 0, 'per_stream': {'premium_index_kline': {'bytes': 3398615, 'segments': 353}}}
2026-06-11 23:35:22.762 | WARNING  | bybit_edge.recorder.recording_engine | [option] connection lost (sent 1011 (internal error) keepalive ping timeout; no close frame received) — reconnecting in 1.0 s
2026-06-11 23:35:24.513 | INFO     | bybit_edge.recorder.recording_engine | [option] connected to wss://stream.bybit.com/v5/public/option
2026-06-11 23:35:24.514 | INFO     | bybit_edge.recorder.recording_engine | Subscribed to 2 topic(s): ['tickers.BTC', 'tickers.ETH']
2026-06-11 23:35:51.834 | INFO     | bybit_edge.recorder.recording_engine | Storage telemetry: {'cap_gb': 50.0, 'used_gb': 0.0032, 'used_pct': 0.01, 'total_bytes': 3398615, 'total_segments': 353, 'evictions': 0, 'bytes_evicted': 0, 'per_stream': {'premium_index_kline': {'bytes': 3398615, 'segments': 353}}}
2026-06-11 23:35:54.709 | WARNING  | bybit_edge.recorder.recording_engine | [option] connection lost (sent 1011 (internal error) keepalive ping timeout; no close frame received) — reconnecting in 1.0 s
2026-06-11 23:35:56.448 | INFO     | bybit_edge.recorder.recording_engine | [option] connected to wss://stream.bybit.com/v5/public/option
2026-06-11 23:35:56.449 | INFO     | bybit_edge.recorder.recording_engine | Subscribed to 2 topic(s): ['tickers.BTC', 'tickers.ETH']
2026-06-11 23:36:21.918 | INFO     | bybit_edge.recorder.recording_engine | Storage telemetry: {'cap_gb': 50.0, 'used_gb': 0.0032, 'used_pct': 0.01, 'total_bytes': 3408302, 'total_segments': 354, 'evictions': 0, 'bytes_evicted': 0, 'per_stream': {'premium_index_kline': {'bytes': 3408302, 'segments': 354}}}
2026-06-11 23:36:26.659 | WARNING  | bybit_edge.recorder.recording_engine | [option] connection lost (sent 1011 (internal error) keepalive ping timeout; no close frame received) — reconnecting in 1.0 s
2026-06-11 23:36:28.435 | INFO     | bybit_edge.recorder.recording_engine | [option] connected to wss://stream.bybit.com/v5/public/option
2026-06-11 23:36:28.436 | INFO     | bybit_edge.recorder.recording_engine | Subscribed to 2 topic(s): ['tickers.BTC', 'tickers.ETH']
2026-06-11 23:36:52.029 | INFO     | bybit_edge.recorder.recording_engine | Storage telemetry: {'cap_gb': 50.0, 'used_gb': 0.0032, 'used_pct': 0.01, 'total_bytes': 3408302, 'total_segments': 354, 'evictions': 0, 'bytes_evicted': 0, 'per_stream': {'premium_index_kline': {'bytes': 3408302, 'segments': 354}}}
2026-06-11 23:36:58.621 | WARNING  | bybit_edge.recorder.recording_engine | [option] connection lost (sent 1011 (internal error) keepalive ping timeout; no close frame received) — reconnecting in 1.0 s
2026-06-11 23:37:00.396 | INFO     | bybit_edge.recorder.recording_engine | [option] connected to wss://stream.bybit.com/v5/public/option
2026-06-11 23:37:00.397 | INFO     | bybit_edge.recorder.recording_engine | Subscribed to 2 topic(s): ['tickers.BTC', 'tickers.ETH']
2026-06-11 23:37:22.135 | INFO     | bybit_edge.recorder.recording_engine | Storage telemetry: {'cap_gb': 50.0, 'used_gb': 0.0032, 'used_pct': 0.01, 'total_bytes': 3417997, 'total_segments': 355, 'evictions': 0, 'bytes_evicted': 0, 'per_stream': {'premium_index_kline': {'bytes': 3417997, 'segments': 355}}}
2026-06-11 23:37:30.593 | WARNING  | bybit_edge.recorder.recording_engine | [option] connection lost (sent 1011 (internal error) keepalive ping timeout; no close frame received) — reconnecting in 1.0 s
2026-06-11 23:37:32.345 | INFO     | bybit_edge.recorder.recording_engine | [option] connected to wss://stream.bybit.com/v5/public/option
2026-06-11 23:37:32.345 | INFO     | bybit_edge.recorder.recording_engine | Subscribed to 2 topic(s): ['tickers.BTC', 'tickers.ETH']
2026-06-11 23:37:52.225 | INFO     | bybit_edge.recorder.recording_engine | Storage telemetry: {'cap_gb': 50.0, 'used_gb': 0.0032, 'used_pct': 0.01, 'total_bytes': 3417997, 'total_segments': 355, 'evictions': 0, 'bytes_evicted': 0, 'per_stream': {'premium_index_kline': {'bytes': 3417997, 'segments': 355}}}
2026-06-11 23:38:02.559 | WARNING  | bybit_edge.recorder.recording_engine | [option] connection lost (sent 1011 (internal error) keepalive ping timeout; no close frame received) — reconnecting in 1.0 s
2026-06-11 23:38:04.314 | INFO     | bybit_edge.recorder.recording_engine | [option] connected to wss://stream.bybit.com/v5/public/option
2026-06-11 23:38:04.314 | INFO     | bybit_edge.recorder.recording_engine | Subscribed to 2 topic(s): ['tickers.BTC', 'tickers.ETH']
2026-06-11 23:38:22.322 | INFO     | bybit_edge.recorder.recording_engine | Storage telemetry: {'cap_gb': 50.0, 'used_gb': 0.0032, 'used_pct': 0.01, 'total_bytes': 3427700, 'total_segments': 356, 'evictions': 0, 'bytes_evicted': 0, 'per_stream': {'premium_index_kline': {'bytes': 3427700, 'segments': 356}}}
2026-06-11 23:38:34.509 | WARNING  | bybit_edge.recorder.recording_engine | [option] connection lost (sent 1011 (internal error) keepalive ping timeout; no close frame received) — reconnecting in 1.0 s
2026-06-11 23:38:36.264 | INFO     | bybit_edge.recorder.recording_engine | [option] connected to wss://stream.bybit.com/v5/public/option
2026-06-11 23:38:36.264 | INFO     | bybit_edge.recorder.recording_engine | Subscribed to 2 topic(s): ['tickers.BTC', 'tickers.ETH']
2026-06-11 23:38:52.424 | INFO     | bybit_edge.recorder.recording_engine | Storage telemetry: {'cap_gb': 50.0, 'used_gb': 0.0032, 'used_pct': 0.01, 'total_bytes': 3427700, 'total_segments': 356, 'evictions': 0, 'bytes_evicted': 0, 'per_stream': {'premium_index_kline': {'bytes': 3427700, 'segments': 356}}}
2026-06-11 23:39:06.459 | WARNING  | bybit_edge.recorder.recording_engine | [option] connection lost (sent 1011 (internal error) keepalive ping timeout; no close frame received) — reconnecting in 1.0 s
2026-06-11 23:39:08.198 | INFO     | bybit_edge.recorder.recording_engine | [option] connected to wss://stream.bybit.com/v5/public/option
2026-06-11 23:39:08.199 | INFO     | bybit_edge.recorder.recording_engine | Subscribed to 2 topic(s): ['tickers.BTC', 'tickers.ETH']
2026-06-11 23:39:22.527 | INFO     | bybit_edge.recorder.recording_engine | Storage telemetry: {'cap_gb': 50.0, 'used_gb': 0.0032, 'used_pct': 0.01, 'total_bytes': 3437400, 'total_segments': 357, 'evictions': 0, 'bytes_evicted': 0, 'per_stream': {'premium_index_kline': {'bytes': 3437400, 'segments': 357}}}
2026-06-11 23:39:38.402 | WARNING  | bybit_edge.recorder.recording_engine | [option] connection lost (sent 1011 (internal error) keepalive ping timeout; no close frame received) — reconnecting in 1.0 s
2026-06-11 23:39:40.157 | INFO     | bybit_edge.recorder.recording_engine | [option] connected to wss://stream.bybit.com/v5/public/option
2026-06-11 23:39:40.157 | INFO     | bybit_edge.recorder.recording_engine | Subscribed to 2 topic(s): ['tickers.BTC', 'tickers.ETH']
2026-06-11 23:39:52.619 | INFO     | bybit_edge.recorder.recording_engine | Storage telemetry: {'cap_gb': 50.0, 'used_gb': 0.0032, 'used_pct': 0.01, 'total_bytes': 3437400, 'total_segments': 357, 'evictions': 0, 'bytes_evicted': 0, 'per_stream': {'premium_index_kline': {'bytes': 3437400, 'segments': 357}}}
2026-06-11 23:40:10.363 | WARNING  | bybit_edge.recorder.recording_engine | [option] connection lost (sent 1011 (internal error) keepalive ping timeout; no close frame received) — reconnecting in 1.0 s
2026-06-11 23:40:12.162 | INFO     | bybit_edge.recorder.recording_engine | [option] connected to wss://stream.bybit.com/v5/public/option
2026-06-11 23:40:12.163 | INFO     | bybit_edge.recorder.recording_engine | Subscribed to 2 topic(s): ['tickers.BTC', 'tickers.ETH']
2026-06-11 23:40:22.716 | INFO     | bybit_edge.recorder.recording_engine | Storage telemetry: {'cap_gb': 50.0, 'used_gb': 0.0032, 'used_pct': 0.01, 'total_bytes': 3447086, 'total_segments': 358, 'evictions': 0, 'bytes_evicted': 0, 'per_stream': {'premium_index_kline': {'bytes': 3447086, 'segments': 358}}}
2026-06-11 23:40:42.357 | WARNING  | bybit_edge.recorder.recording_engine | [option] connection lost (sent 1011 (internal error) keepalive ping timeout; no close frame received) — reconnecting in 1.0 s
2026-06-11 23:40:44.106 | INFO     | bybit_edge.recorder.recording_engine | [option] connected to wss://stream.bybit.com/v5/public/option
2026-06-11 23:40:44.106 | INFO     | bybit_edge.recorder.recording_engine | Subscribed to 2 topic(s): ['tickers.BTC', 'tickers.ETH']
2026-06-11 23:40:52.805 | INFO     | bybit_edge.recorder.recording_engine | Storage telemetry: {'cap_gb': 50.0, 'used_gb': 0.0032, 'used_pct': 0.01, 'total_bytes': 3447086, 'total_segments': 358, 'evictions': 0, 'bytes_evicted': 0, 'per_stream': {'premium_index_kline': {'bytes': 3447086, 'segments': 358}}}
2026-06-11 23:41:14.304 | WARNING  | bybit_edge.recorder.recording_engine | [option] connection lost (sent 1011 (internal error) keepalive ping timeout; no close frame received) — reconnecting in 1.0 s
2026-06-11 23:41:16.054 | INFO     | bybit_edge.recorder.recording_engine | [option] connected to wss://stream.bybit.com/v5/public/option
2026-06-11 23:41:16.055 | INFO     | bybit_edge.recorder.recording_engine | Subscribed to 2 topic(s): ['tickers.BTC', 'tickers.ETH']
2026-06-11 23:41:22.916 | INFO     | bybit_edge.recorder.recording_engine | Storage telemetry: {'cap_gb': 50.0, 'used_gb': 0.0032, 'used_pct': 0.01, 'total_bytes': 3456756, 'total_segments': 359, 'evictions': 0, 'bytes_evicted': 0, 'per_stream': {'premium_index_kline': {'bytes': 3456756, 'segments': 359}}}
2026-06-11 23:41:46.258 | WARNING  | bybit_edge.recorder.recording_engine | [option] connection lost (sent 1011 (internal error) keepalive ping timeout; no close frame received) — reconnecting in 1.0 s
2026-06-11 23:41:48.001 | INFO     | bybit_edge.recorder.recording_engine | [option] connected to wss://stream.bybit.com/v5/public/option
2026-06-11 23:41:48.002 | INFO     | bybit_edge.recorder.recording_engine | Subscribed to 2 topic(s): ['tickers.BTC', 'tickers.ETH']
2026-06-11 23:41:53.023 | INFO     | bybit_edge.recorder.recording_engine | Storage telemetry: {'cap_gb': 50.0, 'used_gb': 0.0032, 'used_pct': 0.01, 'total_bytes': 3456756, 'total_segments': 359, 'evictions': 0, 'bytes_evicted': 0, 'per_stream': {'premium_index_kline': {'bytes': 3456756, 'segments': 359}}}
2026-06-11 23:42:18.207 | WARNING  | bybit_edge.recorder.recording_engine | [option] connection lost (sent 1011 (internal error) keepalive ping timeout; no close frame received) — reconnecting in 1.0 s
2026-06-11 23:42:19.986 | INFO     | bybit_edge.recorder.recording_engine | [option] connected to wss://stream.bybit.com/v5/public/option
2026-06-11 23:42:19.987 | INFO     | bybit_edge.recorder.recording_engine | Subscribed to 2 topic(s): ['tickers.BTC', 'tickers.ETH']
2026-06-11 23:42:23.141 | INFO     | bybit_edge.recorder.recording_engine | Storage telemetry: {'cap_gb': 50.0, 'used_gb': 0.0032, 'used_pct': 0.01, 'total_bytes': 3466434, 'total_segments': 360, 'evictions': 0, 'bytes_evicted': 0, 'per_stream': {'premium_index_kline': {'bytes': 3466434, 'segments': 360}}}
2026-06-11 23:42:50.171 | WARNING  | bybit_edge.recorder.recording_engine | [option] connection lost (sent 1011 (internal error) keepalive ping timeout; no close frame received) — reconnecting in 1.0 s
2026-06-11 23:42:51.913 | INFO     | bybit_edge.recorder.recording_engine | [option] connected to wss://stream.bybit.com/v5/public/option
2026-06-11 23:42:51.913 | INFO     | bybit_edge.recorder.recording_engine | Subscribed to 2 topic(s): ['tickers.BTC', 'tickers.ETH']
2026-06-11 23:42:53.252 | INFO     | bybit_edge.recorder.recording_engine | Storage telemetry: {'cap_gb': 50.0, 'used_gb': 0.0032, 'used_pct': 0.01, 'total_bytes': 3466434, 'total_segments': 360, 'evictions': 0, 'bytes_evicted': 0, 'per_stream': {'premium_index_kline': {'bytes': 3466434, 'segments': 360}}}
2026-06-11 23:43:22.106 | WARNING  | bybit_edge.recorder.recording_engine | [option] connection lost (sent 1011 (internal error) keepalive ping timeout; no close frame received) — reconnecting in 1.0 s
2026-06-11 23:43:23.362 | INFO     | bybit_edge.recorder.recording_engine | Storage telemetry: {'cap_gb': 50.0, 'used_gb': 0.0032, 'used_pct': 0.01, 'total_bytes': 3476110, 'total_segments': 361, 'evictions': 0, 'bytes_evicted': 0, 'per_stream': {'premium_index_kline': {'bytes': 3476110, 'segments': 361}}}
2026-06-11 23:43:23.685 | INFO     | bybit_edge.recorder.recording_engine | [option] connected to wss://stream.bybit.com/v5/public/option
2026-06-11 23:43:23.686 | INFO     | bybit_edge.recorder.recording_engine | Subscribed to 2 topic(s): ['tickers.BTC', 'tickers.ETH']
2026-06-11 23:43:53.467 | INFO     | bybit_edge.recorder.recording_engine | Storage telemetry: {'cap_gb': 50.0, 'used_gb': 0.0032, 'used_pct': 0.01, 'total_bytes': 3476110, 'total_segments': 361, 'evictions': 0, 'bytes_evicted': 0, 'per_stream': {'premium_index_kline': {'bytes': 3476110, 'segments': 361}}}
2026-06-11 23:43:53.883 | WARNING  | bybit_edge.recorder.recording_engine | [option] connection lost (sent 1011 (internal error) keepalive ping timeout; no close frame received) — reconnecting in 1.0 s
2026-06-11 23:43:55.465 | INFO     | bybit_edge.recorder.recording_engine | [option] connected to wss://stream.bybit.com/v5/public/option
2026-06-11 23:43:55.466 | INFO     | bybit_edge.recorder.recording_engine | Subscribed to 2 topic(s): ['tickers.BTC', 'tickers.ETH']
2026-06-11 23:44:23.572 | INFO     | bybit_edge.recorder.recording_engine | Storage telemetry: {'cap_gb': 50.0, 'used_gb': 0.0032, 'used_pct': 0.01, 'total_bytes': 3485786, 'total_segments': 362, 'evictions': 0, 'bytes_evicted': 0, 'per_stream': {'premium_index_kline': {'bytes': 3485786, 'segments': 362}}}
2026-06-11 23:44:25.668 | WARNING  | bybit_edge.recorder.recording_engine | [option] connection lost (sent 1011 (internal error) keepalive ping timeout; no close frame received) — reconnecting in 1.0 s
2026-06-11 23:44:27.413 | INFO     | bybit_edge.recorder.recording_engine | [option] connected to wss://stream.bybit.com/v5/public/option
2026-06-11 23:44:27.414 | INFO     | bybit_edge.recorder.recording_engine | Subscribed to 2 topic(s): ['tickers.BTC', 'tickers.ETH']
2026-06-11 23:44:53.681 | INFO     | bybit_edge.recorder.recording_engine | Storage telemetry: {'cap_gb': 50.0, 'used_gb': 0.0032, 'used_pct': 0.01, 'total_bytes': 3485786, 'total_segments': 362, 'evictions': 0, 'bytes_evicted': 0, 'per_stream': {'premium_index_kline': {'bytes': 3485786, 'segments': 362}}}
2026-06-11 23:44:57.627 | WARNING  | bybit_edge.recorder.recording_engine | [option] connection lost (sent 1011 (internal error) keepalive ping timeout; no close frame received) — reconnecting in 1.0 s
2026-06-11 23:44:59.379 | INFO     | bybit_edge.recorder.recording_engine | [option] connected to wss://stream.bybit.com/v5/public/option
2026-06-11 23:44:59.381 | INFO     | bybit_edge.recorder.recording_engine | Subscribed to 2 topic(s): ['tickers.BTC', 'tickers.ETH']
2026-06-11 23:45:23.785 | INFO     | bybit_edge.recorder.recording_engine | Storage telemetry: {'cap_gb': 50.0, 'used_gb': 0.0033, 'used_pct': 0.01, 'total_bytes': 3495469, 'total_segments': 363, 'evictions': 0, 'bytes_evicted': 0, 'per_stream': {'premium_index_kline': {'bytes': 3495469, 'segments': 363}}}
2026-06-11 23:45:29.598 | WARNING  | bybit_edge.recorder.recording_engine | [option] connection lost (sent 1011 (internal error) keepalive ping timeout; no close frame received) — reconnecting in 1.0 s
2026-06-11 23:45:31.384 | INFO     | bybit_edge.recorder.recording_engine | [option] connected to wss://stream.bybit.com/v5/public/option
2026-06-11 23:45:31.385 | INFO     | bybit_edge.recorder.recording_engine | Subscribed to 2 topic(s): ['tickers.BTC', 'tickers.ETH']
2026-06-11 23:45:53.889 | INFO     | bybit_edge.recorder.recording_engine | Storage telemetry: {'cap_gb': 50.0, 'used_gb': 0.0033, 'used_pct': 0.01, 'total_bytes': 3495469, 'total_segments': 363, 'evictions': 0, 'bytes_evicted': 0, 'per_stream': {'premium_index_kline': {'bytes': 3495469, 'segments': 363}}}
2026-06-11 23:46:01.552 | WARNING  | bybit_edge.recorder.recording_engine | [option] connection lost (sent 1011 (internal error) keepalive ping timeout; no close frame received) — reconnecting in 1.0 s
2026-06-11 23:46:03.291 | INFO     | bybit_edge.recorder.recording_engine | [option] connected to wss://stream.bybit.com/v5/public/option
2026-06-11 23:46:03.292 | INFO     | bybit_edge.recorder.recording_engine | Subscribed to 2 topic(s): ['tickers.BTC', 'tickers.ETH']
2026-06-11 23:46:24.002 | INFO     | bybit_edge.recorder.recording_engine | Storage telemetry: {'cap_gb': 50.0, 'used_gb': 0.0033, 'used_pct': 0.01, 'total_bytes': 3505154, 'total_segments': 364, 'evictions': 0, 'bytes_evicted': 0, 'per_stream': {'premium_index_kline': {'bytes': 3505154, 'segments': 364}}}
2026-06-11 23:46:33.488 | WARNING  | bybit_edge.recorder.recording_engine | [option] connection lost (sent 1011 (internal error) keepalive ping timeout; no close frame received) — reconnecting in 1.0 s
2026-06-11 23:46:35.238 | INFO     | bybit_edge.recorder.recording_engine | [option] connected to wss://stream.bybit.com/v5/public/option
2026-06-11 23:46:35.238 | INFO     | bybit_edge.recorder.recording_engine | Subscribed to 2 topic(s): ['tickers.BTC', 'tickers.ETH']
2026-06-11 23:46:54.110 | INFO     | bybit_edge.recorder.recording_engine | Storage telemetry: {'cap_gb': 50.0, 'used_gb': 0.0033, 'used_pct': 0.01, 'total_bytes': 3505154, 'total_segments': 364, 'evictions': 0, 'bytes_evicted': 0, 'per_stream': {'premium_index_kline': {'bytes': 3505154, 'segments': 364}}}
2026-06-11 23:47:05.446 | WARNING  | bybit_edge.recorder.recording_engine | [option] connection lost (sent 1011 (internal error) keepalive ping timeout; no close frame received) — reconnecting in 1.0 s
2026-06-11 23:47:07.185 | INFO     | bybit_edge.recorder.recording_engine | [option] connected to wss://stream.bybit.com/v5/public/option
2026-06-11 23:47:07.185 | INFO     | bybit_edge.recorder.recording_engine | Subscribed to 2 topic(s): ['tickers.BTC', 'tickers.ETH']
2026-06-11 23:47:24.209 | INFO     | bybit_edge.recorder.recording_engine | Storage telemetry: {'cap_gb': 50.0, 'used_gb': 0.0033, 'used_pct': 0.01, 'total_bytes': 3514842, 'total_segments': 365, 'evictions': 0, 'bytes_evicted': 0, 'per_stream': {'premium_index_kline': {'bytes': 3514842, 'segments': 365}}}
2026-06-11 23:47:37.390 | WARNING  | bybit_edge.recorder.recording_engine | [option] connection lost (sent 1011 (internal error) keepalive ping timeout; no close frame received) — reconnecting in 1.0 s
2026-06-11 23:47:39.149 | INFO     | bybit_edge.recorder.recording_engine | [option] connected to wss://stream.bybit.com/v5/public/option
2026-06-11 23:47:39.149 | INFO     | bybit_edge.recorder.recording_engine | Subscribed to 2 topic(s): ['tickers.BTC', 'tickers.ETH']
2026-06-11 23:47:54.323 | INFO     | bybit_edge.recorder.recording_engine | Storage telemetry: {'cap_gb': 50.0, 'used_gb': 0.0033, 'used_pct': 0.01, 'total_bytes': 3514842, 'total_segments': 365, 'evictions': 0, 'bytes_evicted': 0, 'per_stream': {'premium_index_kline': {'bytes': 3514842, 'segments': 365}}}
2026-06-11 23:48:09.338 | WARNING  | bybit_edge.recorder.recording_engine | [option] connection lost (sent 1011 (internal error) keepalive ping timeout; no close frame received) — reconnecting in 1.0 s
2026-06-11 23:48:11.134 | INFO     | bybit_edge.recorder.recording_engine | [option] connected to wss://stream.bybit.com/v5/public/option
2026-06-11 23:48:11.134 | INFO     | bybit_edge.recorder.recording_engine | Subscribed to 2 topic(s): ['tickers.BTC', 'tickers.ETH']
2026-06-11 23:48:24.416 | INFO     | bybit_edge.recorder.recording_engine | Storage telemetry: {'cap_gb': 50.0, 'used_gb': 0.0033, 'used_pct': 0.01, 'total_bytes': 3524525, 'total_segments': 366, 'evictions': 0, 'bytes_evicted': 0, 'per_stream': {'premium_index_kline': {'bytes': 3524525, 'segments': 366}}}
2026-06-11 23:48:41.333 | WARNING  | bybit_edge.recorder.recording_engine | [option] connection lost (sent 1011 (internal error) keepalive ping timeout; no close frame received) — reconnecting in 1.0 s
2026-06-11 23:48:43.070 | INFO     | bybit_edge.recorder.recording_engine | [option] connected to wss://stream.bybit.com/v5/public/option
2026-06-11 23:48:43.070 | INFO     | bybit_edge.recorder.recording_engine | Subscribed to 2 topic(s): ['tickers.BTC', 'tickers.ETH']
2026-06-11 23:48:54.501 | INFO     | bybit_edge.recorder.recording_engine | Storage telemetry: {'cap_gb': 50.0, 'used_gb': 0.0033, 'used_pct': 0.01, 'total_bytes': 3524525, 'total_segments': 366, 'evictions': 0, 'bytes_evicted': 0, 'per_stream': {'premium_index_kline': {'bytes': 3524525, 'segments': 366}}}
2026-06-11 23:49:13.242 | WARNING  | bybit_edge.recorder.recording_engine | [option] connection lost (sent 1011 (internal error) keepalive ping timeout; no close frame received) — reconnecting in 1.0 s
2026-06-11 23:49:14.989 | INFO     | bybit_edge.recorder.recording_engine | [option] connected to wss://stream.bybit.com/v5/public/option
2026-06-11 23:49:14.989 | INFO     | bybit_edge.recorder.recording_engine | Subscribed to 2 topic(s): ['tickers.BTC', 'tickers.ETH']
2026-06-11 23:49:24.614 | INFO     | bybit_edge.recorder.recording_engine | Storage telemetry: {'cap_gb': 50.0, 'used_gb': 0.0033, 'used_pct': 0.01, 'total_bytes': 3534202, 'total_segments': 367, 'evictions': 0, 'bytes_evicted': 0, 'per_stream': {'premium_index_kline': {'bytes': 3534202, 'segments': 367}}}
2026-06-11 23:49:45.201 | WARNING  | bybit_edge.recorder.recording_engine | [option] connection lost (sent 1011 (internal error) keepalive ping timeout; no close frame received) — reconnecting in 1.0 s
2026-06-11 23:49:46.953 | INFO     | bybit_edge.recorder.recording_engine | [option] connected to wss://stream.bybit.com/v5/public/option
2026-06-11 23:49:46.953 | INFO     | bybit_edge.recorder.recording_engine | Subscribed to 2 topic(s): ['tickers.BTC', 'tickers.ETH']
2026-06-11 23:49:54.722 | INFO     | bybit_edge.recorder.recording_engine | Storage telemetry: {'cap_gb': 50.0, 'used_gb': 0.0033, 'used_pct': 0.01, 'total_bytes': 3534202, 'total_segments': 367, 'evictions': 0, 'bytes_evicted': 0, 'per_stream': {'premium_index_kline': {'bytes': 3534202, 'segments': 367}}}
2026-06-11 23:50:17.163 | WARNING  | bybit_edge.recorder.recording_engine | [option] connection lost (sent 1011 (internal error) keepalive ping timeout; no close frame received) — reconnecting in 1.0 s
2026-06-11 23:50:18.907 | INFO     | bybit_edge.recorder.recording_engine | [option] connected to wss://stream.bybit.com/v5/public/option
2026-06-11 23:50:18.907 | INFO     | bybit_edge.recorder.recording_engine | Subscribed to 2 topic(s): ['tickers.BTC', 'tickers.ETH']
2026-06-11 23:50:24.828 | INFO     | bybit_edge.recorder.recording_engine | Storage telemetry: {'cap_gb': 50.0, 'used_gb': 0.0033, 'used_pct': 0.01, 'total_bytes': 3543887, 'total_segments': 368, 'evictions': 0, 'bytes_evicted': 0, 'per_stream': {'premium_index_kline': {'bytes': 3543887, 'segments': 368}}}
2026-06-11 23:50:49.093 | WARNING  | bybit_edge.recorder.recording_engine | [option] connection lost (sent 1011 (internal error) keepalive ping timeout; no close frame received) — reconnecting in 1.0 s
2026-06-11 23:50:50.868 | INFO     | bybit_edge.recorder.recording_engine | [option] connected to wss://stream.bybit.com/v5/public/option
2026-06-11 23:50:50.868 | INFO     | bybit_edge.recorder.recording_engine | Subscribed to 2 topic(s): ['tickers.BTC', 'tickers.ETH']
2026-06-11 23:50:54.930 | INFO     | bybit_edge.recorder.recording_engine | Storage telemetry: {'cap_gb': 50.0, 'used_gb': 0.0033, 'used_pct': 0.01, 'total_bytes': 3543887, 'total_segments': 368, 'evictions': 0, 'bytes_evicted': 0, 'per_stream': {'premium_index_kline': {'bytes': 3543887, 'segments': 368}}}
2026-06-11 23:51:21.054 | WARNING  | bybit_edge.recorder.recording_engine | [option] connection lost (sent 1011 (internal error) keepalive ping timeout; no close frame received) — reconnecting in 1.0 s
2026-06-11 23:51:22.800 | INFO     | bybit_edge.recorder.recording_engine | [option] connected to wss://stream.bybit.com/v5/public/option
2026-06-11 23:51:22.801 | INFO     | bybit_edge.recorder.recording_engine | Subscribed to 2 topic(s): ['tickers.BTC', 'tickers.ETH']
2026-06-11 23:51:25.034 | INFO     | bybit_edge.recorder.recording_engine | Storage telemetry: {'cap_gb': 50.0, 'used_gb': 0.0033, 'used_pct': 0.01, 'total_bytes': 3553568, 'total_segments': 369, 'evictions': 0, 'bytes_evicted': 0, 'per_stream': {'premium_index_kline': {'bytes': 3553568, 'segments': 369}}}
2026-06-11 23:51:52.985 | WARNING  | bybit_edge.recorder.recording_engine | [option] connection lost (sent 1011 (internal error) keepalive ping timeout; no close frame received) — reconnecting in 1.0 s
2026-06-11 23:51:54.722 | INFO     | bybit_edge.recorder.recording_engine | [option] connected to wss://stream.bybit.com/v5/public/option
2026-06-11 23:51:54.723 | INFO     | bybit_edge.recorder.recording_engine | Subscribed to 2 topic(s): ['tickers.BTC', 'tickers.ETH']
2026-06-11 23:51:55.145 | INFO     | bybit_edge.recorder.recording_engine | Storage telemetry: {'cap_gb': 50.0, 'used_gb': 0.0033, 'used_pct': 0.01, 'total_bytes': 3553568, 'total_segments': 369, 'evictions': 0, 'bytes_evicted': 0, 'per_stream': {'premium_index_kline': {'bytes': 3553568, 'segments': 369}}}
2026-06-11 23:52:24.945 | WARNING  | bybit_edge.recorder.recording_engine | [option] connection lost (sent 1011 (internal error) keepalive ping timeout; no close frame received) — reconnecting in 1.0 s
2026-06-11 23:52:25.250 | INFO     | bybit_edge.recorder.recording_engine | Storage telemetry: {'cap_gb': 50.0, 'used_gb': 0.0033, 'used_pct': 0.01, 'total_bytes': 3563267, 'total_segments': 370, 'evictions': 0, 'bytes_evicted': 0, 'per_stream': {'premium_index_kline': {'bytes': 3563267, 'segments': 370}}}
2026-06-11 23:52:26.727 | INFO     | bybit_edge.recorder.recording_engine | [option] connected to wss://stream.bybit.com/v5/public/option
2026-06-11 23:52:26.727 | INFO     | bybit_edge.recorder.recording_engine | Subscribed to 2 topic(s): ['tickers.BTC', 'tickers.ETH']
2026-06-11 23:52:55.347 | INFO     | bybit_edge.recorder.recording_engine | Storage telemetry: {'cap_gb': 50.0, 'used_gb': 0.0033, 'used_pct': 0.01, 'total_bytes': 3563267, 'total_segments': 370, 'evictions': 0, 'bytes_evicted': 0, 'per_stream': {'premium_index_kline': {'bytes': 3563267, 'segments': 370}}}
2026-06-11 23:52:56.921 | WARNING  | bybit_edge.recorder.recording_engine | [option] connection lost (sent 1011 (internal error) keepalive ping timeout; no close frame received) — reconnecting in 1.0 s
2026-06-11 23:52:58.699 | INFO     | bybit_edge.recorder.recording_engine | [option] connected to wss://stream.bybit.com/v5/public/option
2026-06-11 23:52:58.699 | INFO     | bybit_edge.recorder.recording_engine | Subscribed to 2 topic(s): ['tickers.BTC', 'tickers.ETH']
2026-06-11 23:53:25.455 | INFO     | bybit_edge.recorder.recording_engine | Storage telemetry: {'cap_gb': 50.0, 'used_gb': 0.0033, 'used_pct': 0.01, 'total_bytes': 3572953, 'total_segments': 371, 'evictions': 0, 'bytes_evicted': 0, 'per_stream': {'premium_index_kline': {'bytes': 3572953, 'segments': 371}}}
2026-06-11 23:53:28.881 | WARNING  | bybit_edge.recorder.recording_engine | [option] connection lost (sent 1011 (internal error) keepalive ping timeout; no close frame received) — reconnecting in 1.0 s
2026-06-11 23:53:30.636 | INFO     | bybit_edge.recorder.recording_engine | [option] connected to wss://stream.bybit.com/v5/public/option
2026-06-11 23:53:30.637 | INFO     | bybit_edge.recorder.recording_engine | Subscribed to 2 topic(s): ['tickers.BTC', 'tickers.ETH']
2026-06-11 23:53:55.567 | INFO     | bybit_edge.recorder.recording_engine | Storage telemetry: {'cap_gb': 50.0, 'used_gb': 0.0033, 'used_pct': 0.01, 'total_bytes': 3572953, 'total_segments': 371, 'evictions': 0, 'bytes_evicted': 0, 'per_stream': {'premium_index_kline': {'bytes': 3572953, 'segments': 371}}}
2026-06-11 23:54:00.847 | WARNING  | bybit_edge.recorder.recording_engine | [option] connection lost (sent 1011 (internal error) keepalive ping timeout; no close frame received) — reconnecting in 1.0 s
2026-06-11 23:54:02.639 | INFO     | bybit_edge.recorder.recording_engine | [option] connected to wss://stream.bybit.com/v5/public/option
2026-06-11 23:54:02.639 | INFO     | bybit_edge.recorder.recording_engine | Subscribed to 2 topic(s): ['tickers.BTC', 'tickers.ETH']
2026-06-11 23:54:25.666 | INFO     | bybit_edge.recorder.recording_engine | Storage telemetry: {'cap_gb': 50.0, 'used_gb': 0.0033, 'used_pct': 0.01, 'total_bytes': 3582636, 'total_segments': 372, 'evictions': 0, 'bytes_evicted': 0, 'per_stream': {'premium_index_kline': {'bytes': 3582636, 'segments': 372}}}
2026-06-11 23:54:32.857 | WARNING  | bybit_edge.recorder.recording_engine | [option] connection lost (sent 1011 (internal error) keepalive ping timeout; no close frame received) — reconnecting in 1.0 s
2026-06-11 23:54:34.631 | INFO     | bybit_edge.recorder.recording_engine | [option] connected to wss://stream.bybit.com/v5/public/option
2026-06-11 23:54:34.632 | INFO     | bybit_edge.recorder.recording_engine | Subscribed to 2 topic(s): ['tickers.BTC', 'tickers.ETH']
2026-06-11 23:54:55.785 | INFO     | bybit_edge.recorder.recording_engine | Storage telemetry: {'cap_gb': 50.0, 'used_gb': 0.0033, 'used_pct': 0.01, 'total_bytes': 3582636, 'total_segments': 372, 'evictions': 0, 'bytes_evicted': 0, 'per_stream': {'premium_index_kline': {'bytes': 3582636, 'segments': 372}}}
2026-06-11 23:55:04.831 | WARNING  | bybit_edge.recorder.recording_engine | [option] connection lost (sent 1011 (internal error) keepalive ping timeout; no close frame received) — reconnecting in 1.0 s
2026-06-11 23:55:06.578 | INFO     | bybit_edge.recorder.recording_engine | [option] connected to wss://stream.bybit.com/v5/public/option
2026-06-11 23:55:06.579 | INFO     | bybit_edge.recorder.recording_engine | Subscribed to 2 topic(s): ['tickers.BTC', 'tickers.ETH']
2026-06-11 23:55:25.882 | INFO     | bybit_edge.recorder.recording_engine | Storage telemetry: {'cap_gb': 50.0, 'used_gb': 0.0033, 'used_pct': 0.01, 'total_bytes': 3592319, 'total_segments': 373, 'evictions': 0, 'bytes_evicted': 0, 'per_stream': {'premium_index_kline': {'bytes': 3592319, 'segments': 373}}}
2026-06-11 23:55:36.804 | WARNING  | bybit_edge.recorder.recording_engine | [option] connection lost (sent 1011 (internal error) keepalive ping timeout; no close frame received) — reconnecting in 1.0 s
2026-06-11 23:55:38.570 | INFO     | bybit_edge.recorder.recording_engine | [option] connected to wss://stream.bybit.com/v5/public/option
2026-06-11 23:55:38.571 | INFO     | bybit_edge.recorder.recording_engine | Subscribed to 2 topic(s): ['tickers.BTC', 'tickers.ETH']
2026-06-11 23:55:55.984 | INFO     | bybit_edge.recorder.recording_engine | Storage telemetry: {'cap_gb': 50.0, 'used_gb': 0.0033, 'used_pct': 0.01, 'total_bytes': 3592319, 'total_segments': 373, 'evictions': 0, 'bytes_evicted': 0, 'per_stream': {'premium_index_kline': {'bytes': 3592319, 'segments': 373}}}
2026-06-11 23:56:08.752 | WARNING  | bybit_edge.recorder.recording_engine | [option] connection lost (sent 1011 (internal error) keepalive ping timeout; no close frame received) — reconnecting in 1.0 s
2026-06-11 23:56:10.552 | INFO     | bybit_edge.recorder.recording_engine | [option] connected to wss://stream.bybit.com/v5/public/option
2026-06-11 23:56:10.552 | INFO     | bybit_edge.recorder.recording_engine | Subscribed to 2 topic(s): ['tickers.BTC', 'tickers.ETH']
2026-06-11 23:56:26.085 | INFO     | bybit_edge.recorder.recording_engine | Storage telemetry: {'cap_gb': 50.0, 'used_gb': 0.0034, 'used_pct': 0.01, 'total_bytes': 3601999, 'total_segments': 374, 'evictions': 0, 'bytes_evicted': 0, 'per_stream': {'premium_index_kline': {'bytes': 3601999, 'segments': 374}}}
2026-06-11 23:56:40.750 | WARNING  | bybit_edge.recorder.recording_engine | [option] connection lost (sent 1011 (internal error) keepalive ping timeout; no close frame received) — reconnecting in 1.0 s
2026-06-11 23:56:42.489 | INFO     | bybit_edge.recorder.recording_engine | [option] connected to wss://stream.bybit.com/v5/public/option
2026-06-11 23:56:42.489 | INFO     | bybit_edge.recorder.recording_engine | Subscribed to 2 topic(s): ['tickers.BTC', 'tickers.ETH']
2026-06-11 23:56:56.193 | INFO     | bybit_edge.recorder.recording_engine | Storage telemetry: {'cap_gb': 50.0, 'used_gb': 0.0034, 'used_pct': 0.01, 'total_bytes': 3601999, 'total_segments': 374, 'evictions': 0, 'bytes_evicted': 0, 'per_stream': {'premium_index_kline': {'bytes': 3601999, 'segments': 374}}}
2026-06-11 23:57:12.683 | WARNING  | bybit_edge.recorder.recording_engine | [option] connection lost (sent 1011 (internal error) keepalive ping timeout; no close frame received) — reconnecting in 1.0 s
2026-06-11 23:57:14.436 | INFO     | bybit_edge.recorder.recording_engine | [option] connected to wss://stream.bybit.com/v5/public/option
2026-06-11 23:57:14.437 | INFO     | bybit_edge.recorder.recording_engine | Subscribed to 2 topic(s): ['tickers.BTC', 'tickers.ETH']
2026-06-11 23:57:26.302 | INFO     | bybit_edge.recorder.recording_engine | Storage telemetry: {'cap_gb': 50.0, 'used_gb': 0.0034, 'used_pct': 0.01, 'total_bytes': 3611672, 'total_segments': 375, 'evictions': 0, 'bytes_evicted': 0, 'per_stream': {'premium_index_kline': {'bytes': 3611672, 'segments': 375}}}
2026-06-11 23:57:44.629 | WARNING  | bybit_edge.recorder.recording_engine | [option] connection lost (sent 1011 (internal error) keepalive ping timeout; no close frame received) — reconnecting in 1.0 s
2026-06-11 23:57:46.370 | INFO     | bybit_edge.recorder.recording_engine | [option] connected to wss://stream.bybit.com/v5/public/option
2026-06-11 23:57:46.371 | INFO     | bybit_edge.recorder.recording_engine | Subscribed to 2 topic(s): ['tickers.BTC', 'tickers.ETH']
2026-06-11 23:57:56.413 | INFO     | bybit_edge.recorder.recording_engine | Storage telemetry: {'cap_gb': 50.0, 'used_gb': 0.0034, 'used_pct': 0.01, 'total_bytes': 3611672, 'total_segments': 375, 'evictions': 0, 'bytes_evicted': 0, 'per_stream': {'premium_index_kline': {'bytes': 3611672, 'segments': 375}}}
2026-06-11 23:58:16.567 | WARNING  | bybit_edge.recorder.recording_engine | [option] connection lost (sent 1011 (internal error) keepalive ping timeout; no close frame received) — reconnecting in 1.0 s
2026-06-11 23:58:18.326 | INFO     | bybit_edge.recorder.recording_engine | [option] connected to wss://stream.bybit.com/v5/public/option
2026-06-11 23:58:18.327 | INFO     | bybit_edge.recorder.recording_engine | Subscribed to 2 topic(s): ['tickers.BTC', 'tickers.ETH']
2026-06-11 23:58:26.521 | INFO     | bybit_edge.recorder.recording_engine | Storage telemetry: {'cap_gb': 50.0, 'used_gb': 0.0034, 'used_pct': 0.01, 'total_bytes': 3621346, 'total_segments': 376, 'evictions': 0, 'bytes_evicted': 0, 'per_stream': {'premium_index_kline': {'bytes': 3621346, 'segments': 376}}}
2026-06-11 23:58:48.523 | WARNING  | bybit_edge.recorder.recording_engine | [option] connection lost (sent 1011 (internal error) keepalive ping timeout; no close frame received) — reconnecting in 1.0 s
2026-06-11 23:58:50.326 | INFO     | bybit_edge.recorder.recording_engine | [option] connected to wss://stream.bybit.com/v5/public/option
2026-06-11 23:58:50.327 | INFO     | bybit_edge.recorder.recording_engine | Subscribed to 2 topic(s): ['tickers.BTC', 'tickers.ETH']
2026-06-11 23:58:56.631 | INFO     | bybit_edge.recorder.recording_engine | Storage telemetry: {'cap_gb': 50.0, 'used_gb': 0.0034, 'used_pct': 0.01, 'total_bytes': 3621346, 'total_segments': 376, 'evictions': 0, 'bytes_evicted': 0, 'per_stream': {'premium_index_kline': {'bytes': 3621346, 'segments': 376}}}
2026-06-11 23:59:20.539 | WARNING  | bybit_edge.recorder.recording_engine | [option] connection lost (sent 1011 (internal error) keepalive ping timeout; no close frame received) — reconnecting in 1.0 s
2026-06-11 23:59:22.299 | INFO     | bybit_edge.recorder.recording_engine | [option] connected to wss://stream.bybit.com/v5/public/option
2026-06-11 23:59:22.299 | INFO     | bybit_edge.recorder.recording_engine | Subscribed to 2 topic(s): ['tickers.BTC', 'tickers.ETH']
2026-06-11 23:59:26.727 | INFO     | bybit_edge.recorder.recording_engine | Storage telemetry: {'cap_gb': 50.0, 'used_gb': 0.0034, 'used_pct': 0.01, 'total_bytes': 3631020, 'total_segments': 377, 'evictions': 0, 'bytes_evicted': 0, 'per_stream': {'premium_index_kline': {'bytes': 3631020, 'segments': 377}}}
2026-06-11 23:59:52.512 | WARNING  | bybit_edge.recorder.recording_engine | [option] connection lost (sent 1011 (internal error) keepalive ping timeout; no close frame received) — reconnecting in 1.0 s
2026-06-11 23:59:54.271 | INFO     | bybit_edge.recorder.recording_engine | [option] connected to wss://stream.bybit.com/v5/public/option
2026-06-11 23:59:54.271 | INFO     | bybit_edge.recorder.recording_engine | Subscribed to 2 topic(s): ['tickers.BTC', 'tickers.ETH']
2026-06-11 23:59:56.840 | INFO     | bybit_edge.recorder.recording_engine | Storage telemetry: {'cap_gb': 50.0, 'used_gb': 0.0034, 'used_pct': 0.01, 'total_bytes': 3631020, 'total_segments': 377, 'evictions': 0, 'bytes_evicted': 0, 'per_stream': {'premium_index_kline': {'bytes': 3631020, 'segments': 377}}}
2026-06-12 00:00:24.458 | WARNING  | bybit_edge.recorder.recording_engine | [option] connection lost (sent 1011 (internal error) keepalive ping timeout; no close frame received) — reconnecting in 1.0 s
2026-06-12 00:00:26.218 | INFO     | bybit_edge.recorder.recording_engine | [option] connected to wss://stream.bybit.com/v5/public/option
2026-06-12 00:00:26.219 | INFO     | bybit_edge.recorder.recording_engine | Subscribed to 2 topic(s): ['tickers.BTC', 'tickers.ETH']
2026-06-12 00:00:26.941 | INFO     | bybit_edge.recorder.recording_engine | Storage telemetry: {'cap_gb': 50.0, 'used_gb': 0.0034, 'used_pct': 0.01, 'total_bytes': 3640686, 'total_segments': 378, 'evictions': 0, 'bytes_evicted': 0, 'per_stream': {'premium_index_kline': {'bytes': 3640686, 'segments': 378}}}
2026-06-12 00:00:56.423 | WARNING  | bybit_edge.recorder.recording_engine | [option] connection lost (sent 1011 (internal error) keepalive ping timeout; no close frame received) — reconnecting in 1.0 s
2026-06-12 00:00:57.047 | INFO     | bybit_edge.recorder.recording_engine | Storage telemetry: {'cap_gb': 50.0, 'used_gb': 0.0034, 'used_pct': 0.01, 'total_bytes': 3640686, 'total_segments': 378, 'evictions': 0, 'bytes_evicted': 0, 'per_stream': {'premium_index_kline': {'bytes': 3640686, 'segments': 378}}}
2026-06-12 00:00:58.172 | INFO     | bybit_edge.recorder.recording_engine | [option] connected to wss://stream.bybit.com/v5/public/option
2026-06-12 00:00:58.173 | INFO     | bybit_edge.recorder.recording_engine | Subscribed to 2 topic(s): ['tickers.BTC', 'tickers.ETH']
2026-06-12 00:01:27.172 | INFO     | bybit_edge.recorder.recording_engine | Storage telemetry: {'cap_gb': 50.0, 'used_gb': 0.0034, 'used_pct': 0.01, 'total_bytes': 3650342, 'total_segments': 379, 'evictions': 0, 'bytes_evicted': 0, 'per_stream': {'premium_index_kline': {'bytes': 3650342, 'segments': 379}}}
2026-06-12 00:01:28.357 | WARNING  | bybit_edge.recorder.recording_engine | [option] connection lost (sent 1011 (internal error) keepalive ping timeout; no close frame received) — reconnecting in 1.0 s
2026-06-12 00:01:30.154 | INFO     | bybit_edge.recorder.recording_engine | [option] connected to wss://stream.bybit.com/v5/public/option
2026-06-12 00:01:30.154 | INFO     | bybit_edge.recorder.recording_engine | Subscribed to 2 topic(s): ['tickers.BTC', 'tickers.ETH']
2026-06-12 00:01:57.291 | INFO     | bybit_edge.recorder.recording_engine | Storage telemetry: {'cap_gb': 50.0, 'used_gb': 0.0034, 'used_pct': 0.01, 'total_bytes': 3650342, 'total_segments': 379, 'evictions': 0, 'bytes_evicted': 0, 'per_stream': {'premium_index_kline': {'bytes': 3650342, 'segments': 379}}}
2026-06-12 00:02:00.370 | WARNING  | bybit_edge.recorder.recording_engine | [option] connection lost (sent 1011 (internal error) keepalive ping timeout; no close frame received) — reconnecting in 1.0 s
2026-06-12 00:02:02.122 | INFO     | bybit_edge.recorder.recording_engine | [option] connected to wss://stream.bybit.com/v5/public/option
2026-06-12 00:02:02.123 | INFO     | bybit_edge.recorder.recording_engine | Subscribed to 2 topic(s): ['tickers.BTC', 'tickers.ETH']
2026-06-12 00:02:27.386 | INFO     | bybit_edge.recorder.recording_engine | Storage telemetry: {'cap_gb': 50.0, 'used_gb': 0.0034, 'used_pct': 0.01, 'total_bytes': 3659997, 'total_segments': 380, 'evictions': 0, 'bytes_evicted': 0, 'per_stream': {'premium_index_kline': {'bytes': 3659997, 'segments': 380}}}
2026-06-12 00:02:32.332 | WARNING  | bybit_edge.recorder.recording_engine | [option] connection lost (sent 1011 (internal error) keepalive ping timeout; no close frame received) — reconnecting in 1.0 s
2026-06-12 00:02:34.074 | INFO     | bybit_edge.recorder.recording_engine | [option] connected to wss://stream.bybit.com/v5/public/option
2026-06-12 00:02:34.074 | INFO     | bybit_edge.recorder.recording_engine | Subscribed to 2 topic(s): ['tickers.BTC', 'tickers.ETH']
2026-06-12 00:02:57.493 | INFO     | bybit_edge.recorder.recording_engine | Storage telemetry: {'cap_gb': 50.0, 'used_gb': 0.0034, 'used_pct': 0.01, 'total_bytes': 3659997, 'total_segments': 380, 'evictions': 0, 'bytes_evicted': 0, 'per_stream': {'premium_index_kline': {'bytes': 3659997, 'segments': 380}}}
2026-06-12 00:03:04.266 | WARNING  | bybit_edge.recorder.recording_engine | [option] connection lost (sent 1011 (internal error) keepalive ping timeout; no close frame received) — reconnecting in 1.0 s
2026-06-12 00:03:05.847 | INFO     | bybit_edge.recorder.recording_engine | [option] connected to wss://stream.bybit.com/v5/public/option
2026-06-12 00:03:05.848 | INFO     | bybit_edge.recorder.recording_engine | Subscribed to 2 topic(s): ['tickers.BTC', 'tickers.ETH']
2026-06-12 00:03:27.603 | INFO     | bybit_edge.recorder.recording_engine | Storage telemetry: {'cap_gb': 50.0, 'used_gb': 0.0034, 'used_pct': 0.01, 'total_bytes': 3669660, 'total_segments': 381, 'evictions': 0, 'bytes_evicted': 0, 'per_stream': {'premium_index_kline': {'bytes': 3669660, 'segments': 381}}}
2026-06-12 00:03:36.044 | WARNING  | bybit_edge.recorder.recording_engine | [option] connection lost (sent 1011 (internal error) keepalive ping timeout; no close frame received) — reconnecting in 1.0 s
2026-06-12 00:03:37.798 | INFO     | bybit_edge.recorder.recording_engine | [option] connected to wss://stream.bybit.com/v5/public/option
2026-06-12 00:03:37.798 | INFO     | bybit_edge.recorder.recording_engine | Subscribed to 2 topic(s): ['tickers.BTC', 'tickers.ETH']
2026-06-12 00:03:57.706 | INFO     | bybit_edge.recorder.recording_engine | Storage telemetry: {'cap_gb': 50.0, 'used_gb': 0.0034, 'used_pct': 0.01, 'total_bytes': 3669660, 'total_segments': 381, 'evictions': 0, 'bytes_evicted': 0, 'per_stream': {'premium_index_kline': {'bytes': 3669660, 'segments': 381}}}
2026-06-12 00:04:07.992 | WARNING  | bybit_edge.recorder.recording_engine | [option] connection lost (sent 1011 (internal error) keepalive ping timeout; no close frame received) — reconnecting in 1.0 s
2026-06-12 00:04:09.779 | INFO     | bybit_edge.recorder.recording_engine | [option] connected to wss://stream.bybit.com/v5/public/option
2026-06-12 00:04:09.779 | INFO     | bybit_edge.recorder.recording_engine | Subscribed to 2 topic(s): ['tickers.BTC', 'tickers.ETH']
2026-06-12 00:04:27.806 | INFO     | bybit_edge.recorder.recording_engine | Storage telemetry: {'cap_gb': 50.0, 'used_gb': 0.0034, 'used_pct': 0.01, 'total_bytes': 3679321, 'total_segments': 382, 'evictions': 0, 'bytes_evicted': 0, 'per_stream': {'premium_index_kline': {'bytes': 3679321, 'segments': 382}}}
2026-06-12 00:04:39.989 | WARNING  | bybit_edge.recorder.recording_engine | [option] connection lost (sent 1011 (internal error) keepalive ping timeout; no close frame received) — reconnecting in 1.0 s
2026-06-12 00:04:41.726 | INFO     | bybit_edge.recorder.recording_engine | [option] connected to wss://stream.bybit.com/v5/public/option
2026-06-12 00:04:41.726 | INFO     | bybit_edge.recorder.recording_engine | Subscribed to 2 topic(s): ['tickers.BTC', 'tickers.ETH']
2026-06-12 00:04:57.909 | INFO     | bybit_edge.recorder.recording_engine | Storage telemetry: {'cap_gb': 50.0, 'used_gb': 0.0034, 'used_pct': 0.01, 'total_bytes': 3679321, 'total_segments': 382, 'evictions': 0, 'bytes_evicted': 0, 'per_stream': {'premium_index_kline': {'bytes': 3679321, 'segments': 382}}}
2026-06-12 00:05:11.907 | WARNING  | bybit_edge.recorder.recording_engine | [option] connection lost (sent 1011 (internal error) keepalive ping timeout; no close frame received) — reconnecting in 1.0 s
2026-06-12 00:05:13.645 | INFO     | bybit_edge.recorder.recording_engine | [option] connected to wss://stream.bybit.com/v5/public/option
2026-06-12 00:05:13.645 | INFO     | bybit_edge.recorder.recording_engine | Subscribed to 2 topic(s): ['tickers.BTC', 'tickers.ETH']
2026-06-12 00:05:28.014 | INFO     | bybit_edge.recorder.recording_engine | Storage telemetry: {'cap_gb': 50.0, 'used_gb': 0.0034, 'used_pct': 0.01, 'total_bytes': 3688986, 'total_segments': 383, 'evictions': 0, 'bytes_evicted': 0, 'per_stream': {'premium_index_kline': {'bytes': 3688986, 'segments': 383}}}
2026-06-12 00:05:43.853 | WARNING  | bybit_edge.recorder.recording_engine | [option] connection lost (sent 1011 (internal error) keepalive ping timeout; no close frame received) — reconnecting in 1.0 s
2026-06-12 00:05:45.620 | INFO     | bybit_edge.recorder.recording_engine | [option] connected to wss://stream.bybit.com/v5/public/option
2026-06-12 00:05:45.621 | INFO     | bybit_edge.recorder.recording_engine | Subscribed to 2 topic(s): ['tickers.BTC', 'tickers.ETH']
2026-06-12 00:05:58.142 | INFO     | bybit_edge.recorder.recording_engine | Storage telemetry: {'cap_gb': 50.0, 'used_gb': 0.0034, 'used_pct': 0.01, 'total_bytes': 3688986, 'total_segments': 383, 'evictions': 0, 'bytes_evicted': 0, 'per_stream': {'premium_index_kline': {'bytes': 3688986, 'segments': 383}}}
2026-06-12 00:06:15.808 | WARNING  | bybit_edge.recorder.recording_engine | [option] connection lost (sent 1011 (internal error) keepalive ping timeout; no close frame received) — reconnecting in 1.0 s
2026-06-12 00:06:17.552 | INFO     | bybit_edge.recorder.recording_engine | [option] connected to wss://stream.bybit.com/v5/public/option
2026-06-12 00:06:17.554 | INFO     | bybit_edge.recorder.recording_engine | Subscribed to 2 topic(s): ['tickers.BTC', 'tickers.ETH']
2026-06-12 00:06:28.246 | INFO     | bybit_edge.recorder.recording_engine | Storage telemetry: {'cap_gb': 50.0, 'used_gb': 0.0034, 'used_pct': 0.01, 'total_bytes': 3698658, 'total_segments': 384, 'evictions': 0, 'bytes_evicted': 0, 'per_stream': {'premium_index_kline': {'bytes': 3698658, 'segments': 384}}}
2026-06-12 00:06:47.767 | WARNING  | bybit_edge.recorder.recording_engine | [option] connection lost (sent 1011 (internal error) keepalive ping timeout; no close frame received) — reconnecting in 1.0 s
2026-06-12 00:06:49.347 | INFO     | bybit_edge.recorder.recording_engine | [option] connected to wss://stream.bybit.com/v5/public/option
2026-06-12 00:06:49.348 | INFO     | bybit_edge.recorder.recording_engine | Subscribed to 2 topic(s): ['tickers.BTC', 'tickers.ETH']
2026-06-12 00:06:58.345 | INFO     | bybit_edge.recorder.recording_engine | Storage telemetry: {'cap_gb': 50.0, 'used_gb': 0.0034, 'used_pct': 0.01, 'total_bytes': 3698658, 'total_segments': 384, 'evictions': 0, 'bytes_evicted': 0, 'per_stream': {'premium_index_kline': {'bytes': 3698658, 'segments': 384}}}
2026-06-12 00:07:19.559 | WARNING  | bybit_edge.recorder.recording_engine | [option] connection lost (sent 1011 (internal error) keepalive ping timeout; no close frame received) — reconnecting in 1.0 s
2026-06-12 00:07:21.298 | INFO     | bybit_edge.recorder.recording_engine | [option] connected to wss://stream.bybit.com/v5/public/option
2026-06-12 00:07:21.299 | INFO     | bybit_edge.recorder.recording_engine | Subscribed to 2 topic(s): ['tickers.BTC', 'tickers.ETH']
2026-06-12 00:07:28.455 | INFO     | bybit_edge.recorder.recording_engine | Storage telemetry: {'cap_gb': 50.0, 'used_gb': 0.0035, 'used_pct': 0.01, 'total_bytes': 3708316, 'total_segments': 385, 'evictions': 0, 'bytes_evicted': 0, 'per_stream': {'premium_index_kline': {'bytes': 3708316, 'segments': 385}}}
2026-06-12 00:07:51.480 | WARNING  | bybit_edge.recorder.recording_engine | [option] connection lost (sent 1011 (internal error) keepalive ping timeout; no close frame received) — reconnecting in 1.0 s
2026-06-12 00:07:53.239 | INFO     | bybit_edge.recorder.recording_engine | [option] connected to wss://stream.bybit.com/v5/public/option
2026-06-12 00:07:53.240 | INFO     | bybit_edge.recorder.recording_engine | Subscribed to 2 topic(s): ['tickers.BTC', 'tickers.ETH']
2026-06-12 00:07:58.578 | INFO     | bybit_edge.recorder.recording_engine | Storage telemetry: {'cap_gb': 50.0, 'used_gb': 0.0035, 'used_pct': 0.01, 'total_bytes': 3708316, 'total_segments': 385, 'evictions': 0, 'bytes_evicted': 0, 'per_stream': {'premium_index_kline': {'bytes': 3708316, 'segments': 385}}}
2026-06-12 00:08:23.428 | WARNING  | bybit_edge.recorder.recording_engine | [option] connection lost (sent 1011 (internal error) keepalive ping timeout; no close frame received) — reconnecting in 1.0 s
2026-06-12 00:08:25.169 | INFO     | bybit_edge.recorder.recording_engine | [option] connected to wss://stream.bybit.com/v5/public/option
2026-06-12 00:08:25.169 | INFO     | bybit_edge.recorder.recording_engine | Subscribed to 2 topic(s): ['tickers.BTC', 'tickers.ETH']
2026-06-12 00:08:28.690 | INFO     | bybit_edge.recorder.recording_engine | Storage telemetry: {'cap_gb': 50.0, 'used_gb': 0.0035, 'used_pct': 0.01, 'total_bytes': 3717968, 'total_segments': 386, 'evictions': 0, 'bytes_evicted': 0, 'per_stream': {'premium_index_kline': {'bytes': 3717968, 'segments': 386}}}
2026-06-12 00:08:55.366 | WARNING  | bybit_edge.recorder.recording_engine | [option] connection lost (sent 1011 (internal error) keepalive ping timeout; no close frame received) — reconnecting in 1.0 s
2026-06-12 00:08:57.112 | INFO     | bybit_edge.recorder.recording_engine | [option] connected to wss://stream.bybit.com/v5/public/option
2026-06-12 00:08:57.113 | INFO     | bybit_edge.recorder.recording_engine | Subscribed to 2 topic(s): ['tickers.BTC', 'tickers.ETH']
2026-06-12 00:08:58.819 | INFO     | bybit_edge.recorder.recording_engine | Storage telemetry: {'cap_gb': 50.0, 'used_gb': 0.0035, 'used_pct': 0.01, 'total_bytes': 3717968, 'total_segments': 386, 'evictions': 0, 'bytes_evicted': 0, 'per_stream': {'premium_index_kline': {'bytes': 3717968, 'segments': 386}}}
2026-06-12 00:09:27.321 | WARNING  | bybit_edge.recorder.recording_engine | [option] connection lost (sent 1011 (internal error) keepalive ping timeout; no close frame received) — reconnecting in 1.0 s
2026-06-12 00:09:28.932 | INFO     | bybit_edge.recorder.recording_engine | Storage telemetry: {'cap_gb': 50.0, 'used_gb': 0.0035, 'used_pct': 0.01, 'total_bytes': 3727639, 'total_segments': 387, 'evictions': 0, 'bytes_evicted': 0, 'per_stream': {'premium_index_kline': {'bytes': 3727639, 'segments': 387}}}
2026-06-12 00:09:29.095 | INFO     | bybit_edge.recorder.recording_engine | [option] connected to wss://stream.bybit.com/v5/public/option
2026-06-12 00:09:29.097 | INFO     | bybit_edge.recorder.recording_engine | Subscribed to 2 topic(s): ['tickers.BTC', 'tickers.ETH']
2026-06-12 00:09:59.034 | INFO     | bybit_edge.recorder.recording_engine | Storage telemetry: {'cap_gb': 50.0, 'used_gb': 0.0035, 'used_pct': 0.01, 'total_bytes': 3727639, 'total_segments': 387, 'evictions': 0, 'bytes_evicted': 0, 'per_stream': {'premium_index_kline': {'bytes': 3727639, 'segments': 387}}}
2026-06-12 00:09:59.298 | WARNING  | bybit_edge.recorder.recording_engine | [option] connection lost (sent 1011 (internal error) keepalive ping timeout; no close frame received) — reconnecting in 1.0 s
2026-06-12 00:10:01.048 | INFO     | bybit_edge.recorder.recording_engine | [option] connected to wss://stream.bybit.com/v5/public/option
2026-06-12 00:10:01.048 | INFO     | bybit_edge.recorder.recording_engine | Subscribed to 2 topic(s): ['tickers.BTC', 'tickers.ETH']
2026-06-12 00:10:29.148 | INFO     | bybit_edge.recorder.recording_engine | Storage telemetry: {'cap_gb': 50.0, 'used_gb': 0.0035, 'used_pct': 0.01, 'total_bytes': 3737303, 'total_segments': 388, 'evictions': 0, 'bytes_evicted': 0, 'per_stream': {'premium_index_kline': {'bytes': 3737303, 'segments': 388}}}
2026-06-12 00:10:31.238 | WARNING  | bybit_edge.recorder.recording_engine | [option] connection lost (sent 1011 (internal error) keepalive ping timeout; no close frame received) — reconnecting in 1.0 s
2026-06-12 00:10:32.997 | INFO     | bybit_edge.recorder.recording_engine | [option] connected to wss://stream.bybit.com/v5/public/option
2026-06-12 00:10:32.997 | INFO     | bybit_edge.recorder.recording_engine | Subscribed to 2 topic(s): ['tickers.BTC', 'tickers.ETH']
2026-06-12 00:10:59.244 | INFO     | bybit_edge.recorder.recording_engine | Storage telemetry: {'cap_gb': 50.0, 'used_gb': 0.0035, 'used_pct': 0.01, 'total_bytes': 3737303, 'total_segments': 388, 'evictions': 0, 'bytes_evicted': 0, 'per_stream': {'premium_index_kline': {'bytes': 3737303, 'segments': 388}}}
2026-06-12 00:11:03.209 | WARNING  | bybit_edge.recorder.recording_engine | [option] connection lost (sent 1011 (internal error) keepalive ping timeout; no close frame received) — reconnecting in 1.0 s
2026-06-12 00:11:04.960 | INFO     | bybit_edge.recorder.recording_engine | [option] connected to wss://stream.bybit.com/v5/public/option
2026-06-12 00:11:04.961 | INFO     | bybit_edge.recorder.recording_engine | Subscribed to 2 topic(s): ['tickers.BTC', 'tickers.ETH']
2026-06-12 00:11:29.349 | INFO     | bybit_edge.recorder.recording_engine | Storage telemetry: {'cap_gb': 50.0, 'used_gb': 0.0035, 'used_pct': 0.01, 'total_bytes': 3746966, 'total_segments': 389, 'evictions': 0, 'bytes_evicted': 0, 'per_stream': {'premium_index_kline': {'bytes': 3746966, 'segments': 389}}}
2026-06-12 00:11:35.138 | WARNING  | bybit_edge.recorder.recording_engine | [option] connection lost (sent 1011 (internal error) keepalive ping timeout; no close frame received) — reconnecting in 1.0 s
2026-06-12 00:11:36.894 | INFO     | bybit_edge.recorder.recording_engine | [option] connected to wss://stream.bybit.com/v5/public/option
2026-06-12 00:11:36.894 | INFO     | bybit_edge.recorder.recording_engine | Subscribed to 2 topic(s): ['tickers.BTC', 'tickers.ETH']
2026-06-12 00:11:59.462 | INFO     | bybit_edge.recorder.recording_engine | Storage telemetry: {'cap_gb': 50.0, 'used_gb': 0.0035, 'used_pct': 0.01, 'total_bytes': 3746966, 'total_segments': 389, 'evictions': 0, 'bytes_evicted': 0, 'per_stream': {'premium_index_kline': {'bytes': 3746966, 'segments': 389}}}
2026-06-12 00:12:07.108 | WARNING  | bybit_edge.recorder.recording_engine | [option] connection lost (sent 1011 (internal error) keepalive ping timeout; no close frame received) — reconnecting in 1.0 s
2026-06-12 00:12:08.851 | INFO     | bybit_edge.recorder.recording_engine | [option] connected to wss://stream.bybit.com/v5/public/option
2026-06-12 00:12:08.852 | INFO     | bybit_edge.recorder.recording_engine | Subscribed to 2 topic(s): ['tickers.BTC', 'tickers.ETH']
2026-06-12 00:12:29.575 | INFO     | bybit_edge.recorder.recording_engine | Storage telemetry: {'cap_gb': 50.0, 'used_gb': 0.0035, 'used_pct': 0.01, 'total_bytes': 3756630, 'total_segments': 390, 'evictions': 0, 'bytes_evicted': 0, 'per_stream': {'premium_index_kline': {'bytes': 3756630, 'segments': 390}}}
2026-06-12 00:12:39.054 | WARNING  | bybit_edge.recorder.recording_engine | [option] connection lost (sent 1011 (internal error) keepalive ping timeout; no close frame received) — reconnecting in 1.0 s
2026-06-12 00:12:40.805 | INFO     | bybit_edge.recorder.recording_engine | [option] connected to wss://stream.bybit.com/v5/public/option
2026-06-12 00:12:40.805 | INFO     | bybit_edge.recorder.recording_engine | Subscribed to 2 topic(s): ['tickers.BTC', 'tickers.ETH']
2026-06-12 00:12:59.690 | INFO     | bybit_edge.recorder.recording_engine | Storage telemetry: {'cap_gb': 50.0, 'used_gb': 0.0035, 'used_pct': 0.01, 'total_bytes': 3756630, 'total_segments': 390, 'evictions': 0, 'bytes_evicted': 0, 'per_stream': {'premium_index_kline': {'bytes': 3756630, 'segments': 390}}}
2026-06-12 00:13:11.002 | WARNING  | bybit_edge.recorder.recording_engine | [option] connection lost (sent 1011 (internal error) keepalive ping timeout; no close frame received) — reconnecting in 1.0 s
2026-06-12 00:13:12.760 | INFO     | bybit_edge.recorder.recording_engine | [option] connected to wss://stream.bybit.com/v5/public/option
2026-06-12 00:13:12.760 | INFO     | bybit_edge.recorder.recording_engine | Subscribed to 2 topic(s): ['tickers.BTC', 'tickers.ETH']
2026-06-12 00:13:29.799 | INFO     | bybit_edge.recorder.recording_engine | Storage telemetry: {'cap_gb': 50.0, 'used_gb': 0.0035, 'used_pct': 0.01, 'total_bytes': 3766297, 'total_segments': 391, 'evictions': 0, 'bytes_evicted': 0, 'per_stream': {'premium_index_kline': {'bytes': 3766297, 'segments': 391}}}
2026-06-12 00:13:42.961 | WARNING  | bybit_edge.recorder.recording_engine | [option] connection lost (sent 1011 (internal error) keepalive ping timeout; no close frame received) — reconnecting in 1.0 s
2026-06-12 00:13:44.725 | INFO     | bybit_edge.recorder.recording_engine | [option] connected to wss://stream.bybit.com/v5/public/option
2026-06-12 00:13:44.725 | INFO     | bybit_edge.recorder.recording_engine | Subscribed to 2 topic(s): ['tickers.BTC', 'tickers.ETH']
2026-06-12 00:13:59.906 | INFO     | bybit_edge.recorder.recording_engine | Storage telemetry: {'cap_gb': 50.0, 'used_gb': 0.0035, 'used_pct': 0.01, 'total_bytes': 3766297, 'total_segments': 391, 'evictions': 0, 'bytes_evicted': 0, 'per_stream': {'premium_index_kline': {'bytes': 3766297, 'segments': 391}}}
2026-06-12 00:14:14.926 | WARNING  | bybit_edge.recorder.recording_engine | [option] connection lost (sent 1011 (internal error) keepalive ping timeout; no close frame received) — reconnecting in 1.0 s
2026-06-12 00:14:16.693 | INFO     | bybit_edge.recorder.recording_engine | [option] connected to wss://stream.bybit.com/v5/public/option
2026-06-12 00:14:16.694 | INFO     | bybit_edge.recorder.recording_engine | Subscribed to 2 topic(s): ['tickers.BTC', 'tickers.ETH']
2026-06-12 00:14:30.003 | INFO     | bybit_edge.recorder.recording_engine | Storage telemetry: {'cap_gb': 50.0, 'used_gb': 0.0035, 'used_pct': 0.01, 'total_bytes': 3775955, 'total_segments': 392, 'evictions': 0, 'bytes_evicted': 0, 'per_stream': {'premium_index_kline': {'bytes': 3775955, 'segments': 392}}}
2026-06-12 00:14:46.881 | WARNING  | bybit_edge.recorder.recording_engine | [option] connection lost (sent 1011 (internal error) keepalive ping timeout; no close frame received) — reconnecting in 1.0 s
2026-06-12 00:14:48.687 | INFO     | bybit_edge.recorder.recording_engine | [option] connected to wss://stream.bybit.com/v5/public/option
2026-06-12 00:14:48.687 | INFO     | bybit_edge.recorder.recording_engine | Subscribed to 2 topic(s): ['tickers.BTC', 'tickers.ETH']
2026-06-12 00:15:00.131 | INFO     | bybit_edge.recorder.recording_engine | Storage telemetry: {'cap_gb': 50.0, 'used_gb': 0.0035, 'used_pct': 0.01, 'total_bytes': 3775955, 'total_segments': 392, 'evictions': 0, 'bytes_evicted': 0, 'per_stream': {'premium_index_kline': {'bytes': 3775955, 'segments': 392}}}
2026-06-12 00:15:18.884 | WARNING  | bybit_edge.recorder.recording_engine | [option] connection lost (sent 1011 (internal error) keepalive ping timeout; no close frame received) — reconnecting in 1.0 s
2026-06-12 00:15:20.621 | INFO     | bybit_edge.recorder.recording_engine | [option] connected to wss://stream.bybit.com/v5/public/option
2026-06-12 00:15:20.621 | INFO     | bybit_edge.recorder.recording_engine | Subscribed to 2 topic(s): ['tickers.BTC', 'tickers.ETH']
2026-06-12 00:15:30.246 | INFO     | bybit_edge.recorder.recording_engine | Storage telemetry: {'cap_gb': 50.0, 'used_gb': 0.0035, 'used_pct': 0.01, 'total_bytes': 3785605, 'total_segments': 393, 'evictions': 0, 'bytes_evicted': 0, 'per_stream': {'premium_index_kline': {'bytes': 3785605, 'segments': 393}}}
2026-06-12 00:15:50.816 | WARNING  | bybit_edge.recorder.recording_engine | [option] connection lost (sent 1011 (internal error) keepalive ping timeout; no close frame received) — reconnecting in 1.0 s
2026-06-12 00:15:52.558 | INFO     | bybit_edge.recorder.recording_engine | [option] connected to wss://stream.bybit.com/v5/public/option
2026-06-12 00:15:52.558 | INFO     | bybit_edge.recorder.recording_engine | Subscribed to 2 topic(s): ['tickers.BTC', 'tickers.ETH']
2026-06-12 00:16:00.349 | INFO     | bybit_edge.recorder.recording_engine | Storage telemetry: {'cap_gb': 50.0, 'used_gb': 0.0035, 'used_pct': 0.01, 'total_bytes': 3785605, 'total_segments': 393, 'evictions': 0, 'bytes_evicted': 0, 'per_stream': {'premium_index_kline': {'bytes': 3785605, 'segments': 393}}}
2026-06-12 00:16:22.745 | WARNING  | bybit_edge.recorder.recording_engine | [option] connection lost (sent 1011 (internal error) keepalive ping timeout; no close frame received) — reconnecting in 1.0 s
2026-06-12 00:16:24.482 | INFO     | bybit_edge.recorder.recording_engine | [option] connected to wss://stream.bybit.com/v5/public/option
2026-06-12 00:16:24.483 | INFO     | bybit_edge.recorder.recording_engine | Subscribed to 2 topic(s): ['tickers.BTC', 'tickers.ETH']
2026-06-12 00:16:30.473 | INFO     | bybit_edge.recorder.recording_engine | Storage telemetry: {'cap_gb': 50.0, 'used_gb': 0.0035, 'used_pct': 0.01, 'total_bytes': 3795248, 'total_segments': 394, 'evictions': 0, 'bytes_evicted': 0, 'per_stream': {'premium_index_kline': {'bytes': 3795248, 'segments': 394}}}
2026-06-12 00:16:54.684 | WARNING  | bybit_edge.recorder.recording_engine | [option] connection lost (sent 1011 (internal error) keepalive ping timeout; no close frame received) — reconnecting in 1.0 s
2026-06-12 00:16:56.425 | INFO     | bybit_edge.recorder.recording_engine | [option] connected to wss://stream.bybit.com/v5/public/option
2026-06-12 00:16:56.426 | INFO     | bybit_edge.recorder.recording_engine | Subscribed to 2 topic(s): ['tickers.BTC', 'tickers.ETH']
2026-06-12 00:17:00.588 | INFO     | bybit_edge.recorder.recording_engine | Storage telemetry: {'cap_gb': 50.0, 'used_gb': 0.0035, 'used_pct': 0.01, 'total_bytes': 3795248, 'total_segments': 394, 'evictions': 0, 'bytes_evicted': 0, 'per_stream': {'premium_index_kline': {'bytes': 3795248, 'segments': 394}}}
2026-06-12 00:17:26.646 | WARNING  | bybit_edge.recorder.recording_engine | [option] connection lost (sent 1011 (internal error) keepalive ping timeout; no close frame received) — reconnecting in 1.0 s
2026-06-12 00:17:28.213 | INFO     | bybit_edge.recorder.recording_engine | [option] connected to wss://stream.bybit.com/v5/public/option
2026-06-12 00:17:28.214 | INFO     | bybit_edge.recorder.recording_engine | Subscribed to 2 topic(s): ['tickers.BTC', 'tickers.ETH']
2026-06-12 00:17:30.694 | INFO     | bybit_edge.recorder.recording_engine | Storage telemetry: {'cap_gb': 50.0, 'used_gb': 0.0035, 'used_pct': 0.01, 'total_bytes': 3804894, 'total_segments': 395, 'evictions': 0, 'bytes_evicted': 0, 'per_stream': {'premium_index_kline': {'bytes': 3804894, 'segments': 395}}}
2026-06-12 00:17:58.418 | WARNING  | bybit_edge.recorder.recording_engine | [option] connection lost (sent 1011 (internal error) keepalive ping timeout; no close frame received) — reconnecting in 1.0 s
2026-06-12 00:17:59.991 | INFO     | bybit_edge.recorder.recording_engine | [option] connected to wss://stream.bybit.com/v5/public/option
2026-06-12 00:17:59.992 | INFO     | bybit_edge.recorder.recording_engine | Subscribed to 2 topic(s): ['tickers.BTC', 'tickers.ETH']
2026-06-12 00:18:00.812 | INFO     | bybit_edge.recorder.recording_engine | Storage telemetry: {'cap_gb': 50.0, 'used_gb': 0.0035, 'used_pct': 0.01, 'total_bytes': 3804894, 'total_segments': 395, 'evictions': 0, 'bytes_evicted': 0, 'per_stream': {'premium_index_kline': {'bytes': 3804894, 'segments': 395}}}
2026-06-12 00:18:30.197 | WARNING  | bybit_edge.recorder.recording_engine | [option] connection lost (sent 1011 (internal error) keepalive ping timeout; no close frame received) — reconnecting in 1.0 s
2026-06-12 00:18:30.935 | INFO     | bybit_edge.recorder.recording_engine | Storage telemetry: {'cap_gb': 50.0, 'used_gb': 0.0036, 'used_pct': 0.01, 'total_bytes': 3814534, 'total_segments': 396, 'evictions': 0, 'bytes_evicted': 0, 'per_stream': {'premium_index_kline': {'bytes': 3814534, 'segments': 396}}}
2026-06-12 00:18:31.937 | INFO     | bybit_edge.recorder.recording_engine | [option] connected to wss://stream.bybit.com/v5/public/option
2026-06-12 00:18:31.938 | INFO     | bybit_edge.recorder.recording_engine | Subscribed to 2 topic(s): ['tickers.BTC', 'tickers.ETH']
2026-06-12 00:19:01.062 | INFO     | bybit_edge.recorder.recording_engine | Storage telemetry: {'cap_gb': 50.0, 'used_gb': 0.0036, 'used_pct': 0.01, 'total_bytes': 3814534, 'total_segments': 396, 'evictions': 0, 'bytes_evicted': 0, 'per_stream': {'premium_index_kline': {'bytes': 3814534, 'segments': 396}}}
2026-06-12 00:19:02.116 | WARNING  | bybit_edge.recorder.recording_engine | [option] connection lost (sent 1011 (internal error) keepalive ping timeout; no close frame received) — reconnecting in 1.0 s
2026-06-12 00:19:03.854 | INFO     | bybit_edge.recorder.recording_engine | [option] connected to wss://stream.bybit.com/v5/public/option
2026-06-12 00:19:03.855 | INFO     | bybit_edge.recorder.recording_engine | Subscribed to 2 topic(s): ['tickers.BTC', 'tickers.ETH']
2026-06-12 00:19:31.179 | INFO     | bybit_edge.recorder.recording_engine | Storage telemetry: {'cap_gb': 50.0, 'used_gb': 0.0036, 'used_pct': 0.01, 'total_bytes': 3824175, 'total_segments': 397, 'evictions': 0, 'bytes_evicted': 0, 'per_stream': {'premium_index_kline': {'bytes': 3824175, 'segments': 397}}}
2026-06-12 00:19:34.034 | WARNING  | bybit_edge.recorder.recording_engine | [option] connection lost (sent 1011 (internal error) keepalive ping timeout; no close frame received) — reconnecting in 1.0 s
2026-06-12 00:19:35.795 | INFO     | bybit_edge.recorder.recording_engine | [option] connected to wss://stream.bybit.com/v5/public/option
2026-06-12 00:19:35.795 | INFO     | bybit_edge.recorder.recording_engine | Subscribed to 2 topic(s): ['tickers.BTC', 'tickers.ETH']
2026-06-12 00:20:01.293 | INFO     | bybit_edge.recorder.recording_engine | Storage telemetry: {'cap_gb': 50.0, 'used_gb': 0.0036, 'used_pct': 0.01, 'total_bytes': 3824175, 'total_segments': 397, 'evictions': 0, 'bytes_evicted': 0, 'per_stream': {'premium_index_kline': {'bytes': 3824175, 'segments': 397}}}
2026-06-12 00:20:06.005 | WARNING  | bybit_edge.recorder.recording_engine | [option] connection lost (sent 1011 (internal error) keepalive ping timeout; no close frame received) — reconnecting in 1.0 s
2026-06-12 00:20:07.790 | INFO     | bybit_edge.recorder.recording_engine | [option] connected to wss://stream.bybit.com/v5/public/option
2026-06-12 00:20:07.791 | INFO     | bybit_edge.recorder.recording_engine | Subscribed to 2 topic(s): ['tickers.BTC', 'tickers.ETH']
2026-06-12 00:20:31.412 | INFO     | bybit_edge.recorder.recording_engine | Storage telemetry: {'cap_gb': 50.0, 'used_gb': 0.0036, 'used_pct': 0.01, 'total_bytes': 3833824, 'total_segments': 398, 'evictions': 0, 'bytes_evicted': 0, 'per_stream': {'premium_index_kline': {'bytes': 3833824, 'segments': 398}}}
2026-06-12 00:20:37.965 | WARNING  | bybit_edge.recorder.recording_engine | [option] connection lost (sent 1011 (internal error) keepalive ping timeout; no close frame received) — reconnecting in 1.0 s
2026-06-12 00:20:39.727 | INFO     | bybit_edge.recorder.recording_engine | [option] connected to wss://stream.bybit.com/v5/public/option
2026-06-12 00:20:39.727 | INFO     | bybit_edge.recorder.recording_engine | Subscribed to 2 topic(s): ['tickers.BTC', 'tickers.ETH']
2026-06-12 00:21:01.569 | INFO     | bybit_edge.recorder.recording_engine | Storage telemetry: {'cap_gb': 50.0, 'used_gb': 0.0036, 'used_pct': 0.01, 'total_bytes': 3833824, 'total_segments': 398, 'evictions': 0, 'bytes_evicted': 0, 'per_stream': {'premium_index_kline': {'bytes': 3833824, 'segments': 398}}}
2026-06-12 00:21:09.913 | WARNING  | bybit_edge.recorder.recording_engine | [option] connection lost (sent 1011 (internal error) keepalive ping timeout; no close frame received) — reconnecting in 1.0 s
2026-06-12 00:21:11.672 | INFO     | bybit_edge.recorder.recording_engine | [option] connected to wss://stream.bybit.com/v5/public/option
2026-06-12 00:21:11.672 | INFO     | bybit_edge.recorder.recording_engine | Subscribed to 2 topic(s): ['tickers.BTC', 'tickers.ETH']
2026-06-12 00:21:31.678 | INFO     | bybit_edge.recorder.recording_engine | Storage telemetry: {'cap_gb': 50.0, 'used_gb': 0.0036, 'used_pct': 0.01, 'total_bytes': 3843464, 'total_segments': 399, 'evictions': 0, 'bytes_evicted': 0, 'per_stream': {'premium_index_kline': {'bytes': 3843464, 'segments': 399}}}
2026-06-12 00:21:41.865 | WARNING  | bybit_edge.recorder.recording_engine | [option] connection lost (sent 1011 (internal error) keepalive ping timeout; no close frame received) — reconnecting in 1.0 s
2026-06-12 00:21:43.619 | INFO     | bybit_edge.recorder.recording_engine | [option] connected to wss://stream.bybit.com/v5/public/option
2026-06-12 00:21:43.619 | INFO     | bybit_edge.recorder.recording_engine | Subscribed to 2 topic(s): ['tickers.BTC', 'tickers.ETH']
2026-06-12 00:22:01.792 | INFO     | bybit_edge.recorder.recording_engine | Storage telemetry: {'cap_gb': 50.0, 'used_gb': 0.0036, 'used_pct': 0.01, 'total_bytes': 3843464, 'total_segments': 399, 'evictions': 0, 'bytes_evicted': 0, 'per_stream': {'premium_index_kline': {'bytes': 3843464, 'segments': 399}}}
2026-06-12 00:22:13.820 | WARNING  | bybit_edge.recorder.recording_engine | [option] connection lost (sent 1011 (internal error) keepalive ping timeout; no close frame received) — reconnecting in 1.0 s
2026-06-12 00:22:15.599 | INFO     | bybit_edge.recorder.recording_engine | [option] connected to wss://stream.bybit.com/v5/public/option
2026-06-12 00:22:15.600 | INFO     | bybit_edge.recorder.recording_engine | Subscribed to 2 topic(s): ['tickers.BTC', 'tickers.ETH']
2026-06-12 00:22:31.886 | INFO     | bybit_edge.recorder.recording_engine | Storage telemetry: {'cap_gb': 50.0, 'used_gb': 0.0036, 'used_pct': 0.01, 'total_bytes': 3843464, 'total_segments': 399, 'evictions': 0, 'bytes_evicted': 0, 'per_stream': {'premium_index_kline': {'bytes': 3843464, 'segments': 399}}}
2026-06-12 00:22:45.776 | WARNING  | bybit_edge.recorder.recording_engine | [option] connection lost (sent 1011 (internal error) keepalive ping timeout; no close frame received) — reconnecting in 1.0 s
2026-06-12 00:22:47.357 | INFO     | bybit_edge.recorder.recording_engine | [option] connected to wss://stream.bybit.com/v5/public/option
2026-06-12 00:22:47.358 | INFO     | bybit_edge.recorder.recording_engine | Subscribed to 2 topic(s): ['tickers.BTC', 'tickers.ETH']
2026-06-12 00:23:02.011 | INFO     | bybit_edge.recorder.recording_engine | Storage telemetry: {'cap_gb': 50.0, 'used_gb': 0.0036, 'used_pct': 0.01, 'total_bytes': 3853105, 'total_segments': 400, 'evictions': 0, 'bytes_evicted': 0, 'per_stream': {'premium_index_kline': {'bytes': 3853105, 'segments': 400}}}
2026-06-12 00:23:17.589 | WARNING  | bybit_edge.recorder.recording_engine | [option] connection lost (sent 1011 (internal error) keepalive ping timeout; no close frame received) — reconnecting in 1.0 s
2026-06-12 00:23:19.348 | INFO     | bybit_edge.recorder.recording_engine | [option] connected to wss://stream.bybit.com/v5/public/option
2026-06-12 00:23:19.349 | INFO     | bybit_edge.recorder.recording_engine | Subscribed to 2 topic(s): ['tickers.BTC', 'tickers.ETH']
2026-06-12 00:23:32.129 | INFO     | bybit_edge.recorder.recording_engine | Storage telemetry: {'cap_gb': 50.0, 'used_gb': 0.0036, 'used_pct': 0.01, 'total_bytes': 3853105, 'total_segments': 400, 'evictions': 0, 'bytes_evicted': 0, 'per_stream': {'premium_index_kline': {'bytes': 3853105, 'segments': 400}}}
2026-06-12 00:23:49.545 | WARNING  | bybit_edge.recorder.recording_engine | [option] connection lost (sent 1011 (internal error) keepalive ping timeout; no close frame received) — reconnecting in 1.0 s
2026-06-12 00:23:51.293 | INFO     | bybit_edge.recorder.recording_engine | [option] connected to wss://stream.bybit.com/v5/public/option
2026-06-12 00:23:51.293 | INFO     | bybit_edge.recorder.recording_engine | Subscribed to 2 topic(s): ['tickers.BTC', 'tickers.ETH']
2026-06-12 00:24:02.260 | INFO     | bybit_edge.recorder.recording_engine | Storage telemetry: {'cap_gb': 50.0, 'used_gb': 0.0036, 'used_pct': 0.01, 'total_bytes': 3862747, 'total_segments': 401, 'evictions': 0, 'bytes_evicted': 0, 'per_stream': {'premium_index_kline': {'bytes': 3862747, 'segments': 401}}}
2026-06-12 00:24:21.473 | WARNING  | bybit_edge.recorder.recording_engine | [option] connection lost (sent 1011 (internal error) keepalive ping timeout; no close frame received) — reconnecting in 1.0 s
2026-06-12 00:24:23.233 | INFO     | bybit_edge.recorder.recording_engine | [option] connected to wss://stream.bybit.com/v5/public/option
2026-06-12 00:24:23.233 | INFO     | bybit_edge.recorder.recording_engine | Subscribed to 2 topic(s): ['tickers.BTC', 'tickers.ETH']
2026-06-12 00:24:32.376 | INFO     | bybit_edge.recorder.recording_engine | Storage telemetry: {'cap_gb': 50.0, 'used_gb': 0.0036, 'used_pct': 0.01, 'total_bytes': 3862747, 'total_segments': 401, 'evictions': 0, 'bytes_evicted': 0, 'per_stream': {'premium_index_kline': {'bytes': 3862747, 'segments': 401}}}
2026-06-12 00:24:53.426 | WARNING  | bybit_edge.recorder.recording_engine | [option] connection lost (sent 1011 (internal error) keepalive ping timeout; no close frame received) — reconnecting in 1.0 s
2026-06-12 00:24:55.173 | INFO     | bybit_edge.recorder.recording_engine | [option] connected to wss://stream.bybit.com/v5/public/option
2026-06-12 00:24:55.174 | INFO     | bybit_edge.recorder.recording_engine | Subscribed to 2 topic(s): ['tickers.BTC', 'tickers.ETH']
2026-06-12 00:25:02.501 | INFO     | bybit_edge.recorder.recording_engine | Storage telemetry: {'cap_gb': 50.0, 'used_gb': 0.0036, 'used_pct': 0.01, 'total_bytes': 3872390, 'total_segments': 402, 'evictions': 0, 'bytes_evicted': 0, 'per_stream': {'premium_index_kline': {'bytes': 3872390, 'segments': 402}}}
2026-06-12 00:25:25.372 | WARNING  | bybit_edge.recorder.recording_engine | [option] connection lost (sent 1011 (internal error) keepalive ping timeout; no close frame received) — reconnecting in 1.0 s
2026-06-12 00:25:26.986 | INFO     | bybit_edge.recorder.recording_engine | [option] connected to wss://stream.bybit.com/v5/public/option
2026-06-12 00:25:26.987 | INFO     | bybit_edge.recorder.recording_engine | Subscribed to 2 topic(s): ['tickers.BTC', 'tickers.ETH']
2026-06-12 00:25:32.606 | INFO     | bybit_edge.recorder.recording_engine | Storage telemetry: {'cap_gb': 50.0, 'used_gb': 0.0036, 'used_pct': 0.01, 'total_bytes': 3872390, 'total_segments': 402, 'evictions': 0, 'bytes_evicted': 0, 'per_stream': {'premium_index_kline': {'bytes': 3872390, 'segments': 402}}}
2026-06-12 00:25:57.203 | WARNING  | bybit_edge.recorder.recording_engine | [option] connection lost (sent 1011 (internal error) keepalive ping timeout; no close frame received) — reconnecting in 1.0 s
2026-06-12 00:25:58.954 | INFO     | bybit_edge.recorder.recording_engine | [option] connected to wss://stream.bybit.com/v5/public/option
2026-06-12 00:25:58.955 | INFO     | bybit_edge.recorder.recording_engine | Subscribed to 2 topic(s): ['tickers.BTC', 'tickers.ETH']
2026-06-12 00:26:02.740 | INFO     | bybit_edge.recorder.recording_engine | Storage telemetry: {'cap_gb': 50.0, 'used_gb': 0.0036, 'used_pct': 0.01, 'total_bytes': 3882038, 'total_segments': 403, 'evictions': 0, 'bytes_evicted': 0, 'per_stream': {'premium_index_kline': {'bytes': 3882038, 'segments': 403}}}
2026-06-12 00:26:29.164 | WARNING  | bybit_edge.recorder.recording_engine | [option] connection lost (sent 1011 (internal error) keepalive ping timeout; no close frame received) — reconnecting in 1.0 s
2026-06-12 00:26:30.915 | INFO     | bybit_edge.recorder.recording_engine | [option] connected to wss://stream.bybit.com/v5/public/option
2026-06-12 00:26:30.915 | INFO     | bybit_edge.recorder.recording_engine | Subscribed to 2 topic(s): ['tickers.BTC', 'tickers.ETH']
2026-06-12 00:26:32.842 | INFO     | bybit_edge.recorder.recording_engine | Storage telemetry: {'cap_gb': 50.0, 'used_gb': 0.0036, 'used_pct': 0.01, 'total_bytes': 3882038, 'total_segments': 403, 'evictions': 0, 'bytes_evicted': 0, 'per_stream': {'premium_index_kline': {'bytes': 3882038, 'segments': 403}}}
2026-06-12 00:27:01.093 | WARNING  | bybit_edge.recorder.recording_engine | [option] connection lost (sent 1011 (internal error) keepalive ping timeout; no close frame received) — reconnecting in 1.0 s
2026-06-12 00:27:02.835 | INFO     | bybit_edge.recorder.recording_engine | [option] connected to wss://stream.bybit.com/v5/public/option
2026-06-12 00:27:02.836 | INFO     | bybit_edge.recorder.recording_engine | Subscribed to 2 topic(s): ['tickers.BTC', 'tickers.ETH']
2026-06-12 00:27:02.976 | INFO     | bybit_edge.recorder.recording_engine | Storage telemetry: {'cap_gb': 50.0, 'used_gb': 0.0036, 'used_pct': 0.01, 'total_bytes': 3891693, 'total_segments': 404, 'evictions': 0, 'bytes_evicted': 0, 'per_stream': {'premium_index_kline': {'bytes': 3891693, 'segments': 404}}}
2026-06-12 00:27:33.100 | INFO     | bybit_edge.recorder.recording_engine | Storage telemetry: {'cap_gb': 50.0, 'used_gb': 0.0036, 'used_pct': 0.01, 'total_bytes': 3891693, 'total_segments': 404, 'evictions': 0, 'bytes_evicted': 0, 'per_stream': {'premium_index_kline': {'bytes': 3891693, 'segments': 404}}}
2026-06-12 00:27:33.101 | WARNING  | bybit_edge.recorder.recording_engine | [option] connection lost (sent 1011 (internal error) keepalive ping timeout; no close frame received) — reconnecting in 1.0 s
2026-06-12 00:27:34.836 | INFO     | bybit_edge.recorder.recording_engine | [option] connected to wss://stream.bybit.com/v5/public/option
2026-06-12 00:27:34.836 | INFO     | bybit_edge.recorder.recording_engine | Subscribed to 2 topic(s): ['tickers.BTC', 'tickers.ETH']
2026-06-12 00:28:03.218 | INFO     | bybit_edge.recorder.recording_engine | Storage telemetry: {'cap_gb': 50.0, 'used_gb': 0.0036, 'used_pct': 0.01, 'total_bytes': 3901361, 'total_segments': 405, 'evictions': 0, 'bytes_evicted': 0, 'per_stream': {'premium_index_kline': {'bytes': 3901361, 'segments': 405}}}
2026-06-12 00:28:05.037 | WARNING  | bybit_edge.recorder.recording_engine | [option] connection lost (sent 1011 (internal error) keepalive ping timeout; no close frame received) — reconnecting in 1.0 s
2026-06-12 00:28:06.774 | INFO     | bybit_edge.recorder.recording_engine | [option] connected to wss://stream.bybit.com/v5/public/option
2026-06-12 00:28:06.775 | INFO     | bybit_edge.recorder.recording_engine | Subscribed to 2 topic(s): ['tickers.BTC', 'tickers.ETH']
2026-06-12 00:28:33.347 | INFO     | bybit_edge.recorder.recording_engine | Storage telemetry: {'cap_gb': 50.0, 'used_gb': 0.0036, 'used_pct': 0.01, 'total_bytes': 3901361, 'total_segments': 405, 'evictions': 0, 'bytes_evicted': 0, 'per_stream': {'premium_index_kline': {'bytes': 3901361, 'segments': 405}}}
2026-06-12 00:28:36.973 | WARNING  | bybit_edge.recorder.recording_engine | [option] connection lost (sent 1011 (internal error) keepalive ping timeout; no close frame received) — reconnecting in 1.0 s
2026-06-12 00:28:38.708 | INFO     | bybit_edge.recorder.recording_engine | [option] connected to wss://stream.bybit.com/v5/public/option
2026-06-12 00:28:38.708 | INFO     | bybit_edge.recorder.recording_engine | Subscribed to 2 topic(s): ['tickers.BTC', 'tickers.ETH']
2026-06-12 00:29:03.463 | INFO     | bybit_edge.recorder.recording_engine | Storage telemetry: {'cap_gb': 50.0, 'used_gb': 0.0036, 'used_pct': 0.01, 'total_bytes': 3911048, 'total_segments': 406, 'evictions': 0, 'bytes_evicted': 0, 'per_stream': {'premium_index_kline': {'bytes': 3911048, 'segments': 406}}}
2026-06-12 00:29:08.905 | WARNING  | bybit_edge.recorder.recording_engine | [option] connection lost (sent 1011 (internal error) keepalive ping timeout; no close frame received) — reconnecting in 1.0 s
2026-06-12 00:29:10.650 | INFO     | bybit_edge.recorder.recording_engine | [option] connected to wss://stream.bybit.com/v5/public/option
2026-06-12 00:29:10.650 | INFO     | bybit_edge.recorder.recording_engine | Subscribed to 2 topic(s): ['tickers.BTC', 'tickers.ETH']
2026-06-12 00:29:33.571 | INFO     | bybit_edge.recorder.recording_engine | Storage telemetry: {'cap_gb': 50.0, 'used_gb': 0.0036, 'used_pct': 0.01, 'total_bytes': 3911048, 'total_segments': 406, 'evictions': 0, 'bytes_evicted': 0, 'per_stream': {'premium_index_kline': {'bytes': 3911048, 'segments': 406}}}
2026-06-12 00:29:40.840 | WARNING  | bybit_edge.recorder.recording_engine | [option] connection lost (sent 1011 (internal error) keepalive ping timeout; no close frame received) — reconnecting in 1.0 s
2026-06-12 00:29:42.587 | INFO     | bybit_edge.recorder.recording_engine | [option] connected to wss://stream.bybit.com/v5/public/option
2026-06-12 00:29:42.588 | INFO     | bybit_edge.recorder.recording_engine | Subscribed to 2 topic(s): ['tickers.BTC', 'tickers.ETH']
2026-06-12 00:30:03.691 | INFO     | bybit_edge.recorder.recording_engine | Storage telemetry: {'cap_gb': 50.0, 'used_gb': 0.0037, 'used_pct': 0.01, 'total_bytes': 3920722, 'total_segments': 407, 'evictions': 0, 'bytes_evicted': 0, 'per_stream': {'premium_index_kline': {'bytes': 3920722, 'segments': 407}}}
2026-06-12 00:30:12.790 | WARNING  | bybit_edge.recorder.recording_engine | [option] connection lost (sent 1011 (internal error) keepalive ping timeout; no close frame received) — reconnecting in 1.0 s
2026-06-12 00:30:14.384 | INFO     | bybit_edge.recorder.recording_engine | [option] connected to wss://stream.bybit.com/v5/public/option
2026-06-12 00:30:14.385 | INFO     | bybit_edge.recorder.recording_engine | Subscribed to 2 topic(s): ['tickers.BTC', 'tickers.ETH']
2026-06-12 00:30:33.797 | INFO     | bybit_edge.recorder.recording_engine | Storage telemetry: {'cap_gb': 50.0, 'used_gb': 0.0037, 'used_pct': 0.01, 'total_bytes': 3920722, 'total_segments': 407, 'evictions': 0, 'bytes_evicted': 0, 'per_stream': {'premium_index_kline': {'bytes': 3920722, 'segments': 407}}}
2026-06-12 00:30:44.592 | WARNING  | bybit_edge.recorder.recording_engine | [option] connection lost (sent 1011 (internal error) keepalive ping timeout; no close frame received) — reconnecting in 1.0 s
2026-06-12 00:30:46.358 | INFO     | bybit_edge.recorder.recording_engine | [option] connected to wss://stream.bybit.com/v5/public/option
2026-06-12 00:30:46.359 | INFO     | bybit_edge.recorder.recording_engine | Subscribed to 2 topic(s): ['tickers.BTC', 'tickers.ETH']
2026-06-12 00:31:03.933 | INFO     | bybit_edge.recorder.recording_engine | Storage telemetry: {'cap_gb': 50.0, 'used_gb': 0.0037, 'used_pct': 0.01, 'total_bytes': 3930397, 'total_segments': 408, 'evictions': 0, 'bytes_evicted': 0, 'per_stream': {'premium_index_kline': {'bytes': 3930397, 'segments': 408}}}
2026-06-12 00:31:16.582 | WARNING  | bybit_edge.recorder.recording_engine | [option] connection lost (sent 1011 (internal error) keepalive ping timeout; no close frame received) — reconnecting in 1.0 s
2026-06-12 00:31:18.346 | INFO     | bybit_edge.recorder.recording_engine | [option] connected to wss://stream.bybit.com/v5/public/option
2026-06-12 00:31:18.347 | INFO     | bybit_edge.recorder.recording_engine | Subscribed to 2 topic(s): ['tickers.BTC', 'tickers.ETH']
2026-06-12 00:31:34.071 | INFO     | bybit_edge.recorder.recording_engine | Storage telemetry: {'cap_gb': 50.0, 'used_gb': 0.0037, 'used_pct': 0.01, 'total_bytes': 3930397, 'total_segments': 408, 'evictions': 0, 'bytes_evicted': 0, 'per_stream': {'premium_index_kline': {'bytes': 3930397, 'segments': 408}}}
2026-06-12 00:31:48.571 | WARNING  | bybit_edge.recorder.recording_engine | [option] connection lost (sent 1011 (internal error) keepalive ping timeout; no close frame received) — reconnecting in 1.0 s
2026-06-12 00:31:50.319 | INFO     | bybit_edge.recorder.recording_engine | [option] connected to wss://stream.bybit.com/v5/public/option
2026-06-12 00:31:50.320 | INFO     | bybit_edge.recorder.recording_engine | Subscribed to 2 topic(s): ['tickers.BTC', 'tickers.ETH']
2026-06-12 00:32:04.184 | INFO     | bybit_edge.recorder.recording_engine | Storage telemetry: {'cap_gb': 50.0, 'used_gb': 0.0037, 'used_pct': 0.01, 'total_bytes': 3940078, 'total_segments': 409, 'evictions': 0, 'bytes_evicted': 0, 'per_stream': {'premium_index_kline': {'bytes': 3940078, 'segments': 409}}}
2026-06-12 00:32:20.523 | WARNING  | bybit_edge.recorder.recording_engine | [option] connection lost (sent 1011 (internal error) keepalive ping timeout; no close frame received) — reconnecting in 1.0 s
2026-06-12 00:32:22.267 | INFO     | bybit_edge.recorder.recording_engine | [option] connected to wss://stream.bybit.com/v5/public/option
2026-06-12 00:32:22.268 | INFO     | bybit_edge.recorder.recording_engine | Subscribed to 2 topic(s): ['tickers.BTC', 'tickers.ETH']
2026-06-12 00:32:34.305 | INFO     | bybit_edge.recorder.recording_engine | Storage telemetry: {'cap_gb': 50.0, 'used_gb': 0.0037, 'used_pct': 0.01, 'total_bytes': 3940078, 'total_segments': 409, 'evictions': 0, 'bytes_evicted': 0, 'per_stream': {'premium_index_kline': {'bytes': 3940078, 'segments': 409}}}
2026-06-12 00:32:52.461 | WARNING  | bybit_edge.recorder.recording_engine | [option] connection lost (sent 1011 (internal error) keepalive ping timeout; no close frame received) — reconnecting in 1.0 s
2026-06-12 00:32:54.234 | INFO     | bybit_edge.recorder.recording_engine | [option] connected to wss://stream.bybit.com/v5/public/option
2026-06-12 00:32:54.234 | INFO     | bybit_edge.recorder.recording_engine | Subscribed to 2 topic(s): ['tickers.BTC', 'tickers.ETH']
2026-06-12 00:33:04.441 | INFO     | bybit_edge.recorder.recording_engine | Storage telemetry: {'cap_gb': 50.0, 'used_gb': 0.0037, 'used_pct': 0.01, 'total_bytes': 3949762, 'total_segments': 410, 'evictions': 0, 'bytes_evicted': 0, 'per_stream': {'premium_index_kline': {'bytes': 3949762, 'segments': 410}}}
2026-06-12 00:33:24.436 | WARNING  | bybit_edge.recorder.recording_engine | [option] connection lost (sent 1011 (internal error) keepalive ping timeout; no close frame received) — reconnecting in 1.0 s
2026-06-12 00:33:26.181 | INFO     | bybit_edge.recorder.recording_engine | [option] connected to wss://stream.bybit.com/v5/public/option
2026-06-12 00:33:26.183 | INFO     | bybit_edge.recorder.recording_engine | Subscribed to 2 topic(s): ['tickers.BTC', 'tickers.ETH']
2026-06-12 00:33:34.556 | INFO     | bybit_edge.recorder.recording_engine | Storage telemetry: {'cap_gb': 50.0, 'used_gb': 0.0037, 'used_pct': 0.01, 'total_bytes': 3949762, 'total_segments': 410, 'evictions': 0, 'bytes_evicted': 0, 'per_stream': {'premium_index_kline': {'bytes': 3949762, 'segments': 410}}}
2026-06-12 00:33:56.380 | WARNING  | bybit_edge.recorder.recording_engine | [option] connection lost (sent 1011 (internal error) keepalive ping timeout; no close frame received) — reconnecting in 1.0 s
2026-06-12 00:33:58.119 | INFO     | bybit_edge.recorder.recording_engine | [option] connected to wss://stream.bybit.com/v5/public/option
2026-06-12 00:33:58.120 | INFO     | bybit_edge.recorder.recording_engine | Subscribed to 2 topic(s): ['tickers.BTC', 'tickers.ETH']
2026-06-12 00:34:04.674 | INFO     | bybit_edge.recorder.recording_engine | Storage telemetry: {'cap_gb': 50.0, 'used_gb': 0.0037, 'used_pct': 0.01, 'total_bytes': 3959448, 'total_segments': 411, 'evictions': 0, 'bytes_evicted': 0, 'per_stream': {'premium_index_kline': {'bytes': 3959448, 'segments': 411}}}
2026-06-12 00:34:28.319 | WARNING  | bybit_edge.recorder.recording_engine | [option] connection lost (sent 1011 (internal error) keepalive ping timeout; no close frame received) — reconnecting in 1.0 s
2026-06-12 00:34:30.073 | INFO     | bybit_edge.recorder.recording_engine | [option] connected to wss://stream.bybit.com/v5/public/option
2026-06-12 00:34:30.073 | INFO     | bybit_edge.recorder.recording_engine | Subscribed to 2 topic(s): ['tickers.BTC', 'tickers.ETH']
2026-06-12 00:34:34.804 | INFO     | bybit_edge.recorder.recording_engine | Storage telemetry: {'cap_gb': 50.0, 'used_gb': 0.0037, 'used_pct': 0.01, 'total_bytes': 3959448, 'total_segments': 411, 'evictions': 0, 'bytes_evicted': 0, 'per_stream': {'premium_index_kline': {'bytes': 3959448, 'segments': 411}}}
2026-06-12 00:35:00.247 | WARNING  | bybit_edge.recorder.recording_engine | [option] connection lost (sent 1011 (internal error) keepalive ping timeout; no close frame received) — reconnecting in 1.0 s
2026-06-12 00:35:01.991 | INFO     | bybit_edge.recorder.recording_engine | [option] connected to wss://stream.bybit.com/v5/public/option
2026-06-12 00:35:01.991 | INFO     | bybit_edge.recorder.recording_engine | Subscribed to 2 topic(s): ['tickers.BTC', 'tickers.ETH']
2026-06-12 00:35:04.921 | INFO     | bybit_edge.recorder.recording_engine | Storage telemetry: {'cap_gb': 50.0, 'used_gb': 0.0037, 'used_pct': 0.01, 'total_bytes': 3969133, 'total_segments': 412, 'evictions': 0, 'bytes_evicted': 0, 'per_stream': {'premium_index_kline': {'bytes': 3969133, 'segments': 412}}}
2026-06-12 00:35:32.182 | WARNING  | bybit_edge.recorder.recording_engine | [option] connection lost (sent 1011 (internal error) keepalive ping timeout; no close frame received) — reconnecting in 1.0 s
2026-06-12 00:35:33.923 | INFO     | bybit_edge.recorder.recording_engine | [option] connected to wss://stream.bybit.com/v5/public/option
2026-06-12 00:35:33.924 | INFO     | bybit_edge.recorder.recording_engine | Subscribed to 2 topic(s): ['tickers.BTC', 'tickers.ETH']
2026-06-12 00:35:35.054 | INFO     | bybit_edge.recorder.recording_engine | Storage telemetry: {'cap_gb': 50.0, 'used_gb': 0.0037, 'used_pct': 0.01, 'total_bytes': 3969133, 'total_segments': 412, 'evictions': 0, 'bytes_evicted': 0, 'per_stream': {'premium_index_kline': {'bytes': 3969133, 'segments': 412}}}
2026-06-12 00:36:04.131 | WARNING  | bybit_edge.recorder.recording_engine | [option] connection lost (sent 1011 (internal error) keepalive ping timeout; no close frame received) — reconnecting in 1.0 s
2026-06-12 00:36:05.185 | INFO     | bybit_edge.recorder.recording_engine | Storage telemetry: {'cap_gb': 50.0, 'used_gb': 0.0037, 'used_pct': 0.01, 'total_bytes': 3978811, 'total_segments': 413, 'evictions': 0, 'bytes_evicted': 0, 'per_stream': {'premium_index_kline': {'bytes': 3978811, 'segments': 413}}}
2026-06-12 00:36:05.961 | INFO     | bybit_edge.recorder.recording_engine | [option] connected to wss://stream.bybit.com/v5/public/option
2026-06-12 00:36:05.963 | INFO     | bybit_edge.recorder.recording_engine | Subscribed to 2 topic(s): ['tickers.BTC', 'tickers.ETH']
2026-06-12 00:36:35.325 | INFO     | bybit_edge.recorder.recording_engine | Storage telemetry: {'cap_gb': 50.0, 'used_gb': 0.0037, 'used_pct': 0.01, 'total_bytes': 3978811, 'total_segments': 413, 'evictions': 0, 'bytes_evicted': 0, 'per_stream': {'premium_index_kline': {'bytes': 3978811, 'segments': 413}}}
2026-06-12 00:36:36.161 | WARNING  | bybit_edge.recorder.recording_engine | [option] connection lost (sent 1011 (internal error) keepalive ping timeout; no close frame received) — reconnecting in 1.0 s
2026-06-12 00:36:37.914 | INFO     | bybit_edge.recorder.recording_engine | [option] connected to wss://stream.bybit.com/v5/public/option
2026-06-12 00:36:37.914 | INFO     | bybit_edge.recorder.recording_engine | Subscribed to 2 topic(s): ['tickers.BTC', 'tickers.ETH']
2026-06-12 00:37:05.458 | INFO     | bybit_edge.recorder.recording_engine | Storage telemetry: {'cap_gb': 50.0, 'used_gb': 0.0037, 'used_pct': 0.01, 'total_bytes': 3988486, 'total_segments': 414, 'evictions': 0, 'bytes_evicted': 0, 'per_stream': {'premium_index_kline': {'bytes': 3988486, 'segments': 414}}}
2026-06-12 00:37:08.104 | WARNING  | bybit_edge.recorder.recording_engine | [option] connection lost (sent 1011 (internal error) keepalive ping timeout; no close frame received) — reconnecting in 1.0 s
2026-06-12 00:37:09.843 | INFO     | bybit_edge.recorder.recording_engine | [option] connected to wss://stream.bybit.com/v5/public/option
2026-06-12 00:37:09.844 | INFO     | bybit_edge.recorder.recording_engine | Subscribed to 2 topic(s): ['tickers.BTC', 'tickers.ETH']
2026-06-12 00:37:35.577 | INFO     | bybit_edge.recorder.recording_engine | Storage telemetry: {'cap_gb': 50.0, 'used_gb': 0.0037, 'used_pct': 0.01, 'total_bytes': 3988486, 'total_segments': 414, 'evictions': 0, 'bytes_evicted': 0, 'per_stream': {'premium_index_kline': {'bytes': 3988486, 'segments': 414}}}
2026-06-12 00:37:40.037 | WARNING  | bybit_edge.recorder.recording_engine | [option] connection lost (sent 1011 (internal error) keepalive ping timeout; no close frame received) — reconnecting in 1.0 s
2026-06-12 00:37:41.792 | INFO     | bybit_edge.recorder.recording_engine | [option] connected to wss://stream.bybit.com/v5/public/option
2026-06-12 00:37:41.792 | INFO     | bybit_edge.recorder.recording_engine | Subscribed to 2 topic(s): ['tickers.BTC', 'tickers.ETH']
2026-06-12 00:38:05.699 | INFO     | bybit_edge.recorder.recording_engine | Storage telemetry: {'cap_gb': 50.0, 'used_gb': 0.0037, 'used_pct': 0.01, 'total_bytes': 3998163, 'total_segments': 415, 'evictions': 0, 'bytes_evicted': 0, 'per_stream': {'premium_index_kline': {'bytes': 3998163, 'segments': 415}}}
2026-06-12 00:38:11.975 | WARNING  | bybit_edge.recorder.recording_engine | [option] connection lost (sent 1011 (internal error) keepalive ping timeout; no close frame received) — reconnecting in 1.0 s
2026-06-12 00:38:13.760 | INFO     | bybit_edge.recorder.recording_engine | [option] connected to wss://stream.bybit.com/v5/public/option
2026-06-12 00:38:13.760 | INFO     | bybit_edge.recorder.recording_engine | Subscribed to 2 topic(s): ['tickers.BTC', 'tickers.ETH']
2026-06-12 00:38:35.818 | INFO     | bybit_edge.recorder.recording_engine | Storage telemetry: {'cap_gb': 50.0, 'used_gb': 0.0037, 'used_pct': 0.01, 'total_bytes': 3998163, 'total_segments': 415, 'evictions': 0, 'bytes_evicted': 0, 'per_stream': {'premium_index_kline': {'bytes': 3998163, 'segments': 415}}}
2026-06-12 00:38:43.955 | WARNING  | bybit_edge.recorder.recording_engine | [option] connection lost (sent 1011 (internal error) keepalive ping timeout; no close frame received) — reconnecting in 1.0 s
2026-06-12 00:38:45.695 | INFO     | bybit_edge.recorder.recording_engine | [option] connected to wss://stream.bybit.com/v5/public/option
2026-06-12 00:38:45.695 | INFO     | bybit_edge.recorder.recording_engine | Subscribed to 2 topic(s): ['tickers.BTC', 'tickers.ETH']
2026-06-12 00:39:05.966 | INFO     | bybit_edge.recorder.recording_engine | Storage telemetry: {'cap_gb': 50.0, 'used_gb': 0.0037, 'used_pct': 0.01, 'total_bytes': 4007839, 'total_segments': 416, 'evictions': 0, 'bytes_evicted': 0, 'per_stream': {'premium_index_kline': {'bytes': 4007839, 'segments': 416}}}
2026-06-12 00:39:15.886 | WARNING  | bybit_edge.recorder.recording_engine | [option] connection lost (sent 1011 (internal error) keepalive ping timeout; no close frame received) — reconnecting in 1.0 s
2026-06-12 00:39:17.626 | INFO     | bybit_edge.recorder.recording_engine | [option] connected to wss://stream.bybit.com/v5/public/option
2026-06-12 00:39:17.626 | INFO     | bybit_edge.recorder.recording_engine | Subscribed to 2 topic(s): ['tickers.BTC', 'tickers.ETH']
2026-06-12 00:39:36.067 | INFO     | bybit_edge.recorder.recording_engine | Storage telemetry: {'cap_gb': 50.0, 'used_gb': 0.0037, 'used_pct': 0.01, 'total_bytes': 4007839, 'total_segments': 416, 'evictions': 0, 'bytes_evicted': 0, 'per_stream': {'premium_index_kline': {'bytes': 4007839, 'segments': 416}}}
2026-06-12 00:39:47.830 | WARNING  | bybit_edge.recorder.recording_engine | [option] connection lost (sent 1011 (internal error) keepalive ping timeout; no close frame received) — reconnecting in 1.0 s
2026-06-12 00:39:49.594 | INFO     | bybit_edge.recorder.recording_engine | [option] connected to wss://stream.bybit.com/v5/public/option
2026-06-12 00:39:49.594 | INFO     | bybit_edge.recorder.recording_engine | Subscribed to 2 topic(s): ['tickers.BTC', 'tickers.ETH']
2026-06-12 00:40:06.202 | INFO     | bybit_edge.recorder.recording_engine | Storage telemetry: {'cap_gb': 50.0, 'used_gb': 0.0037, 'used_pct': 0.01, 'total_bytes': 4017520, 'total_segments': 417, 'evictions': 0, 'bytes_evicted': 0, 'per_stream': {'premium_index_kline': {'bytes': 4017520, 'segments': 417}}}
2026-06-12 00:40:19.790 | WARNING  | bybit_edge.recorder.recording_engine | [option] connection lost (sent 1011 (internal error) keepalive ping timeout; no close frame received) — reconnecting in 1.0 s
2026-06-12 00:40:21.533 | INFO     | bybit_edge.recorder.recording_engine | [option] connected to wss://stream.bybit.com/v5/public/option
2026-06-12 00:40:21.533 | INFO     | bybit_edge.recorder.recording_engine | Subscribed to 2 topic(s): ['tickers.BTC', 'tickers.ETH']
2026-06-12 00:40:36.319 | INFO     | bybit_edge.recorder.recording_engine | Storage telemetry: {'cap_gb': 50.0, 'used_gb': 0.0037, 'used_pct': 0.01, 'total_bytes': 4017520, 'total_segments': 417, 'evictions': 0, 'bytes_evicted': 0, 'per_stream': {'premium_index_kline': {'bytes': 4017520, 'segments': 417}}}
2026-06-12 00:40:51.733 | WARNING  | bybit_edge.recorder.recording_engine | [option] connection lost (sent 1011 (internal error) keepalive ping timeout; no close frame received) — reconnecting in 1.0 s
2026-06-12 00:40:53.483 | INFO     | bybit_edge.recorder.recording_engine | [option] connected to wss://stream.bybit.com/v5/public/option
2026-06-12 00:40:53.483 | INFO     | bybit_edge.recorder.recording_engine | Subscribed to 2 topic(s): ['tickers.BTC', 'tickers.ETH']
2026-06-12 00:41:06.460 | INFO     | bybit_edge.recorder.recording_engine | Storage telemetry: {'cap_gb': 50.0, 'used_gb': 0.0038, 'used_pct': 0.01, 'total_bytes': 4027209, 'total_segments': 418, 'evictions': 0, 'bytes_evicted': 0, 'per_stream': {'premium_index_kline': {'bytes': 4027209, 'segments': 418}}}
2026-06-12 00:41:23.672 | WARNING  | bybit_edge.recorder.recording_engine | [option] connection lost (sent 1011 (internal error) keepalive ping timeout; no close frame received) — reconnecting in 1.0 s
2026-06-12 00:41:25.437 | INFO     | bybit_edge.recorder.recording_engine | [option] connected to wss://stream.bybit.com/v5/public/option
2026-06-12 00:41:25.437 | INFO     | bybit_edge.recorder.recording_engine | Subscribed to 2 topic(s): ['tickers.BTC', 'tickers.ETH']
2026-06-12 00:41:36.588 | INFO     | bybit_edge.recorder.recording_engine | Storage telemetry: {'cap_gb': 50.0, 'used_gb': 0.0038, 'used_pct': 0.01, 'total_bytes': 4027209, 'total_segments': 418, 'evictions': 0, 'bytes_evicted': 0, 'per_stream': {'premium_index_kline': {'bytes': 4027209, 'segments': 418}}}
2026-06-12 00:41:55.643 | WARNING  | bybit_edge.recorder.recording_engine | [option] connection lost (sent 1011 (internal error) keepalive ping timeout; no close frame received) — reconnecting in 1.0 s
2026-06-12 00:41:57.239 | INFO     | bybit_edge.recorder.recording_engine | [option] connected to wss://stream.bybit.com/v5/public/option
2026-06-12 00:41:57.240 | INFO     | bybit_edge.recorder.recording_engine | Subscribed to 2 topic(s): ['tickers.BTC', 'tickers.ETH']
2026-06-12 00:42:06.713 | INFO     | bybit_edge.recorder.recording_engine | Storage telemetry: {'cap_gb': 50.0, 'used_gb': 0.0038, 'used_pct': 0.01, 'total_bytes': 4036893, 'total_segments': 419, 'evictions': 0, 'bytes_evicted': 0, 'per_stream': {'premium_index_kline': {'bytes': 4036893, 'segments': 419}}}
2026-06-12 00:42:27.447 | WARNING  | bybit_edge.recorder.recording_engine | [option] connection lost (sent 1011 (internal error) keepalive ping timeout; no close frame received) — reconnecting in 1.0 s
2026-06-12 00:42:29.183 | INFO     | bybit_edge.recorder.recording_engine | [option] connected to wss://stream.bybit.com/v5/public/option
2026-06-12 00:42:29.184 | INFO     | bybit_edge.recorder.recording_engine | Subscribed to 2 topic(s): ['tickers.BTC', 'tickers.ETH']
2026-06-12 00:42:36.850 | INFO     | bybit_edge.recorder.recording_engine | Storage telemetry: {'cap_gb': 50.0, 'used_gb': 0.0038, 'used_pct': 0.01, 'total_bytes': 4036893, 'total_segments': 419, 'evictions': 0, 'bytes_evicted': 0, 'per_stream': {'premium_index_kline': {'bytes': 4036893, 'segments': 419}}}
2026-06-12 00:42:59.366 | WARNING  | bybit_edge.recorder.recording_engine | [option] connection lost (sent 1011 (internal error) keepalive ping timeout; no close frame received) — reconnecting in 1.0 s
2026-06-12 00:43:01.106 | INFO     | bybit_edge.recorder.recording_engine | [option] connected to wss://stream.bybit.com/v5/public/option
2026-06-12 00:43:01.106 | INFO     | bybit_edge.recorder.recording_engine | Subscribed to 2 topic(s): ['tickers.BTC', 'tickers.ETH']
2026-06-12 00:43:06.983 | INFO     | bybit_edge.recorder.recording_engine | Storage telemetry: {'cap_gb': 50.0, 'used_gb': 0.0038, 'used_pct': 0.01, 'total_bytes': 4046586, 'total_segments': 420, 'evictions': 0, 'bytes_evicted': 0, 'per_stream': {'premium_index_kline': {'bytes': 4046586, 'segments': 420}}}
2026-06-12 00:43:31.302 | WARNING  | bybit_edge.recorder.recording_engine | [option] connection lost (sent 1011 (internal error) keepalive ping timeout; no close frame received) — reconnecting in 1.0 s
2026-06-12 00:43:33.077 | INFO     | bybit_edge.recorder.recording_engine | [option] connected to wss://stream.bybit.com/v5/public/option
2026-06-12 00:43:33.078 | INFO     | bybit_edge.recorder.recording_engine | Subscribed to 2 topic(s): ['tickers.BTC', 'tickers.ETH']
2026-06-12 00:43:37.119 | INFO     | bybit_edge.recorder.recording_engine | Storage telemetry: {'cap_gb': 50.0, 'used_gb': 0.0038, 'used_pct': 0.01, 'total_bytes': 4046586, 'total_segments': 420, 'evictions': 0, 'bytes_evicted': 0, 'per_stream': {'premium_index_kline': {'bytes': 4046586, 'segments': 420}}}
2026-06-12 00:44:03.263 | WARNING  | bybit_edge.recorder.recording_engine | [option] connection lost (sent 1011 (internal error) keepalive ping timeout; no close frame received) — reconnecting in 1.0 s
2026-06-12 00:44:04.982 | INFO     | bybit_edge.recorder.recording_engine | [option] connected to wss://stream.bybit.com/v5/public/option
2026-06-12 00:44:04.983 | INFO     | bybit_edge.recorder.recording_engine | Subscribed to 2 topic(s): ['tickers.BTC', 'tickers.ETH']
2026-06-12 00:44:07.250 | INFO     | bybit_edge.recorder.recording_engine | Storage telemetry: {'cap_gb': 50.0, 'used_gb': 0.0038, 'used_pct': 0.01, 'total_bytes': 4056276, 'total_segments': 421, 'evictions': 0, 'bytes_evicted': 0, 'per_stream': {'premium_index_kline': {'bytes': 4056276, 'segments': 421}}}
2026-06-12 00:44:35.181 | WARNING  | bybit_edge.recorder.recording_engine | [option] connection lost (sent 1011 (internal error) keepalive ping timeout; no close frame received) — reconnecting in 1.0 s
2026-06-12 00:44:36.760 | INFO     | bybit_edge.recorder.recording_engine | [option] connected to wss://stream.bybit.com/v5/public/option
2026-06-12 00:44:36.760 | INFO     | bybit_edge.recorder.recording_engine | Subscribed to 2 topic(s): ['tickers.BTC', 'tickers.ETH']
2026-06-12 00:44:37.373 | INFO     | bybit_edge.recorder.recording_engine | Storage telemetry: {'cap_gb': 50.0, 'used_gb': 0.0038, 'used_pct': 0.01, 'total_bytes': 4056276, 'total_segments': 421, 'evictions': 0, 'bytes_evicted': 0, 'per_stream': {'premium_index_kline': {'bytes': 4056276, 'segments': 421}}}
2026-06-12 00:45:06.943 | WARNING  | bybit_edge.recorder.recording_engine | [option] connection lost (sent 1011 (internal error) keepalive ping timeout; no close frame received) — reconnecting in 1.0 s
2026-06-12 00:45:07.507 | INFO     | bybit_edge.recorder.recording_engine | Storage telemetry: {'cap_gb': 50.0, 'used_gb': 0.0038, 'used_pct': 0.01, 'total_bytes': 4065980, 'total_segments': 422, 'evictions': 0, 'bytes_evicted': 0, 'per_stream': {'premium_index_kline': {'bytes': 4065980, 'segments': 422}}}
2026-06-12 00:45:08.688 | INFO     | bybit_edge.recorder.recording_engine | [option] connected to wss://stream.bybit.com/v5/public/option
2026-06-12 00:45:08.689 | INFO     | bybit_edge.recorder.recording_engine | Subscribed to 2 topic(s): ['tickers.BTC', 'tickers.ETH']
2026-06-12 00:45:37.626 | INFO     | bybit_edge.recorder.recording_engine | Storage telemetry: {'cap_gb': 50.0, 'used_gb': 0.0038, 'used_pct': 0.01, 'total_bytes': 4065980, 'total_segments': 422, 'evictions': 0, 'bytes_evicted': 0, 'per_stream': {'premium_index_kline': {'bytes': 4065980, 'segments': 422}}}
2026-06-12 00:45:38.882 | WARNING  | bybit_edge.recorder.recording_engine | [option] connection lost (sent 1011 (internal error) keepalive ping timeout; no close frame received) — reconnecting in 1.0 s
2026-06-12 00:45:40.645 | INFO     | bybit_edge.recorder.recording_engine | [option] connected to wss://stream.bybit.com/v5/public/option
2026-06-12 00:45:40.645 | INFO     | bybit_edge.recorder.recording_engine | Subscribed to 2 topic(s): ['tickers.BTC', 'tickers.ETH']
2026-06-12 00:46:07.760 | INFO     | bybit_edge.recorder.recording_engine | Storage telemetry: {'cap_gb': 50.0, 'used_gb': 0.0038, 'used_pct': 0.01, 'total_bytes': 4075695, 'total_segments': 423, 'evictions': 0, 'bytes_evicted': 0, 'per_stream': {'premium_index_kline': {'bytes': 4075695, 'segments': 423}}}
2026-06-12 00:46:10.833 | WARNING  | bybit_edge.recorder.recording_engine | [option] connection lost (sent 1011 (internal error) keepalive ping timeout; no close frame received) — reconnecting in 1.0 s
2026-06-12 00:46:12.588 | INFO     | bybit_edge.recorder.recording_engine | [option] connected to wss://stream.bybit.com/v5/public/option
2026-06-12 00:46:12.589 | INFO     | bybit_edge.recorder.recording_engine | Subscribed to 2 topic(s): ['tickers.BTC', 'tickers.ETH']
2026-06-12 00:46:37.899 | INFO     | bybit_edge.recorder.recording_engine | Storage telemetry: {'cap_gb': 50.0, 'used_gb': 0.0038, 'used_pct': 0.01, 'total_bytes': 4075695, 'total_segments': 423, 'evictions': 0, 'bytes_evicted': 0, 'per_stream': {'premium_index_kline': {'bytes': 4075695, 'segments': 423}}}
2026-06-12 00:46:42.784 | WARNING  | bybit_edge.recorder.recording_engine | [option] connection lost (sent 1011 (internal error) keepalive ping timeout; no close frame received) — reconnecting in 1.0 s
2026-06-12 00:46:44.591 | INFO     | bybit_edge.recorder.recording_engine | [option] connected to wss://stream.bybit.com/v5/public/option
2026-06-12 00:46:44.591 | INFO     | bybit_edge.recorder.recording_engine | Subscribed to 2 topic(s): ['tickers.BTC', 'tickers.ETH']
2026-06-12 00:47:08.015 | INFO     | bybit_edge.recorder.recording_engine | Storage telemetry: {'cap_gb': 50.0, 'used_gb': 0.0038, 'used_pct': 0.01, 'total_bytes': 4085402, 'total_segments': 424, 'evictions': 0, 'bytes_evicted': 0, 'per_stream': {'premium_index_kline': {'bytes': 4085402, 'segments': 424}}}
2026-06-12 00:47:14.779 | WARNING  | bybit_edge.recorder.recording_engine | [option] connection lost (sent 1011 (internal error) keepalive ping timeout; no close frame received) — reconnecting in 1.0 s
2026-06-12 00:47:16.563 | INFO     | bybit_edge.recorder.recording_engine | [option] connected to wss://stream.bybit.com/v5/public/option
2026-06-12 00:47:16.564 | INFO     | bybit_edge.recorder.recording_engine | Subscribed to 2 topic(s): ['tickers.BTC', 'tickers.ETH']
2026-06-12 00:47:38.144 | INFO     | bybit_edge.recorder.recording_engine | Storage telemetry: {'cap_gb': 50.0, 'used_gb': 0.0038, 'used_pct': 0.01, 'total_bytes': 4085402, 'total_segments': 424, 'evictions': 0, 'bytes_evicted': 0, 'per_stream': {'premium_index_kline': {'bytes': 4085402, 'segments': 424}}}
2026-06-12 00:47:46.752 | WARNING  | bybit_edge.recorder.recording_engine | [option] connection lost (sent 1011 (internal error) keepalive ping timeout; no close frame received) — reconnecting in 1.0 s
2026-06-12 00:47:48.331 | INFO     | bybit_edge.recorder.recording_engine | [option] connected to wss://stream.bybit.com/v5/public/option
2026-06-12 00:47:48.331 | INFO     | bybit_edge.recorder.recording_engine | Subscribed to 2 topic(s): ['tickers.BTC', 'tickers.ETH']
2026-06-12 00:48:08.288 | INFO     | bybit_edge.recorder.recording_engine | Storage telemetry: {'cap_gb': 50.0, 'used_gb': 0.0038, 'used_pct': 0.01, 'total_bytes': 4095115, 'total_segments': 425, 'evictions': 0, 'bytes_evicted': 0, 'per_stream': {'premium_index_kline': {'bytes': 4095115, 'segments': 425}}}
2026-06-12 00:48:18.547 | WARNING  | bybit_edge.recorder.recording_engine | [option] connection lost (sent 1011 (internal error) keepalive ping timeout; no close frame received) — reconnecting in 1.0 s
2026-06-12 00:48:20.295 | INFO     | bybit_edge.recorder.recording_engine | [option] connected to wss://stream.bybit.com/v5/public/option
2026-06-12 00:48:20.295 | INFO     | bybit_edge.recorder.recording_engine | Subscribed to 2 topic(s): ['tickers.BTC', 'tickers.ETH']
2026-06-12 00:48:38.413 | INFO     | bybit_edge.recorder.recording_engine | Storage telemetry: {'cap_gb': 50.0, 'used_gb': 0.0038, 'used_pct': 0.01, 'total_bytes': 4095115, 'total_segments': 425, 'evictions': 0, 'bytes_evicted': 0, 'per_stream': {'premium_index_kline': {'bytes': 4095115, 'segments': 425}}}
2026-06-12 00:48:50.499 | WARNING  | bybit_edge.recorder.recording_engine | [option] connection lost (sent 1011 (internal error) keepalive ping timeout; no close frame received) — reconnecting in 1.0 s
2026-06-12 00:48:52.257 | INFO     | bybit_edge.recorder.recording_engine | [option] connected to wss://stream.bybit.com/v5/public/option
2026-06-12 00:48:52.258 | INFO     | bybit_edge.recorder.recording_engine | Subscribed to 2 topic(s): ['tickers.BTC', 'tickers.ETH']
2026-06-12 00:49:08.532 | INFO     | bybit_edge.recorder.recording_engine | Storage telemetry: {'cap_gb': 50.0, 'used_gb': 0.0038, 'used_pct': 0.01, 'total_bytes': 4104827, 'total_segments': 426, 'evictions': 0, 'bytes_evicted': 0, 'per_stream': {'premium_index_kline': {'bytes': 4104827, 'segments': 426}}}
2026-06-12 00:49:22.442 | WARNING  | bybit_edge.recorder.recording_engine | [option] connection lost (sent 1011 (internal error) keepalive ping timeout; no close frame received) — reconnecting in 1.0 s
2026-06-12 00:49:24.179 | INFO     | bybit_edge.recorder.recording_engine | [option] connected to wss://stream.bybit.com/v5/public/option
2026-06-12 00:49:24.179 | INFO     | bybit_edge.recorder.recording_engine | Subscribed to 2 topic(s): ['tickers.BTC', 'tickers.ETH']
2026-06-12 00:49:38.652 | INFO     | bybit_edge.recorder.recording_engine | Storage telemetry: {'cap_gb': 50.0, 'used_gb': 0.0038, 'used_pct': 0.01, 'total_bytes': 4104827, 'total_segments': 426, 'evictions': 0, 'bytes_evicted': 0, 'per_stream': {'premium_index_kline': {'bytes': 4104827, 'segments': 426}}}
2026-06-12 00:49:54.358 | WARNING  | bybit_edge.recorder.recording_engine | [option] connection lost (sent 1011 (internal error) keepalive ping timeout; no close frame received) — reconnecting in 1.0 s
2026-06-12 00:49:56.095 | INFO     | bybit_edge.recorder.recording_engine | [option] connected to wss://stream.bybit.com/v5/public/option
2026-06-12 00:49:56.095 | INFO     | bybit_edge.recorder.recording_engine | Subscribed to 2 topic(s): ['tickers.BTC', 'tickers.ETH']
2026-06-12 00:50:08.771 | INFO     | bybit_edge.recorder.recording_engine | Storage telemetry: {'cap_gb': 50.0, 'used_gb': 0.0038, 'used_pct': 0.01, 'total_bytes': 4114552, 'total_segments': 427, 'evictions': 0, 'bytes_evicted': 0, 'per_stream': {'premium_index_kline': {'bytes': 4114552, 'segments': 427}}}
2026-06-12 00:50:26.278 | WARNING  | bybit_edge.recorder.recording_engine | [option] connection lost (sent 1011 (internal error) keepalive ping timeout; no close frame received) — reconnecting in 1.0 s
2026-06-12 00:50:28.012 | INFO     | bybit_edge.recorder.recording_engine | [option] connected to wss://stream.bybit.com/v5/public/option
2026-06-12 00:50:28.013 | INFO     | bybit_edge.recorder.recording_engine | Subscribed to 2 topic(s): ['tickers.BTC', 'tickers.ETH']
2026-06-12 00:50:38.897 | INFO     | bybit_edge.recorder.recording_engine | Storage telemetry: {'cap_gb': 50.0, 'used_gb': 0.0038, 'used_pct': 0.01, 'total_bytes': 4114552, 'total_segments': 427, 'evictions': 0, 'bytes_evicted': 0, 'per_stream': {'premium_index_kline': {'bytes': 4114552, 'segments': 427}}}
2026-06-12 00:50:58.209 | WARNING  | bybit_edge.recorder.recording_engine | [option] connection lost (sent 1011 (internal error) keepalive ping timeout; no close frame received) — reconnecting in 1.0 s
2026-06-12 00:51:00.005 | INFO     | bybit_edge.recorder.recording_engine | [option] connected to wss://stream.bybit.com/v5/public/option
2026-06-12 00:51:00.005 | INFO     | bybit_edge.recorder.recording_engine | Subscribed to 2 topic(s): ['tickers.BTC', 'tickers.ETH']
2026-06-12 00:51:09.032 | INFO     | bybit_edge.recorder.recording_engine | Storage telemetry: {'cap_gb': 50.0, 'used_gb': 0.0038, 'used_pct': 0.01, 'total_bytes': 4124262, 'total_segments': 428, 'evictions': 0, 'bytes_evicted': 0, 'per_stream': {'premium_index_kline': {'bytes': 4124262, 'segments': 428}}}
2026-06-12 00:51:30.215 | WARNING  | bybit_edge.recorder.recording_engine | [option] connection lost (sent 1011 (internal error) keepalive ping timeout; no close frame received) — reconnecting in 1.0 s
2026-06-12 00:51:31.789 | INFO     | bybit_edge.recorder.recording_engine | [option] connected to wss://stream.bybit.com/v5/public/option
2026-06-12 00:51:31.790 | INFO     | bybit_edge.recorder.recording_engine | Subscribed to 2 topic(s): ['tickers.BTC', 'tickers.ETH']
2026-06-12 00:51:39.156 | INFO     | bybit_edge.recorder.recording_engine | Storage telemetry: {'cap_gb': 50.0, 'used_gb': 0.0038, 'used_pct': 0.01, 'total_bytes': 4124262, 'total_segments': 428, 'evictions': 0, 'bytes_evicted': 0, 'per_stream': {'premium_index_kline': {'bytes': 4124262, 'segments': 428}}}
2026-06-12 00:52:01.986 | WARNING  | bybit_edge.recorder.recording_engine | [option] connection lost (sent 1011 (internal error) keepalive ping timeout; no close frame received) — reconnecting in 1.0 s
2026-06-12 00:52:03.728 | INFO     | bybit_edge.recorder.recording_engine | [option] connected to wss://stream.bybit.com/v5/public/option
2026-06-12 00:52:03.729 | INFO     | bybit_edge.recorder.recording_engine | Subscribed to 2 topic(s): ['tickers.BTC', 'tickers.ETH']
2026-06-12 00:52:09.288 | INFO     | bybit_edge.recorder.recording_engine | Storage telemetry: {'cap_gb': 50.0, 'used_gb': 0.0039, 'used_pct': 0.01, 'total_bytes': 4133974, 'total_segments': 429, 'evictions': 0, 'bytes_evicted': 0, 'per_stream': {'premium_index_kline': {'bytes': 4133974, 'segments': 429}}}
2026-06-12 00:52:33.920 | WARNING  | bybit_edge.recorder.recording_engine | [option] connection lost (sent 1011 (internal error) keepalive ping timeout; no close frame received) — reconnecting in 1.0 s
2026-06-12 00:52:35.667 | INFO     | bybit_edge.recorder.recording_engine | [option] connected to wss://stream.bybit.com/v5/public/option
2026-06-12 00:52:35.668 | INFO     | bybit_edge.recorder.recording_engine | Subscribed to 2 topic(s): ['tickers.BTC', 'tickers.ETH']
2026-06-12 00:52:39.418 | INFO     | bybit_edge.recorder.recording_engine | Storage telemetry: {'cap_gb': 50.0, 'used_gb': 0.0039, 'used_pct': 0.01, 'total_bytes': 4133974, 'total_segments': 429, 'evictions': 0, 'bytes_evicted': 0, 'per_stream': {'premium_index_kline': {'bytes': 4133974, 'segments': 429}}}
2026-06-12 00:53:05.863 | WARNING  | bybit_edge.recorder.recording_engine | [option] connection lost (sent 1011 (internal error) keepalive ping timeout; no close frame received) — reconnecting in 1.0 s
2026-06-12 00:53:07.602 | INFO     | bybit_edge.recorder.recording_engine | [option] connected to wss://stream.bybit.com/v5/public/option
2026-06-12 00:53:07.603 | INFO     | bybit_edge.recorder.recording_engine | Subscribed to 2 topic(s): ['tickers.BTC', 'tickers.ETH']
2026-06-12 00:53:09.548 | INFO     | bybit_edge.recorder.recording_engine | Storage telemetry: {'cap_gb': 50.0, 'used_gb': 0.0039, 'used_pct': 0.01, 'total_bytes': 4143681, 'total_segments': 430, 'evictions': 0, 'bytes_evicted': 0, 'per_stream': {'premium_index_kline': {'bytes': 4143681, 'segments': 430}}}
2026-06-12 00:53:37.810 | WARNING  | bybit_edge.recorder.recording_engine | [option] connection lost (sent 1011 (internal error) keepalive ping timeout; no close frame received) — reconnecting in 1.0 s
2026-06-12 00:53:39.680 | INFO     | bybit_edge.recorder.recording_engine | Storage telemetry: {'cap_gb': 50.0, 'used_gb': 0.0039, 'used_pct': 0.01, 'total_bytes': 4143681, 'total_segments': 430, 'evictions': 0, 'bytes_evicted': 0, 'per_stream': {'premium_index_kline': {'bytes': 4143681, 'segments': 430}}}
2026-06-12 00:53:39.681 | INFO     | bybit_edge.recorder.recording_engine | [option] connected to wss://stream.bybit.com/v5/public/option
2026-06-12 00:53:39.681 | INFO     | bybit_edge.recorder.recording_engine | Subscribed to 2 topic(s): ['tickers.BTC', 'tickers.ETH']
2026-06-12 00:54:09.817 | INFO     | bybit_edge.recorder.recording_engine | Storage telemetry: {'cap_gb': 50.0, 'used_gb': 0.0039, 'used_pct': 0.01, 'total_bytes': 4153385, 'total_segments': 431, 'evictions': 0, 'bytes_evicted': 0, 'per_stream': {'premium_index_kline': {'bytes': 4153385, 'segments': 431}}}
2026-06-12 00:54:09.995 | WARNING  | bybit_edge.recorder.recording_engine | [option] connection lost (sent 1011 (internal error) keepalive ping timeout; no close frame received) — reconnecting in 1.0 s
2026-06-12 00:54:11.747 | INFO     | bybit_edge.recorder.recording_engine | [option] connected to wss://stream.bybit.com/v5/public/option
2026-06-12 00:54:11.748 | INFO     | bybit_edge.recorder.recording_engine | Subscribed to 2 topic(s): ['tickers.BTC', 'tickers.ETH']
2026-06-12 00:54:39.951 | INFO     | bybit_edge.recorder.recording_engine | Storage telemetry: {'cap_gb': 50.0, 'used_gb': 0.0039, 'used_pct': 0.01, 'total_bytes': 4153385, 'total_segments': 431, 'evictions': 0, 'bytes_evicted': 0, 'per_stream': {'premium_index_kline': {'bytes': 4153385, 'segments': 431}}}
2026-06-12 00:54:41.953 | WARNING  | bybit_edge.recorder.recording_engine | [option] connection lost (sent 1011 (internal error) keepalive ping timeout; no close frame received) — reconnecting in 1.0 s
2026-06-12 00:54:43.694 | INFO     | bybit_edge.recorder.recording_engine | [option] connected to wss://stream.bybit.com/v5/public/option
2026-06-12 00:54:43.694 | INFO     | bybit_edge.recorder.recording_engine | Subscribed to 2 topic(s): ['tickers.BTC', 'tickers.ETH']
2026-06-12 00:55:10.074 | INFO     | bybit_edge.recorder.recording_engine | Storage telemetry: {'cap_gb': 50.0, 'used_gb': 0.0039, 'used_pct': 0.01, 'total_bytes': 4163085, 'total_segments': 432, 'evictions': 0, 'bytes_evicted': 0, 'per_stream': {'premium_index_kline': {'bytes': 4163085, 'segments': 432}}}
2026-06-12 00:55:13.886 | WARNING  | bybit_edge.recorder.recording_engine | [option] connection lost (sent 1011 (internal error) keepalive ping timeout; no close frame received) — reconnecting in 1.0 s
2026-06-12 00:55:15.638 | INFO     | bybit_edge.recorder.recording_engine | [option] connected to wss://stream.bybit.com/v5/public/option
2026-06-12 00:55:15.638 | INFO     | bybit_edge.recorder.recording_engine | Subscribed to 2 topic(s): ['tickers.BTC', 'tickers.ETH']
2026-06-12 00:55:40.193 | INFO     | bybit_edge.recorder.recording_engine | Storage telemetry: {'cap_gb': 50.0, 'used_gb': 0.0039, 'used_pct': 0.01, 'total_bytes': 4163085, 'total_segments': 432, 'evictions': 0, 'bytes_evicted': 0, 'per_stream': {'premium_index_kline': {'bytes': 4163085, 'segments': 432}}}
2026-06-12 00:55:45.832 | WARNING  | bybit_edge.recorder.recording_engine | [option] connection lost (sent 1011 (internal error) keepalive ping timeout; no close frame received) — reconnecting in 1.0 s
2026-06-12 00:55:47.574 | INFO     | bybit_edge.recorder.recording_engine | [option] connected to wss://stream.bybit.com/v5/public/option
2026-06-12 00:55:47.575 | INFO     | bybit_edge.recorder.recording_engine | Subscribed to 2 topic(s): ['tickers.BTC', 'tickers.ETH']
2026-06-12 00:56:10.341 | INFO     | bybit_edge.recorder.recording_engine | Storage telemetry: {'cap_gb': 50.0, 'used_gb': 0.0039, 'used_pct': 0.01, 'total_bytes': 4172785, 'total_segments': 433, 'evictions': 0, 'bytes_evicted': 0, 'per_stream': {'premium_index_kline': {'bytes': 4172785, 'segments': 433}}}
2026-06-12 00:56:17.777 | WARNING  | bybit_edge.recorder.recording_engine | [option] connection lost (sent 1011 (internal error) keepalive ping timeout; no close frame received) — reconnecting in 1.0 s
2026-06-12 00:56:19.567 | INFO     | bybit_edge.recorder.recording_engine | [option] connected to wss://stream.bybit.com/v5/public/option
2026-06-12 00:56:19.567 | INFO     | bybit_edge.recorder.recording_engine | Subscribed to 2 topic(s): ['tickers.BTC', 'tickers.ETH']
2026-06-12 00:56:40.467 | INFO     | bybit_edge.recorder.recording_engine | Storage telemetry: {'cap_gb': 50.0, 'used_gb': 0.0039, 'used_pct': 0.01, 'total_bytes': 4172785, 'total_segments': 433, 'evictions': 0, 'bytes_evicted': 0, 'per_stream': {'premium_index_kline': {'bytes': 4172785, 'segments': 433}}}
2026-06-12 00:56:49.772 | WARNING  | bybit_edge.recorder.recording_engine | [option] connection lost (sent 1011 (internal error) keepalive ping timeout; no close frame received) — reconnecting in 1.0 s
2026-06-12 00:56:51.508 | INFO     | bybit_edge.recorder.recording_engine | [option] connected to wss://stream.bybit.com/v5/public/option
2026-06-12 00:56:51.509 | INFO     | bybit_edge.recorder.recording_engine | Subscribed to 2 topic(s): ['tickers.BTC', 'tickers.ETH']
2026-06-12 00:57:10.616 | INFO     | bybit_edge.recorder.recording_engine | Storage telemetry: {'cap_gb': 50.0, 'used_gb': 0.0039, 'used_pct': 0.01, 'total_bytes': 4182490, 'total_segments': 434, 'evictions': 0, 'bytes_evicted': 0, 'per_stream': {'premium_index_kline': {'bytes': 4182490, 'segments': 434}}}
2026-06-12 00:57:21.690 | WARNING  | bybit_edge.recorder.recording_engine | [option] connection lost (sent 1011 (internal error) keepalive ping timeout; no close frame received) — reconnecting in 1.0 s
2026-06-12 00:57:23.426 | INFO     | bybit_edge.recorder.recording_engine | [option] connected to wss://stream.bybit.com/v5/public/option
2026-06-12 00:57:23.427 | INFO     | bybit_edge.recorder.recording_engine | Subscribed to 2 topic(s): ['tickers.BTC', 'tickers.ETH']
2026-06-12 00:57:40.745 | INFO     | bybit_edge.recorder.recording_engine | Storage telemetry: {'cap_gb': 50.0, 'used_gb': 0.0039, 'used_pct': 0.01, 'total_bytes': 4182490, 'total_segments': 434, 'evictions': 0, 'bytes_evicted': 0, 'per_stream': {'premium_index_kline': {'bytes': 4182490, 'segments': 434}}}
2026-06-12 00:57:53.625 | WARNING  | bybit_edge.recorder.recording_engine | [option] connection lost (sent 1011 (internal error) keepalive ping timeout; no close frame received) — reconnecting in 1.0 s
2026-06-12 00:57:55.389 | INFO     | bybit_edge.recorder.recording_engine | [option] connected to wss://stream.bybit.com/v5/public/option
2026-06-12 00:57:55.390 | INFO     | bybit_edge.recorder.recording_engine | Subscribed to 2 topic(s): ['tickers.BTC', 'tickers.ETH']
2026-06-12 00:58:10.871 | INFO     | bybit_edge.recorder.recording_engine | Storage telemetry: {'cap_gb': 50.0, 'used_gb': 0.0039, 'used_pct': 0.01, 'total_bytes': 4192190, 'total_segments': 435, 'evictions': 0, 'bytes_evicted': 0, 'per_stream': {'premium_index_kline': {'bytes': 4192190, 'segments': 435}}}
2026-06-12 00:58:25.578 | WARNING  | bybit_edge.recorder.recording_engine | [option] connection lost (sent 1011 (internal error) keepalive ping timeout; no close frame received) — reconnecting in 1.0 s
2026-06-12 00:58:27.320 | INFO     | bybit_edge.recorder.recording_engine | [option] connected to wss://stream.bybit.com/v5/public/option
2026-06-12 00:58:27.321 | INFO     | bybit_edge.recorder.recording_engine | Subscribed to 2 topic(s): ['tickers.BTC', 'tickers.ETH']
2026-06-12 00:58:41.012 | INFO     | bybit_edge.recorder.recording_engine | Storage telemetry: {'cap_gb': 50.0, 'used_gb': 0.0039, 'used_pct': 0.01, 'total_bytes': 4192190, 'total_segments': 435, 'evictions': 0, 'bytes_evicted': 0, 'per_stream': {'premium_index_kline': {'bytes': 4192190, 'segments': 435}}}
2026-06-12 00:58:57.550 | WARNING  | bybit_edge.recorder.recording_engine | [option] connection lost (sent 1011 (internal error) keepalive ping timeout; no close frame received) — reconnecting in 1.0 s
2026-06-12 00:58:59.294 | INFO     | bybit_edge.recorder.recording_engine | [option] connected to wss://stream.bybit.com/v5/public/option
2026-06-12 00:58:59.294 | INFO     | bybit_edge.recorder.recording_engine | Subscribed to 2 topic(s): ['tickers.BTC', 'tickers.ETH']
2026-06-12 00:59:11.142 | INFO     | bybit_edge.recorder.recording_engine | Storage telemetry: {'cap_gb': 50.0, 'used_gb': 0.0039, 'used_pct': 0.01, 'total_bytes': 4201893, 'total_segments': 436, 'evictions': 0, 'bytes_evicted': 0, 'per_stream': {'premium_index_kline': {'bytes': 4201893, 'segments': 436}}}
2026-06-12 00:59:29.485 | WARNING  | bybit_edge.recorder.recording_engine | [option] connection lost (sent 1011 (internal error) keepalive ping timeout; no close frame received) — reconnecting in 1.0 s
2026-06-12 00:59:31.249 | INFO     | bybit_edge.recorder.recording_engine | [option] connected to wss://stream.bybit.com/v5/public/option
2026-06-12 00:59:31.249 | INFO     | bybit_edge.recorder.recording_engine | Subscribed to 2 topic(s): ['tickers.BTC', 'tickers.ETH']
2026-06-12 00:59:41.282 | INFO     | bybit_edge.recorder.recording_engine | Storage telemetry: {'cap_gb': 50.0, 'used_gb': 0.0039, 'used_pct': 0.01, 'total_bytes': 4201893, 'total_segments': 436, 'evictions': 0, 'bytes_evicted': 0, 'per_stream': {'premium_index_kline': {'bytes': 4201893, 'segments': 436}}}
2026-06-12 01:00:01.443 | WARNING  | bybit_edge.recorder.recording_engine | [option] connection lost (sent 1011 (internal error) keepalive ping timeout; no close frame received) — reconnecting in 1.0 s
2026-06-12 01:00:03.208 | INFO     | bybit_edge.recorder.recording_engine | [option] connected to wss://stream.bybit.com/v5/public/option
2026-06-12 01:00:03.209 | INFO     | bybit_edge.recorder.recording_engine | Subscribed to 2 topic(s): ['tickers.BTC', 'tickers.ETH']
2026-06-12 01:00:11.419 | INFO     | bybit_edge.recorder.recording_engine | Storage telemetry: {'cap_gb': 50.0, 'used_gb': 0.0039, 'used_pct': 0.01, 'total_bytes': 4211601, 'total_segments': 437, 'evictions': 0, 'bytes_evicted': 0, 'per_stream': {'premium_index_kline': {'bytes': 4211601, 'segments': 437}}}
2026-06-12 01:00:33.411 | WARNING  | bybit_edge.recorder.recording_engine | [option] connection lost (sent 1011 (internal error) keepalive ping timeout; no close frame received) — reconnecting in 1.0 s
2026-06-12 01:00:35.154 | INFO     | bybit_edge.recorder.recording_engine | [option] connected to wss://stream.bybit.com/v5/public/option
2026-06-12 01:00:35.156 | INFO     | bybit_edge.recorder.recording_engine | Subscribed to 2 topic(s): ['tickers.BTC', 'tickers.ETH']
2026-06-12 01:00:41.544 | INFO     | bybit_edge.recorder.recording_engine | Storage telemetry: {'cap_gb': 50.0, 'used_gb': 0.0039, 'used_pct': 0.01, 'total_bytes': 4211601, 'total_segments': 437, 'evictions': 0, 'bytes_evicted': 0, 'per_stream': {'premium_index_kline': {'bytes': 4211601, 'segments': 437}}}
2026-06-12 01:01:05.373 | WARNING  | bybit_edge.recorder.recording_engine | [option] connection lost (sent 1011 (internal error) keepalive ping timeout; no close frame received) — reconnecting in 1.0 s
2026-06-12 01:01:07.127 | INFO     | bybit_edge.recorder.recording_engine | [option] connected to wss://stream.bybit.com/v5/public/option
2026-06-12 01:01:07.129 | INFO     | bybit_edge.recorder.recording_engine | Subscribed to 2 topic(s): ['tickers.BTC', 'tickers.ETH']
2026-06-12 01:01:11.680 | INFO     | bybit_edge.recorder.recording_engine | Storage telemetry: {'cap_gb': 50.0, 'used_gb': 0.0039, 'used_pct': 0.01, 'total_bytes': 4221299, 'total_segments': 438, 'evictions': 0, 'bytes_evicted': 0, 'per_stream': {'premium_index_kline': {'bytes': 4221299, 'segments': 438}}}
2026-06-12 01:01:37.335 | WARNING  | bybit_edge.recorder.recording_engine | [option] connection lost (sent 1011 (internal error) keepalive ping timeout; no close frame received) — reconnecting in 1.0 s
2026-06-12 01:01:39.141 | INFO     | bybit_edge.recorder.recording_engine | [option] connected to wss://stream.bybit.com/v5/public/option
2026-06-12 01:01:39.141 | INFO     | bybit_edge.recorder.recording_engine | Subscribed to 2 topic(s): ['tickers.BTC', 'tickers.ETH']
2026-06-12 01:01:41.804 | INFO     | bybit_edge.recorder.recording_engine | Storage telemetry: {'cap_gb': 50.0, 'used_gb': 0.0039, 'used_pct': 0.01, 'total_bytes': 4221299, 'total_segments': 438, 'evictions': 0, 'bytes_evicted': 0, 'per_stream': {'premium_index_kline': {'bytes': 4221299, 'segments': 438}}}
2026-06-12 01:02:09.349 | WARNING  | bybit_edge.recorder.recording_engine | [option] connection lost (sent 1011 (internal error) keepalive ping timeout; no close frame received) — reconnecting in 1.0 s
2026-06-12 01:02:10.934 | INFO     | bybit_edge.recorder.recording_engine | [option] connected to wss://stream.bybit.com/v5/public/option
2026-06-12 01:02:10.935 | INFO     | bybit_edge.recorder.recording_engine | Subscribed to 2 topic(s): ['tickers.BTC', 'tickers.ETH']
2026-06-12 01:02:11.932 | INFO     | bybit_edge.recorder.recording_engine | Storage telemetry: {'cap_gb': 50.0, 'used_gb': 0.0039, 'used_pct': 0.01, 'total_bytes': 4231004, 'total_segments': 439, 'evictions': 0, 'bytes_evicted': 0, 'per_stream': {'premium_index_kline': {'bytes': 4231004, 'segments': 439}}}
2026-06-12 01:02:41.141 | WARNING  | bybit_edge.recorder.recording_engine | [option] connection lost (sent 1011 (internal error) keepalive ping timeout; no close frame received) — reconnecting in 1.0 s
2026-06-12 01:02:42.063 | INFO     | bybit_edge.recorder.recording_engine | Storage telemetry: {'cap_gb': 50.0, 'used_gb': 0.0039, 'used_pct': 0.01, 'total_bytes': 4231004, 'total_segments': 439, 'evictions': 0, 'bytes_evicted': 0, 'per_stream': {'premium_index_kline': {'bytes': 4231004, 'segments': 439}}}
2026-06-12 01:02:42.894 | INFO     | bybit_edge.recorder.recording_engine | [option] connected to wss://stream.bybit.com/v5/public/option
2026-06-12 01:02:42.895 | INFO     | bybit_edge.recorder.recording_engine | Subscribed to 2 topic(s): ['tickers.BTC', 'tickers.ETH']
2026-06-12 01:03:12.206 | INFO     | bybit_edge.recorder.recording_engine | Storage telemetry: {'cap_gb': 50.0, 'used_gb': 0.0039, 'used_pct': 0.01, 'total_bytes': 4240704, 'total_segments': 440, 'evictions': 0, 'bytes_evicted': 0, 'per_stream': {'premium_index_kline': {'bytes': 4240704, 'segments': 440}}}
2026-06-12 01:03:13.101 | WARNING  | bybit_edge.recorder.recording_engine | [option] connection lost (sent 1011 (internal error) keepalive ping timeout; no close frame received) — reconnecting in 1.0 s
2026-06-12 01:03:14.852 | INFO     | bybit_edge.recorder.recording_engine | [option] connected to wss://stream.bybit.com/v5/public/option
2026-06-12 01:03:14.853 | INFO     | bybit_edge.recorder.recording_engine | Subscribed to 2 topic(s): ['tickers.BTC', 'tickers.ETH']
2026-06-12 01:03:42.344 | INFO     | bybit_edge.recorder.recording_engine | Storage telemetry: {'cap_gb': 50.0, 'used_gb': 0.0039, 'used_pct': 0.01, 'total_bytes': 4240704, 'total_segments': 440, 'evictions': 0, 'bytes_evicted': 0, 'per_stream': {'premium_index_kline': {'bytes': 4240704, 'segments': 440}}}
2026-06-12 01:03:45.052 | WARNING  | bybit_edge.recorder.recording_engine | [option] connection lost (sent 1011 (internal error) keepalive ping timeout; no close frame received) — reconnecting in 1.0 s
2026-06-12 01:03:46.635 | INFO     | bybit_edge.recorder.recording_engine | [option] connected to wss://stream.bybit.com/v5/public/option
2026-06-12 01:03:46.635 | INFO     | bybit_edge.recorder.recording_engine | Subscribed to 2 topic(s): ['tickers.BTC', 'tickers.ETH']
2026-06-12 01:04:12.488 | INFO     | bybit_edge.recorder.recording_engine | Storage telemetry: {'cap_gb': 50.0, 'used_gb': 0.004, 'used_pct': 0.01, 'total_bytes': 4250404, 'total_segments': 441, 'evictions': 0, 'bytes_evicted': 0, 'per_stream': {'premium_index_kline': {'bytes': 4250404, 'segments': 441}}}
2026-06-12 01:04:16.826 | WARNING  | bybit_edge.recorder.recording_engine | [option] connection lost (sent 1011 (internal error) keepalive ping timeout; no close frame received) — reconnecting in 1.0 s
2026-06-12 01:04:18.567 | INFO     | bybit_edge.recorder.recording_engine | [option] connected to wss://stream.bybit.com/v5/public/option
2026-06-12 01:04:18.567 | INFO     | bybit_edge.recorder.recording_engine | Subscribed to 2 topic(s): ['tickers.BTC', 'tickers.ETH']
2026-06-12 01:04:42.629 | INFO     | bybit_edge.recorder.recording_engine | Storage telemetry: {'cap_gb': 50.0, 'used_gb': 0.004, 'used_pct': 0.01, 'total_bytes': 4250404, 'total_segments': 441, 'evictions': 0, 'bytes_evicted': 0, 'per_stream': {'premium_index_kline': {'bytes': 4250404, 'segments': 441}}}
2026-06-12 01:04:48.758 | WARNING  | bybit_edge.recorder.recording_engine | [option] connection lost (sent 1011 (internal error) keepalive ping timeout; no close frame received) — reconnecting in 1.0 s
2026-06-12 01:04:50.525 | INFO     | bybit_edge.recorder.recording_engine | [option] connected to wss://stream.bybit.com/v5/public/option
2026-06-12 01:04:50.526 | INFO     | bybit_edge.recorder.recording_engine | Subscribed to 2 topic(s): ['tickers.BTC', 'tickers.ETH']
2026-06-12 01:05:12.766 | INFO     | bybit_edge.recorder.recording_engine | Storage telemetry: {'cap_gb': 50.0, 'used_gb': 0.004, 'used_pct': 0.01, 'total_bytes': 4260096, 'total_segments': 442, 'evictions': 0, 'bytes_evicted': 0, 'per_stream': {'premium_index_kline': {'bytes': 4260096, 'segments': 442}}}
2026-06-12 01:05:20.713 | WARNING  | bybit_edge.recorder.recording_engine | [option] connection lost (sent 1011 (internal error) keepalive ping timeout; no close frame received) — reconnecting in 1.0 s
2026-06-12 01:05:22.290 | INFO     | bybit_edge.recorder.recording_engine | [option] connected to wss://stream.bybit.com/v5/public/option
2026-06-12 01:05:22.291 | INFO     | bybit_edge.recorder.recording_engine | Subscribed to 2 topic(s): ['tickers.BTC', 'tickers.ETH']
2026-06-12 01:05:42.900 | INFO     | bybit_edge.recorder.recording_engine | Storage telemetry: {'cap_gb': 50.0, 'used_gb': 0.004, 'used_pct': 0.01, 'total_bytes': 4260096, 'total_segments': 442, 'evictions': 0, 'bytes_evicted': 0, 'per_stream': {'premium_index_kline': {'bytes': 4260096, 'segments': 442}}}
2026-06-12 01:05:52.494 | WARNING  | bybit_edge.recorder.recording_engine | [option] connection lost (sent 1011 (internal error) keepalive ping timeout; no close frame received) — reconnecting in 1.0 s
2026-06-12 01:05:54.234 | INFO     | bybit_edge.recorder.recording_engine | [option] connected to wss://stream.bybit.com/v5/public/option
2026-06-12 01:05:54.234 | INFO     | bybit_edge.recorder.recording_engine | Subscribed to 2 topic(s): ['tickers.BTC', 'tickers.ETH']
2026-06-12 01:06:13.018 | INFO     | bybit_edge.recorder.recording_engine | Storage telemetry: {'cap_gb': 50.0, 'used_gb': 0.004, 'used_pct': 0.01, 'total_bytes': 4269781, 'total_segments': 443, 'evictions': 0, 'bytes_evicted': 0, 'per_stream': {'premium_index_kline': {'bytes': 4269781, 'segments': 443}}}
2026-06-12 01:06:24.417 | WARNING  | bybit_edge.recorder.recording_engine | [option] connection lost (sent 1011 (internal error) keepalive ping timeout; no close frame received) — reconnecting in 1.0 s
2026-06-12 01:06:26.167 | INFO     | bybit_edge.recorder.recording_engine | [option] connected to wss://stream.bybit.com/v5/public/option
2026-06-12 01:06:26.167 | INFO     | bybit_edge.recorder.recording_engine | Subscribed to 2 topic(s): ['tickers.BTC', 'tickers.ETH']
2026-06-12 01:06:43.151 | INFO     | bybit_edge.recorder.recording_engine | Storage telemetry: {'cap_gb': 50.0, 'used_gb': 0.004, 'used_pct': 0.01, 'total_bytes': 4269781, 'total_segments': 443, 'evictions': 0, 'bytes_evicted': 0, 'per_stream': {'premium_index_kline': {'bytes': 4269781, 'segments': 443}}}
2026-06-12 01:06:56.353 | WARNING  | bybit_edge.recorder.recording_engine | [option] connection lost (sent 1011 (internal error) keepalive ping timeout; no close frame received) — reconnecting in 1.0 s
2026-06-12 01:06:58.136 | INFO     | bybit_edge.recorder.recording_engine | [option] connected to wss://stream.bybit.com/v5/public/option
2026-06-12 01:06:58.136 | INFO     | bybit_edge.recorder.recording_engine | Subscribed to 2 topic(s): ['tickers.BTC', 'tickers.ETH']
2026-06-12 01:07:13.273 | INFO     | bybit_edge.recorder.recording_engine | Storage telemetry: {'cap_gb': 50.0, 'used_gb': 0.004, 'used_pct': 0.01, 'total_bytes': 4279473, 'total_segments': 444, 'evictions': 0, 'bytes_evicted': 0, 'per_stream': {'premium_index_kline': {'bytes': 4279473, 'segments': 444}}}
2026-06-12 01:07:28.338 | WARNING  | bybit_edge.recorder.recording_engine | [option] connection lost (sent 1011 (internal error) keepalive ping timeout; no close frame received) — reconnecting in 1.0 s
2026-06-12 01:07:30.075 | INFO     | bybit_edge.recorder.recording_engine | [option] connected to wss://stream.bybit.com/v5/public/option
2026-06-12 01:07:30.075 | INFO     | bybit_edge.recorder.recording_engine | Subscribed to 2 topic(s): ['tickers.BTC', 'tickers.ETH']
2026-06-12 01:07:43.403 | INFO     | bybit_edge.recorder.recording_engine | Storage telemetry: {'cap_gb': 50.0, 'used_gb': 0.004, 'used_pct': 0.01, 'total_bytes': 4279473, 'total_segments': 444, 'evictions': 0, 'bytes_evicted': 0, 'per_stream': {'premium_index_kline': {'bytes': 4279473, 'segments': 444}}}
2026-06-12 01:08:00.257 | WARNING  | bybit_edge.recorder.recording_engine | [option] connection lost (sent 1011 (internal error) keepalive ping timeout; no close frame received) — reconnecting in 1.0 s
2026-06-12 01:08:01.999 | INFO     | bybit_edge.recorder.recording_engine | [option] connected to wss://stream.bybit.com/v5/public/option
2026-06-12 01:08:02.000 | INFO     | bybit_edge.recorder.recording_engine | Subscribed to 2 topic(s): ['tickers.BTC', 'tickers.ETH']
2026-06-12 01:08:13.528 | INFO     | bybit_edge.recorder.recording_engine | Storage telemetry: {'cap_gb': 50.0, 'used_gb': 0.004, 'used_pct': 0.01, 'total_bytes': 4289173, 'total_segments': 445, 'evictions': 0, 'bytes_evicted': 0, 'per_stream': {'premium_index_kline': {'bytes': 4289173, 'segments': 445}}}
2026-06-12 01:08:32.198 | WARNING  | bybit_edge.recorder.recording_engine | [option] connection lost (sent 1011 (internal error) keepalive ping timeout; no close frame received) — reconnecting in 1.0 s
2026-06-12 01:08:33.950 | INFO     | bybit_edge.recorder.recording_engine | [option] connected to wss://stream.bybit.com/v5/public/option
2026-06-12 01:08:33.950 | INFO     | bybit_edge.recorder.recording_engine | Subscribed to 2 topic(s): ['tickers.BTC', 'tickers.ETH']
2026-06-12 01:08:43.638 | INFO     | bybit_edge.recorder.recording_engine | Storage telemetry: {'cap_gb': 50.0, 'used_gb': 0.004, 'used_pct': 0.01, 'total_bytes': 4289173, 'total_segments': 445, 'evictions': 0, 'bytes_evicted': 0, 'per_stream': {'premium_index_kline': {'bytes': 4289173, 'segments': 445}}}
2026-06-12 01:09:04.154 | WARNING  | bybit_edge.recorder.recording_engine | [option] connection lost (sent 1011 (internal error) keepalive ping timeout; no close frame received) — reconnecting in 1.0 s
2026-06-12 01:09:05.913 | INFO     | bybit_edge.recorder.recording_engine | [option] connected to wss://stream.bybit.com/v5/public/option
2026-06-12 01:09:05.913 | INFO     | bybit_edge.recorder.recording_engine | Subscribed to 2 topic(s): ['tickers.BTC', 'tickers.ETH']
2026-06-12 01:09:13.770 | INFO     | bybit_edge.recorder.recording_engine | Storage telemetry: {'cap_gb': 50.0, 'used_gb': 0.004, 'used_pct': 0.01, 'total_bytes': 4298875, 'total_segments': 446, 'evictions': 0, 'bytes_evicted': 0, 'per_stream': {'premium_index_kline': {'bytes': 4298875, 'segments': 446}}}
2026-06-12 01:09:36.118 | WARNING  | bybit_edge.recorder.recording_engine | [option] connection lost (sent 1011 (internal error) keepalive ping timeout; no close frame received) — reconnecting in 1.0 s
2026-06-12 01:09:37.854 | INFO     | bybit_edge.recorder.recording_engine | [option] connected to wss://stream.bybit.com/v5/public/option
2026-06-12 01:09:37.855 | INFO     | bybit_edge.recorder.recording_engine | Subscribed to 2 topic(s): ['tickers.BTC', 'tickers.ETH']
2026-06-12 01:09:43.888 | INFO     | bybit_edge.recorder.recording_engine | Storage telemetry: {'cap_gb': 50.0, 'used_gb': 0.004, 'used_pct': 0.01, 'total_bytes': 4298875, 'total_segments': 446, 'evictions': 0, 'bytes_evicted': 0, 'per_stream': {'premium_index_kline': {'bytes': 4298875, 'segments': 446}}}
2026-06-12 01:10:08.063 | WARNING  | bybit_edge.recorder.recording_engine | [option] connection lost (sent 1011 (internal error) keepalive ping timeout; no close frame received) — reconnecting in 1.0 s
2026-06-12 01:10:09.823 | INFO     | bybit_edge.recorder.recording_engine | [option] connected to wss://stream.bybit.com/v5/public/option
2026-06-12 01:10:09.823 | INFO     | bybit_edge.recorder.recording_engine | Subscribed to 2 topic(s): ['tickers.BTC', 'tickers.ETH']
2026-06-12 01:10:13.998 | INFO     | bybit_edge.recorder.recording_engine | Storage telemetry: {'cap_gb': 50.0, 'used_gb': 0.004, 'used_pct': 0.01, 'total_bytes': 4308585, 'total_segments': 447, 'evictions': 0, 'bytes_evicted': 0, 'per_stream': {'premium_index_kline': {'bytes': 4308585, 'segments': 447}}}
2026-06-12 01:10:40.007 | WARNING  | bybit_edge.recorder.recording_engine | [option] connection lost (sent 1011 (internal error) keepalive ping timeout; no close frame received) — reconnecting in 1.0 s
2026-06-12 01:10:41.748 | INFO     | bybit_edge.recorder.recording_engine | [option] connected to wss://stream.bybit.com/v5/public/option
2026-06-12 01:10:41.749 | INFO     | bybit_edge.recorder.recording_engine | Subscribed to 2 topic(s): ['tickers.BTC', 'tickers.ETH']
2026-06-12 01:10:44.127 | INFO     | bybit_edge.recorder.recording_engine | Storage telemetry: {'cap_gb': 50.0, 'used_gb': 0.004, 'used_pct': 0.01, 'total_bytes': 4308585, 'total_segments': 447, 'evictions': 0, 'bytes_evicted': 0, 'per_stream': {'premium_index_kline': {'bytes': 4308585, 'segments': 447}}}
2026-06-12 01:11:11.963 | WARNING  | bybit_edge.recorder.recording_engine | [option] connection lost (sent 1011 (internal error) keepalive ping timeout; no close frame received) — reconnecting in 1.0 s
2026-06-12 01:11:13.709 | INFO     | bybit_edge.recorder.recording_engine | [option] connected to wss://stream.bybit.com/v5/public/option
2026-06-12 01:11:13.709 | INFO     | bybit_edge.recorder.recording_engine | Subscribed to 2 topic(s): ['tickers.BTC', 'tickers.ETH']
2026-06-12 01:11:14.254 | INFO     | bybit_edge.recorder.recording_engine | Storage telemetry: {'cap_gb': 50.0, 'used_gb': 0.004, 'used_pct': 0.01, 'total_bytes': 4318287, 'total_segments': 448, 'evictions': 0, 'bytes_evicted': 0, 'per_stream': {'premium_index_kline': {'bytes': 4318287, 'segments': 448}}}
2026-06-12 01:11:43.903 | WARNING  | bybit_edge.recorder.recording_engine | [option] connection lost (sent 1011 (internal error) keepalive ping timeout; no close frame received) — reconnecting in 1.0 s
2026-06-12 01:11:44.398 | INFO     | bybit_edge.recorder.recording_engine | Storage telemetry: {'cap_gb': 50.0, 'used_gb': 0.004, 'used_pct': 0.01, 'total_bytes': 4318287, 'total_segments': 448, 'evictions': 0, 'bytes_evicted': 0, 'per_stream': {'premium_index_kline': {'bytes': 4318287, 'segments': 448}}}
2026-06-12 01:11:45.644 | INFO     | bybit_edge.recorder.recording_engine | [option] connected to wss://stream.bybit.com/v5/public/option
2026-06-12 01:11:45.645 | INFO     | bybit_edge.recorder.recording_engine | Subscribed to 2 topic(s): ['tickers.BTC', 'tickers.ETH']
2026-06-12 01:12:14.538 | INFO     | bybit_edge.recorder.recording_engine | Storage telemetry: {'cap_gb': 50.0, 'used_gb': 0.004, 'used_pct': 0.01, 'total_bytes': 4327991, 'total_segments': 449, 'evictions': 0, 'bytes_evicted': 0, 'per_stream': {'premium_index_kline': {'bytes': 4327991, 'segments': 449}}}
2026-06-12 01:12:15.841 | WARNING  | bybit_edge.recorder.recording_engine | [option] connection lost (sent 1011 (internal error) keepalive ping timeout; no close frame received) — reconnecting in 1.0 s
2026-06-12 01:12:17.621 | INFO     | bybit_edge.recorder.recording_engine | [option] connected to wss://stream.bybit.com/v5/public/option
2026-06-12 01:12:17.622 | INFO     | bybit_edge.recorder.recording_engine | Subscribed to 2 topic(s): ['tickers.BTC', 'tickers.ETH']
2026-06-12 01:12:44.658 | INFO     | bybit_edge.recorder.recording_engine | Storage telemetry: {'cap_gb': 50.0, 'used_gb': 0.004, 'used_pct': 0.01, 'total_bytes': 4327991, 'total_segments': 449, 'evictions': 0, 'bytes_evicted': 0, 'per_stream': {'premium_index_kline': {'bytes': 4327991, 'segments': 449}}}
2026-06-12 01:12:47.804 | WARNING  | bybit_edge.recorder.recording_engine | [option] connection lost (sent 1011 (internal error) keepalive ping timeout; no close frame received) — reconnecting in 1.0 s
2026-06-12 01:12:49.394 | INFO     | bybit_edge.recorder.recording_engine | [option] connected to wss://stream.bybit.com/v5/public/option
2026-06-12 01:12:49.394 | INFO     | bybit_edge.recorder.recording_engine | Subscribed to 2 topic(s): ['tickers.BTC', 'tickers.ETH']
2026-06-12 01:13:14.803 | INFO     | bybit_edge.recorder.recording_engine | Storage telemetry: {'cap_gb': 50.0, 'used_gb': 0.004, 'used_pct': 0.01, 'total_bytes': 4337690, 'total_segments': 450, 'evictions': 0, 'bytes_evicted': 0, 'per_stream': {'premium_index_kline': {'bytes': 4337690, 'segments': 450}}}
2026-06-12 01:13:19.602 | WARNING  | bybit_edge.recorder.recording_engine | [option] connection lost (sent 1011 (internal error) keepalive ping timeout; no close frame received) — reconnecting in 1.0 s
2026-06-12 01:13:21.348 | INFO     | bybit_edge.recorder.recording_engine | [option] connected to wss://stream.bybit.com/v5/public/option
2026-06-12 01:13:21.348 | INFO     | bybit_edge.recorder.recording_engine | Subscribed to 2 topic(s): ['tickers.BTC', 'tickers.ETH']
2026-06-12 01:13:44.946 | INFO     | bybit_edge.recorder.recording_engine | Storage telemetry: {'cap_gb': 50.0, 'used_gb': 0.004, 'used_pct': 0.01, 'total_bytes': 4337690, 'total_segments': 450, 'evictions': 0, 'bytes_evicted': 0, 'per_stream': {'premium_index_kline': {'bytes': 4337690, 'segments': 450}}}
2026-06-12 01:13:51.556 | WARNING  | bybit_edge.recorder.recording_engine | [option] connection lost (sent 1011 (internal error) keepalive ping timeout; no close frame received) — reconnecting in 1.0 s
2026-06-12 01:13:53.298 | INFO     | bybit_edge.recorder.recording_engine | [option] connected to wss://stream.bybit.com/v5/public/option
2026-06-12 01:13:53.298 | INFO     | bybit_edge.recorder.recording_engine | Subscribed to 2 topic(s): ['tickers.BTC', 'tickers.ETH']
2026-06-12 01:14:15.080 | INFO     | bybit_edge.recorder.recording_engine | Storage telemetry: {'cap_gb': 50.0, 'used_gb': 0.004, 'used_pct': 0.01, 'total_bytes': 4347384, 'total_segments': 451, 'evictions': 0, 'bytes_evicted': 0, 'per_stream': {'premium_index_kline': {'bytes': 4347384, 'segments': 451}}}
2026-06-12 01:14:23.479 | WARNING  | bybit_edge.recorder.recording_engine | [option] connection lost (sent 1011 (internal error) keepalive ping timeout; no close frame received) — reconnecting in 1.0 s
2026-06-12 01:14:25.227 | INFO     | bybit_edge.recorder.recording_engine | [option] connected to wss://stream.bybit.com/v5/public/option
2026-06-12 01:14:25.227 | INFO     | bybit_edge.recorder.recording_engine | Subscribed to 2 topic(s): ['tickers.BTC', 'tickers.ETH']
2026-06-12 01:14:45.200 | INFO     | bybit_edge.recorder.recording_engine | Storage telemetry: {'cap_gb': 50.0, 'used_gb': 0.004, 'used_pct': 0.01, 'total_bytes': 4347384, 'total_segments': 451, 'evictions': 0, 'bytes_evicted': 0, 'per_stream': {'premium_index_kline': {'bytes': 4347384, 'segments': 451}}}
2026-06-12 01:14:55.440 | WARNING  | bybit_edge.recorder.recording_engine | [option] connection lost (sent 1011 (internal error) keepalive ping timeout; no close frame received) — reconnecting in 1.0 s
2026-06-12 01:14:57.181 | INFO     | bybit_edge.recorder.recording_engine | [option] connected to wss://stream.bybit.com/v5/public/option
2026-06-12 01:14:57.182 | INFO     | bybit_edge.recorder.recording_engine | Subscribed to 2 topic(s): ['tickers.BTC', 'tickers.ETH']
2026-06-12 01:15:15.322 | INFO     | bybit_edge.recorder.recording_engine | Storage telemetry: {'cap_gb': 50.0, 'used_gb': 0.0041, 'used_pct': 0.01, 'total_bytes': 4357069, 'total_segments': 452, 'evictions': 0, 'bytes_evicted': 0, 'per_stream': {'premium_index_kline': {'bytes': 4357069, 'segments': 452}}}
2026-06-12 01:15:27.371 | WARNING  | bybit_edge.recorder.recording_engine | [option] connection lost (sent 1011 (internal error) keepalive ping timeout; no close frame received) — reconnecting in 1.0 s
2026-06-12 01:15:29.145 | INFO     | bybit_edge.recorder.recording_engine | [option] connected to wss://stream.bybit.com/v5/public/option
2026-06-12 01:15:29.146 | INFO     | bybit_edge.recorder.recording_engine | Subscribed to 2 topic(s): ['tickers.BTC', 'tickers.ETH']
2026-06-12 01:15:45.440 | INFO     | bybit_edge.recorder.recording_engine | Storage telemetry: {'cap_gb': 50.0, 'used_gb': 0.0041, 'used_pct': 0.01, 'total_bytes': 4357069, 'total_segments': 452, 'evictions': 0, 'bytes_evicted': 0, 'per_stream': {'premium_index_kline': {'bytes': 4357069, 'segments': 452}}}
2026-06-12 01:15:59.345 | WARNING  | bybit_edge.recorder.recording_engine | [option] connection lost (sent 1011 (internal error) keepalive ping timeout; no close frame received) — reconnecting in 1.0 s
2026-06-12 01:16:01.100 | INFO     | bybit_edge.recorder.recording_engine | [option] connected to wss://stream.bybit.com/v5/public/option
2026-06-12 01:16:01.100 | INFO     | bybit_edge.recorder.recording_engine | Subscribed to 2 topic(s): ['tickers.BTC', 'tickers.ETH']
2026-06-12 01:16:15.583 | INFO     | bybit_edge.recorder.recording_engine | Storage telemetry: {'cap_gb': 50.0, 'used_gb': 0.0041, 'used_pct': 0.01, 'total_bytes': 4366767, 'total_segments': 453, 'evictions': 0, 'bytes_evicted': 0, 'per_stream': {'premium_index_kline': {'bytes': 4366767, 'segments': 453}}}
2026-06-12 01:16:31.297 | WARNING  | bybit_edge.recorder.recording_engine | [option] connection lost (sent 1011 (internal error) keepalive ping timeout; no close frame received) — reconnecting in 1.0 s
2026-06-12 01:16:33.038 | INFO     | bybit_edge.recorder.recording_engine | [option] connected to wss://stream.bybit.com/v5/public/option
2026-06-12 01:16:33.039 | INFO     | bybit_edge.recorder.recording_engine | Subscribed to 2 topic(s): ['tickers.BTC', 'tickers.ETH']
2026-06-12 01:16:45.725 | INFO     | bybit_edge.recorder.recording_engine | Storage telemetry: {'cap_gb': 50.0, 'used_gb': 0.0041, 'used_pct': 0.01, 'total_bytes': 4366767, 'total_segments': 453, 'evictions': 0, 'bytes_evicted': 0, 'per_stream': {'premium_index_kline': {'bytes': 4366767, 'segments': 453}}}
2026-06-12 01:17:03.244 | WARNING  | bybit_edge.recorder.recording_engine | [option] connection lost (sent 1011 (internal error) keepalive ping timeout; no close frame received) — reconnecting in 1.0 s
2026-06-12 01:17:04.985 | INFO     | bybit_edge.recorder.recording_engine | [option] connected to wss://stream.bybit.com/v5/public/option
2026-06-12 01:17:04.985 | INFO     | bybit_edge.recorder.recording_engine | Subscribed to 2 topic(s): ['tickers.BTC', 'tickers.ETH']
2026-06-12 01:17:15.882 | INFO     | bybit_edge.recorder.recording_engine | Storage telemetry: {'cap_gb': 50.0, 'used_gb': 0.0041, 'used_pct': 0.01, 'total_bytes': 4376463, 'total_segments': 454, 'evictions': 0, 'bytes_evicted': 0, 'per_stream': {'premium_index_kline': {'bytes': 4376463, 'segments': 454}}}
2026-06-12 01:17:35.189 | WARNING  | bybit_edge.recorder.recording_engine | [option] connection lost (sent 1011 (internal error) keepalive ping timeout; no close frame received) — reconnecting in 1.0 s
2026-06-12 01:17:36.998 | INFO     | bybit_edge.recorder.recording_engine | [option] connected to wss://stream.bybit.com/v5/public/option
2026-06-12 01:17:36.998 | INFO     | bybit_edge.recorder.recording_engine | Subscribed to 2 topic(s): ['tickers.BTC', 'tickers.ETH']
2026-06-12 01:17:46.027 | INFO     | bybit_edge.recorder.recording_engine | Storage telemetry: {'cap_gb': 50.0, 'used_gb': 0.0041, 'used_pct': 0.01, 'total_bytes': 4376463, 'total_segments': 454, 'evictions': 0, 'bytes_evicted': 0, 'per_stream': {'premium_index_kline': {'bytes': 4376463, 'segments': 454}}}
2026-06-12 01:18:07.218 | WARNING  | bybit_edge.recorder.recording_engine | [option] connection lost (sent 1011 (internal error) keepalive ping timeout; no close frame received) — reconnecting in 1.0 s
2026-06-12 01:18:08.966 | INFO     | bybit_edge.recorder.recording_engine | [option] connected to wss://stream.bybit.com/v5/public/option
2026-06-12 01:18:08.966 | INFO     | bybit_edge.recorder.recording_engine | Subscribed to 2 topic(s): ['tickers.BTC', 'tickers.ETH']
2026-06-12 01:18:16.146 | INFO     | bybit_edge.recorder.recording_engine | Storage telemetry: {'cap_gb': 50.0, 'used_gb': 0.0041, 'used_pct': 0.01, 'total_bytes': 4386160, 'total_segments': 455, 'evictions': 0, 'bytes_evicted': 0, 'per_stream': {'premium_index_kline': {'bytes': 4386160, 'segments': 455}}}
2026-06-12 01:18:39.160 | WARNING  | bybit_edge.recorder.recording_engine | [option] connection lost (sent 1011 (internal error) keepalive ping timeout; no close frame received) — reconnecting in 1.0 s
2026-06-12 01:18:40.898 | INFO     | bybit_edge.recorder.recording_engine | [option] connected to wss://stream.bybit.com/v5/public/option
2026-06-12 01:18:40.898 | INFO     | bybit_edge.recorder.recording_engine | Subscribed to 2 topic(s): ['tickers.BTC', 'tickers.ETH']
2026-06-12 01:18:46.279 | INFO     | bybit_edge.recorder.recording_engine | Storage telemetry: {'cap_gb': 50.0, 'used_gb': 0.0041, 'used_pct': 0.01, 'total_bytes': 4386160, 'total_segments': 455, 'evictions': 0, 'bytes_evicted': 0, 'per_stream': {'premium_index_kline': {'bytes': 4386160, 'segments': 455}}}
2026-06-12 01:19:11.074 | WARNING  | bybit_edge.recorder.recording_engine | [option] connection lost (sent 1011 (internal error) keepalive ping timeout; no close frame received) — reconnecting in 1.0 s
2026-06-12 01:19:12.808 | INFO     | bybit_edge.recorder.recording_engine | [option] connected to wss://stream.bybit.com/v5/public/option
2026-06-12 01:19:12.808 | INFO     | bybit_edge.recorder.recording_engine | Subscribed to 2 topic(s): ['tickers.BTC', 'tickers.ETH']
2026-06-12 01:19:16.393 | INFO     | bybit_edge.recorder.recording_engine | Storage telemetry: {'cap_gb': 50.0, 'used_gb': 0.0041, 'used_pct': 0.01, 'total_bytes': 4395865, 'total_segments': 456, 'evictions': 0, 'bytes_evicted': 0, 'per_stream': {'premium_index_kline': {'bytes': 4395865, 'segments': 456}}}
2026-06-12 01:19:42.984 | WARNING  | bybit_edge.recorder.recording_engine | [option] connection lost (sent 1011 (internal error) keepalive ping timeout; no close frame received) — reconnecting in 1.0 s
2026-06-12 01:19:44.728 | INFO     | bybit_edge.recorder.recording_engine | [option] connected to wss://stream.bybit.com/v5/public/option
2026-06-12 01:19:44.729 | INFO     | bybit_edge.recorder.recording_engine | Subscribed to 2 topic(s): ['tickers.BTC', 'tickers.ETH']
2026-06-12 01:19:46.552 | INFO     | bybit_edge.recorder.recording_engine | Storage telemetry: {'cap_gb': 50.0, 'used_gb': 0.0041, 'used_pct': 0.01, 'total_bytes': 4395865, 'total_segments': 456, 'evictions': 0, 'bytes_evicted': 0, 'per_stream': {'premium_index_kline': {'bytes': 4395865, 'segments': 456}}}
2026-06-12 01:20:14.930 | WARNING  | bybit_edge.recorder.recording_engine | [option] connection lost (sent 1011 (internal error) keepalive ping timeout; no close frame received) — reconnecting in 1.0 s
2026-06-12 01:20:16.684 | INFO     | bybit_edge.recorder.recording_engine | Storage telemetry: {'cap_gb': 50.0, 'used_gb': 0.0041, 'used_pct': 0.01, 'total_bytes': 4405570, 'total_segments': 457, 'evictions': 0, 'bytes_evicted': 0, 'per_stream': {'premium_index_kline': {'bytes': 4405570, 'segments': 457}}}
2026-06-12 01:20:16.712 | INFO     | bybit_edge.recorder.recording_engine | [option] connected to wss://stream.bybit.com/v5/public/option
2026-06-12 01:20:16.713 | INFO     | bybit_edge.recorder.recording_engine | Subscribed to 2 topic(s): ['tickers.BTC', 'tickers.ETH']
2026-06-12 01:20:46.826 | INFO     | bybit_edge.recorder.recording_engine | Storage telemetry: {'cap_gb': 50.0, 'used_gb': 0.0041, 'used_pct': 0.01, 'total_bytes': 4405570, 'total_segments': 457, 'evictions': 0, 'bytes_evicted': 0, 'per_stream': {'premium_index_kline': {'bytes': 4405570, 'segments': 457}}}
2026-06-12 01:20:47.006 | WARNING  | bybit_edge.recorder.recording_engine | [option] connection lost (sent 1011 (internal error) keepalive ping timeout; no close frame received) — reconnecting in 1.0 s
2026-06-12 01:20:48.741 | INFO     | bybit_edge.recorder.recording_engine | [option] connected to wss://stream.bybit.com/v5/public/option
2026-06-12 01:20:48.741 | INFO     | bybit_edge.recorder.recording_engine | Subscribed to 2 topic(s): ['tickers.BTC', 'tickers.ETH']
2026-06-12 01:21:16.969 | INFO     | bybit_edge.recorder.recording_engine | Storage telemetry: {'cap_gb': 50.0, 'used_gb': 0.0041, 'used_pct': 0.01, 'total_bytes': 4415280, 'total_segments': 458, 'evictions': 0, 'bytes_evicted': 0, 'per_stream': {'premium_index_kline': {'bytes': 4415280, 'segments': 458}}}
2026-06-12 01:21:18.943 | WARNING  | bybit_edge.recorder.recording_engine | [option] connection lost (sent 1011 (internal error) keepalive ping timeout; no close frame received) — reconnecting in 1.0 s
2026-06-12 01:21:20.692 | INFO     | bybit_edge.recorder.recording_engine | [option] connected to wss://stream.bybit.com/v5/public/option
2026-06-12 01:21:20.692 | INFO     | bybit_edge.recorder.recording_engine | Subscribed to 2 topic(s): ['tickers.BTC', 'tickers.ETH']
2026-06-12 01:21:47.104 | INFO     | bybit_edge.recorder.recording_engine | Storage telemetry: {'cap_gb': 50.0, 'used_gb': 0.0041, 'used_pct': 0.01, 'total_bytes': 4415280, 'total_segments': 458, 'evictions': 0, 'bytes_evicted': 0, 'per_stream': {'premium_index_kline': {'bytes': 4415280, 'segments': 458}}}
2026-06-12 01:21:50.888 | WARNING  | bybit_edge.recorder.recording_engine | [option] connection lost (sent 1011 (internal error) keepalive ping timeout; no close frame received) — reconnecting in 1.0 s
2026-06-12 01:21:52.628 | INFO     | bybit_edge.recorder.recording_engine | [option] connected to wss://stream.bybit.com/v5/public/option
2026-06-12 01:21:52.629 | INFO     | bybit_edge.recorder.recording_engine | Subscribed to 2 topic(s): ['tickers.BTC', 'tickers.ETH']
2026-06-12 01:22:17.227 | INFO     | bybit_edge.recorder.recording_engine | Storage telemetry: {'cap_gb': 50.0, 'used_gb': 0.0041, 'used_pct': 0.01, 'total_bytes': 4424983, 'total_segments': 459, 'evictions': 0, 'bytes_evicted': 0, 'per_stream': {'premium_index_kline': {'bytes': 4424983, 'segments': 459}}}
2026-06-12 01:22:22.825 | WARNING  | bybit_edge.recorder.recording_engine | [option] connection lost (sent 1011 (internal error) keepalive ping timeout; no close frame received) — reconnecting in 1.0 s
2026-06-12 01:22:24.560 | INFO     | bybit_edge.recorder.recording_engine | [option] connected to wss://stream.bybit.com/v5/public/option
2026-06-12 01:22:24.561 | INFO     | bybit_edge.recorder.recording_engine | Subscribed to 2 topic(s): ['tickers.BTC', 'tickers.ETH']
2026-06-12 01:22:47.355 | INFO     | bybit_edge.recorder.recording_engine | Storage telemetry: {'cap_gb': 50.0, 'used_gb': 0.0041, 'used_pct': 0.01, 'total_bytes': 4424983, 'total_segments': 459, 'evictions': 0, 'bytes_evicted': 0, 'per_stream': {'premium_index_kline': {'bytes': 4424983, 'segments': 459}}}
2026-06-12 01:22:54.768 | WARNING  | bybit_edge.recorder.recording_engine | [option] connection lost (sent 1011 (internal error) keepalive ping timeout; no close frame received) — reconnecting in 1.0 s
2026-06-12 01:22:56.389 | INFO     | bybit_edge.recorder.recording_engine | [option] connected to wss://stream.bybit.com/v5/public/option
2026-06-12 01:22:56.389 | INFO     | bybit_edge.recorder.recording_engine | Subscribed to 2 topic(s): ['tickers.BTC', 'tickers.ETH']
2026-06-12 01:23:17.480 | INFO     | bybit_edge.recorder.recording_engine | Storage telemetry: {'cap_gb': 50.0, 'used_gb': 0.0041, 'used_pct': 0.01, 'total_bytes': 4434681, 'total_segments': 460, 'evictions': 0, 'bytes_evicted': 0, 'per_stream': {'premium_index_kline': {'bytes': 4434681, 'segments': 460}}}
2026-06-12 01:23:26.605 | WARNING  | bybit_edge.recorder.recording_engine | [option] connection lost (sent 1011 (internal error) keepalive ping timeout; no close frame received) — reconnecting in 1.0 s
2026-06-12 01:23:28.349 | INFO     | bybit_edge.recorder.recording_engine | [option] connected to wss://stream.bybit.com/v5/public/option
2026-06-12 01:23:28.350 | INFO     | bybit_edge.recorder.recording_engine | Subscribed to 2 topic(s): ['tickers.BTC', 'tickers.ETH']
2026-06-12 01:23:47.603 | INFO     | bybit_edge.recorder.recording_engine | Storage telemetry: {'cap_gb': 50.0, 'used_gb': 0.0041, 'used_pct': 0.01, 'total_bytes': 4434681, 'total_segments': 460, 'evictions': 0, 'bytes_evicted': 0, 'per_stream': {'premium_index_kline': {'bytes': 4434681, 'segments': 460}}}
2026-06-12 01:23:58.560 | WARNING  | bybit_edge.recorder.recording_engine | [option] connection lost (sent 1011 (internal error) keepalive ping timeout; no close frame received) — reconnecting in 1.0 s
2026-06-12 01:24:00.300 | INFO     | bybit_edge.recorder.recording_engine | [option] connected to wss://stream.bybit.com/v5/public/option
2026-06-12 01:24:00.301 | INFO     | bybit_edge.recorder.recording_engine | Subscribed to 2 topic(s): ['tickers.BTC', 'tickers.ETH']
2026-06-12 01:24:17.729 | INFO     | bybit_edge.recorder.recording_engine | Storage telemetry: {'cap_gb': 50.0, 'used_gb': 0.0041, 'used_pct': 0.01, 'total_bytes': 4444385, 'total_segments': 461, 'evictions': 0, 'bytes_evicted': 0, 'per_stream': {'premium_index_kline': {'bytes': 4444385, 'segments': 461}}}
2026-06-12 01:24:30.517 | WARNING  | bybit_edge.recorder.recording_engine | [option] connection lost (sent 1011 (internal error) keepalive ping timeout; no close frame received) — reconnecting in 1.0 s
2026-06-12 01:24:32.264 | INFO     | bybit_edge.recorder.recording_engine | [option] connected to wss://stream.bybit.com/v5/public/option
2026-06-12 01:24:32.264 | INFO     | bybit_edge.recorder.recording_engine | Subscribed to 2 topic(s): ['tickers.BTC', 'tickers.ETH']
2026-06-12 01:24:47.846 | INFO     | bybit_edge.recorder.recording_engine | Storage telemetry: {'cap_gb': 50.0, 'used_gb': 0.0041, 'used_pct': 0.01, 'total_bytes': 4444385, 'total_segments': 461, 'evictions': 0, 'bytes_evicted': 0, 'per_stream': {'premium_index_kline': {'bytes': 4444385, 'segments': 461}}}
2026-06-12 01:25:02.508 | WARNING  | bybit_edge.recorder.recording_engine | [option] connection lost (sent 1011 (internal error) keepalive ping timeout; no close frame received) — reconnecting in 1.0 s
2026-06-12 01:25:04.257 | INFO     | bybit_edge.recorder.recording_engine | [option] connected to wss://stream.bybit.com/v5/public/option
2026-06-12 01:25:04.258 | INFO     | bybit_edge.recorder.recording_engine | Subscribed to 2 topic(s): ['tickers.BTC', 'tickers.ETH']
2026-06-12 01:25:17.992 | INFO     | bybit_edge.recorder.recording_engine | Storage telemetry: {'cap_gb': 50.0, 'used_gb': 0.0041, 'used_pct': 0.01, 'total_bytes': 4454084, 'total_segments': 462, 'evictions': 0, 'bytes_evicted': 0, 'per_stream': {'premium_index_kline': {'bytes': 4454084, 'segments': 462}}}
2026-06-12 01:25:34.457 | WARNING  | bybit_edge.recorder.recording_engine | [option] connection lost (sent 1011 (internal error) keepalive ping timeout; no close frame received) — reconnecting in 1.0 s
2026-06-12 01:25:36.246 | INFO     | bybit_edge.recorder.recording_engine | [option] connected to wss://stream.bybit.com/v5/public/option
2026-06-12 01:25:36.247 | INFO     | bybit_edge.recorder.recording_engine | Subscribed to 2 topic(s): ['tickers.BTC', 'tickers.ETH']
2026-06-12 01:25:48.115 | INFO     | bybit_edge.recorder.recording_engine | Storage telemetry: {'cap_gb': 50.0, 'used_gb': 0.0041, 'used_pct': 0.01, 'total_bytes': 4454084, 'total_segments': 462, 'evictions': 0, 'bytes_evicted': 0, 'per_stream': {'premium_index_kline': {'bytes': 4454084, 'segments': 462}}}
2026-06-12 01:26:06.428 | WARNING  | bybit_edge.recorder.recording_engine | [option] connection lost (sent 1011 (internal error) keepalive ping timeout; no close frame received) — reconnecting in 1.0 s
2026-06-12 01:26:08.168 | INFO     | bybit_edge.recorder.recording_engine | [option] connected to wss://stream.bybit.com/v5/public/option
2026-06-12 01:26:08.168 | INFO     | bybit_edge.recorder.recording_engine | Subscribed to 2 topic(s): ['tickers.BTC', 'tickers.ETH']
2026-06-12 01:26:18.251 | INFO     | bybit_edge.recorder.recording_engine | Storage telemetry: {'cap_gb': 50.0, 'used_gb': 0.0042, 'used_pct': 0.01, 'total_bytes': 4463780, 'total_segments': 463, 'evictions': 0, 'bytes_evicted': 0, 'per_stream': {'premium_index_kline': {'bytes': 4463780, 'segments': 463}}}
2026-06-12 01:26:38.348 | WARNING  | bybit_edge.recorder.recording_engine | [option] connection lost (sent 1011 (internal error) keepalive ping timeout; no close frame received) — reconnecting in 1.0 s
2026-06-12 01:26:40.090 | INFO     | bybit_edge.recorder.recording_engine | [option] connected to wss://stream.bybit.com/v5/public/option
2026-06-12 01:26:40.091 | INFO     | bybit_edge.recorder.recording_engine | Subscribed to 2 topic(s): ['tickers.BTC', 'tickers.ETH']
2026-06-12 01:26:48.407 | INFO     | bybit_edge.recorder.recording_engine | Storage telemetry: {'cap_gb': 50.0, 'used_gb': 0.0042, 'used_pct': 0.01, 'total_bytes': 4463780, 'total_segments': 463, 'evictions': 0, 'bytes_evicted': 0, 'per_stream': {'premium_index_kline': {'bytes': 4463780, 'segments': 463}}}
2026-06-12 01:27:10.290 | WARNING  | bybit_edge.recorder.recording_engine | [option] connection lost (sent 1011 (internal error) keepalive ping timeout; no close frame received) — reconnecting in 1.0 s
2026-06-12 01:27:12.036 | INFO     | bybit_edge.recorder.recording_engine | [option] connected to wss://stream.bybit.com/v5/public/option
2026-06-12 01:27:12.037 | INFO     | bybit_edge.recorder.recording_engine | Subscribed to 2 topic(s): ['tickers.BTC', 'tickers.ETH']
2026-06-12 01:27:18.558 | INFO     | bybit_edge.recorder.recording_engine | Storage telemetry: {'cap_gb': 50.0, 'used_gb': 0.0042, 'used_pct': 0.01, 'total_bytes': 4473478, 'total_segments': 464, 'evictions': 0, 'bytes_evicted': 0, 'per_stream': {'premium_index_kline': {'bytes': 4473478, 'segments': 464}}}
2026-06-12 01:27:42.244 | WARNING  | bybit_edge.recorder.recording_engine | [option] connection lost (sent 1011 (internal error) keepalive ping timeout; no close frame received) — reconnecting in 1.0 s
2026-06-12 01:27:43.992 | INFO     | bybit_edge.recorder.recording_engine | [option] connected to wss://stream.bybit.com/v5/public/option
2026-06-12 01:27:43.993 | INFO     | bybit_edge.recorder.recording_engine | Subscribed to 2 topic(s): ['tickers.BTC', 'tickers.ETH']
2026-06-12 01:27:48.672 | INFO     | bybit_edge.recorder.recording_engine | Storage telemetry: {'cap_gb': 50.0, 'used_gb': 0.0042, 'used_pct': 0.01, 'total_bytes': 4473478, 'total_segments': 464, 'evictions': 0, 'bytes_evicted': 0, 'per_stream': {'premium_index_kline': {'bytes': 4473478, 'segments': 464}}}
2026-06-12 01:28:14.192 | WARNING  | bybit_edge.recorder.recording_engine | [option] connection lost (sent 1011 (internal error) keepalive ping timeout; no close frame received) — reconnecting in 1.0 s
2026-06-12 01:28:15.780 | INFO     | bybit_edge.recorder.recording_engine | [option] connected to wss://stream.bybit.com/v5/public/option
2026-06-12 01:28:15.780 | INFO     | bybit_edge.recorder.recording_engine | Subscribed to 2 topic(s): ['tickers.BTC', 'tickers.ETH']
2026-06-12 01:28:18.817 | INFO     | bybit_edge.recorder.recording_engine | Storage telemetry: {'cap_gb': 50.0, 'used_gb': 0.0042, 'used_pct': 0.01, 'total_bytes': 4483155, 'total_segments': 465, 'evictions': 0, 'bytes_evicted': 0, 'per_stream': {'premium_index_kline': {'bytes': 4483155, 'segments': 465}}}
2026-06-12 01:28:45.983 | WARNING  | bybit_edge.recorder.recording_engine | [option] connection lost (sent 1011 (internal error) keepalive ping timeout; no close frame received) — reconnecting in 1.0 s
2026-06-12 01:28:47.735 | INFO     | bybit_edge.recorder.recording_engine | [option] connected to wss://stream.bybit.com/v5/public/option
2026-06-12 01:28:47.735 | INFO     | bybit_edge.recorder.recording_engine | Subscribed to 2 topic(s): ['tickers.BTC', 'tickers.ETH']
2026-06-12 01:28:48.946 | INFO     | bybit_edge.recorder.recording_engine | Storage telemetry: {'cap_gb': 50.0, 'used_gb': 0.0042, 'used_pct': 0.01, 'total_bytes': 4483155, 'total_segments': 465, 'evictions': 0, 'bytes_evicted': 0, 'per_stream': {'premium_index_kline': {'bytes': 4483155, 'segments': 465}}}
2026-06-12 01:29:17.937 | WARNING  | bybit_edge.recorder.recording_engine | [option] connection lost (sent 1011 (internal error) keepalive ping timeout; no close frame received) — reconnecting in 1.0 s
2026-06-12 01:29:19.062 | INFO     | bybit_edge.recorder.recording_engine | Storage telemetry: {'cap_gb': 50.0, 'used_gb': 0.0042, 'used_pct': 0.01, 'total_bytes': 4492833, 'total_segments': 466, 'evictions': 0, 'bytes_evicted': 0, 'per_stream': {'premium_index_kline': {'bytes': 4492833, 'segments': 466}}}
2026-06-12 01:29:19.792 | INFO     | bybit_edge.recorder.recording_engine | [option] connected to wss://stream.bybit.com/v5/public/option
2026-06-12 01:29:19.792 | INFO     | bybit_edge.recorder.recording_engine | Subscribed to 2 topic(s): ['tickers.BTC', 'tickers.ETH']
2026-06-12 01:29:49.202 | INFO     | bybit_edge.recorder.recording_engine | Storage telemetry: {'cap_gb': 50.0, 'used_gb': 0.0042, 'used_pct': 0.01, 'total_bytes': 4492833, 'total_segments': 466, 'evictions': 0, 'bytes_evicted': 0, 'per_stream': {'premium_index_kline': {'bytes': 4492833, 'segments': 466}}}
2026-06-12 01:29:49.978 | WARNING  | bybit_edge.recorder.recording_engine | [option] connection lost (sent 1011 (internal error) keepalive ping timeout; no close frame received) — reconnecting in 1.0 s
2026-06-12 01:29:51.733 | INFO     | bybit_edge.recorder.recording_engine | [option] connected to wss://stream.bybit.com/v5/public/option
2026-06-12 01:29:51.733 | INFO     | bybit_edge.recorder.recording_engine | Subscribed to 2 topic(s): ['tickers.BTC', 'tickers.ETH']
2026-06-12 01:30:19.339 | INFO     | bybit_edge.recorder.recording_engine | Storage telemetry: {'cap_gb': 50.0, 'used_gb': 0.0042, 'used_pct': 0.01, 'total_bytes': 4502505, 'total_segments': 467, 'evictions': 0, 'bytes_evicted': 0, 'per_stream': {'premium_index_kline': {'bytes': 4502505, 'segments': 467}}}
2026-06-12 01:30:21.938 | WARNING  | bybit_edge.recorder.recording_engine | [option] connection lost (sent 1011 (internal error) keepalive ping timeout; no close frame received) — reconnecting in 1.0 s
2026-06-12 01:30:23.679 | INFO     | bybit_edge.recorder.recording_engine | [option] connected to wss://stream.bybit.com/v5/public/option
2026-06-12 01:30:23.679 | INFO     | bybit_edge.recorder.recording_engine | Subscribed to 2 topic(s): ['tickers.BTC', 'tickers.ETH']
2026-06-12 01:30:49.470 | INFO     | bybit_edge.recorder.recording_engine | Storage telemetry: {'cap_gb': 50.0, 'used_gb': 0.0042, 'used_pct': 0.01, 'total_bytes': 4502505, 'total_segments': 467, 'evictions': 0, 'bytes_evicted': 0, 'per_stream': {'premium_index_kline': {'bytes': 4502505, 'segments': 467}}}
2026-06-12 01:30:53.879 | WARNING  | bybit_edge.recorder.recording_engine | [option] connection lost (sent 1011 (internal error) keepalive ping timeout; no close frame received) — reconnecting in 1.0 s
2026-06-12 01:30:55.679 | INFO     | bybit_edge.recorder.recording_engine | [option] connected to wss://stream.bybit.com/v5/public/option
2026-06-12 01:30:55.680 | INFO     | bybit_edge.recorder.recording_engine | Subscribed to 2 topic(s): ['tickers.BTC', 'tickers.ETH']
2026-06-12 01:31:19.605 | INFO     | bybit_edge.recorder.recording_engine | Storage telemetry: {'cap_gb': 50.0, 'used_gb': 0.0042, 'used_pct': 0.01, 'total_bytes': 4512177, 'total_segments': 468, 'evictions': 0, 'bytes_evicted': 0, 'per_stream': {'premium_index_kline': {'bytes': 4512177, 'segments': 468}}}
2026-06-12 01:31:25.887 | WARNING  | bybit_edge.recorder.recording_engine | [option] connection lost (sent 1011 (internal error) keepalive ping timeout; no close frame received) — reconnecting in 1.0 s
2026-06-12 01:31:27.635 | INFO     | bybit_edge.recorder.recording_engine | [option] connected to wss://stream.bybit.com/v5/public/option
2026-06-12 01:31:27.635 | INFO     | bybit_edge.recorder.recording_engine | Subscribed to 2 topic(s): ['tickers.BTC', 'tickers.ETH']
2026-06-12 01:31:49.740 | INFO     | bybit_edge.recorder.recording_engine | Storage telemetry: {'cap_gb': 50.0, 'used_gb': 0.0042, 'used_pct': 0.01, 'total_bytes': 4512177, 'total_segments': 468, 'evictions': 0, 'bytes_evicted': 0, 'per_stream': {'premium_index_kline': {'bytes': 4512177, 'segments': 468}}}
2026-06-12 01:31:57.809 | WARNING  | bybit_edge.recorder.recording_engine | [option] connection lost (sent 1011 (internal error) keepalive ping timeout; no close frame received) — reconnecting in 1.0 s
2026-06-12 01:31:59.564 | INFO     | bybit_edge.recorder.recording_engine | [option] connected to wss://stream.bybit.com/v5/public/option
2026-06-12 01:31:59.564 | INFO     | bybit_edge.recorder.recording_engine | Subscribed to 2 topic(s): ['tickers.BTC', 'tickers.ETH']
2026-06-12 01:32:19.872 | INFO     | bybit_edge.recorder.recording_engine | Storage telemetry: {'cap_gb': 50.0, 'used_gb': 0.0042, 'used_pct': 0.01, 'total_bytes': 4521842, 'total_segments': 469, 'evictions': 0, 'bytes_evicted': 0, 'per_stream': {'premium_index_kline': {'bytes': 4521842, 'segments': 469}}}
2026-06-12 01:32:29.740 | WARNING  | bybit_edge.recorder.recording_engine | [option] connection lost (sent 1011 (internal error) keepalive ping timeout; no close frame received) — reconnecting in 1.0 s
2026-06-12 01:32:31.485 | INFO     | bybit_edge.recorder.recording_engine | [option] connected to wss://stream.bybit.com/v5/public/option
2026-06-12 01:32:31.485 | INFO     | bybit_edge.recorder.recording_engine | Subscribed to 2 topic(s): ['tickers.BTC', 'tickers.ETH']
2026-06-12 01:32:50.011 | INFO     | bybit_edge.recorder.recording_engine | Storage telemetry: {'cap_gb': 50.0, 'used_gb': 0.0042, 'used_pct': 0.01, 'total_bytes': 4521842, 'total_segments': 469, 'evictions': 0, 'bytes_evicted': 0, 'per_stream': {'premium_index_kline': {'bytes': 4521842, 'segments': 469}}}
2026-06-12 01:33:01.692 | WARNING  | bybit_edge.recorder.recording_engine | [option] connection lost (sent 1011 (internal error) keepalive ping timeout; no close frame received) — reconnecting in 1.0 s
2026-06-12 01:33:03.435 | INFO     | bybit_edge.recorder.recording_engine | [option] connected to wss://stream.bybit.com/v5/public/option
2026-06-12 01:33:03.435 | INFO     | bybit_edge.recorder.recording_engine | Subscribed to 2 topic(s): ['tickers.BTC', 'tickers.ETH']
2026-06-12 01:33:20.141 | INFO     | bybit_edge.recorder.recording_engine | Storage telemetry: {'cap_gb': 50.0, 'used_gb': 0.0042, 'used_pct': 0.01, 'total_bytes': 4531508, 'total_segments': 470, 'evictions': 0, 'bytes_evicted': 0, 'per_stream': {'premium_index_kline': {'bytes': 4531508, 'segments': 470}}}
2026-06-12 01:33:33.653 | WARNING  | bybit_edge.recorder.recording_engine | [option] connection lost (sent 1011 (internal error) keepalive ping timeout; no close frame received) — reconnecting in 1.0 s
2026-06-12 01:33:35.401 | INFO     | bybit_edge.recorder.recording_engine | [option] connected to wss://stream.bybit.com/v5/public/option
2026-06-12 01:33:35.402 | INFO     | bybit_edge.recorder.recording_engine | Subscribed to 2 topic(s): ['tickers.BTC', 'tickers.ETH']
2026-06-12 01:33:50.309 | INFO     | bybit_edge.recorder.recording_engine | Storage telemetry: {'cap_gb': 50.0, 'used_gb': 0.0042, 'used_pct': 0.01, 'total_bytes': 4531508, 'total_segments': 470, 'evictions': 0, 'bytes_evicted': 0, 'per_stream': {'premium_index_kline': {'bytes': 4531508, 'segments': 470}}}
2026-06-12 01:34:05.599 | WARNING  | bybit_edge.recorder.recording_engine | [option] connection lost (sent 1011 (internal error) keepalive ping timeout; no close frame received) — reconnecting in 1.0 s
2026-06-12 01:34:07.342 | INFO     | bybit_edge.recorder.recording_engine | [option] connected to wss://stream.bybit.com/v5/public/option
2026-06-12 01:34:07.342 | INFO     | bybit_edge.recorder.recording_engine | Subscribed to 2 topic(s): ['tickers.BTC', 'tickers.ETH']
2026-06-12 01:34:20.429 | INFO     | bybit_edge.recorder.recording_engine | Storage telemetry: {'cap_gb': 50.0, 'used_gb': 0.0042, 'used_pct': 0.01, 'total_bytes': 4541167, 'total_segments': 471, 'evictions': 0, 'bytes_evicted': 0, 'per_stream': {'premium_index_kline': {'bytes': 4541167, 'segments': 471}}}
2026-06-12 01:34:37.538 | WARNING  | bybit_edge.recorder.recording_engine | [option] connection lost (sent 1011 (internal error) keepalive ping timeout; no close frame received) — reconnecting in 1.0 s
2026-06-12 01:34:39.281 | INFO     | bybit_edge.recorder.recording_engine | [option] connected to wss://stream.bybit.com/v5/public/option
2026-06-12 01:34:39.281 | INFO     | bybit_edge.recorder.recording_engine | Subscribed to 2 topic(s): ['tickers.BTC', 'tickers.ETH']
2026-06-12 01:34:50.566 | INFO     | bybit_edge.recorder.recording_engine | Storage telemetry: {'cap_gb': 50.0, 'used_gb': 0.0042, 'used_pct': 0.01, 'total_bytes': 4541167, 'total_segments': 471, 'evictions': 0, 'bytes_evicted': 0, 'per_stream': {'premium_index_kline': {'bytes': 4541167, 'segments': 471}}}
2026-06-12 01:35:09.506 | WARNING  | bybit_edge.recorder.recording_engine | [option] connection lost (sent 1011 (internal error) keepalive ping timeout; no close frame received) — reconnecting in 1.0 s
2026-06-12 01:35:11.259 | INFO     | bybit_edge.recorder.recording_engine | [option] connected to wss://stream.bybit.com/v5/public/option
2026-06-12 01:35:11.260 | INFO     | bybit_edge.recorder.recording_engine | Subscribed to 2 topic(s): ['tickers.BTC', 'tickers.ETH']
2026-06-12 01:35:20.710 | INFO     | bybit_edge.recorder.recording_engine | Storage telemetry: {'cap_gb': 50.0, 'used_gb': 0.0042, 'used_pct': 0.01, 'total_bytes': 4550828, 'total_segments': 472, 'evictions': 0, 'bytes_evicted': 0, 'per_stream': {'premium_index_kline': {'bytes': 4550828, 'segments': 472}}}
2026-06-12 01:35:41.440 | WARNING  | bybit_edge.recorder.recording_engine | [option] connection lost (sent 1011 (internal error) keepalive ping timeout; no close frame received) — reconnecting in 1.0 s
2026-06-12 01:35:43.183 | INFO     | bybit_edge.recorder.recording_engine | [option] connected to wss://stream.bybit.com/v5/public/option
2026-06-12 01:35:43.183 | INFO     | bybit_edge.recorder.recording_engine | Subscribed to 2 topic(s): ['tickers.BTC', 'tickers.ETH']
2026-06-12 01:35:50.839 | INFO     | bybit_edge.recorder.recording_engine | Storage telemetry: {'cap_gb': 50.0, 'used_gb': 0.0042, 'used_pct': 0.01, 'total_bytes': 4550828, 'total_segments': 472, 'evictions': 0, 'bytes_evicted': 0, 'per_stream': {'premium_index_kline': {'bytes': 4550828, 'segments': 472}}}
2026-06-12 01:36:13.374 | WARNING  | bybit_edge.recorder.recording_engine | [option] connection lost (sent 1011 (internal error) keepalive ping timeout; no close frame received) — reconnecting in 1.0 s
2026-06-12 01:36:15.147 | INFO     | bybit_edge.recorder.recording_engine | [option] connected to wss://stream.bybit.com/v5/public/option
2026-06-12 01:36:15.147 | INFO     | bybit_edge.recorder.recording_engine | Subscribed to 2 topic(s): ['tickers.BTC', 'tickers.ETH']
2026-06-12 01:36:21.093 | INFO     | bybit_edge.recorder.recording_engine | Storage telemetry: {'cap_gb': 50.0, 'used_gb': 0.0042, 'used_pct': 0.01, 'total_bytes': 4560479, 'total_segments': 473, 'evictions': 0, 'bytes_evicted': 0, 'per_stream': {'premium_index_kline': {'bytes': 4560479, 'segments': 473}}}
2026-06-12 01:36:45.339 | WARNING  | bybit_edge.recorder.recording_engine | [option] connection lost (sent 1011 (internal error) keepalive ping timeout; no close frame received) — reconnecting in 1.0 s
2026-06-12 01:36:47.098 | INFO     | bybit_edge.recorder.recording_engine | [option] connected to wss://stream.bybit.com/v5/public/option
2026-06-12 01:36:47.098 | INFO     | bybit_edge.recorder.recording_engine | Subscribed to 2 topic(s): ['tickers.BTC', 'tickers.ETH']
2026-06-12 01:36:51.266 | INFO     | bybit_edge.recorder.recording_engine | Storage telemetry: {'cap_gb': 50.0, 'used_gb': 0.0042, 'used_pct': 0.01, 'total_bytes': 4560479, 'total_segments': 473, 'evictions': 0, 'bytes_evicted': 0, 'per_stream': {'premium_index_kline': {'bytes': 4560479, 'segments': 473}}}
2026-06-12 01:37:17.305 | WARNING  | bybit_edge.recorder.recording_engine | [option] connection lost (sent 1011 (internal error) keepalive ping timeout; no close frame received) — reconnecting in 1.0 s
2026-06-12 01:37:18.872 | INFO     | bybit_edge.recorder.recording_engine | [option] connected to wss://stream.bybit.com/v5/public/option
2026-06-12 01:37:18.872 | INFO     | bybit_edge.recorder.recording_engine | Subscribed to 2 topic(s): ['tickers.BTC', 'tickers.ETH']
2026-06-12 01:37:21.415 | INFO     | bybit_edge.recorder.recording_engine | Storage telemetry: {'cap_gb': 50.0, 'used_gb': 0.0043, 'used_pct': 0.01, 'total_bytes': 4570137, 'total_segments': 474, 'evictions': 0, 'bytes_evicted': 0, 'per_stream': {'premium_index_kline': {'bytes': 4570137, 'segments': 474}}}
2026-06-12 01:37:49.091 | WARNING  | bybit_edge.recorder.recording_engine | [option] connection lost (sent 1011 (internal error) keepalive ping timeout; no close frame received) — reconnecting in 1.0 s
2026-06-12 01:37:50.844 | INFO     | bybit_edge.recorder.recording_engine | [option] connected to wss://stream.bybit.com/v5/public/option
2026-06-12 01:37:50.845 | INFO     | bybit_edge.recorder.recording_engine | Subscribed to 2 topic(s): ['tickers.BTC', 'tickers.ETH']
2026-06-12 01:37:51.555 | INFO     | bybit_edge.recorder.recording_engine | Storage telemetry: {'cap_gb': 50.0, 'used_gb': 0.0043, 'used_pct': 0.01, 'total_bytes': 4570137, 'total_segments': 474, 'evictions': 0, 'bytes_evicted': 0, 'per_stream': {'premium_index_kline': {'bytes': 4570137, 'segments': 474}}}
2026-06-12 01:38:21.044 | WARNING  | bybit_edge.recorder.recording_engine | [option] connection lost (sent 1011 (internal error) keepalive ping timeout; no close frame received) — reconnecting in 1.0 s
2026-06-12 01:38:21.687 | INFO     | bybit_edge.recorder.recording_engine | Storage telemetry: {'cap_gb': 50.0, 'used_gb': 0.0043, 'used_pct': 0.01, 'total_bytes': 4579801, 'total_segments': 475, 'evictions': 0, 'bytes_evicted': 0, 'per_stream': {'premium_index_kline': {'bytes': 4579801, 'segments': 475}}}
2026-06-12 01:38:22.796 | INFO     | bybit_edge.recorder.recording_engine | [option] connected to wss://stream.bybit.com/v5/public/option
2026-06-12 01:38:22.797 | INFO     | bybit_edge.recorder.recording_engine | Subscribed to 2 topic(s): ['tickers.BTC', 'tickers.ETH']
2026-06-12 01:38:51.830 | INFO     | bybit_edge.recorder.recording_engine | Storage telemetry: {'cap_gb': 50.0, 'used_gb': 0.0043, 'used_pct': 0.01, 'total_bytes': 4579801, 'total_segments': 475, 'evictions': 0, 'bytes_evicted': 0, 'per_stream': {'premium_index_kline': {'bytes': 4579801, 'segments': 475}}}
2026-06-12 01:38:53.013 | WARNING  | bybit_edge.recorder.recording_engine | [option] connection lost (sent 1011 (internal error) keepalive ping timeout; no close frame received) — reconnecting in 1.0 s
2026-06-12 01:38:54.758 | INFO     | bybit_edge.recorder.recording_engine | [option] connected to wss://stream.bybit.com/v5/public/option
2026-06-12 01:38:54.758 | INFO     | bybit_edge.recorder.recording_engine | Subscribed to 2 topic(s): ['tickers.BTC', 'tickers.ETH']
2026-06-12 01:39:21.991 | INFO     | bybit_edge.recorder.recording_engine | Storage telemetry: {'cap_gb': 50.0, 'used_gb': 0.0043, 'used_pct': 0.01, 'total_bytes': 4589458, 'total_segments': 476, 'evictions': 0, 'bytes_evicted': 0, 'per_stream': {'premium_index_kline': {'bytes': 4589458, 'segments': 476}}}
2026-06-12 01:39:24.946 | WARNING  | bybit_edge.recorder.recording_engine | [option] connection lost (sent 1011 (internal error) keepalive ping timeout; no close frame received) — reconnecting in 1.0 s
2026-06-12 01:39:26.682 | INFO     | bybit_edge.recorder.recording_engine | [option] connected to wss://stream.bybit.com/v5/public/option
2026-06-12 01:39:26.683 | INFO     | bybit_edge.recorder.recording_engine | Subscribed to 2 topic(s): ['tickers.BTC', 'tickers.ETH']
2026-06-12 01:39:52.147 | INFO     | bybit_edge.recorder.recording_engine | Storage telemetry: {'cap_gb': 50.0, 'used_gb': 0.0043, 'used_pct': 0.01, 'total_bytes': 4589458, 'total_segments': 476, 'evictions': 0, 'bytes_evicted': 0, 'per_stream': {'premium_index_kline': {'bytes': 4589458, 'segments': 476}}}
2026-06-12 01:39:56.883 | WARNING  | bybit_edge.recorder.recording_engine | [option] connection lost (sent 1011 (internal error) keepalive ping timeout; no close frame received) — reconnecting in 1.0 s
2026-06-12 01:39:58.619 | INFO     | bybit_edge.recorder.recording_engine | [option] connected to wss://stream.bybit.com/v5/public/option
2026-06-12 01:39:58.620 | INFO     | bybit_edge.recorder.recording_engine | Subscribed to 2 topic(s): ['tickers.BTC', 'tickers.ETH']
2026-06-12 01:40:22.284 | INFO     | bybit_edge.recorder.recording_engine | Storage telemetry: {'cap_gb': 50.0, 'used_gb': 0.0043, 'used_pct': 0.01, 'total_bytes': 4599136, 'total_segments': 477, 'evictions': 0, 'bytes_evicted': 0, 'per_stream': {'premium_index_kline': {'bytes': 4599136, 'segments': 477}}}
2026-06-12 01:40:28.816 | WARNING  | bybit_edge.recorder.recording_engine | [option] connection lost (sent 1011 (internal error) keepalive ping timeout; no close frame received) — reconnecting in 1.0 s
2026-06-12 01:40:30.571 | INFO     | bybit_edge.recorder.recording_engine | [option] connected to wss://stream.bybit.com/v5/public/option
2026-06-12 01:40:30.572 | INFO     | bybit_edge.recorder.recording_engine | Subscribed to 2 topic(s): ['tickers.BTC', 'tickers.ETH']
2026-06-12 01:40:52.422 | INFO     | bybit_edge.recorder.recording_engine | Storage telemetry: {'cap_gb': 50.0, 'used_gb': 0.0043, 'used_pct': 0.01, 'total_bytes': 4599136, 'total_segments': 477, 'evictions': 0, 'bytes_evicted': 0, 'per_stream': {'premium_index_kline': {'bytes': 4599136, 'segments': 477}}}
2026-06-12 01:41:00.770 | WARNING  | bybit_edge.recorder.recording_engine | [option] connection lost (sent 1011 (internal error) keepalive ping timeout; no close frame received) — reconnecting in 1.0 s
2026-06-12 01:41:02.508 | INFO     | bybit_edge.recorder.recording_engine | [option] connected to wss://stream.bybit.com/v5/public/option
2026-06-12 01:41:02.508 | INFO     | bybit_edge.recorder.recording_engine | Subscribed to 2 topic(s): ['tickers.BTC', 'tickers.ETH']
2026-06-12 01:41:22.568 | INFO     | bybit_edge.recorder.recording_engine | Storage telemetry: {'cap_gb': 50.0, 'used_gb': 0.0043, 'used_pct': 0.01, 'total_bytes': 4608815, 'total_segments': 478, 'evictions': 0, 'bytes_evicted': 0, 'per_stream': {'premium_index_kline': {'bytes': 4608815, 'segments': 478}}}
2026-06-12 01:41:32.755 | WARNING  | bybit_edge.recorder.recording_engine | [option] connection lost (sent 1011 (internal error) keepalive ping timeout; no close frame received) — reconnecting in 1.0 s
2026-06-12 01:41:34.544 | INFO     | bybit_edge.recorder.recording_engine | [option] connected to wss://stream.bybit.com/v5/public/option
2026-06-12 01:41:34.545 | INFO     | bybit_edge.recorder.recording_engine | Subscribed to 2 topic(s): ['tickers.BTC', 'tickers.ETH']
2026-06-12 01:41:52.708 | INFO     | bybit_edge.recorder.recording_engine | Storage telemetry: {'cap_gb': 50.0, 'used_gb': 0.0043, 'used_pct': 0.01, 'total_bytes': 4608815, 'total_segments': 478, 'evictions': 0, 'bytes_evicted': 0, 'per_stream': {'premium_index_kline': {'bytes': 4608815, 'segments': 478}}}
2026-06-12 01:42:04.734 | WARNING  | bybit_edge.recorder.recording_engine | [option] connection lost (sent 1011 (internal error) keepalive ping timeout; no close frame received) — reconnecting in 1.0 s
2026-06-12 01:42:06.496 | INFO     | bybit_edge.recorder.recording_engine | [option] connected to wss://stream.bybit.com/v5/public/option
2026-06-12 01:42:06.496 | INFO     | bybit_edge.recorder.recording_engine | Subscribed to 2 topic(s): ['tickers.BTC', 'tickers.ETH']
2026-06-12 01:42:22.835 | INFO     | bybit_edge.recorder.recording_engine | Storage telemetry: {'cap_gb': 50.0, 'used_gb': 0.0043, 'used_pct': 0.01, 'total_bytes': 4618492, 'total_segments': 479, 'evictions': 0, 'bytes_evicted': 0, 'per_stream': {'premium_index_kline': {'bytes': 4618492, 'segments': 479}}}
2026-06-12 01:42:36.693 | WARNING  | bybit_edge.recorder.recording_engine | [option] connection lost (sent 1011 (internal error) keepalive ping timeout; no close frame received) — reconnecting in 1.0 s
2026-06-12 01:42:38.485 | INFO     | bybit_edge.recorder.recording_engine | [option] connected to wss://stream.bybit.com/v5/public/option
2026-06-12 01:42:38.486 | INFO     | bybit_edge.recorder.recording_engine | Subscribed to 2 topic(s): ['tickers.BTC', 'tickers.ETH']
2026-06-12 01:42:52.965 | INFO     | bybit_edge.recorder.recording_engine | Storage telemetry: {'cap_gb': 50.0, 'used_gb': 0.0043, 'used_pct': 0.01, 'total_bytes': 4618492, 'total_segments': 479, 'evictions': 0, 'bytes_evicted': 0, 'per_stream': {'premium_index_kline': {'bytes': 4618492, 'segments': 479}}}
2026-06-12 01:43:08.691 | WARNING  | bybit_edge.recorder.recording_engine | [option] connection lost (sent 1011 (internal error) keepalive ping timeout; no close frame received) — reconnecting in 1.0 s
2026-06-12 01:43:10.442 | INFO     | bybit_edge.recorder.recording_engine | [option] connected to wss://stream.bybit.com/v5/public/option
2026-06-12 01:43:10.442 | INFO     | bybit_edge.recorder.recording_engine | Subscribed to 2 topic(s): ['tickers.BTC', 'tickers.ETH']
2026-06-12 01:43:23.115 | INFO     | bybit_edge.recorder.recording_engine | Storage telemetry: {'cap_gb': 50.0, 'used_gb': 0.0043, 'used_pct': 0.01, 'total_bytes': 4628171, 'total_segments': 480, 'evictions': 0, 'bytes_evicted': 0, 'per_stream': {'premium_index_kline': {'bytes': 4628171, 'segments': 480}}}
2026-06-12 01:43:40.630 | WARNING  | bybit_edge.recorder.recording_engine | [option] connection lost (sent 1011 (internal error) keepalive ping timeout; no close frame received) — reconnecting in 1.0 s
2026-06-12 01:43:42.369 | INFO     | bybit_edge.recorder.recording_engine | [option] connected to wss://stream.bybit.com/v5/public/option
2026-06-12 01:43:42.370 | INFO     | bybit_edge.recorder.recording_engine | Subscribed to 2 topic(s): ['tickers.BTC', 'tickers.ETH']
2026-06-12 01:43:53.259 | INFO     | bybit_edge.recorder.recording_engine | Storage telemetry: {'cap_gb': 50.0, 'used_gb': 0.0043, 'used_pct': 0.01, 'total_bytes': 4628171, 'total_segments': 480, 'evictions': 0, 'bytes_evicted': 0, 'per_stream': {'premium_index_kline': {'bytes': 4628171, 'segments': 480}}}
2026-06-12 01:44:12.561 | WARNING  | bybit_edge.recorder.recording_engine | [option] connection lost (sent 1011 (internal error) keepalive ping timeout; no close frame received) — reconnecting in 1.0 s
2026-06-12 01:44:14.299 | INFO     | bybit_edge.recorder.recording_engine | [option] connected to wss://stream.bybit.com/v5/public/option
2026-06-12 01:44:14.299 | INFO     | bybit_edge.recorder.recording_engine | Subscribed to 2 topic(s): ['tickers.BTC', 'tickers.ETH']
2026-06-12 01:44:23.399 | INFO     | bybit_edge.recorder.recording_engine | Storage telemetry: {'cap_gb': 50.0, 'used_gb': 0.0043, 'used_pct': 0.01, 'total_bytes': 4637833, 'total_segments': 481, 'evictions': 0, 'bytes_evicted': 0, 'per_stream': {'premium_index_kline': {'bytes': 4637833, 'segments': 481}}}
2026-06-12 01:44:44.498 | WARNING  | bybit_edge.recorder.recording_engine | [option] connection lost (sent 1011 (internal error) keepalive ping timeout; no close frame received) — reconnecting in 1.0 s
2026-06-12 01:44:46.231 | INFO     | bybit_edge.recorder.recording_engine | [option] connected to wss://stream.bybit.com/v5/public/option
2026-06-12 01:44:46.232 | INFO     | bybit_edge.recorder.recording_engine | Subscribed to 2 topic(s): ['tickers.BTC', 'tickers.ETH']
2026-06-12 01:44:53.537 | INFO     | bybit_edge.recorder.recording_engine | Storage telemetry: {'cap_gb': 50.0, 'used_gb': 0.0043, 'used_pct': 0.01, 'total_bytes': 4637833, 'total_segments': 481, 'evictions': 0, 'bytes_evicted': 0, 'per_stream': {'premium_index_kline': {'bytes': 4637833, 'segments': 481}}}
2026-06-12 01:45:16.435 | WARNING  | bybit_edge.recorder.recording_engine | [option] connection lost (sent 1011 (internal error) keepalive ping timeout; no close frame received) — reconnecting in 1.0 s
2026-06-12 01:45:18.171 | INFO     | bybit_edge.recorder.recording_engine | [option] connected to wss://stream.bybit.com/v5/public/option
2026-06-12 01:45:18.173 | INFO     | bybit_edge.recorder.recording_engine | Subscribed to 2 topic(s): ['tickers.BTC', 'tickers.ETH']
2026-06-12 01:45:23.683 | INFO     | bybit_edge.recorder.recording_engine | Storage telemetry: {'cap_gb': 50.0, 'used_gb': 0.0043, 'used_pct': 0.01, 'total_bytes': 4647496, 'total_segments': 482, 'evictions': 0, 'bytes_evicted': 0, 'per_stream': {'premium_index_kline': {'bytes': 4647496, 'segments': 482}}}
2026-06-12 01:45:48.370 | WARNING  | bybit_edge.recorder.recording_engine | [option] connection lost (sent 1011 (internal error) keepalive ping timeout; no close frame received) — reconnecting in 1.0 s
2026-06-12 01:45:50.107 | INFO     | bybit_edge.recorder.recording_engine | [option] connected to wss://stream.bybit.com/v5/public/option
2026-06-12 01:45:50.108 | INFO     | bybit_edge.recorder.recording_engine | Subscribed to 2 topic(s): ['tickers.BTC', 'tickers.ETH']
2026-06-12 01:45:53.824 | INFO     | bybit_edge.recorder.recording_engine | Storage telemetry: {'cap_gb': 50.0, 'used_gb': 0.0043, 'used_pct': 0.01, 'total_bytes': 4647496, 'total_segments': 482, 'evictions': 0, 'bytes_evicted': 0, 'per_stream': {'premium_index_kline': {'bytes': 4647496, 'segments': 482}}}
2026-06-12 01:46:20.327 | WARNING  | bybit_edge.recorder.recording_engine | [option] connection lost (sent 1011 (internal error) keepalive ping timeout; no close frame received) — reconnecting in 1.0 s
2026-06-12 01:46:21.918 | INFO     | bybit_edge.recorder.recording_engine | [option] connected to wss://stream.bybit.com/v5/public/option
2026-06-12 01:46:21.919 | INFO     | bybit_edge.recorder.recording_engine | Subscribed to 2 topic(s): ['tickers.BTC', 'tickers.ETH']
2026-06-12 01:46:23.960 | INFO     | bybit_edge.recorder.recording_engine | Storage telemetry: {'cap_gb': 50.0, 'used_gb': 0.0043, 'used_pct': 0.01, 'total_bytes': 4657169, 'total_segments': 483, 'evictions': 0, 'bytes_evicted': 0, 'per_stream': {'premium_index_kline': {'bytes': 4657169, 'segments': 483}}}
2026-06-12 01:46:39.188 | INFO     | bybit_edge.recorder.recording_engine | Recording duration 28800 s reached — stopping.
2026-06-12 01:46:39.315 | INFO     | bybit_edge.recorder.recording_engine | Recorder stopped. messages=478 telemetry={'cap_gb': 50.0, 'used_gb': 0.0043, 'used_pct': 0.01, 'total_bytes': 4657169, 'total_segments': 483, 'evictions': 0, 'bytes_evicted': 0, 'per_stream': {'premium_index_kline': {'bytes': 4657169, 'segments': 483}}}
2026-06-12 01:46:39.389 | INFO     | bybit_edge.recorder            | RecordingEngine finished. Telemetry: {"cap_gb": 50.0, "used_gb": 0.0043, "used_pct": 0.01, "total_bytes": 4657169, "total_segments": 483, "evictions": 0, "bytes_evicted": 0, "per_stream": {"premium_index_kline": {"bytes": 4657169, "segments": 483}}}
